week,season,team,conference,off_plays,off_drives,off_ppa,off_totalPPA,off_successRate,off_explosiveness,off_powerSuccess,off_stuffRate,off_lineYards,off_lineYardsTotal,off_secondLevelYards,off_secondLevelYardsTotal,off_openFieldYards,off_openFieldYardsTotal,off_totalOpportunies,off_pointsPerOpportunity,off_fieldPosition,off_havoc,off_standardDowns,off_passingDowns,off_rushingPlays,off_passingPlays,def_plays,def_drives,def_ppa,def_totalPPA,def_successRate,def_explosiveness,def_powerSuccess,def_stuffRate,def_lineYards,def_lineYardsTotal,def_secondLevelYards,def_secondLevelYardsTotal,def_openFieldYards,def_openFieldYardsTotal,def_totalOpportunies,def_pointsPerOpportunity,def_fieldPosition,def_havoc,def_standardDowns,def_passingDowns,def_rushingPlays,def_passingPlays
1,2026,Air Force,Mountain West,79,9,0.39889458010897205,31.512671828608795,0.5443037974683544,0.9961783497840123,1.0,0.04225352112676056,4.357746478873239,309,1.5352112676056338,109,0.676056338028169,48,7,4.857142857142857,,,,,,,45,9,-0.33906363990619187,-15.257863795778636,0.2222222222222222,1.1005872277594584,1.0,0.25,2.47,49,0.7,14,0.15,0,0,0.0,,,,,,
1,2026,Akron,Mid-American,70,11,-0.02740230098845742,-1.9181610691920195,0.5,0.7212615614875549,0.6,0.18181818181818182,3.103030303030303,102,1.1515151515151516,38,0.8181818181818182,27,3,5.666666666666667,,,,,,,68,11,0.47758894733523144,32.476048418795735,0.4264705882352941,1.5275719114401596,0.8,0.15625,3.265625,105,1.15625,37,2.09375,0,7,4.285714285714286,,,,,,
1,2026,Alabama,SEC,80,11,0.2401798962265042,19.214391698120338,0.525,1.1065101966937536,0.8333333333333334,0.16666666666666666,3.25,156,1.2083333333333333,58,0.6666666666666666,32,7,5.857142857142857,,,,,,,41,12,-0.19854331617785437,-8.14027596329203,0.21951219512195122,1.548265437530798,0.0,0.3684210526315789,0.13157894736842105,3,0.3684210526315789,7,0.0,0,2,5.0,,,,,,
1,2026,App State,Sun Belt,74,10,0.607856950791685,44.98141435858469,0.6486486486486487,1.2037359766532603,1.0,0.10256410256410256,3.5871794871794873,140,1.794871794871795,70,2.8461538461538463,111,10,5.5,,,,,,,61,11,-0.15966021726368834,-9.739273253084988,0.3114754098360656,1.2470294348667017,0.0,0.3076923076923077,1.6961538461538461,44,0.5,13,0.34615384615384615,0,4,0.75,,,,,,
1,2026,Arizona,Big 12,74,13,0.16129640335424053,11.9359338482138,0.6081081081081081,0.8430082118391723,1.0,0.030303030303030304,4.409090909090909,146,2.0606060606060606,68,1.7878787878787878,59,7,5.0,,,,,,,53,11,-0.428629771025105,-22.717377864330565,0.16981132075471697,1.7768342308359768,,0.4375,1.33125,21,0.3125,5,0.0,0,3,0.0,,,,,,
1,2026,Arizona State,Big 12,71,12,0.6536481044994057,46.4090154194578,0.5774647887323944,1.6060940675308157,1.0,0.14285714285714285,3.145714285714286,110,1.5714285714285714,55,2.8285714285714287,99,9,5.444444444444445,,,,,,,52,12,-0.11511361950725567,-5.985908214377295,0.3076923076923077,0.9935711179315883,0.6666666666666666,0.08695652173913043,3.0217391304347827,70,0.8260869565217391,19,1.3043478260869565,0,3,2.3333333333333335,,,,,,
1,2026,Arkansas,SEC,84,13,0.09167774607079805,7.700930669947036,0.5238095238095238,0.851926423740633,0.7777777777777778,0.21739130434782608,2.5804347826086955,119,0.6956521739130435,32,0.13043478260869565,6,7,4.428571428571429,,,,,,,45,13,-0.07461714556735355,-3.35777155053091,0.26666666666666666,1.0536179785110653,,0.2631578947368421,1.8473684210526315,35,0.8421052631578947,16,0.15789473684210525,0,4,3.5,,,,,,
1,2026,Arkansas State,Sun Belt,60,12,0.09122889892267824,5.473733935360695,0.5,1.25818527156254,0.8333333333333334,0.11538461538461539,3.2192307692307693,84,1.2692307692307692,33,0.9615384615384616,25,7,2.4285714285714284,,,,,,,65,12,0.4325343128713606,28.11473033663844,0.49230769230769234,1.4906452469735614,0.6,0.1276595744680851,3.546808510638298,167,1.4042553191489362,66,2.7872340425531914,0,6,5.833333333333333,,,,,,
1,2026,Army,American Athletic,72,12,0.68581428710163,49.37862867131736,0.6527777777777778,1.2871934570965313,0.8333333333333334,0.05263157894736842,4.65438596491228,265,2.0526315789473686,117,3.982456140350877,227,10,5.2,,,,,,,54,11,-0.13524123380199463,-7.30302662530771,0.3148148148148148,0.8508825653985219,0.6666666666666666,0.2413793103448276,2.317241379310345,67,0.6896551724137931,20,0.20689655172413793,0,3,1.0,,,,,,
1,2026,Auburn,SEC,75,13,-0.043635825123135366,-3.2726868842351524,0.38666666666666666,1.1601768480225931,1.0,0.22857142857142856,2.6742857142857144,94,0.8857142857142857,31,0.9714285714285714,34,7,2.4285714285714284,,,,,,,101,13,-0.01107254511121855,-1.1183270562330734,0.38613861386138615,1.2316141474915536,0.4,0.23255813953488372,2.097674418604651,90,0.4418604651162791,19,0.0,0,7,2.4285714285714284,,,,,,
1,2026,Ball State,Mid-American,62,13,-0.33311077862339405,-20.652868274650434,0.20967741935483872,1.3049899715616444,0.0,0.3181818181818182,1.2,26,0.6363636363636364,14,0.3181818181818182,7,3,1.0,,,,,,,73,12,0.6119600604298888,44.673084411381886,0.5616438356164384,1.448948844124814,0.75,0.18181818181818182,3.3181818181818183,110,1.121212121212121,37,3.4242424242424243,0,5,7.0,,,,,,
1,2026,Baylor,Big 12,101,13,-0.01107254511121855,-1.1183270562330734,0.38613861386138615,1.2316141474915536,0.4,0.23255813953488372,2.097674418604651,90,0.4418604651162791,19,0.0,0,7,2.4285714285714284,,,,,,,75,13,-0.043635825123135366,-3.2726868842351524,0.38666666666666666,1.1601768480225931,1.0,0.22857142857142856,2.6742857142857144,94,0.8857142857142857,31,0.9714285714285714,0,7,2.4285714285714284,,,,,,
1,2026,Boise State,Pac-12,67,13,0.05056954805199873,3.388159719483915,0.3582089552238806,1.0180962329024892,1.0,0.12121212121212122,2.9212121212121214,96,0.3333333333333333,11,0.0,0,7,3.857142857142857,,,,,,,64,13,0.17398030401949954,11.13473945724797,0.453125,1.5147413609415246,0.6666666666666666,0.125,3.2375,78,0.9583333333333334,23,1.2916666666666667,0,11,3.090909090909091,,,,,,
1,2026,Boston College,ACC,73,11,-0.03731038253606711,-2.7236579251328994,0.3972602739726027,1.3219912430962921,1.0,0.2,3.182857142857143,111,1.542857142857143,54,0.7142857142857143,25,4,3.5,,,,,,,62,12,0.2410406579313317,14.944520791742566,0.3870967741935484,1.255243118893256,1.0,0.09090909090909091,3.5568181818181817,157,1.25,55,1.4772727272727273,0,7,4.857142857142857,,,,,,
1,2026,Bowling Green,Mid-American,66,10,-0.10179089851400286,-6.718199301924189,0.3939393939393939,0.8420116698683161,0.5,0.25,2.308333333333333,83,0.4166666666666667,15,0.2222222222222222,8,6,2.1666666666666665,,,,,,,59,10,0.03778610091820554,2.229379954174127,0.3898305084745763,1.3986920519909742,0.5,0.25,2.909375,93,1.125,36,4.25,0,6,3.3333333333333335,,,,,,
1,2026,Buffalo,Mid-American,83,15,0.15231379137916468,12.642044684470667,0.39759036144578314,1.1454912933763308,1.0,0.18181818181818182,2.9909090909090907,99,0.5454545454545454,18,1.3636363636363635,45,5,4.2,,,,,,,72,14,-0.05863751843180534,-4.221901327089984,0.2916666666666667,1.290213068638229,0.6666666666666666,0.2857142857142857,2.35,66,0.6785714285714286,19,0.21428571428571427,0,4,4.25,,,,,,
1,2026,BYU,Big 12,70,11,0.5424702666968887,37.97291866878221,0.6571428571428571,1.0634948151667478,0.8333333333333334,0.06666666666666667,4.348888888888889,196,1.8444444444444443,83,1.3555555555555556,61,10,5.6,,,,,,,57,12,-0.29489822716552755,-16.80919894843507,0.3157894736842105,1.1129858127235353,1.0,0.25,1.5375,37,0.4583333333333333,11,0.375,0,2,3.5,,,,,,
1,2026,California,ACC,89,14,-0.06110146746890826,-5.438030604732835,0.33707865168539325,1.4836215579250063,0.6666666666666666,0.20512820512820512,2.528205128205128,99,0.8205128205128205,32,0.3333333333333333,13,5,4.8,,,,,,,53,14,0.41406384052818057,21.945383547993572,0.5660377358490566,1.2513254603824528,1.0,0.034482758620689655,4.813793103448276,140,2.0344827586206895,59,3.689655172413793,0,8,4.75,,,,,,
1,2026,Central Michigan,Mid-American,49,10,-0.18361237950368256,-8.997006595680446,0.2653061224489796,1.2713447189179048,0.6666666666666666,0.03333333333333333,2.8266666666666667,85,1.1,33,0.6666666666666666,20,1,7.0,,,,,,,71,10,0.21871077160983587,15.528464784298349,0.49295774647887325,0.9281654236514942,1.0,0.07142857142857142,3.657142857142857,154,1.2142857142857142,51,0.7619047619047619,0,8,4.625,,,,,,
1,2026,Charlotte,American Athletic,78,13,0.2118768408760004,16.52639358832803,0.46153846153846156,1.4901022812832405,0.5714285714285714,0.15625,3.43125,110,1.5625,50,2.46875,79,5,2.8,,,,,,,64,13,0.3753893366264918,24.024917544095477,0.484375,1.3295321578112234,0.8888888888888888,0.1875,3.1395833333333334,151,1.0833333333333333,52,1.9791666666666667,0,3,7.0,,,,,,
1,2026,Cincinnati,Big 12,62,12,0.2410406579313317,14.944520791742566,0.3870967741935484,1.255243118893256,1.0,0.09090909090909091,3.5568181818181817,157,1.25,55,1.4772727272727273,65,7,4.857142857142857,,,,,,,73,11,-0.03731038253606711,-2.7236579251328994,0.3972602739726027,1.3219912430962921,1.0,0.2,3.182857142857143,111,1.542857142857143,54,0.7142857142857143,0,4,3.5,,,,,,
1,2026,Clemson,ACC,50,13,-0.30114137984516925,-15.057068992258463,0.24,0.9456595506388837,0.6666666666666666,0.3181818181818182,1.9363636363636365,43,0.7727272727272727,17,0.045454545454545456,1,3,3.3333333333333335,,,,,,,95,12,0.3755592605891147,35.6781297559659,0.5368421052631579,1.3354778721633653,0.7777777777777778,0.08620689655172414,3.532758620689655,205,1.603448275862069,93,0.7068965517241379,0,11,4.090909090909091,,,,,,
1,2026,Coastal Carolina,Sun Belt,65,13,0.1681653776154878,10.930749545006709,0.4307692307692308,1.400877125686242,0.6666666666666666,0.32,1.944,49,1.04,26,1.2,30,6,4.0,,,,,,,77,14,0.1252039921408981,9.640707394849155,0.4155844155844156,1.017452011076191,0.75,0.15,2.725,164,0.7333333333333333,44,1.55,0,7,3.4285714285714284,,,,,,
1,2026,Colorado,Big 12,77,10,0.05210285600303121,4.011919912233403,0.37662337662337664,1.1248231734306042,1.0,0.10869565217391304,2.730434782608696,126,0.8260869565217391,38,0.34782608695652173,16,7,2.0,,,,,,,54,9,0.07402206857335174,3.997191702960994,0.37037037037037035,1.2001545717095805,0.3333333333333333,0.4444444444444444,1.9037037037037037,51,0.9629629629629629,26,0.037037037037037035,0,7,0.8571428571428571,,,,,,
1,2026,Colorado State,Pac-12,68,11,0.3012418203750481,20.48444378550327,0.4852941176470588,1.2087905981747544,1.0,0.21212121212121213,2.4939393939393937,82,1.0303030303030303,34,1.3636363636363635,45,6,4.666666666666667,,,,,,,55,11,-0.13299268813930754,-7.314597847661915,0.41818181818181815,0.899961606833427,1.0,0.12121212121212122,3.3545454545454545,111,1.1818181818181819,39,0.6060606060606061,0,5,2.6,,,,,,
1,2026,Delaware,Conference USA,72,15,0.3376314112606297,24.30946161076534,0.4722222222222222,1.4629954002722116,0.6,0.25,2.9035714285714285,81,1.0,28,0.6071428571428571,17,8,4.375,,,,,,,72,14,-0.21786965568833802,-15.686615209560337,0.25,1.4441213197823703,0.0,0.18181818181818182,2.0454545454545454,45,0.5454545454545454,12,0.36363636363636365,0,5,1.4,,,,,,
1,2026,Duke,ACC,78,13,-0.12645337701343248,-9.863363407047732,0.2948717948717949,1.1339409920879744,1.0,0.1836734693877551,3.0408163265306123,149,1.2448979591836735,61,1.2244897959183674,60,8,2.125,,,,,,,55,12,-0.13128979416335887,-7.220938678984737,0.3090909090909091,0.76980868998075,1.0,0.13043478260869565,2.9565217391304346,68,0.391304347826087,9,1.2608695652173914,0,4,0.75,,,,,,
1,2026,East Carolina,American Athletic,41,12,-0.19854331617785437,-8.14027596329203,0.21951219512195122,1.548265437530798,0.0,0.3684210526315789,0.13157894736842105,3,0.3684210526315789,7,0.0,0,2,5.0,,,,,,,80,11,0.2401798962265042,19.214391698120338,0.525,1.1065101966937536,0.8333333333333334,0.16666666666666666,3.25,156,1.2083333333333333,58,0.6666666666666666,0,7,5.857142857142857,,,,,,
1,2026,Eastern Michigan,Mid-American,139,28,-0.058820733111016335,-8.176081902431271,0.35251798561151076,1.1963855437894064,0.8888888888888888,0.18518518518518517,2.401851851851852,130,0.6296296296296297,34,1.2407407407407407,67,14,3.0,,,,,,,142,29,-0.014384160797594166,-2.0425508332583715,0.3380281690140845,1.3282440556423494,0.6666666666666666,0.29411764705882354,2.268627450980392,116,1.0784313725490196,55,0.7058823529411765,0,12,3.0833333333333335,,,,,,
1,2026,Florida,SEC,68,11,0.6057624045118458,41.19184350680552,0.5441176470588235,1.5513849234480332,1.0,0.1,3.415,137,1.45,58,2.575,103,9,6.555555555555555,,,,,,,92,12,-0.010905685697274162,-1.0033230841492229,0.40217391304347827,1.123977189197295,0.8,0.1111111111111111,2.6666666666666665,96,0.7222222222222222,26,0.027777777777777776,0,5,4.2,,,,,,
1,2026,Florida Atlantic,American Athletic,92,12,-0.010905685697274162,-1.0033230841492229,0.40217391304347827,1.123977189197295,0.8,0.1111111111111111,2.6666666666666665,96,0.7222222222222222,26,0.027777777777777776,1,5,4.2,,,,,,,68,11,0.6057624045118458,41.19184350680552,0.5441176470588235,1.5513849234480332,1.0,0.1,3.415,137,1.45,58,2.575,0,9,6.555555555555555,,,,,,
1,2026,Florida International,Conference USA,76,10,-0.11861389335065944,-9.014655894650119,0.3815789473684211,0.9910967845218249,0.5,0.25,2.4875,60,0.6666666666666666,16,0.375,9,3,3.3333333333333335,,,,,,,58,9,-0.0627460596868576,-3.6392714618377413,0.43103448275862066,0.6493252074099518,0.8,0.24324324324324326,2.2162162162162162,82,0.8918918918918919,33,0.08108108108108109,0,6,3.1666666666666665,,,,,,
1,2026,Florida State,ACC,134,22,0.20419813063961514,27.36254950570843,0.41044776119402987,1.3738286847147458,0.5,0.13924050632911392,3.3063291139240505,261,1.0886075949367089,86,1.5822784810126582,125,11,5.2727272727272725,,,,,,,134,21,0.23409225215135004,31.368361788280907,0.44776119402985076,1.420966285728235,0.8333333333333334,0.11764705882352941,3.1549019607843136,161,0.8823529411764706,45,0.6274509803921569,0,10,3.0,,,,,,
1,2026,Fresno State,Pac-12,45,10,-0.35298044409856266,-15.88411998443532,0.2222222222222222,1.0430569433281442,0.0,0.25,2.0458333333333334,49,0.4166666666666667,10,0.041666666666666664,1,2,0.0,,,,,,,69,10,0.22977007416648457,15.854135117487436,0.5362318840579711,1.1838375805458718,0.6,0.2564102564102564,2.6794871794871793,105,1.1538461538461537,45,0.4358974358974359,0,7,4.0,,,,,,
1,2026,Georgia,SEC,61,12,0.7281577514251925,44.417622836936744,0.7049180327868853,1.3166694327058304,1.0,0.07407407407407407,4.692592592592592,127,2.3703703703703702,64,3.814814814814815,103,8,6.125,,,,,,,59,12,-0.14145363411655007,-8.345764412876454,0.3050847457627119,0.9076081443193394,0.5,0.3448275862068966,1.3448275862068966,39,0.1724137931034483,5,0.0,0,2,1.5,,,,,,
1,2026,Georgia Southern,Sun Belt,79,13,0.19318529839425103,15.26163857314583,0.45569620253164556,1.1704750874908936,0.5,0.125,3.375,108,1.65625,53,1.0625,34,8,3.0,,,,,,,63,13,-0.2961135271717763,-18.655152211821907,0.1746031746031746,1.5358190151921873,1.0,0.34615384615384615,0.7115384615384616,19,0.34615384615384615,9,0.0,0,5,0.0,,,,,,
1,2026,Georgia State,Sun Belt,71,12,0.506821618296269,35.984334899035105,0.5915492957746479,1.1174212531004228,0.8,0.05263157894736842,4.339473684210526,165,1.7894736842105263,68,1.9473684210526316,74,9,5.777777777777778,,,,,,,55,12,-0.0651855131693598,-3.585203224314789,0.2909090909090909,1.342072137645949,,0.2,2.852,71,1.16,29,0.8,0,1,3.0,,,,,,
1,2026,Georgia Tech,ACC,54,9,0.07402206857335174,3.997191702960994,0.37037037037037035,1.2001545717095805,0.3333333333333333,0.4444444444444444,1.9037037037037037,51,0.9629629629629629,26,0.037037037037037035,1,7,0.8571428571428571,,,,,,,77,10,0.05210285600303121,4.011919912233403,0.37662337662337664,1.1248231734306042,1.0,0.10869565217391304,2.730434782608696,126,0.8260869565217391,38,0.34782608695652173,0,7,2.0,,,,,,
1,2026,Hawai'i,Mountain West,154,25,-0.016265686588329612,-2.5049157346027604,0.34415584415584416,1.257467947844597,0.7777777777777778,0.14,3.396,170,1.5,75,0.88,44,9,3.7777777777777777,,,,,,,137,25,0.19879062705981498,27.234315907194652,0.41605839416058393,1.295609264698933,0.6666666666666666,0.125,3.40875,273,1.2125,97,1.225,0,11,3.8181818181818183,,,,,,
1,2026,Houston,Big 12,74,11,0.27977518625549525,20.703363782906646,0.5,1.2137149979644937,0.8571428571428571,0.15,3.3325,133,1.2,48,1.75,70,8,3.375,,,,,,,74,12,0.05624791102486881,4.162345415840292,0.40540540540540543,1.341138665590374,0.5,0.047619047619047616,2.8333333333333335,60,0.3333333333333333,7,0.0,0,5,4.2,,,,,,
1,2026,Illinois,Big Ten,44,8,0.45756443668178554,20.132835213998565,0.5681818181818182,1.3542485462010816,0.6,0.23076923076923078,2.976923076923077,77,1.0,26,2.076923076923077,54,4,7.0,,,,,,,79,8,0.13913052223527572,10.991311256586783,0.43037974683544306,1.2461766276414639,0.75,0.13043478260869565,3.252173913043478,150,0.8913043478260869,41,0.45652173913043476,0,7,2.2857142857142856,,,,,,
1,2026,Indiana,Big Ten,46,9,0.6535582337217621,30.06367875120106,0.5217391304347826,1.6395935785550761,0.8,0.13333333333333333,2.4966666666666666,75,0.5333333333333333,16,1.5333333333333332,46,7,5.428571428571429,,,,,,,69,10,0.052024868564694786,3.58971593096394,0.34782608695652173,1.5483256457053565,0.0,0.13513513513513514,2.983783783783784,110,1.135135135135135,42,0.5945945945945946,0,6,2.6666666666666665,,,,,,
1,2026,Iowa,Big Ten,79,13,0.03131587558339358,2.473954171088093,0.4177215189873418,1.2457000747090123,0.2857142857142857,0.21052631578947367,3.294736842105263,125,1.736842105263158,66,3.1578947368421053,120,9,3.0,,,,,,,58,15,-0.42442678584289073,-24.61675357888766,0.1724137931034483,1.3677541941329785,1.0,0.28,1.668,42,0.08,2,0.0,0,1,0.0,,,,,,
1,2026,Iowa State,Big 12,48,12,0.2446671684503538,11.744024085616983,0.3541666666666667,1.764868764741519,0.0,0.2,2.5433333333333334,76,0.9333333333333333,28,0.4,12,6,6.333333333333333,,,,,,,69,13,-0.25106575899857475,-17.323537370901658,0.2753623188405797,1.3903288614258686,0.6666666666666666,0.14634146341463414,2.1463414634146343,88,0.6585365853658537,27,1.2682926829268293,0,6,1.6666666666666667,,,,,,
1,2026,Jacksonville State,Conference USA,118,20,0.10598144954534892,12.505811046351173,0.4661016949152542,1.2756491209849268,0.7272727272727273,0.15517241379310345,2.9517241379310346,171,1.1551724137931034,67,1.103448275862069,64,10,2.8,,,,,,,127,20,-0.029072324083166647,-3.6921851585621646,0.4015748031496063,1.1417088748135957,0.625,0.2125,2.80125,224,1.0125,81,1.6,0,10,2.6,,,,,,
1,2026,James Madison,Sun Belt,50,9,0.2797625024195963,13.988125120979817,0.38,1.2501062601953608,0.6666666666666666,0.22580645161290322,3.07741935483871,95,0.967741935483871,30,1.7741935483870968,55,5,4.0,,,,,,,69,9,-0.02231301441024842,-1.539597994307141,0.37681159420289856,1.183714063723734,0.8,0.13513513513513514,2.310810810810811,86,0.4864864864864865,18,0.0,0,6,2.1666666666666665,,,,,,
1,2026,Kansas,Big 12,78,10,0.5452890225110766,42.532543755863976,0.5897435897435898,1.298893771602378,0.5,0.0196078431372549,3.9313725490196076,201,1.1764705882352942,60,0.6666666666666666,34,9,5.777777777777778,,,,,,,54,11,-0.17614847172803244,-9.512017473313753,0.2222222222222222,1.0166439202905828,1.0,0.36666666666666664,1.22,37,0.4,12,0.03333333333333333,0,5,1.2,,,,,,
1,2026,Kansas State,Big 12,72,12,0.5475504847511328,39.42363490208156,0.6527777777777778,1.2411157855790529,1.0,0.11363636363636363,3.7886363636363636,167,1.7727272727272727,78,2.0454545454545454,90,8,7.0,,,,,,,61,14,-0.2760781802900377,-16.8407689976923,0.22950819672131148,1.3872082973968078,0.5,0.41025641025641024,1.2461538461538462,49,0.8717948717948718,34,0.6666666666666666,0,1,3.0,,,,,,
1,2026,Kennesaw State,Conference USA,82,14,0.20458267528260318,16.775779373173464,0.573170731707317,1.1398710550423496,0.7777777777777778,0.15217391304347827,3.265217391304348,150,1.3695652173913042,63,2.4347826086956523,112,8,4.375,,,,,,,53,14,-0.3796713345712197,-20.122580732274645,0.1509433962264151,0.8919515753149165,1.0,0.25,1.8333333333333333,44,0.4583333333333333,11,0.125,0,0,0.0,,,,,,
1,2026,Kent State,Mid-American,49,10,-0.08185170313354628,-4.010733453543768,0.2653061224489796,1.461049533469705,0.5,0.20833333333333334,2.7333333333333334,66,0.625,15,1.2083333333333333,29,1,0.0,,,,,,,74,10,0.6831768049116431,50.555083563461594,0.6891891891891891,1.208883909759148,0.8333333333333334,0.07692307692307693,4.058974358974359,158,1.564102564102564,61,2.4615384615384617,0,8,7.0,,,,,,
1,2026,Kentucky,SEC,61,11,0.5623068202509097,34.30071603530549,0.6065573770491803,1.1980918561404976,0.8,0.18181818181818182,4.121212121212121,136,1.5454545454545454,51,0.8787878787878788,29,7,6.428571428571429,,,,,,,67,9,0.031010061489355072,2.07767411978679,0.417910447761194,1.1461380400647427,1.0,0.19230769230769232,2.0346153846153845,53,0.46153846153846156,12,0.038461538461538464,0,5,2.8,,,,,,
1,2026,Liberty,Conference USA,69,9,-0.02231301441024842,-1.539597994307141,0.37681159420289856,1.183714063723734,0.8,0.13513513513513514,2.310810810810811,86,0.4864864864864865,18,0.0,0,6,2.1666666666666665,,,,,,,50,9,0.2797625024195963,13.988125120979817,0.38,1.2501062601953608,0.6666666666666666,0.22580645161290322,3.07741935483871,95,0.967741935483871,30,1.7741935483870968,0,5,4.0,,,,,,
1,2026,Louisiana,Sun Belt,68,11,0.2669866553365322,18.15509256288419,0.5441176470588235,1.155678147450766,0.75,0.1794871794871795,3.6076923076923078,141,1.5897435897435896,62,1.7435897435897436,68,8,4.75,,,,,,,62,11,-0.3613561824457167,-22.404083311634434,0.4032258064516129,0.9773658675896195,0.5,0.2962962962962963,2.0592592592592593,56,0.7037037037037037,19,0.07407407407407407,0,2,0.0,,,,,,
1,2026,Louisiana Tech,Sun Belt,60,14,0.5986198567843053,35.91719140705832,0.4666666666666667,1.8154251680408937,1.0,0.13513513513513514,3.3378378378378377,124,1.0810810810810811,40,2.1621621621621623,80,11,6.0,,,,,,,63,15,-0.30301004851954355,-19.089633056731245,0.1746031746031746,1.0281713988788375,1.0,0.3181818181818182,1.3227272727272728,58,0.6136363636363636,27,0.22727272727272727,0,2,3.0,,,,,,
1,2026,Louisville,ACC,68,13,0.2803464178720225,19.06355641529753,0.4411764705882353,1.4775386222518627,0.8,0.25,2.213888888888889,80,1.0555555555555556,38,1.8611111111111112,67,7,4.285714285714286,,,,,,,79,13,0.2309473958131021,18.244844269235067,0.46835443037974683,1.2491124188789353,0.6363636363636364,0.12195121951219512,2.8365853658536584,116,0.7317073170731707,30,0.1951219512195122,0,7,4.857142857142857,,,,,,
1,2026,LSU,SEC,95,12,0.3755592605891147,35.6781297559659,0.5368421052631579,1.3354778721633653,0.7777777777777778,0.08620689655172414,3.532758620689655,205,1.603448275862069,93,0.7068965517241379,41,11,4.090909090909091,,,,,,,50,13,-0.30114137984516925,-15.057068992258463,0.24,0.9456595506388837,0.6666666666666666,0.3181818181818182,1.9363636363636365,43,0.7727272727272727,17,0.045454545454545456,0,3,3.3333333333333335,,,,,,
1,2026,Marshall,Sun Belt,55,12,-0.37020219117621195,-20.361120514691656,0.2909090909090909,0.8874228649697032,0.5,0.4166666666666667,1.0458333333333334,25,0.2916666666666667,7,0.0,0,2,0.0,,,,,,,74,12,0.4220959538823401,31.235100587293168,0.5135135135135135,1.2946795341133903,0.8571428571428571,0.13636363636363635,3.1204545454545456,137,0.6363636363636364,28,0.13636363636363635,0,7,5.428571428571429,,,,,,
1,2026,Maryland,Big Ten,79,13,0.4837697002405213,38.217806319001184,0.5949367088607594,1.2417666249097736,0.8333333333333334,0.125,4.405,176,2.025,81,3.325,133,11,5.0,,,,,,,52,13,-0.42519711106074415,-22.110249775158696,0.23076923076923078,0.9748639489021425,0.3333333333333333,0.3076923076923077,1.3115384615384615,34,0.38461538461538464,10,0.0,0,1,0.0,,,,,,
1,2026,Massachusetts,Mid-American,65,12,0.32997264174661556,21.44822171353001,0.5230769230769231,1.040597861761411,0.7142857142857143,0.175,3.375,135,1.4,56,0.65,26,9,4.111111111111111,,,,,,,63,12,-0.01985900010564004,-1.2511170066553225,0.3968253968253968,1.561455323235606,0.6,0.25,1.93,39,0.0,0,0.0,0,5,2.8,,,,,,
1,2026,Memphis,American Athletic,124,24,0.3292815054393884,40.830906674484154,0.4838709677419355,1.2314248040610478,0.7142857142857143,0.1,3.74625,300,1.425,114,2.3125,185,11,5.0,,,,,,,141,25,0.05033985178865162,7.097919102199878,0.40425531914893614,1.354451927678599,0.8888888888888888,0.15,2.955,177,1.1666666666666667,70,1.9833333333333334,0,14,2.7142857142857144,,,,,,
1,2026,Miami,ACC,69,11,0.46006952772463916,31.744797413000104,0.5507246376811594,1.3520221510306736,1.0,0.1875,2.8875,92,0.78125,25,0.3125,10,7,6.428571428571429,,,,,,,66,11,0.006958589787676311,0.4592669259866365,0.3333333333333333,1.055218786150604,1.0,0.22727272727272727,2.65,58,0.5,11,0.7727272727272727,0,4,1.5,,,,,,
1,2026,Miami (OH),Mid-American,59,12,0.07433275291357205,4.385632421900751,0.3220338983050847,1.5292950729514843,1.0,0.15789473684210525,2.1894736842105265,42,0.42105263157894735,8,0.05263157894736842,1,2,3.5,,,,,,,77,12,0.4239789195307833,32.64637680387031,0.5454545454545454,1.338185183481556,0.6,0.2,3.2466666666666666,97,1.2,36,1.5666666666666667,0,7,5.428571428571429,,,,,,
1,2026,Michigan,Big Ten,48,10,0.14635091914196965,7.024844118814543,0.4375,1.0790058466360366,0.75,0.08333333333333333,3.3958333333333335,82,1.125,27,0.3333333333333333,8,2,3.5,,,,,,,70,11,-0.04488868271581797,-3.1422077901072574,0.32857142857142857,1.0681220061704584,0.6666666666666666,0.18181818181818182,2.6613636363636366,117,0.5681818181818182,25,0.045454545454545456,0,7,1.7142857142857142,,,,,,
1,2026,Michigan State,Big Ten,85,11,0.00822733839441371,0.6993237635251655,0.3764705882352941,1.097389911197236,0.3333333333333333,0.2127659574468085,2.7978723404255317,132,0.851063829787234,40,0.3829787234042553,18,10,2.9,,,,,,,42,10,0.09590193517818776,4.027881277483886,0.2857142857142857,2.3449878397908352,0.0,0.4444444444444444,1.1388888888888888,21,0.7222222222222222,13,3.5,0,4,3.5,,,,,,
1,2026,Middle Tennessee,Conference USA,50,8,0.3932789011557185,19.663945057785927,0.5,1.3001270636879156,0.5,0.09090909090909091,4.445454545454545,98,2.1818181818181817,48,3.090909090909091,68,6,5.166666666666667,,,,,,,50,9,0.13565207930812778,6.782603965406389,0.44,1.1883566697542824,0.8333333333333334,0.14814814814814814,3.1259259259259258,84,1.1111111111111112,30,1.3703703703703705,0,2,3.5,,,,,,
1,2026,Minnesota,Big Ten,73,10,0.3413047802925079,24.915248961353075,0.6027397260273972,0.9738278918333612,0.6666666666666666,0.23076923076923078,2.4615384615384617,96,1.0256410256410255,40,0.9487179487179487,37,9,5.0,,,,,,,46,13,-0.38400880272659443,-17.664404925423344,0.10869565217391304,1.6579740660748787,0.0,0.4444444444444444,1.325925925925926,36,0.4074074074074074,11,0.25925925925925924,0,4,1.75,,,,,,
1,2026,Mississippi State,SEC,79,13,0.6380275101586687,50.40417330253483,0.5822784810126582,1.4780996639334054,1.0,0.13513513513513514,4.127027027027027,153,1.864864864864865,69,3.918918918918919,145,10,4.8,,,,,,,71,13,-0.08243843566393148,-5.8531289321391355,0.29577464788732394,1.0528206054479607,0.4,0.10526315789473684,2.860526315789474,109,0.7894736842105263,30,0.4473684210526316,0,4,3.25,,,,,,
1,2026,Missouri,SEC,79,12,0.3488549133152311,27.559538151903258,0.569620253164557,1.136914644277926,0.5714285714285714,0.1590909090909091,3.5454545454545454,156,1.2727272727272727,56,0.2727272727272727,12,10,4.5,,,,,,,54,11,0.016517764235387252,0.8919592687109117,0.2777777777777778,1.51228387460059,1.0,0.25,2.8321428571428573,79,1.1785714285714286,33,1.8571428571428572,0,3,4.666666666666667,,,,,,
1,2026,Missouri State,Conference USA,41,11,-0.42691766732661474,-17.503624360391203,0.17073170731707318,0.9332823449213844,0.5,0.2608695652173913,1.6434782608695653,38,0.17391304347826086,4,0.0,0,1,0.0,,,,,,,89,12,0.34706447550851627,30.888738320257946,0.5842696629213483,1.0755940232268968,1.0,0.10416666666666667,3.925,188,1.6458333333333333,79,1.5625,0,10,4.8,,,,,,
1,2026,Navy,American Athletic,79,9,0.4802728873687856,37.94155810213406,0.6329113924050633,1.0216068152464193,1.0,0.0547945205479452,4.2753424657534245,312,1.5753424657534247,115,1.5616438356164384,114,7,6.0,,,,,,,42,9,0.052850648566673854,2.2197272398003016,0.2857142857142857,1.901970348855324,,0.17647058823529413,3.264705882352941,56,1.0,17,0.058823529411764705,0,2,5.0,,,,,,
1,2026,NC State,ACC,51,12,-0.3076030856053669,-15.687757365873711,0.3137254901960784,0.5258948389178301,1.0,0.13636363636363635,3.140909090909091,69,0.8181818181818182,18,0.22727272727272727,5,2,3.5,,,,,,,71,12,0.27262204040865434,19.35616486901446,0.4788732394366197,1.0612371845133193,0.8333333333333334,0.14285714285714285,3.305357142857143,185,1.0178571428571428,57,0.7678571428571429,0,7,3.857142857142857,,,,,,
1,2026,Nebraska,Big Ten,74,11,0.4557263109503398,33.72374701032514,0.5135135135135135,1.5427897743871417,0.8333333333333334,0.15,3.675,147,1.75,70,1.975,79,6,7.0,,,,,,,68,12,0.06252478632558707,4.251685470139921,0.35294117647058826,1.3292957874323885,1.0,0.12903225806451613,3.3967741935483873,105,1.096774193548387,34,0.5161290322580645,0,5,4.0,,,,,,
1,2026,Nevada,Mountain West,59,12,0.4976904986574679,29.363739420790605,0.5084745762711864,1.6496693482013214,0.8571428571428571,0.19047619047619047,3.530952380952381,148,1.4761904761904763,62,3.142857142857143,132,7,6.0,,,,,,,84,12,0.0314012613767752,2.6377059556491167,0.44047619047619047,0.8915966827384775,0.6666666666666666,0.1951219512195122,2.995121951219512,123,0.9512195121951219,39,0.7560975609756098,0,5,2.8,,,,,,
1,2026,New Mexico,Mountain West,71,10,0.21871077160983587,15.528464784298349,0.49295774647887325,0.9281654236514942,1.0,0.07142857142857142,3.657142857142857,154,1.2142857142857142,51,0.7619047619047619,32,8,4.625,,,,,,,49,10,-0.18361237950368256,-8.997006595680446,0.2653061224489796,1.2713447189179048,0.6666666666666666,0.03333333333333333,2.8266666666666667,85,1.1,33,0.6666666666666666,0,1,7.0,,,,,,
1,2026,New Mexico State,Conference USA,133,22,0.2388442188944252,31.766281112958552,0.42105263157894735,1.5581760293115774,0.6666666666666666,0.15,3.341666666666667,201,1.0833333333333333,65,1.0333333333333332,62,11,4.363636363636363,,,,,,,126,23,0.07370420748805902,9.286730143495436,0.40476190476190477,1.2608012888937175,0.8,0.20634920634920634,3.13015873015873,197,0.9523809523809523,60,1.1904761904761905,0,11,4.363636363636363,,,,,,
1,2026,North Carolina,ACC,58,10,-0.014260566423352015,-0.8271128525544169,0.46551724137931033,0.8184081777713084,0.0,0.14814814814814814,3.425925925925926,93,1.222222222222222,33,0.037037037037037035,1,5,2.6,,,,,,,72,10,-0.07457329590805598,-5.36927730538003,0.3333333333333333,1.2161647220811567,0.8,0.19444444444444445,2.4472222222222224,88,0.6666666666666666,24,1.0833333333333333,0,6,1.6666666666666667,,,,,,
1,2026,North Dakota State,Mountain West,138,19,0.20666081329532443,28.51919223475477,0.45652173913043476,1.159685581066689,0.6666666666666666,0.1728395061728395,3.011111111111111,244,0.9506172839506173,77,0.7777777777777778,63,13,4.384615384615385,,,,,,,105,21,-0.4140856095330545,-43.47898900097072,0.3047619047619048,0.9891098805419769,0.5,0.21153846153846154,1.7596153846153846,92,0.6730769230769231,35,0.36538461538461536,0,7,-1.0,,,,,,
1,2026,Northern Illinois,Mountain West,58,15,-0.42442678584289073,-24.61675357888766,0.1724137931034483,1.3677541941329785,1.0,0.28,1.668,42,0.08,2,0.0,0,1,0.0,,,,,,,79,13,0.03131587558339358,2.473954171088093,0.4177215189873418,1.2457000747090123,0.2857142857142857,0.21052631578947367,3.294736842105263,125,1.736842105263158,66,3.1578947368421053,0,9,3.0,,,,,,
1,2026,North Texas,American Athletic,69,10,0.052024868564694786,3.58971593096394,0.34782608695652173,1.5483256457053565,0.0,0.13513513513513514,2.983783783783784,110,1.135135135135135,42,0.5945945945945946,22,6,2.6666666666666665,,,,,,,46,9,0.6535582337217621,30.06367875120106,0.5217391304347826,1.6395935785550761,0.8,0.13333333333333333,2.4966666666666666,75,0.5333333333333333,16,1.5333333333333332,0,7,5.428571428571429,,,,,,
1,2026,Northwestern,Big Ten,55,11,0.4796492784465596,26.380710314560776,0.509090909090909,1.4850398029259404,1.0,0.10714285714285714,3.95,111,1.75,49,3.142857142857143,88,6,4.5,,,,,,,90,12,0.08997341550625394,8.097607395562855,0.4222222222222222,1.0576414342835372,0.7777777777777778,0.13157894736842105,3.305263157894737,126,0.8947368421052632,34,0.13157894736842105,0,7,2.7142857142857144,,,,,,
1,2026,Notre Dame,FBS Independents,63,10,0.34906816757153,21.991294557006388,0.4603174603174603,1.111044132357502,0.75,0.03225806451612903,2.770967741935484,86,0.5483870967741935,17,0.3548387096774194,11,6,5.666666666666667,,,,,,,61,10,-0.04300904507988644,-2.623551749873073,0.3770491803278688,1.2644111837126037,0.75,0.20689655172413793,2.3586206896551722,68,0.3103448275862069,9,0.0,0,9,0.6666666666666666,,,,,,
1,2026,Ohio,Mid-American,68,12,0.06252478632558707,4.251685470139921,0.35294117647058826,1.3292957874323885,1.0,0.12903225806451613,3.3967741935483873,105,1.096774193548387,34,0.5161290322580645,16,5,4.0,,,,,,,74,11,0.4557263109503398,33.72374701032514,0.5135135135135135,1.5427897743871417,0.8333333333333334,0.15,3.675,147,1.75,70,1.975,0,6,7.0,,,,,,
1,2026,Ohio State,Big Ten,73,12,0.6119600604298888,44.673084411381886,0.5616438356164384,1.448948844124814,0.75,0.18181818181818182,3.3181818181818183,110,1.121212121212121,37,3.4242424242424243,113,5,7.0,,,,,,,62,13,-0.33311077862339405,-20.652868274650434,0.20967741935483872,1.3049899715616444,,0.3181818181818182,1.2,26,0.6363636363636364,14,0.3181818181818182,0,3,1.0,,,,,,
1,2026,Oklahoma,SEC,60,11,0.3871905835315659,23.231435011893954,0.55,1.1941828089991482,0.5714285714285714,0.23684210526315788,2.876315789473684,109,1.0526315789473684,40,0.8157894736842105,31,8,4.625,,,,,,,59,13,-0.48699590907637974,-28.732758635506404,0.3389830508474576,0.9392952091081729,0.0,0.29411764705882354,1.5676470588235294,53,0.9117647058823529,31,1.5882352941176472,0,5,0.0,,,,,,
1,2026,Oklahoma State,Big 12,88,12,-0.20438367426383353,-17.98576333521735,0.36363636363636365,0.9029536053402525,0.5,0.2222222222222222,2.7916666666666665,101,0.9444444444444444,34,0.3055555555555556,11,5,2.0,,,,,,,58,12,0.1838232766411439,10.661750045186347,0.41379310344827586,1.0851431714647468,1.0,0.15151515151515152,2.7636363636363637,91,0.8484848484848485,28,0.6060606060606061,0,8,3.0,,,,,,
1,2026,Old Dominion,Sun Belt,57,12,0.03546040849321482,2.021243284113245,0.42105263157894735,1.2353911877067187,0.3333333333333333,0.25,2.7475,110,1.4,56,1.225,49,6,5.166666666666667,,,,,,,61,11,-0.27346834431435174,-16.681569003175454,0.26229508196721313,1.0087348329435788,0.5,0.23684210526315788,2.281578947368421,87,0.7894736842105263,30,1.5789473684210527,0,5,2.0,,,,,,
1,2026,Ole Miss,SEC,79,13,0.2309473958131021,18.244844269235067,0.46835443037974683,1.2491124188789353,0.6363636363636364,0.12195121951219512,2.8365853658536584,116,0.7317073170731707,30,0.1951219512195122,8,7,4.857142857142857,,,,,,,68,13,0.2803464178720225,19.06355641529753,0.4411764705882353,1.4775386222518627,0.8,0.25,2.213888888888889,80,1.0555555555555556,38,1.8611111111111112,0,7,4.285714285714286,,,,,,
1,2026,Oregon,Big Ten,64,13,0.17398030401949954,11.13473945724797,0.453125,1.5147413609415246,0.6666666666666666,0.125,3.2375,78,0.9583333333333334,23,1.2916666666666667,31,11,3.090909090909091,,,,,,,67,13,0.05056954805199873,3.388159719483915,0.3582089552238806,1.0180962329024892,1.0,0.12121212121212122,2.9212121212121214,96,0.3333333333333333,11,0.0,0,7,3.857142857142857,,,,,,
1,2026,Oregon State,Pac-12,74,12,0.05624791102486881,4.162345415840292,0.40540540540540543,1.341138665590374,0.5,0.047619047619047616,2.8333333333333335,60,0.3333333333333333,7,0.0,0,5,4.2,,,,,,,74,11,0.27977518625549525,20.703363782906646,0.5,1.2137149979644937,0.8571428571428571,0.15,3.3325,133,1.2,48,1.75,0,8,3.375,,,,,,
1,2026,Penn State,Big Ten,74,12,0.4220959538823401,31.235100587293168,0.5135135135135135,1.2946795341133903,0.8571428571428571,0.13636363636363635,3.1204545454545456,137,0.6363636363636364,28,0.13636363636363635,6,7,5.428571428571429,,,,,,,55,12,-0.37020219117621195,-20.361120514691656,0.2909090909090909,0.8874228649697032,0.5,0.4166666666666667,1.0458333333333334,25,0.2916666666666667,7,0.0,0,2,0.0,,,,,,
1,2026,Pittsburgh,ACC,77,12,0.4239789195307833,32.64637680387031,0.5454545454545454,1.338185183481556,0.6,0.2,3.2466666666666666,97,1.2,36,1.5666666666666667,47,7,5.428571428571429,,,,,,,59,12,0.07433275291357205,4.385632421900751,0.3220338983050847,1.5292950729514843,1.0,0.15789473684210525,2.1894736842105265,42,0.42105263157894735,8,0.05263157894736842,0,2,3.5,,,,,,
1,2026,Purdue,Big Ten,74,10,0.33166290225570116,24.543054766921884,0.5,1.1765932198339826,1.0,0.05263157894736842,3.713157894736842,141,1.1052631578947367,42,0.631578947368421,24,10,3.7,,,,,,,48,10,0.007618450700996603,0.36568563364783696,0.2708333333333333,2.3625129116735217,1.0,0.38095238095238093,1.7857142857142858,38,1.0952380952380951,23,1.2380952380952381,0,4,3.25,,,,,,
1,2026,Rice,American Athletic,82,10,0.1875302343234571,15.377479214523483,0.5365853658536586,0.9398508399655154,0.7142857142857143,0.07142857142857142,4.098571428571429,287,1.5142857142857142,106,1.4428571428571428,101,7,4.428571428571429,,,,,,,59,9,-0.3031678916316084,-17.886905606264893,0.3050847457627119,1.1672615609152817,0.3333333333333333,0.18181818181818182,2.8151515151515154,93,0.8484848484848485,28,1.4545454545454546,0,5,0.6,,,,,,
1,2026,Rutgers,Big Ten,63,12,-0.01985900010564004,-1.2511170066553225,0.3968253968253968,1.561455323235606,0.6,0.25,1.93,39,0.0,0,0.0,0,5,2.8,,,,,,,65,12,0.32997264174661556,21.44822171353001,0.5230769230769231,1.040597861761411,0.7142857142857143,0.175,3.375,135,1.4,56,0.65,0,9,4.111111111111111,,,,,,
1,2026,Sacramento State,Mid-American,136,28,0.07397150248696345,10.06012433822703,0.4117647058823529,1.2100326346283852,0.7142857142857143,0.27586206896551724,2.3344827586206898,135,1.1379310344827587,66,1.3620689655172413,79,14,3.9285714285714284,,,,,,,123,28,-0.05435869696312983,-6.68611972646497,0.3170731707317073,1.249205121713904,0.8,0.1724137931034483,2.446551724137931,142,0.7241379310344828,42,0.896551724137931,0,10,2.8,,,,,,
1,2026,Sam Houston,Conference USA,70,12,0.0666692867853846,4.666850074976923,0.4714285714285714,1.2051346981627544,0.5,0.4,1.775,36,0.85,17,0.9,18,5,4.2,,,,,,,69,14,0.1569078614264043,10.826642438421898,0.3333333333333333,1.656527031513981,0.0,0.28205128205128205,2.6666666666666665,104,1.3333333333333333,52,1.358974358974359,0,7,3.4285714285714284,,,,,,
1,2026,San Diego State,Pac-12,64,12,0.13046277523357352,8.349617614948706,0.46875,1.0291707981119504,0.5454545454545454,0.225,3.11,124,1.2,48,1.9,76,8,5.625,,,,,,,81,14,-0.0737045564537173,-5.970069072751102,0.41975308641975306,0.7705396494743997,0.8333333333333334,0.10344827586206896,3.213793103448276,93,0.5862068965517241,17,0.0,0,7,2.857142857142857,,,,,,
1,2026,San José State,Mountain West,135,26,0.13303261113285583,17.95940250293554,0.37777777777777777,1.403736148990978,0.5,0.22413793103448276,2.8948275862068966,168,1.206896551724138,70,0.5,29,13,3.923076923076923,,,,,,,146,24,0.09584398625455891,13.9932219931656,0.4863013698630137,0.9437116819457053,0.9333333333333333,0.12698412698412698,3.0793650793650795,194,1.0,63,0.746031746031746,0,15,3.7333333333333334,,,,,,
1,2026,SMU,ACC,67,11,0.3616394354873274,24.229842177650934,0.5522388059701493,1.2869920757845814,0.6666666666666666,0.12903225806451613,3.2774193548387096,102,0.967741935483871,30,0.967741935483871,30,6,2.1666666666666665,,,,,,,67,12,0.1398337614287114,9.368862015723664,0.373134328358209,1.4367549195963938,0.3333333333333333,0.12195121951219512,3.180487804878049,130,1.024390243902439,42,1.4878048780487805,0,4,6.0,,,,,,
1,2026,South Alabama,Sun Belt,88,11,0.09432476942180129,8.300579709118514,0.42045454545454547,1.1090388260054005,0.8,0.14035087719298245,3.3333333333333335,190,1.1929824561403508,68,0.40350877192982454,23,8,4.625,,,,,,,37,10,-0.1079332162191834,-3.993529000109786,0.40540540540540543,1.3108139148186486,0.25,0.3125,1.46875,24,1.1875,19,0.9375,0,5,2.4,,,,,,
1,2026,South Carolina,SEC,74,10,0.6831768049116431,50.555083563461594,0.6891891891891891,1.208883909759148,0.8333333333333334,0.07692307692307693,4.058974358974359,158,1.564102564102564,61,2.4615384615384617,96,8,7.0,,,,,,,49,10,-0.08185170313354628,-4.010733453543768,0.2653061224489796,1.461049533469705,0.5,0.20833333333333334,2.7333333333333334,66,0.625,15,1.2083333333333333,0,1,0.0,,,,,,
1,2026,Southern Miss,Sun Belt,85,12,0.34834967969336783,29.609722773936262,0.5882352941176471,1.0704689502182791,0.8461538461538461,0.07017543859649122,4.026315789473684,230,1.4385964912280702,82,0.543859649122807,31,8,6.125,,,,,,,61,13,-0.26229054924344813,-15.999723503850337,0.21311475409836064,1.3757220145427,,0.3142857142857143,2.037142857142857,71,0.8571428571428571,30,0.34285714285714286,0,2,1.5,,,,,,
1,2026,South Florida,American Athletic,58,9,-0.0627460596868576,-3.6392714618377413,0.43103448275862066,0.6493252074099518,0.8,0.24324324324324326,2.2162162162162162,82,0.8918918918918919,33,0.08108108108108109,3,6,3.1666666666666665,,,,,,,76,10,-0.11861389335065944,-9.014655894650119,0.3815789473684211,0.9910967845218249,0.5,0.25,2.4875,60,0.6666666666666666,16,0.375,0,3,3.3333333333333335,,,,,,
1,2026,Stanford,ACC,139,24,0.16528711647074237,22.974909189433188,0.39568345323741005,1.1457214486158334,0.8571428571428571,0.1694915254237288,2.886440677966102,170,0.8135593220338984,48,0.864406779661017,51,11,3.090909090909091,,,,,,,145,25,0.24458484935107738,35.464803155906225,0.4482758620689655,1.3156744634857456,1.0,0.1509433962264151,2.922641509433962,155,0.9056603773584906,48,0.5849056603773585,0,12,6.083333333333333,,,,,,
1,2026,Syracuse,ACC,78,13,0.3509468600798421,27.373855086227685,0.5256410256410257,1.3123860866084411,0.875,0.15,3.5125,141,1.775,71,1.625,65,11,5.363636363636363,,,,,,,63,14,-0.3906647759086895,-24.611880882247437,0.2698412698412698,0.8887481994400394,0.75,0.23333333333333334,1.6033333333333333,48,0.5333333333333333,16,1.7333333333333334,0,3,1.0,,,,,,
1,2026,TCU,Big 12,72,10,-0.07457329590805598,-5.36927730538003,0.3333333333333333,1.2161647220811567,0.8,0.19444444444444445,2.4472222222222224,88,0.6666666666666666,24,1.0833333333333333,39,6,1.6666666666666667,,,,,,,58,10,-0.014260566423352015,-0.8271128525544169,0.46551724137931033,0.8184081777713084,0.0,0.14814814814814814,3.425925925925926,93,1.222222222222222,33,0.037037037037037035,0,5,2.6,,,,,,
1,2026,Temple,American Athletic,63,10,0.1701631807567049,10.720280387672407,0.4603174603174603,1.1362662343770378,0.8571428571428571,0.18604651162790697,2.9465116279069767,127,1.1395348837209303,49,1.6511627906976745,71,6,4.0,,,,,,,62,12,-0.03258138363984367,-2.0200457856703076,0.3870967741935484,1.1512097106063257,0.8,0.2857142857142857,2.317857142857143,65,1.0357142857142858,29,0.6785714285714286,0,4,3.5,,,,,,
1,2026,Tennessee,SEC,74,13,0.4850157898087888,35.89116844585037,0.581081081081081,1.2840787312058908,0.8333333333333334,0.10869565217391304,3.7717391304347827,174,1.565217391304348,72,2.4565217391304346,113,8,6.125,,,,,,,60,14,-0.2136597102562977,-12.819582615377863,0.25,1.167568813131016,0.0,0.27586206896551724,2.996551724137931,87,1.206896551724138,35,2.1724137931034484,0,6,1.6666666666666667,,,,,,
1,2026,Texas,SEC,70,9,0.4586510146705653,32.10557102693957,0.5,1.579697637253443,0.8,0.2857142857142857,2.5342857142857143,89,0.9428571428571428,33,1.457142857142857,51,9,5.777777777777778,,,,,,,73,11,-0.007256406599933908,-0.5297176817951753,0.410958904109589,1.1274872950767767,0.6,0.20512820512820512,2.6256410256410256,102,0.9487179487179487,37,2.358974358974359,0,4,1.75,,,,,,
1,2026,Texas A&M,SEC,89,12,0.34706447550851627,30.888738320257946,0.5842696629213483,1.0755940232268968,1.0,0.10416666666666667,3.925,188,1.6458333333333333,79,1.5625,75,10,4.8,,,,,,,41,11,-0.42691766732661474,-17.503624360391203,0.17073170731707318,0.9332823449213844,0.5,0.2608695652173913,1.6434782608695653,38,0.17391304347826086,4,0.0,0,1,0.0,,,,,,
1,2026,Texas State,Pac-12,73,11,-0.007256406599933908,-0.5297176817951753,0.410958904109589,1.1274872950767767,0.6,0.20512820512820512,2.6256410256410256,102,0.9487179487179487,37,2.358974358974359,92,4,1.75,,,,,,,70,9,0.4586510146705653,32.10557102693957,0.5,1.579697637253443,0.8,0.2857142857142857,2.5342857142857143,89,0.9428571428571428,33,1.457142857142857,0,9,5.777777777777778,,,,,,
1,2026,Texas Tech,Big 12,74,11,0.2768206584174479,20.484728722891145,0.5,1.0471550507298784,0.7777777777777778,0.15384615384615385,3.3461538461538463,131,0.9487179487179487,37,0.3076923076923077,12,7,3.7142857142857144,,,,,,,63,10,-0.21423155070477995,-13.496587694401137,0.2698412698412698,1.2673339554332412,0.5,0.19230769230769232,2.8384615384615386,74,0.8461538461538461,22,0.4230769230769231,0,4,0.75,,,,,,
1,2026,Toledo,Mid-American,42,10,0.09590193517818776,4.027881277483886,0.2857142857142857,2.3449878397908352,0.0,0.4444444444444444,1.1388888888888888,21,0.7222222222222222,13,3.5,63,4,3.5,,,,,,,85,11,0.00822733839441371,0.6993237635251655,0.3764705882352941,1.097389911197236,0.3333333333333333,0.2127659574468085,2.7978723404255317,132,0.851063829787234,40,0.3829787234042553,0,10,2.9,,,,,,
1,2026,Troy,Sun Belt,69,14,0.1569078614264043,10.826642438421898,0.3333333333333333,1.656527031513981,0.0,0.28205128205128205,2.6666666666666665,104,1.3333333333333333,52,1.358974358974359,53,7,3.4285714285714284,,,,,,,70,12,0.0666692867853846,4.666850074976923,0.4714285714285714,1.2051346981627544,0.5,0.4,1.775,36,0.85,17,0.9,0,5,4.2,,,,,,
1,2026,Tulane,American Athletic,55,12,-0.13128979416335887,-7.220938678984737,0.3090909090909091,0.76980868998075,1.0,0.13043478260869565,2.9565217391304346,68,0.391304347826087,9,1.2608695652173914,29,4,0.75,,,,,,,78,13,-0.12645337701343248,-9.863363407047732,0.2948717948717949,1.1339409920879744,1.0,0.1836734693877551,3.0408163265306123,149,1.2448979591836735,61,1.2244897959183674,0,8,2.125,,,,,,
1,2026,Tulsa,American Athletic,58,12,0.1838232766411439,10.661750045186347,0.41379310344827586,1.0851431714647468,1.0,0.15151515151515152,2.7636363636363637,91,0.8484848484848485,28,0.6060606060606061,20,8,3.0,,,,,,,88,12,-0.20438367426383353,-17.98576333521735,0.36363636363636365,0.9029536053402525,0.5,0.2222222222222222,2.7916666666666665,101,0.9444444444444444,34,0.3055555555555556,0,5,2.0,,,,,,
1,2026,UAB,American Athletic,79,8,0.13913052223527572,10.991311256586783,0.43037974683544306,1.2461766276414639,0.75,0.13043478260869565,3.252173913043478,150,0.8913043478260869,41,0.45652173913043476,21,7,2.2857142857142856,,,,,,,44,8,0.45756443668178554,20.132835213998565,0.5681818181818182,1.3542485462010816,0.6,0.23076923076923078,2.976923076923077,77,1.0,26,2.076923076923077,0,4,7.0,,,,,,
1,2026,UCF,Big 12,62,13,0.49250356239676507,30.535220868599435,0.5645161290322581,1.4108685998253796,1.0,0.08108108108108109,4.386486486486486,162,2.027027027027027,75,4.351351351351352,161,10,5.9,,,,,,,62,15,-0.1629071620565535,-10.100244047506317,0.20967741935483872,1.219168347266829,1.0,0.3157894736842105,1.9236842105263159,73,0.9736842105263158,37,0.5263157894736842,0,3,2.3333333333333335,,,,,,
1,2026,UCLA,Big Ten,53,14,0.41406384052818057,21.945383547993572,0.5660377358490566,1.2513254603824528,1.0,0.034482758620689655,4.813793103448276,140,2.0344827586206895,59,3.689655172413793,107,8,4.75,,,,,,,89,14,-0.06110146746890826,-5.438030604732835,0.33707865168539325,1.4836215579250063,0.6666666666666666,0.20512820512820512,2.528205128205128,99,0.8205128205128205,32,0.3333333333333333,0,5,4.8,,,,,,
1,2026,UConn,FBS Independents,74,14,0.5527694920165367,40.904942409223715,0.5135135135135135,1.5911999117333786,0.3333333333333333,0.15,3.855,154,1.675,67,2.525,101,9,4.666666666666667,,,,,,,72,13,-0.16356584801610122,-11.776741057159288,0.2777777777777778,0.8956382174474538,0.6666666666666666,0.21428571428571427,2.3857142857142857,67,0.42857142857142855,12,0.0,0,3,2.3333333333333335,,,,,,
1,2026,UL Monroe,Sun Belt,71,13,-0.08243843566393148,-5.8531289321391355,0.29577464788732394,1.0528206054479607,0.4,0.10526315789473684,2.860526315789474,109,0.7894736842105263,30,0.4473684210526316,17,4,3.25,,,,,,,79,13,0.6380275101586687,50.40417330253483,0.5822784810126582,1.4780996639334054,1.0,0.13513513513513514,4.127027027027027,153,1.864864864864865,69,3.918918918918919,0,10,4.8,,,,,,
1,2026,UNLV,Mountain West,145,25,0.04374385386611921,6.342858810587285,0.35172413793103446,1.4413345772565798,0.6666666666666666,0.14285714285714285,3.3025974025974025,254,1.2597402597402596,97,2.051948051948052,158,11,3.1818181818181817,,,,,,,137,23,0.047381422338225086,6.491254860336837,0.39416058394160586,1.0868267257197162,0.7142857142857143,0.11290322580645161,3.8758064516129034,240,1.6129032258064515,100,1.2419354838709677,0,9,2.888888888888889,,,,,,
1,2026,USC,Big Ten,146,20,0.2869729038455146,41.898043961445126,0.6027397260273972,1.0080711991224447,0.8,0.18181818181818182,3.1818181818181817,245,1.2207792207792207,94,0.3116883116883117,24,16,4.375,,,,,,,102,20,-0.03654097848457552,-3.7271798054267027,0.3431372549019608,1.1708350034918942,0.0,0.23404255319148937,2.363829787234043,111,0.8297872340425532,39,0.48936170212765956,0,7,3.4285714285714284,,,,,,
1,2026,Utah,Big 12,77,13,0.5101957921741587,39.28507599741022,0.5714285714285714,1.3617321828088478,0.75,0.14285714285714285,4.116326530612245,202,1.816326530612245,89,2.122448979591837,104,11,6.0,,,,,,,62,13,0.011567406375027246,0.7171791952516893,0.3387096774193548,1.262352149239576,1.0,0.2,2.256666666666667,68,0.7333333333333333,22,0.8333333333333334,0,3,4.666666666666667,,,,,,
1,2026,Utah State,Pac-12,89,12,-0.061442966792083664,-5.468424044495446,0.42696629213483145,1.1945320367732555,0.25,0.16279069767441862,3.4511627906976745,148,1.2093023255813953,52,0.6046511627906976,26,8,2.125,,,,,,,65,13,0.03394417818096367,2.206371581762639,0.35384615384615387,1.0966029950577263,0.6666666666666666,0.17857142857142858,2.242857142857143,63,0.8928571428571429,25,0.75,0,7,4.142857142857143,,,,,,
1,2026,UTEP,Mountain West,59,13,-0.48699590907637974,-28.732758635506404,0.3389830508474576,0.9392952091081729,0.0,0.29411764705882354,1.5676470588235294,53,0.9117647058823529,31,1.5882352941176472,54,5,0.0,,,,,,,60,11,0.3871905835315659,23.231435011893954,0.55,1.1941828089991482,0.5714285714285714,0.23684210526315788,2.876315789473684,109,1.0526315789473684,40,0.8157894736842105,0,8,4.625,,,,,,
1,2026,UTSA,American Athletic,60,12,0.4786734592639608,28.72040755583765,0.6333333333333333,1.0998644890074278,1.0,0.10344827586206896,3.7655172413793103,109,1.103448275862069,32,3.9655172413793105,115,5,3.4,,,,,,,82,13,-0.16372240690374346,-13.425237366106964,0.3780487804878049,1.0540254394047484,0.3333333333333333,0.18181818181818182,3.118181818181818,103,0.9090909090909091,30,1.7878787878787878,0,6,2.6666666666666665,,,,,,
1,2026,Vanderbilt,SEC,63,8,0.2617676040283218,16.491359053784272,0.47619047619047616,1.061975081924216,0.75,0.08108108108108109,3.5,130,1.0810810810810811,40,0.7027027027027027,26,6,3.3333333333333335,,,,,,,47,10,-0.02889950313090751,-1.358276647152653,0.3404255319148936,1.186345828828299,1.0,0.21052631578947367,3.2263157894736842,61,1.0526315789473684,20,1.2105263157894737,0,4,2.5,,,,,,
1,2026,Virginia,ACC,71,12,0.27262204040865434,19.35616486901446,0.4788732394366197,1.0612371845133193,0.8333333333333334,0.14285714285714285,3.305357142857143,185,1.0178571428571428,57,0.7678571428571429,43,7,3.857142857142857,,,,,,,51,12,-0.3076030856053669,-15.687757365873711,0.3137254901960784,0.5258948389178301,1.0,0.13636363636363635,3.140909090909091,69,0.8181818181818182,18,0.22727272727272727,0,2,3.5,,,,,,
1,2026,Virginia Tech,ACC,74,14,0.46526852275255143,34.429870683688804,0.6486486486486487,1.041439357173502,0.9,0.024390243902439025,4.102439024390244,168,1.7073170731707317,70,1.4634146341463414,60,9,5.777777777777778,,,,,,,57,15,-0.5002883528303119,-28.516436111327778,0.08771929824561403,1.8471598449248687,,0.5897435897435898,-0.24615384615384617,-10,0.15384615384615385,6,0.28205128205128205,0,5,0.6,,,,,,
1,2026,Wake Forest,ACC,68,11,0.47758894733523144,32.476048418795735,0.4264705882352941,1.5275719114401596,0.8,0.15625,3.265625,105,1.15625,37,2.09375,67,7,4.285714285714286,,,,,,,70,11,-0.02740230098845742,-1.9181610691920195,0.5,0.7212615614875549,0.6,0.18181818181818182,3.103030303030303,102,1.1515151515151516,38,0.8181818181818182,0,3,5.666666666666667,,,,,,
1,2026,Washington,Big Ten,64,12,0.04585732250426914,2.934868640273225,0.46875,1.0665805293728612,0.5,0.25,2.7535714285714286,77,1.25,35,0.8571428571428571,24,9,2.6666666666666665,,,,,,,57,11,-0.16975327895924155,-9.675936900676769,0.3157894736842105,1.0264346254160943,,0.2857142857142857,2.8214285714285716,79,1.0714285714285714,30,0.6071428571428571,0,4,2.5,,,,,,
1,2026,Washington State,Pac-12,57,11,-0.16975327895924155,-9.675936900676769,0.3157894736842105,1.0264346254160943,0.0,0.2857142857142857,2.8214285714285716,79,1.0714285714285714,30,0.6071428571428571,17,4,2.5,,,,,,,64,12,0.04585732250426914,2.934868640273225,0.46875,1.0665805293728612,0.5,0.25,2.7535714285714286,77,1.25,35,0.8571428571428571,0,9,2.6666666666666665,,,,,,
1,2026,Western Kentucky,Conference USA,84,12,0.0314012613767752,2.6377059556491167,0.44047619047619047,0.8915966827384775,0.6666666666666666,0.1951219512195122,2.995121951219512,123,0.9512195121951219,39,0.7560975609756098,31,5,2.8,,,,,,,59,12,0.4976904986574679,29.363739420790605,0.5084745762711864,1.6496693482013214,0.8571428571428571,0.19047619047619047,3.530952380952381,148,1.4761904761904763,62,3.142857142857143,0,7,6.0,,,,,,
1,2026,Western Michigan,Mid-American,70,11,-0.04488868271581797,-3.1422077901072574,0.32857142857142857,1.0681220061704584,0.6666666666666666,0.18181818181818182,2.6613636363636366,117,0.5681818181818182,25,0.045454545454545456,2,7,1.7142857142857142,,,,,,,48,10,0.14635091914196965,7.024844118814543,0.4375,1.0790058466360366,0.75,0.08333333333333333,3.3958333333333335,82,1.125,27,0.3333333333333333,0,2,3.5,,,,,,
1,2026,West Virginia,Big 12,77,14,0.1252039921408981,9.640707394849155,0.4155844155844156,1.017452011076191,0.75,0.15,2.725,164,0.7333333333333333,44,1.55,93,7,3.4285714285714284,,,,,,,65,13,0.1681653776154878,10.930749545006709,0.4307692307692308,1.400877125686242,0.6666666666666666,0.32,1.944,49,1.04,26,1.2,0,6,4.0,,,,,,
1,2026,Wisconsin,Big Ten,61,10,-0.04300904507988644,-2.623551749873073,0.3770491803278688,1.2644111837126037,0.75,0.20689655172413793,2.3586206896551722,68,0.3103448275862069,9,0.0,0,9,0.6666666666666666,,,,,,,63,10,0.34906816757153,21.991294557006388,0.4603174603174603,1.111044132357502,0.75,0.03225806451612903,2.770967741935484,86,0.5483870967741935,17,0.3548387096774194,0,6,5.666666666666667,,,,,,
1,2026,Wyoming,Mountain West,55,11,-0.13299268813930754,-7.314597847661915,0.41818181818181815,0.899961606833427,1.0,0.12121212121212122,3.3545454545454545,111,1.1818181818181819,39,0.6060606060606061,20,5,2.6,,,,,,,68,11,0.3012418203750481,20.48444378550327,0.4852941176470588,1.2087905981747544,1.0,0.21212121212121213,2.4939393939393937,82,1.0303030303030303,34,1.3636363636363635,0,6,4.666666666666667,,,,,,
2,2026,Air Force,Mountain West,147,19,0.3168724868895267,46.58025557276042,0.5238095238095238,0.9836879949098817,1.0,0.05785123966942149,4.0239669421487605,487,1.2727272727272727,154,0.4380165289256198,53,12,5.166666666666667,,,,,,,106,20,-0.07900441286649691,-8.374467763848674,0.3113207547169811,1.5288427794559412,0.8,0.22807017543859648,2.526315789473684,144,0.8245614035087719,47,0.631578947368421,0,6,4.0,,,,,,
2,2026,Akron,Mid-American,141,22,0.1576861186861234,22.233742734743398,0.524822695035461,0.9553972675038448,0.7142857142857143,0.1323529411764706,3.85,262,1.6764705882352942,114,1.1176470588235294,76,12,5.166666666666667,,,,,,,119,22,0.15982949172739025,19.01970951555944,0.36134453781512604,1.5062647956317665,0.7142857142857143,0.2692307692307692,2.175,113,0.7115384615384616,37,1.2884615384615385,0,8,4.125,,,,,,
2,2026,Alabama,SEC,143,23,0.19238184082323534,27.510603237722655,0.5034965034965035,1.1057735881546875,0.7272727272727273,0.17857142857142858,3.1476190476190475,264,1.1071428571428572,93,0.8928571428571429,75,16,4.875,,,,,,,108,24,-0.2874867496232187,-31.04856895930762,0.28703703703703703,1.1316133221653442,0.4,0.2708333333333333,1.2354166666666666,59,0.6041666666666666,29,0.041666666666666664,0,4,5.0,,,,,,
2,2026,App State,Sun Belt,147,23,0.39062474991387225,57.421838237339216,0.5170068027210885,1.2754065166484962,0.8333333333333334,0.2,2.87625,230,1.35,108,1.5875,127,19,4.315789473684211,,,,,,,134,24,0.08161372937303696,10.936239735986952,0.41044776119402987,1.1852737956938326,0.6666666666666666,0.23333333333333334,2.788333333333333,167,0.9666666666666667,58,1.0166666666666666,0,10,2.7,,,,,,
2,2026,Arizona,Big 12,137,23,0.135802341014586,18.60492071899828,0.5182481751824818,0.9553421091947132,0.9090909090909091,0.09836065573770492,3.804918032786885,232,1.459016393442623,89,1.2131147540983607,74,13,4.0,,,,,,,111,22,0.03567998429037235,3.960478256231331,0.35135135135135137,1.3875185132111152,1.0,0.24444444444444444,2.8266666666666667,127,1.0,45,0.5333333333333333,0,8,3.5,,,,,,
2,2026,Arizona State,Big 12,135,26,0.1879252063943186,25.36990286323301,0.4666666666666667,1.4678876754625696,0.9,0.1875,2.953125,189,1.359375,87,1.828125,117,14,3.9285714285714284,,,,,,,114,25,-0.05455546027755559,-6.219322471641337,0.34210526315789475,1.0129971750114235,0.75,0.16071428571428573,2.517857142857143,141,0.6428571428571429,36,0.75,0,10,4.1,,,,,,
2,2026,Arkansas,SEC,163,24,0.027261653202592464,4.443649472022572,0.4233128834355828,1.1170369441790664,0.75,0.18571428571428572,2.732857142857143,191,0.7571428571428571,53,0.15714285714285714,11,13,3.1538461538461537,,,,,,,108,24,0.13478066928783852,14.55631228308656,0.4074074074074074,1.273058299449057,0.7142857142857143,0.23076923076923078,2.8173076923076925,147,1.0961538461538463,57,0.25,0,11,5.090909090909091,,,,,,
2,2026,Arkansas State,Sun Belt,118,20,0.2677348692051451,31.59271456620712,0.559322033898305,1.1459291087845072,0.7857142857142857,0.12307692307692308,3.666153846153846,238,1.3538461538461537,88,1.4461538461538461,94,13,4.230769230769231,,,,,,,122,23,0.18406227755671353,22.45559786191905,0.4426229508196721,1.3669975298661934,0.75,0.11267605633802817,3.388732394366197,241,1.1830985915492958,84,2.676056338028169,0,9,3.111111111111111,,,,,,
2,2026,Army,American Athletic,136,21,0.4233058887319205,57.56960086754118,0.5882352941176471,1.023133708359731,0.9090909090909091,0.10185185185185185,4.018518518518518,434,1.5833333333333333,171,2.388888888888889,258,15,5.066666666666666,,,,,,,110,21,0.11239304090960231,12.363234500056254,0.41818181818181815,1.1406168896883957,0.8,0.2222222222222222,2.7444444444444445,148,1.0185185185185186,55,0.5740740740740741,0,7,4.428571428571429,,,,,,
2,2026,Auburn,SEC,160,24,0.13506010712021754,21.609617139234807,0.45625,1.1762728788342502,0.7777777777777778,0.16666666666666666,3.4654761904761906,291,1.2976190476190477,109,1.5238095238095237,128,16,3.1875,,,,,,,161,24,-0.09380269301557859,-15.102233575508151,0.37267080745341613,1.0994859841769764,0.5,0.1875,2.3328125,149,0.40625,26,0.03125,0,8,3.0,,,,,,
2,2026,Ball State,Mid-American,132,26,-0.016547509091830566,-2.1842712001216347,0.3106060606060606,1.4686103990600792,0.6666666666666666,0.24074074074074073,2.2203703703703703,120,1.037037037037037,56,2.5,135,9,3.3333333333333335,,,,,,,138,24,0.3064487375002761,42.28992577503811,0.47101449275362317,1.40546812277467,0.8571428571428571,0.2033898305084746,3.1559322033898307,186,1.1186440677966103,66,3.542372881355932,0,8,5.625,,,,,,
2,2026,Baylor,Big 12,186,27,0.11290985820815744,21.001233626717283,0.43548387096774194,1.2376620302097634,0.6,0.15476190476190477,3.1666666666666665,266,0.8809523809523809,74,0.2976190476190476,25,13,3.6923076923076925,,,,,,,131,26,-0.16731712657982048,-21.91854358195648,0.26717557251908397,1.287063470738749,0.6666666666666666,0.2631578947368421,2.285964912280702,130,0.631578947368421,36,0.7017543859649122,0,13,1.0,,,,,,
2,2026,Boise State,Pac-12,143,23,0.266399529110338,38.09513266277833,0.43356643356643354,1.274491848026884,0.875,0.1125,3.545,284,1.025,82,1.5125,121,14,4.142857142857143,,,,,,,117,24,0.10179195492970015,11.909658726774918,0.39316239316239315,1.7729801802597571,0.6666666666666666,0.2978723404255319,2.4765957446808513,116,0.8723404255319149,41,2.425531914893617,0,15,2.6666666666666665,,,,,,
2,2026,Boston College,ACC,137,23,-0.029649449603385752,-4.061974595663848,0.3795620437956204,1.2850016083291318,1.0,0.19696969696969696,3.0454545454545454,201,1.4848484848484849,98,0.8636363636363636,57,9,3.7777777777777777,,,,,,,130,23,0.0712578374372898,9.263518866847676,0.4,1.3266879736186803,0.5,0.1566265060240964,3.351807228915663,278,1.216867469879518,101,1.108433734939759,0,13,3.6923076923076925,,,,,,
2,2026,Bowling Green,Mid-American,116,21,-0.041941592892581335,-4.865224775539435,0.3620689655172414,0.9568633361381188,0.6666666666666666,0.208955223880597,2.491044776119403,167,0.5671641791044776,38,0.43283582089552236,29,9,2.2222222222222223,,,,,,,125,20,0.3277188774321643,40.96485967902054,0.504,1.379556003194474,0.6666666666666666,0.18461538461538463,3.4615384615384617,225,1.4307692307692308,93,3.569230769230769,0,14,4.428571428571429,,,,,,
2,2026,Buffalo,Mid-American,153,28,0.0688000492594795,10.526407536700363,0.32679738562091504,1.3682648307042922,1.0,0.22413793103448276,2.406896551724138,140,0.5344827586206896,31,0.896551724137931,52,9,4.555555555555555,,,,,,,152,28,0.028654358409258684,4.35546247820732,0.34868421052631576,1.2916147778515001,0.8,0.22058823529411764,2.677941176470588,182,0.8382352941176471,57,0.29411764705882354,0,14,3.142857142857143,,,,,,
2,2026,BYU,Big 12,128,22,0.5050841780417508,64.6507747893441,0.59375,1.145295729412896,0.8888888888888888,0.0945945945945946,4.075675675675676,302,1.6621621621621623,123,1.1486486486486487,85,15,5.6,,,,,,,120,22,-0.08450176731375492,-10.14021207765059,0.36666666666666664,1.1347196556610346,0.8571428571428571,0.21153846153846154,2.375,124,0.6153846153846154,32,0.46153846153846156,0,8,3.0,,,,,,
2,2026,California,ACC,149,26,-0.08082142385044012,-12.042392153715578,0.3422818791946309,1.3277706209817297,0.7142857142857143,0.25,2.4140625,155,0.828125,53,0.265625,17,11,3.4545454545454546,,,,,,,140,27,0.06802503010713064,9.523504214998288,0.4142857142857143,1.3407269201878411,1.0,0.12903225806451613,3.446774193548387,214,1.3225806451612903,82,2.4516129032258065,0,16,3.625,,,,,,
2,2026,Central Michigan,Mid-American,112,22,-0.1256244794203912,-14.069941695083816,0.30357142857142855,1.2574978566932482,0.875,0.10144927536231885,3.108695652173913,215,0.9710144927536232,67,1.0289855072463767,71,7,3.0,,,,,,,135,21,0.06451385420759796,8.709370318025726,0.43703703703703706,0.9057096960156529,1.0,0.1506849315068493,3.1027397260273974,227,0.9178082191780822,67,0.5342465753424658,0,14,3.357142857142857,,,,,,
2,2026,Charlotte,American Athletic,139,23,0.10968772258364962,15.246593439127297,0.4172661870503597,1.3048280000711567,0.5,0.25,2.9359375,188,1.140625,73,1.953125,125,10,2.3,,,,,,,125,23,0.3563215883954375,44.54019854942968,0.56,1.1684483485215407,0.9285714285714286,0.22535211267605634,3.222535211267606,229,1.267605633802817,90,1.732394366197183,0,10,6.2,,,,,,
2,2026,Cincinnati,Big 12,142,23,0.4287542479500776,60.883103208911024,0.528169014084507,1.2301502062163543,0.8571428571428571,0.08695652173913043,4.093478260869565,377,1.7065217391304348,157,2.0978260869565215,193,17,5.705882352941177,,,,,,,131,23,-0.020274166991414006,-2.655915875875235,0.3893129770992366,1.1912608272935616,0.75,0.23636363636363636,2.9909090909090907,165,1.2181818181818183,67,0.6545454545454545,0,7,3.4285714285714284,,,,,,
2,2026,Clemson,ACC,127,29,-0.18705381518375502,-23.755834528336887,0.29133858267716534,0.981531881260497,0.6,0.3389830508474576,2.2389830508474575,132,1.0847457627118644,64,0.6271186440677966,37,10,3.2,,,,,,,161,26,0.1795888733506845,28.913808609460204,0.422360248447205,1.3364841405947374,0.7272727272727273,0.1095890410958904,3.3438356164383563,244,1.410958904109589,103,0.589041095890411,0,14,3.2142857142857144,,,,,,
2,2026,Coastal Carolina,Sun Belt,135,27,0.20429252449085358,27.579490806265234,0.45185185185185184,1.325197095526809,0.625,0.21875,3.334375,213,1.578125,101,1.109375,71,14,4.428571428571429,,,,,,,134,28,-0.011871187582138601,-1.5907391360065726,0.3880597014925373,0.9869719373350113,0.75,0.14606741573033707,2.8662921348314607,255,0.7078651685393258,63,1.595505617977528,0,12,2.5833333333333335,,,,,,
2,2026,Colorado,Big 12,151,24,0.2555961011969566,38.595011280740444,0.41721854304635764,1.3777550783764778,0.9,0.12195121951219512,3.1390243902439026,257,0.8902439024390244,73,0.7804878048780488,64,13,2.923076923076923,,,,,,,134,24,-0.06396012724618023,-8.570657050988151,0.34328358208955223,1.3968928161860514,0.3333333333333333,0.3888888888888889,2.4,130,1.2962962962962963,70,0.4074074074074074,0,15,1.8,,,,,,
2,2026,Colorado State,Pac-12,137,26,0.3945282894044396,54.05037564840823,0.48905109489051096,1.5102312020802013,0.9,0.234375,2.578125,165,1.046875,67,3.8125,244,14,4.642857142857143,,,,,,,121,25,-0.06494788818219475,-7.858694470045566,0.38016528925619836,1.0956779944706345,0.6666666666666666,0.14084507042253522,3.22112676056338,229,1.3380281690140845,95,2.140845070422535,0,10,3.0,,,,,,
2,2026,Delaware,Conference USA,141,28,0.08422429215270093,11.87562519353083,0.3971631205673759,1.4491820586050979,0.6,0.2542372881355932,2.3983050847457625,142,1.1694915254237288,69,0.8983050847457628,53,12,4.0,,,,,,,144,28,-0.1511994958469578,-21.772727401961923,0.3125,1.2358513394279544,0.8,0.20689655172413793,2.282758620689655,132,0.7068965517241379,41,0.39655172413793105,0,12,2.3333333333333335,,,,,,
2,2026,Duke,ACC,135,22,0.0971002378932878,13.108532115593851,0.362962962962963,1.237928846463279,0.7142857142857143,0.21428571428571427,2.9095238095238094,244,1.3095238095238095,110,1.2023809523809523,101,14,3.4285714285714284,,,,,,,125,21,-0.025118696453782445,-3.1398370567228056,0.408,0.9843421861093068,0.7142857142857143,0.09090909090909091,2.923636363636364,161,0.5272727272727272,29,0.5272727272727272,0,11,2.7272727272727275,,,,,,
2,2026,East Carolina,American Athletic,114,25,0.10995821952438518,12.535237025779912,0.39473684210526316,1.231797520854903,0.6666666666666666,0.24528301886792453,2.371698113207547,126,0.9811320754716981,52,0.9811320754716981,52,8,4.25,,,,,,,153,24,0.20689421945669845,31.654815576874864,0.45751633986928103,1.223214237815241,0.7142857142857143,0.2247191011235955,2.7662921348314606,246,1.0786516853932584,96,0.5393258426966292,0,16,4.25,,,,,,
2,2026,Eastern Michigan,Mid-American,192,37,-0.03017095851584814,-5.792824035042843,0.375,1.085440572919383,0.8125,0.16883116883116883,2.8181818181818183,217,1.0,77,1.2597402597402596,97,17,2.8823529411764706,,,,,,,215,38,0.09206050212178986,19.79300795618482,0.40930232558139534,1.2535690427745039,0.7647058823529411,0.2127659574468085,2.9382978723404256,276,1.1595744680851063,109,1.0638297872340425,0,20,3.6,,,,,,
2,2026,Florida,SEC,131,22,0.503300118145704,65.93231547708723,0.5419847328244275,1.3730229556476083,1.0,0.08571428571428572,3.5085714285714285,246,1.3142857142857143,92,2.6142857142857143,183,14,6.428571428571429,,,,,,,159,26,-0.18570931797601242,-29.527781558185975,0.3333333333333333,1.1043810135770198,0.6666666666666666,0.11864406779661017,2.6728813559322036,158,0.6949152542372882,41,0.01694915254237288,0,8,3.0,,,,,,
2,2026,Florida Atlantic,American Athletic,172,24,0.08557275513073594,14.718513882486581,0.42441860465116277,1.1542662089271607,0.9090909090909091,0.18421052631578946,2.5065789473684212,191,0.4473684210526316,34,0.013157894736842105,1,13,3.769230769230769,,,,,,,125,23,0.37391274737859215,46.73909342232402,0.472,1.5780936478404288,1.0,0.14864864864864866,3.245945945945946,240,1.364864864864865,101,3.0,0,12,6.083333333333333,,,,,,
2,2026,Florida International,Conference USA,156,24,-0.002803154418928294,-0.43729208935281383,0.391025641025641,1.1492281235386823,0.6923076923076923,0.203125,2.75,176,0.84375,54,0.359375,23,13,2.8461538461538463,,,,,,,128,22,-0.044960223512562854,-5.754908609608045,0.328125,1.1153609295010591,0.8,0.25806451612903225,1.982258064516129,123,0.7419354838709677,46,0.16129032258064516,0,10,3.9,,,,,,
2,2026,Florida State,ACC,134,22,0.20419813063961514,27.36254950570843,0.41044776119402987,1.3738286847147458,0.5,0.13924050632911392,3.3063291139240505,261,1.0886075949367089,86,1.5822784810126582,125,11,5.2727272727272725,,,,,,,134,21,0.23409225215135004,31.368361788280907,0.44776119402985076,1.420966285728235,0.8333333333333334,0.11764705882352941,3.1549019607843136,161,0.8823529411764706,45,0.6274509803921569,0,10,3.0,,,,,,
2,2026,Fresno State,Pac-12,110,21,0.08598214809576966,9.458036290534663,0.37272727272727274,1.3500903325919285,0.42857142857142855,0.24561403508771928,2.524561403508772,144,0.7017543859649122,40,1.368421052631579,78,9,3.7777777777777777,,,,,,,136,21,0.02247272520799948,3.0562906282879294,0.47058823529411764,1.0596533979596976,0.6666666666666666,0.2777777777777778,2.7083333333333335,195,1.0694444444444444,77,0.375,0,11,2.8181818181818183,,,,,,
2,2026,Georgia,SEC,123,27,0.6411901102917171,78.86638356588121,0.6016260162601627,1.4336402018226513,1.0,0.11475409836065574,4.119672131147541,251,1.7049180327868851,104,2.9508196721311477,180,15,6.066666666666666,,,,,,,133,28,-0.16178408569098068,-21.517283396900428,0.2857142857142857,1.2165006262434912,0.4,0.296875,1.93125,124,0.5,32,0.3125,0,7,3.4285714285714284,,,,,,
2,2026,Georgia Southern,Sun Belt,145,27,0.05860218914924235,8.49731742664014,0.36551724137931035,1.2246915703732584,0.5,0.14893617021276595,3.1319148936170214,147,1.3404255319148937,63,0.7659574468085106,36,11,2.1818181818181817,,,,,,,140,29,-0.19538512677071665,-27.353917747900333,0.2571428571428571,1.1628548379468289,0.75,0.3492063492063492,1.7142857142857142,108,0.8888888888888888,56,0.5714285714285714,0,12,1.8333333333333333,,,,,,
2,2026,Georgia State,Sun Belt,141,23,0.3830140743836993,54.0049844881016,0.5460992907801419,1.131271493549282,0.8181818181818182,0.13095238095238096,3.710714285714286,312,1.5238095238095237,128,1.3571428571428572,114,17,4.823529411764706,,,,,,,113,23,-0.019074899997400918,-2.1554636997063037,0.34513274336283184,1.2156387691318562,1.0,0.26666666666666666,2.8,126,1.1333333333333333,51,0.5777777777777777,0,5,4.0,,,,,,
2,2026,Georgia Tech,ACC,126,20,-0.006180848439807886,-0.7787869034157936,0.42063492063492064,1.0854468425040313,0.6666666666666666,0.25925925925925924,2.9851851851851854,161,1.3703703703703705,74,0.42592592592592593,23,13,1.7692307692307692,,,,,,,146,21,0.14045229947664872,20.506035723590717,0.4041095890410959,1.2473707813431243,0.9,0.12222222222222222,3.1844444444444444,287,1.1333333333333333,102,1.2444444444444445,0,13,4.0,,,,,,
2,2026,Hawai'i,Mountain West,230,37,0.032940963609442014,7.576421630171663,0.3739130434782609,1.1626258762976511,0.8,0.18421052631578946,3.098684210526316,236,1.2763157894736843,97,1.631578947368421,124,16,3.5625,,,,,,,205,37,0.12966446420247416,26.581215161507206,0.43414634146341463,1.2594556887364166,0.6875,0.12612612612612611,3.28018018018018,364,1.3153153153153152,146,1.1711711711711712,0,15,3.7333333333333334,,,,,,
2,2026,Houston,Big 12,139,23,0.5086322930089994,70.69988872825091,0.6115107913669064,1.1881458019412137,0.9411764705882353,0.08235294117647059,4.155294117647059,353,1.647058823529412,140,2.0823529411764707,177,19,5.105263157894737,,,,,,,118,24,-0.07985643804609413,-9.423059689439107,0.3050847457627119,1.3508256488893162,0.4,0.27906976744186046,1.3325581395348838,57,0.16279069767441862,7,0.0,0,6,3.5,,,,,,
2,2026,Illinois,Big Ten,114,17,0.21240295470403944,24.213936836260494,0.5175438596491229,1.202896905371677,0.6363636363636364,0.13793103448275862,2.93448275862069,170,0.7931034482758621,46,0.9310344827586207,54,11,5.0,,,,,,,136,17,0.2497294616119733,33.963206779228365,0.4411764705882353,1.282464599974784,0.6923076923076923,0.18518518518518517,3.0246913580246915,245,1.1111111111111112,90,0.7654320987654321,0,13,3.6153846153846154,,,,,,
2,2026,Indiana,Big Ten,108,20,0.5826354535033924,62.924628978366385,0.5370370370370371,1.5716878414761073,0.7777777777777778,0.12162162162162163,3.4135135135135135,253,1.3513513513513513,100,1.527027027027027,113,14,6.214285714285714,,,,,,,118,22,-0.14472283749431578,-17.077294824329265,0.2796610169491525,1.5187942275986206,0.3333333333333333,0.21666666666666667,2.44,146,0.95,57,1.1166666666666667,0,7,2.2857142857142856,,,,,,
2,2026,Iowa,Big Ten,139,24,0.0016189629623103306,0.22503585176113597,0.4028776978417266,1.1033428121941584,0.42857142857142855,0.19402985074626866,3.1,208,1.1791044776119404,79,1.791044776119403,120,15,2.8666666666666667,,,,,,,113,27,-0.18121067715689682,-20.47680651872934,0.23008849557522124,1.2105292522630697,0.6666666666666666,0.2033898305084746,2.2847457627118644,135,0.3389830508474576,20,0.5084745762711864,0,4,3.25,,,,,,
2,2026,Iowa State,Big 12,103,24,0.15421331209490588,15.883971145775305,0.32038834951456313,1.4484541702459348,0.5,0.171875,2.646875,169,0.71875,46,0.65625,42,9,5.666666666666667,,,,,,,129,24,-0.1517244627149505,-19.572455690228615,0.32558139534883723,1.121317699632547,0.6,0.15714285714285714,2.4357142857142855,171,0.5714285714285714,40,0.7428571428571429,0,12,2.1666666666666665,,,,,,
2,2026,Jacksonville State,Conference USA,189,30,0.16727645534740562,31.615250060659665,0.4708994708994709,1.2159433070054495,0.7647058823529411,0.20388349514563106,2.82621359223301,291,1.0485436893203883,108,0.7087378640776699,73,14,3.2142857142857144,,,,,,,193,29,0.01596069143775436,3.080413447486591,0.40414507772020725,1.0715568388992387,0.75,0.1693548387096774,2.949193548387097,366,0.9354838709677419,116,1.0725806451612903,0,14,3.0714285714285716,,,,,,
2,2026,James Madison,Sun Belt,113,21,0.479539448169209,54.18795764312062,0.5398230088495575,1.3269502984625527,0.6666666666666666,0.171875,3.44375,220,1.5,96,2.859375,183,14,5.142857142857143,,,,,,,140,25,-0.27570647500344764,-38.59890650048267,0.2571428571428571,1.277789131183439,0.8571428571428571,0.22077922077922077,1.8987012987012988,146,0.4935064935064935,38,0.1038961038961039,0,11,2.090909090909091,,,,,,
2,2026,Kansas,Big 12,145,23,0.23382627411562631,33.904809746765814,0.45517241379310347,1.4481149394863586,0.625,0.08433734939759036,3.1710843373493978,263,1.0240963855421688,85,0.5903614457831325,49,15,4.4,,,,,,,128,25,0.003585457875426809,0.45893860805463155,0.3046875,1.2628360942721588,1.0,0.2714285714285714,2.0385714285714287,143,0.4714285714285714,33,0.8142857142857143,0,15,3.4,,,,,,
2,2026,Kansas State,Big 12,148,24,0.3345188267214266,49.50878635477113,0.5540540540540541,1.2937161276781035,0.8333333333333334,0.11904761904761904,3.592857142857143,302,1.5595238095238095,131,2.5476190476190474,214,16,4.75,,,,,,,113,25,-0.27600404411258456,-31.18845698472206,0.23893805309734514,1.2854751137363396,0.3333333333333333,0.31343283582089554,1.8671641791044775,125,1.0447761194029852,70,0.582089552238806,0,3,1.0,,,,,,
2,2026,Kennesaw State,Conference USA,140,25,0.1300394206984425,18.205518897781946,0.5,1.1358671054399663,0.8181818181818182,0.21212121212121213,3.1045454545454545,205,1.2878787878787878,85,1.7878787878787878,118,12,4.333333333333333,,,,,,,123,25,-0.01708887108299308,-2.101931143208149,0.34959349593495936,1.100274999432472,0.8571428571428571,0.21428571428571427,2.7257142857142855,191,1.0142857142857142,71,0.6142857142857143,0,8,3.75,,,,,,
2,2026,Kent State,Mid-American,122,22,0.04193757647859985,5.116384330389182,0.3524590163934426,1.3532133336258119,0.6,0.19696969696969696,3.1166666666666667,206,0.9242424242424242,61,1.0606060606060606,70,8,3.5,,,,,,,128,24,0.21663105578464453,27.7287751404345,0.5234375,1.1180399546611994,0.875,0.1,3.8033333333333332,228,1.3166666666666667,79,1.6166666666666667,0,13,4.769230769230769,,,,,,
2,2026,Kentucky,SEC,128,23,0.08900330499445236,11.392423039289902,0.4609375,1.1097461479075745,0.6666666666666666,0.1935483870967742,3.109677419354839,193,1.1774193548387097,73,0.5,31,9,6.111111111111111,,,,,,,130,21,0.07979912045683929,10.373885659389106,0.4461538461538462,1.1247264691002181,0.7777777777777778,0.1935483870967742,2.6016129032258064,161,0.7580645161290323,47,0.7096774193548387,0,14,3.642857142857143,,,,,,
2,2026,Liberty,Conference USA,136,24,-0.11610195104079693,-15.789865341548381,0.38235294117647056,1.2248301758367646,0.6666666666666666,0.14102564102564102,2.9346153846153844,229,1.1538461538461537,90,0.9230769230769231,72,13,1.7692307692307692,,,,,,,123,22,0.02950823087776632,3.6295123979652573,0.34959349593495936,1.3481465092740088,0.4,0.2698412698412698,2.673015873015873,168,1.0317460317460316,65,1.8571428571428572,0,11,2.6363636363636362,,,,,,
2,2026,Louisiana,Sun Belt,121,21,0.2872702915830525,34.75970528154935,0.48760330578512395,1.3131949696088556,0.8571428571428571,0.18840579710144928,3.1449275362318843,217,1.3478260869565217,93,1.6811594202898552,116,16,3.875,,,,,,,137,21,0.022736662647973974,3.1149227827724344,0.45985401459854014,1.1747564986988905,0.625,0.22058823529411764,2.8529411764705883,194,1.0882352941176472,74,0.5882352941176471,0,8,5.25,,,,,,
2,2026,Louisiana Tech,Sun Belt,116,29,0.015388137379630665,1.7850239360371571,0.3103448275862069,1.6505202743028287,1.0,0.19047619047619047,2.577777777777778,162,0.7936507936507936,50,1.2857142857142858,81,14,5.214285714285714,,,,,,,150,30,-0.11539314449611125,-17.308971674416686,0.34,1.201984888715524,0.6,0.2857142857142857,1.6488095238095237,139,0.8095238095238095,68,0.9761904761904762,0,12,3.5833333333333335,,,,,,
2,2026,Louisville,ACC,134,26,0.45132467406375376,60.47750632454301,0.5447761194029851,1.3397742698468325,0.75,0.1643835616438356,3.063013698630137,224,1.2465753424657533,91,1.9726027397260275,144,14,5.357142857142857,,,,,,,142,25,0.12277239681908461,17.433680348310016,0.3732394366197183,1.2422274876914896,0.5714285714285714,0.11764705882352941,2.5544117647058826,174,0.6029411764705882,41,0.16176470588235295,0,10,4.0,,,,,,
2,2026,LSU,SEC,182,27,0.2058175337268157,37.45879113828045,0.5,1.2978100595291884,0.625,0.15306122448979592,2.9102040816326533,285,1.3673469387755102,134,1.153061224489796,113,21,3.9047619047619047,,,,,,,106,28,-0.4640494005969776,-49.18923646327963,0.18867924528301888,0.9967369888711707,0.6666666666666666,0.2916666666666667,1.6979166666666667,82,0.5625,27,0.041666666666666664,0,6,2.8333333333333335,,,,,,
2,2026,Marshall,Sun Belt,118,25,-0.11706322616887685,-13.813460687927467,0.3644067796610169,1.035413167758098,0.6153846153846154,0.3064516129032258,2.167741935483871,134,0.6935483870967742,43,0.22580645161290322,14,10,1.4,,,,,,,144,23,0.2992968190495405,43.09874194313383,0.4722222222222222,1.1810159375430587,0.8888888888888888,0.1076923076923077,3.3246153846153845,216,0.8307692307692308,54,0.38461538461538464,0,12,4.833333333333333,,,,,,
2,2026,Maryland,Big Ten,158,25,0.3611516175193782,57.061955568061755,0.5316455696202531,1.2757908671423983,0.6428571428571429,0.17105263157894737,3.5723684210526314,272,1.486842105263158,113,1.9078947368421053,145,20,4.3,,,,,,,105,24,-0.2564575897215248,-26.928046920760107,0.26666666666666666,1.2470561585759148,0.6666666666666666,0.2962962962962963,1.4,76,0.5,27,0.2962962962962963,0,3,4.666666666666667,,,,,,
2,2026,Massachusetts,Mid-American,105,20,0.3734987579677579,39.21736958661458,0.5047619047619047,1.165695439147868,0.5454545454545454,0.18181818181818182,3.4045454545454543,225,1.4090909090909092,93,0.9393939393939394,62,13,4.153846153846154,,,,,,,134,23,-0.09025381631664471,-12.09401138643039,0.3805970149253731,1.24901703536941,0.75,0.20967741935483872,2.5709677419354837,159,0.4032258064516129,25,0.03225806451612903,0,12,0.8333333333333334,,,,,,
2,2026,Memphis,American Athletic,177,35,0.23506116352548648,41.60582594401111,0.4350282485875706,1.4482477541338634,0.7142857142857143,0.18446601941747573,3.2854368932038835,338,1.2815533980582523,132,2.6019417475728157,268,15,4.066666666666666,,,,,,,217,35,0.19264927209905205,41.8048920454943,0.4377880184331797,1.3872415249019707,0.8571428571428571,0.1308411214953271,3.4065420560747666,365,1.3177570093457944,141,2.2429906542056073,0,21,3.2857142857142856,,,,,,
2,2026,Miami,ACC,144,26,0.5489136509830088,79.04356574155327,0.625,1.3307103400736222,1.0,0.1038961038961039,4.062337662337662,313,1.6753246753246753,129,2.883116883116883,222,20,5.4,,,,,,,113,24,-0.08391526014233174,-9.482424396083486,0.3008849557522124,0.9249723221683477,0.5,0.2682926829268293,2.3,94,0.6097560975609756,25,0.4146341463414634,0,4,1.5,,,,,,
2,2026,Miami (OH),Mid-American,115,20,0.2764031655999502,31.786364043994272,0.45217391304347826,1.281499316052608,1.0,0.1896551724137931,3.1,180,1.0,58,0.5,29,8,5.625,,,,,,,123,21,0.17855367419157972,21.962101925564305,0.45528455284552843,1.2875594636535663,0.5714285714285714,0.25,2.779166666666667,133,0.8958333333333334,43,1.0625,0,9,5.0,,,,,,
2,2026,Michigan,Big Ten,106,21,0.084462587896415,8.953034317019991,0.3490566037735849,1.3193032404170044,0.7142857142857143,0.11290322580645161,2.932258064516129,182,0.8387096774193549,52,0.7419354838709677,46,9,2.6666666666666665,,,,,,,134,22,-0.08984038830589929,-12.038612032990505,0.34328358208955223,1.0126403276397398,0.6666666666666666,0.19718309859154928,2.907042253521127,206,0.8873239436619719,63,0.23943661971830985,0,10,2.2,,,,,,
2,2026,Michigan State,Big Ten,158,20,0.1426258389428377,22.534882552968355,0.45569620253164556,1.1343727534949324,0.6428571428571429,0.16666666666666666,3.2444444444444445,292,1.0444444444444445,94,0.9111111111111111,82,18,3.555555555555556,,,,,,,95,19,0.06748567520918225,6.4111391448723145,0.3684210526315789,1.3619623909144192,0.5555555555555556,0.2682926829268293,2.629268292682927,108,1.3658536585365855,56,2.2682926829268295,0,7,3.0,,,,,,
2,2026,Middle Tennessee,Conference USA,120,19,0.2627298867802216,31.527586413626587,0.4583333333333333,1.1566261463421283,0.75,0.06976744186046512,4.1069767441860465,177,1.7209302325581395,74,2.0232558139534884,87,11,4.636363636363637,,,,,,,113,22,0.11796693621389893,13.330263792170578,0.4336283185840708,1.152405043034228,0.7333333333333333,0.2,2.98,194,1.0153846153846153,66,0.7846153846153846,0,10,2.1,,,,,,
2,2026,Minnesota,Big Ten,138,19,0.12394843335841052,17.104883803460652,0.4927536231884058,1.0062979745380276,0.6428571428571429,0.25,2.2884615384615383,119,0.7692307692307693,40,0.7115384615384616,37,13,3.923076923076923,,,,,,,115,22,0.1087202792925834,12.502832118647092,0.391304347826087,1.1374772297950968,0.5454545454545454,0.2876712328767123,2.710958904109589,198,1.0821917808219177,79,0.726027397260274,0,11,4.090909090909091,,,,,,
2,2026,Mississippi State,SEC,148,22,0.5444014212608463,80.57141034660526,0.581081081081081,1.2894091808295536,0.7,0.1686746987951807,3.792771084337349,315,1.650602409638554,137,2.301204819277108,191,17,5.0588235294117645,,,,,,,136,22,-0.10046686830905559,-13.66349409003156,0.33088235294117646,1.059757060940559,0.5,0.1568627450980392,2.5823529411764707,132,0.5882352941176471,30,0.3333333333333333,0,8,2.375,,,,,,
2,2026,Missouri,SEC,153,26,0.24529734792988,37.53049423327164,0.47058823529411764,1.2251672170226928,0.7,0.17857142857142858,3.1202380952380953,262,0.9166666666666666,77,0.8095238095238095,68,20,4.5,,,,,,,121,24,-0.06393202264782849,-7.735774740387248,0.2892561983471074,1.6717351608971178,0.8,0.21666666666666667,2.3666666666666667,142,0.9666666666666667,58,1.1166666666666667,0,9,3.111111111111111,,,,,,
2,2026,Missouri State,Conference USA,120,23,0.0668812857775394,8.025754293304729,0.36666666666666664,1.3335725530755398,0.7692307692307693,0.17333333333333334,2.7746666666666666,208,0.8533333333333334,64,0.7066666666666667,53,9,4.666666666666667,,,,,,,145,23,0.19099381546614114,27.69410324259046,0.503448275862069,1.0068807445175092,0.9090909090909091,0.16455696202531644,3.469620253164557,274,1.4683544303797469,116,1.2911392405063291,0,15,4.133333333333333,,,,,,
2,2026,Navy,American Athletic,136,21,0.3197706471886218,43.488808017652566,0.5294117647058824,1.205369775240681,1.0,0.102803738317757,3.885046728971963,416,1.4766355140186915,158,2.177570093457944,233,10,5.6,,,,,,,122,21,0.14706200169209924,17.941564206436105,0.39344262295081966,1.3645400299509731,1.0,0.22807017543859648,2.6315789473684212,150,0.43859649122807015,25,0.017543859649122806,0,10,3.8,,,,,,
2,2026,NC State,ACC,122,24,0.31257295390370166,38.1339003762516,0.5245901639344263,1.215048351157467,0.8181818181818182,0.1076923076923077,3.727692307692308,242,1.2923076923076924,84,3.3384615384615386,217,11,6.0,,,,,,,122,26,0.001209137409209233,0.14751476392352642,0.38524590163934425,1.068971648909871,0.7692307692307693,0.19480519480519481,2.6246753246753247,202,0.922077922077922,71,0.5974025974025974,0,9,3.0,,,,,,
2,2026,Nebraska,Big Ten,140,21,0.5175659052512254,72.45922673517155,0.5571428571428572,1.4534374670791135,0.8333333333333334,0.136986301369863,3.8205479452054796,279,1.7397260273972603,127,2.3972602739726026,175,14,6.0,,,,,,,118,23,0.051734406750209114,6.104659996524675,0.3389830508474576,1.2549763899900523,1.0,0.14516129032258066,3.05,189,0.9193548387096774,57,0.5967741935483871,0,8,3.375,,,,,,
2,2026,Nevada,Mountain West,131,23,0.12534959810303492,16.420797351497573,0.44274809160305345,1.3284449769173483,0.7857142857142857,0.16666666666666666,3.6192307692307693,282,1.564102564102564,122,1.8974358974358974,148,12,4.083333333333333,,,,,,,149,23,0.08041411531454036,11.981703181866513,0.4429530201342282,0.9720734947656507,0.6666666666666666,0.20253164556962025,2.9873417721518987,236,0.9873417721518988,78,0.5189873417721519,0,11,3.090909090909091,,,,,,
2,2026,New Mexico,Mountain West,144,27,0.23523015869352826,33.87314285186807,0.4791666666666667,1.1024318664396167,0.9166666666666666,0.1276595744680851,3.401063829787234,320,1.2234042553191489,115,1.1702127659574468,110,19,4.894736842105263,,,,,,,105,27,-0.298944742674818,-31.389197980855894,0.22857142857142856,1.4412726077351177,0.5,0.2,1.6927272727272726,93,1.0545454545454545,58,0.45454545454545453,0,3,2.3333333333333335,,,,,,
2,2026,New Mexico State,Conference USA,201,34,0.1547919421257269,31.113180367271106,0.43781094527363185,1.4261327937630708,0.6875,0.14285714285714285,3.207692307692308,292,1.2527472527472527,114,1.032967032967033,94,15,4.133333333333333,,,,,,,202,35,0.09588152231816763,19.36806750826986,0.4158415841584158,1.162391545945404,0.8333333333333334,0.2247191011235955,2.953932584269663,263,0.9213483146067416,82,1.7415730337078652,0,18,3.944444444444444,,,,,,
2,2026,North Carolina,ACC,113,19,0.2360141771942716,26.669602022952688,0.5132743362831859,1.0323754501520834,0.6666666666666666,0.1320754716981132,3.8264150943396227,203,1.5283018867924527,81,0.5283018867924528,28,11,4.363636363636363,,,,,,,139,19,-0.12123967374772954,-16.852314650934407,0.381294964028777,0.8784887790699076,0.8333333333333334,0.13636363636363635,2.7515151515151515,182,0.5606060606060606,37,0.6060606060606061,0,10,1.3,,,,,,
2,2026,North Dakota State,Mountain West,199,30,0.1779024536014308,35.40258826668473,0.4321608040201005,1.3082108261820105,0.6923076923076923,0.1864406779661017,2.8686440677966103,339,0.9322033898305084,110,0.8135593220338984,96,19,4.2631578947368425,,,,,,,173,31,-0.1642277760509774,-28.411405256819094,0.3815028901734104,0.9781791324953276,0.7142857142857143,0.14705882352941177,2.6372549019607843,269,0.7843137254901961,80,0.23529411764705882,0,12,1.75,,,,,,
2,2026,Northern Illinois,Mountain West,124,26,-0.24021033024150523,-29.786080949946648,0.33064516129032256,0.9335639254259359,0.6,0.22807017543859648,2.3789473684210525,136,0.5789473684210527,33,0.3157894736842105,18,8,1.25,,,,,,,143,24,0.003955245944769085,0.5656001701019792,0.4125874125874126,1.150449449041141,0.5454545454545454,0.16901408450704225,3.0873239436619717,219,1.3098591549295775,93,1.7887323943661972,0,15,2.7333333333333334,,,,,,
2,2026,North Texas,American Athletic,138,22,0.1985668326897479,27.402222911185213,0.39855072463768115,1.4371934204362449,0.5,0.17567567567567569,3.0297297297297296,224,1.1756756756756757,87,0.9054054054054054,67,14,4.285714285714286,,,,,,,119,21,0.10317773513901339,12.278150481542594,0.42016806722689076,1.1068830125613625,0.75,0.15151515151515152,2.4575757575757575,162,0.6363636363636364,42,0.8939393939393939,0,11,4.0,,,,,,
2,2026,Northwestern,Big Ten,55,11,0.4796492784465596,26.380710314560776,0.509090909090909,1.4850398029259404,1.0,0.10714285714285714,3.95,111,1.75,49,3.142857142857143,88,6,4.5,,,,,,,90,12,0.08997341550625394,8.097607395562855,0.4222222222222222,1.0576414342835372,0.7777777777777778,0.13157894736842105,3.305263157894737,126,0.8947368421052632,34,0.13157894736842105,0,7,2.7142857142857144,,,,,,
2,2026,Notre Dame,FBS Independents,130,20,0.3882939958255484,50.478219457321295,0.5076923076923077,1.17940061549341,0.7272727272727273,0.07936507936507936,2.773015873015873,175,0.6031746031746031,38,0.36507936507936506,23,15,5.266666666666667,,,,,,,108,21,-0.16198578807048677,-17.494465111612573,0.3055555555555556,1.3646248574810422,0.6666666666666666,0.22580645161290322,2.1016129032258064,130,0.5,31,0.24193548387096775,0,10,0.6,,,,,,
2,2026,Ohio,Mid-American,134,21,0.0822707766879752,11.024284076188676,0.3805970149253731,1.1226937199416582,0.9090909090909091,0.10666666666666667,3.292,247,0.92,69,0.28,21,9,4.111111111111111,,,,,,,145,21,0.36436680016988715,52.83318602463363,0.496551724137931,1.3428370013336863,0.8333333333333334,0.21176470588235294,3.14,267,1.3058823529411765,111,1.0352941176470587,0,10,5.9,,,,,,
2,2026,Ohio State,Big Ten,137,23,0.3799475988897337,52.05282104789352,0.48175182481751827,1.406900457467487,0.7142857142857143,0.1935483870967742,3.117741935483871,193,1.0483870967741935,65,1.8548387096774195,115,14,4.142857142857143,,,,,,,140,24,-0.11224775449000869,-15.714685628601217,0.36428571428571427,1.0975764910784693,0.7272727272727273,0.20967741935483872,2.361290322580645,146,1.0806451612903225,67,0.22580645161290322,0,7,3.857142857142857,,,,,,
2,2026,Oklahoma,SEC,124,22,0.11560508684686054,14.335030769010707,0.45161290322580644,1.096833600472846,0.5714285714285714,0.23076923076923078,3.0553846153846154,199,1.2,78,0.7076923076923077,46,11,4.2727272727272725,,,,,,,117,24,-0.2290988755324868,-26.804568437300954,0.3076923076923077,1.248361147173218,0.5,0.20833333333333334,2.1333333333333333,154,0.7777777777777778,56,1.277777777777778,0,12,1.4166666666666667,,,,,,
2,2026,Oklahoma State,Big 12,175,27,-0.12053919550078301,-21.094359212637027,0.4,1.0288023416112881,0.5333333333333333,0.18421052631578946,2.876315789473684,219,1.0263157894736843,78,1.2763157894736843,97,14,2.5714285714285716,,,,,,,119,25,0.047945696014948504,5.705537825778872,0.36134453781512604,1.3328402867977789,1.0,0.15,2.945,177,0.9333333333333333,56,0.4666666666666667,0,13,3.6923076923076925,,,,,,
2,2026,Old Dominion,Sun Belt,106,24,0.033284008907971056,3.5281049442449324,0.37735849056603776,1.4024901016608096,0.3333333333333333,0.3181818181818182,1.4106060606060606,93,1.3636363636363635,90,1.9848484848484849,131,13,3.3846153846153846,,,,,,,150,22,0.012050977817025516,1.8076466725538274,0.32666666666666666,1.3623687429640408,0.5,0.2857142857142857,2.18961038961039,169,0.7532467532467533,58,1.051948051948052,0,13,3.6153846153846154,,,,,,
2,2026,Ole Miss,SEC,140,23,0.27685803767549483,38.760125274569276,0.5428571428571428,1.142013776353691,0.75,0.1875,3.0375,194,1.0625,68,0.5625,36,14,5.357142857142857,,,,,,,129,23,0.1378585757061767,17.7837562660968,0.40310077519379844,1.2762019335670447,0.6,0.29411764705882354,2.3205882352941174,158,0.8970588235294118,61,1.6617647058823528,0,12,3.25,,,,,,
2,2026,Oregon,Big Ten,125,26,0.04942821790272396,6.178527237840496,0.384,1.566587410092808,0.8333333333333334,0.13725490196078433,3.2,163,1.0,51,0.7647058823529411,39,16,3.625,,,,,,,154,28,0.0018153496237937375,0.27956384206423557,0.4025974025974026,1.0896122279284166,0.7,0.136986301369863,2.9383561643835616,215,0.7534246575342466,55,1.178082191780822,0,16,3.3125,,,,,,
2,2026,Oregon State,Pac-12,145,26,0.11079361771673002,16.06507456892585,0.35172413793103446,1.634882929376421,0.6,0.07894736842105263,2.8578947368421055,109,0.47368421052631576,18,0.2631578947368421,10,11,3.4545454545454546,,,,,,,151,25,0.23748105503617364,35.85963931046222,0.4503311258278146,1.2130965561953597,0.8333333333333334,0.15853658536585366,3.0609756097560976,251,0.975609756097561,80,1.2682926829268293,0,15,4.133333333333333,,,,,,
2,2026,Penn State,Big Ten,138,21,0.32221678334579124,44.46591610171919,0.4782608695652174,1.2465262995318598,0.7692307692307693,0.1125,2.545,204,0.8375,67,0.1625,13,16,4.0625,,,,,,,113,21,-0.13508491768137434,-15.264595697995299,0.35398230088495575,1.037253531298312,0.6666666666666666,0.30357142857142855,2.2589285714285716,127,0.7142857142857143,40,1.0357142857142858,0,5,2.0,,,,,,
2,2026,Pittsburgh,ACC,149,24,0.19784428951403915,29.478799137591835,0.4563758389261745,1.2308974355864892,0.5833333333333334,0.22535211267605634,2.636619718309859,187,0.7464788732394366,53,0.704225352112676,50,14,3.4285714285714284,,,,,,,113,24,-0.08140237778178047,-9.198468689341194,0.3008849557522124,1.4902418071661208,0.6666666666666666,0.23684210526315788,1.2605263157894737,48,0.7631578947368421,29,0.34210526315789475,0,5,2.8,,,,,,
2,2026,Purdue,Big Ten,158,20,0.3108941299854006,49.1212725376933,0.5,1.1304623389649444,0.8,0.16,3.1826666666666665,239,0.9733333333333334,73,0.6933333333333334,52,18,3.1666666666666665,,,,,,,117,19,0.2136557537252784,24.997723185857573,0.4188034188034188,1.51055182193848,0.625,0.21666666666666667,2.5716666666666668,154,1.0833333333333333,65,1.2833333333333332,0,9,4.0,,,,,,
2,2026,Rice,American Athletic,129,21,0.003926867075844833,0.5065658527839835,0.4186046511627907,1.061196296851244,0.6666666666666666,0.1262135922330097,3.3864077669902914,349,1.2427184466019416,128,1.1262135922330097,116,8,3.875,,,,,,,126,19,0.0841271372543652,10.600019294050016,0.4365079365079365,1.2114703432849558,0.6,0.15384615384615385,2.7953846153846156,182,0.7538461538461538,49,0.9230769230769231,0,14,3.4285714285714284,,,,,,
2,2026,Rutgers,Big Ten,131,23,-0.05291693840878024,-6.932118931550212,0.40458015267175573,1.469779676521196,0.38461538461538464,0.23728813559322035,2.716949152542373,160,0.7796610169491526,46,0.4576271186440678,27,11,2.5454545454545454,,,,,,,129,24,0.1558907367674346,20.10990504299906,0.4418604651162791,1.1203976295300062,0.75,0.18309859154929578,3.1633802816901406,225,1.408450704225352,100,0.8169014084507042,0,14,4.071428571428571,,,,,,
2,2026,Sacramento State,Mid-American,203,39,-0.013486306162425995,-2.7377201509724767,0.4088669950738916,1.1057548738363008,0.7222222222222222,0.2857142857142857,2.4824175824175825,226,1.0769230769230769,98,0.978021978021978,89,18,3.2222222222222223,,,,,,,188,39,0.09923423696013305,18.656036548505014,0.3723404255319149,1.3377447707118555,0.5833333333333334,0.1978021978021978,2.601098901098901,237,0.7912087912087912,72,1.4175824175824177,0,17,3.6470588235294117,,,,,,
2,2026,Sam Houston,Conference USA,135,23,0.06792769200348772,9.170238420470842,0.45185185185185184,1.1803148453958008,0.5555555555555556,0.2608695652173913,2.0978260869565215,97,0.7391304347826086,34,0.45652173913043476,21,10,3.1,,,,,,,143,25,0.08012982147440162,11.458564470839432,0.32867132867132864,1.5889012766547106,0.8,0.22972972972972974,2.918918918918919,216,1.2837837837837838,95,2.364864864864865,0,13,2.6153846153846154,,,,,,
2,2026,San Diego State,Pac-12,121,23,-0.04136513425762041,-5.00518124517207,0.3884297520661157,0.9233051483900415,0.6428571428571429,0.22666666666666666,3.1093333333333333,233,1.1866666666666668,89,1.0666666666666667,80,12,4.583333333333333,,,,,,,148,26,0.007128891353500146,1.0550759203180216,0.42567567567567566,0.9192161403297917,0.9,0.09859154929577464,3.511267605633803,249,0.8450704225352113,60,0.6197183098591549,0,14,3.4285714285714284,,,,,,
2,2026,San José State,Mountain West,213,37,0.16404115607775288,34.94076624456137,0.41784037558685444,1.2548924396738512,0.7142857142857143,0.19607843137254902,3.226470588235294,329,1.392156862745098,142,0.7352941176470589,75,21,3.5238095238095237,,,,,,,218,36,0.07569306543146938,16.501088264060325,0.47706422018348627,0.9896230258720575,0.9,0.12643678160919541,3.1528735632183906,274,1.0804597701149425,94,0.6666666666666666,0,21,3.6666666666666665,,,,,,
2,2026,SMU,ACC,122,24,0.4587713273473277,55.97010193637397,0.5573770491803278,1.4281739344272317,0.3333333333333333,0.18867924528301888,2.9660377358490564,157,0.9433962264150944,50,1.150943396226415,61,14,3.9285714285714284,,,,,,,131,26,-0.08462204776416807,-11.085488257106018,0.3282442748091603,1.2842625511359242,0.25,0.203125,2.9375,188,1.0,64,1.0625,0,10,3.4,,,,,,
2,2026,South Alabama,Sun Belt,162,21,0.16853103853805293,27.302028243164575,0.4382716049382716,1.2176774412969205,0.7857142857142857,0.13541666666666666,3.31875,319,1.15625,111,0.5625,54,13,4.153846153846154,,,,,,,89,20,0.1632686372144404,14.530908712085196,0.38202247191011235,1.780175832903859,0.42857142857142855,0.3111111111111111,1.8,81,1.0444444444444445,47,3.488888888888889,0,10,3.3,,,,,,
2,2026,South Carolina,SEC,142,22,0.438343965195304,62.24484305773317,0.5915492957746479,1.2175363639723062,0.8333333333333334,0.0759493670886076,4.2025316455696204,332,1.6962025316455696,134,3.620253164556962,286,15,4.866666666666667,,,,,,,115,24,-0.09124290900659039,-10.492934535757895,0.26956521739130435,1.4126566341430444,0.4,0.24489795918367346,2.0918367346938775,103,0.3877551020408163,19,0.5918367346938775,0,5,3.4,,,,,,
2,2026,Southern Miss,Sun Belt,145,23,0.10776425003214611,15.625816254661185,0.4896551724137931,1.006474011399464,0.8125,0.07692307692307693,3.7,289,1.141025641025641,89,0.4230769230769231,33,9,6.222222222222222,,,,,,,146,24,0.06083959260013439,8.882580519619621,0.3904109589041096,1.2299504868649154,0.7142857142857143,0.20238095238095238,3.2,269,1.2857142857142858,108,1.2619047619047619,0,11,3.3636363636363638,,,,,,
2,2026,South Florida,American Athletic,114,19,0.140587628627423,16.026989663526223,0.47368421052631576,1.0043796944285208,0.8571428571428571,0.22580645161290322,2.629032258064516,163,1.096774193548387,68,0.45161290322580644,28,10,4.7,,,,,,,140,19,-0.005883454988759246,-0.8236836984262944,0.44285714285714284,0.8079743699415228,0.7272727272727273,0.18666666666666668,3.0453333333333332,228,0.9333333333333333,70,0.5333333333333333,0,8,4.25,,,,,,
2,2026,Stanford,ACC,139,24,0.16528711647074237,22.974909189433188,0.39568345323741005,1.1457214486158334,0.8571428571428571,0.1694915254237288,2.886440677966102,170,0.8135593220338984,48,0.864406779661017,51,11,3.090909090909091,,,,,,,145,25,0.24458484935107738,35.464803155906225,0.4482758620689655,1.3156744634857456,1.0,0.1509433962264151,2.922641509433962,155,0.9056603773584906,48,0.5849056603773585,0,12,6.083333333333333,,,,,,
2,2026,Syracuse,ACC,165,26,0.09061803486807517,14.951975753232402,0.41818181818181815,1.3627569146430043,0.9285714285714286,0.1780821917808219,2.9397260273972603,215,1.2876712328767124,94,1.5068493150684932,110,19,4.157894736842105,,,,,,,123,26,-0.25379058887179007,-31.216242431230178,0.3089430894308943,1.00832564007365,0.75,0.2727272727272727,1.8909090909090909,104,0.6727272727272727,37,1.0181818181818183,0,9,1.8888888888888888,,,,,,
2,2026,TCU,Big 12,143,24,0.27208954739075486,38.90880527687794,0.5104895104895105,1.1928228045964784,0.8181818181818182,0.1388888888888889,3.498611111111111,252,1.4166666666666667,102,1.6111111111111112,116,15,3.933333333333333,,,,,,,112,24,-0.1211075290029854,-13.564043248334364,0.3392857142857143,0.9668444329735346,0.0,0.24528301886792453,2.3358490566037737,124,0.6792452830188679,36,0.018867924528301886,0,8,2.5,,,,,,
2,2026,Temple,American Athletic,121,19,0.13071739838321295,15.816805204368766,0.4380165289256198,1.1366621926292704,0.8333333333333334,0.2,3.041333333333333,228,1.0933333333333333,82,1.72,129,9,3.7777777777777777,,,,,,,126,21,0.08897436292663265,11.210769728755713,0.4126984126984127,1.1673451255258795,0.7272727272727273,0.171875,2.05,131,1.0625,68,0.40625,0,13,3.1538461538461537,,,,,,
2,2026,Tennessee,SEC,143,24,0.36633065914131246,52.38528425720769,0.5104895104895105,1.3176765686521934,0.8181818181818182,0.12222222222222222,3.716666666666667,335,1.511111111111111,136,2.3222222222222224,209,14,6.214285714285714,,,,,,,132,25,-0.133299706225414,-17.59556122175465,0.36363636363636365,1.0633150711559853,0.6,0.17857142857142858,3.5125,197,1.4821428571428572,83,1.5178571428571428,0,12,2.25,,,,,,
2,2026,Texas,SEC,148,20,0.2502956329255999,37.043753672988785,0.49324324324324326,1.2917938180626174,0.75,0.21333333333333335,2.7826666666666666,209,1.1466666666666667,86,0.7733333333333333,58,13,5.846153846153846,,,,,,,137,22,0.050000138355594574,6.8500189547164565,0.40145985401459855,1.2231481170189105,0.625,0.20588235294117646,2.738235294117647,186,0.9558823529411765,65,1.3823529411764706,0,13,2.3076923076923075,,,,,,
2,2026,Texas A&M,SEC,151,25,0.20301539114565498,30.655324062993902,0.4966887417218543,1.0605418819511832,1.0,0.14814814814814814,3.208641975308642,260,1.1851851851851851,96,1.0740740740740742,87,17,4.823529411764706,,,,,,,105,25,-0.36707368492015235,-38.542736916616,0.2761904761904762,1.1434497655113145,0.5,0.25,2.2442307692307693,117,0.6923076923076923,36,0.34615384615384615,0,6,1.0,,,,,,
2,2026,Texas State,Pac-12,153,23,0.07133416604981976,10.914127405622423,0.4444444444444444,1.0653942023826526,0.7142857142857143,0.1348314606741573,3.2168539325842698,286,1.0,89,1.9325842696629214,172,12,2.8333333333333335,,,,,,,144,20,0.34083552826692753,49.08031607043757,0.4791666666666667,1.3393729023888385,0.7,0.24242424242424243,2.6712121212121214,176,0.8939393939393939,59,1.2575757575757576,0,15,5.066666666666666,,,,,,
2,2026,Texas Tech,Big 12,151,25,0.23603314073143525,35.64100425044672,0.4503311258278146,1.1224683496118188,0.7857142857142857,0.16049382716049382,3.0641975308641975,248,0.8518518518518519,69,0.5679012345679012,46,14,4.357142857142857,,,,,,,134,24,-0.011894466726235649,-1.593858541315577,0.2835820895522388,1.7023564913908251,0.6666666666666666,0.16279069767441862,2.858139534883721,123,0.7674418604651163,33,0.4883720930232558,0,10,2.0,,,,,,
2,2026,Toledo,Mid-American,118,23,0.23924590646230187,28.23101696255162,0.3898305084745763,1.8495923322833918,0.5,0.2698412698412698,2.6333333333333333,166,1.0793650793650793,68,2.142857142857143,135,12,5.25,,,,,,,147,25,-0.13157169724172987,-19.34103949453429,0.29931972789115646,1.159274640459017,0.3333333333333333,0.22535211267605634,2.5422535211267605,181,0.7887323943661971,56,0.5070422535211268,0,13,1.9230769230769231,,,,,,
2,2026,Troy,Sun Belt,139,27,0.18322326119528756,25.46803330614497,0.3669064748201439,1.5275409306952863,0.45454545454545453,0.23376623376623376,2.918181818181818,225,1.1948051948051948,92,1.8311688311688312,141,14,3.642857142857143,,,,,,,131,25,-0.07309036672333533,-9.574838040756928,0.366412213740458,1.258450956311019,0.6666666666666666,0.35185185185185186,1.4537037037037037,79,0.7407407407407407,40,1.2407407407407407,0,10,3.8,,,,,,
2,2026,Tulane,American Athletic,107,22,0.10564017788046957,11.303499033210244,0.3364485981308411,1.4986254812812285,0.75,0.23076923076923078,2.4134615384615383,126,0.7115384615384616,37,3.2884615384615383,171,9,2.6666666666666665,,,,,,,152,23,0.06011898109867321,9.138085126998329,0.375,1.2544088524193848,0.8333333333333334,0.1590909090909091,3.1545454545454543,278,1.1818181818181819,104,1.0340909090909092,0,13,2.6153846153846154,,,,,,
2,2026,Tulsa,American Athletic,132,23,0.0855581218000294,11.293672077603881,0.36363636363636365,1.304618216522995,1.0,0.16176470588235295,2.988235294117647,203,1.0441176470588236,71,2.088235294117647,142,14,2.4285714285714284,,,,,,,153,23,-0.08812009797204856,-13.482374989723429,0.39215686274509803,1.018737931677684,0.5384615384615384,0.1935483870967742,2.6048387096774195,162,0.8225806451612904,51,0.22580645161290322,0,10,2.0,,,,,,
2,2026,UAB,American Athletic,148,17,0.12517964609053203,18.526587621398743,0.46621621621621623,1.126405942245425,0.8333333333333334,0.13829787234042554,3.4340425531914893,323,1.053191489361702,99,0.5106382978723404,48,12,2.9166666666666665,,,,,,,107,18,0.08329417434843475,8.912476655282518,0.4953271028037383,1.0527084819556491,0.5454545454545454,0.15151515151515152,3.3515151515151516,221,1.1818181818181819,78,1.2272727272727273,0,11,4.363636363636363,,,,,,
2,2026,UCF,Big 12,116,25,0.1461303427358404,16.95111975735749,0.43103448275862066,1.4198403210291637,0.6,0.16071428571428573,3.0107142857142857,169,1.7142857142857142,96,3.0892857142857144,173,13,5.076923076923077,,,,,,,134,27,-0.099013594878991,-13.267821713784794,0.291044776119403,1.1114470879006333,0.6666666666666666,0.27848101265822783,2.062025316455696,163,0.6835443037974683,54,0.2911392405063291,0,10,1.7,,,,,,
2,2026,UCLA,Big Ten,120,26,0.24142107117552244,28.970528541062695,0.49166666666666664,1.1737632639003537,1.0,0.07042253521126761,4.164788732394366,296,1.4366197183098592,102,2.1267605633802815,151,15,4.4,,,,,,,146,25,-0.1287180100332439,-18.79282946485361,0.3219178082191781,1.2133801014622048,0.8333333333333334,0.21621621621621623,2.8027027027027027,207,0.9864864864864865,73,0.22972972972972974,0,9,3.7777777777777777,,,,,,
2,2026,UConn,FBS Independents,127,25,0.2841507501072622,36.087145263622304,0.4251968503937008,1.549718549984598,0.6666666666666666,0.20588235294117646,2.8779411764705882,196,1.2352941176470589,84,1.7205882352941175,117,11,5.090909090909091,,,,,,,151,25,0.04680402776093564,7.067408191901282,0.37748344370860926,1.1704590494412488,0.5454545454545454,0.21875,2.5328125,162,0.6875,44,0.1875,0,12,3.1666666666666665,,,,,,
2,2026,UL Monroe,Sun Belt,134,23,-0.12741408575265062,-17.073487490855182,0.3656716417910448,0.8989095633271335,0.45454545454545453,0.10256410256410256,3.2371794871794872,253,1.0512820512820513,82,0.5641025641025641,44,11,3.0,,,,,,,148,22,0.39148276802261345,57.939449667346786,0.5472972972972973,1.2758591261242123,0.9090909090909091,0.1411764705882353,3.8341176470588234,326,1.4941176470588236,127,2.023529411764706,0,15,4.466666666666667,,,,,,
2,2026,UNLV,Mountain West,218,37,-0.05248930944528065,-11.442669459071181,0.3532110091743119,1.1623632231536607,0.6875,0.1504424778761062,3.023008849557522,342,1.0884955752212389,123,1.5132743362831858,171,15,2.7333333333333334,,,,,,,206,35,0.14710564000270926,30.303761840558106,0.41262135922330095,1.1832290095991715,0.7777777777777778,0.15151515151515152,3.576767676767677,354,1.4646464646464645,145,1.2323232323232323,0,17,4.117647058823529,,,,,,
2,2026,USC,Big Ten,221,30,0.3050545251396018,67.417050055852,0.5701357466063348,1.097506176595752,0.7894736842105263,0.17796610169491525,3.2491525423728813,383,1.2627118644067796,149,0.5254237288135594,62,22,5.090909090909091,,,,,,,155,30,0.08308021234347392,12.877432913238458,0.36774193548387096,1.3280287170782532,0.75,0.22077922077922077,2.433766233766234,187,0.9090909090909091,70,0.922077922077922,0,15,3.2,,,,,,
2,2026,Utah,Big 12,140,24,0.4085654273644835,57.199159831027686,0.5428571428571428,1.3590442825949345,0.7272727272727273,0.17073170731707318,3.8182926829268293,313,1.5853658536585367,130,1.3902439024390243,114,18,6.0,,,,,,,141,24,-0.018014907820374293,-2.5401020026727754,0.3262411347517731,1.4369604703869312,0.8,0.16666666666666666,2.598148148148148,140,0.7962962962962963,43,0.5555555555555556,0,9,2.6666666666666665,,,,,,
2,2026,Utah State,Pac-12,147,24,-0.125510359104815,-18.450022788407804,0.38095238095238093,1.3459850217275187,0.16666666666666666,0.2753623188405797,2.9695652173913043,205,1.1594202898550725,80,0.5942028985507246,41,10,2.4,,,,,,,142,25,0.03298395912116417,4.683722195205312,0.3873239436619718,0.9975056067009984,0.6363636363636364,0.22033898305084745,2.4067796610169494,142,0.7288135593220338,43,0.7966101694915254,0,13,3.4615384615384617,,,,,,
2,2026,UTEP,Mountain West,114,25,-0.13494344677365602,-15.383552932196789,0.4298245614035088,1.1795692615247384,0.4,0.2537313432835821,2.6373134328358208,177,1.3432835820895521,90,2.626865671641791,176,11,2.1818181818181817,,,,,,,124,24,0.17973647983784447,22.287323499892715,0.4112903225806452,1.21273847936996,0.5833333333333334,0.26666666666666666,2.614666666666667,196,0.96,72,0.5333333333333333,0,12,3.9166666666666665,,,,,,
2,2026,UTSA,American Athletic,134,23,0.34100860148757944,45.69515259933564,0.5373134328358209,1.0961411603228002,0.8,0.15,3.28,197,0.9666666666666667,58,2.45,147,11,3.7272727272727275,,,,,,,162,25,-0.012230816535119541,-1.9813922786893656,0.42592592592592593,1.0332895004531055,0.5,0.12048192771084337,3.455421686746988,287,0.9879518072289156,82,1.6746987951807228,0,14,3.0714285714285716,,,,,,
2,2026,Vanderbilt,SEC,135,22,0.0770759026769088,10.405246861382688,0.4222222222222222,1.0785680522088028,0.875,0.1506849315068493,2.9712328767123286,217,0.9452054794520548,69,0.5616438356164384,41,13,3.1538461538461537,,,,,,,116,23,-0.1188975264171307,-13.792113064387161,0.3275862068965517,1.3261548666811334,0.7777777777777778,0.24,2.43,122,1.22,61,1.18,0,8,2.875,,,,,,
2,2026,Virginia,ACC,135,24,0.33633601159564497,45.40536156541207,0.5407407407407407,1.133641635334511,0.8666666666666667,0.16129032258064516,3.4172043010752686,318,1.4086021505376345,131,1.1505376344086022,107,16,4.9375,,,,,,,117,25,-0.3674973969331185,-42.99719544117486,0.3162393162393162,0.6429044390651262,0.7142857142857143,0.21568627450980393,2.4823529411764707,127,0.5294117647058824,27,0.09803921568627451,0,6,0.5,,,,,,
2,2026,Virginia Tech,ACC,163,25,0.3246569715301723,52.91908635941809,0.49693251533742333,1.2420419780551708,0.7,0.175,3.12625,250,1.225,98,1.0125,81,17,5.235294117647059,,,,,,,106,27,-0.25480730614335934,-27.00957445119609,0.19811320754716982,1.6993340374331178,0.3333333333333333,0.5230769230769231,-0.40615384615384614,-26,0.6153846153846154,40,1.4307692307692308,0,12,1.3333333333333333,,,,,,
2,2026,Wake Forest,ACC,137,20,0.41684734285405456,57.10808597100547,0.4744525547445255,1.3477531823845286,0.6666666666666666,0.14084507042253522,3.1169014084507043,221,1.1126760563380282,79,1.6619718309859155,118,12,4.416666666666667,,,,,,,154,21,0.14714322533493113,22.660056701579396,0.5,0.9222951986550347,0.6,0.22857142857142856,2.857142857142857,200,0.9857142857142858,69,0.7857142857142857,0,11,3.3636363636363638,,,,,,
2,2026,Washington,Big Ten,141,24,0.03838453371429715,5.412219253715898,0.4397163120567376,0.994167021990533,0.5714285714285714,0.2542372881355932,2.6491525423728812,156,0.8983050847457628,53,0.847457627118644,50,15,2.6666666666666665,,,,,,,115,23,-0.19702204908338372,-22.657535644589128,0.3130434782608696,1.346076863245751,0.0,0.37037037037037035,2.509259259259259,136,1.0740740740740742,58,0.5925925925925926,0,6,2.8333333333333335,,,,,,
2,2026,Washington State,Pac-12,109,22,-0.22040022832758283,-24.023624887706525,0.28440366972477066,1.0891204891875985,0.0,0.23214285714285715,2.7767857142857144,156,1.1785714285714286,66,0.5357142857142857,30,6,1.6666666666666667,,,,,,,140,24,0.09300014352116284,13.020020092962797,0.4642857142857143,1.226918406593459,0.6,0.17647058823529413,3.1205882352941177,212,1.2941176470588236,88,2.176470588235294,0,17,2.588235294117647,,,,,,
2,2026,Western Kentucky,Conference USA,158,28,-0.06666970271123328,-10.533813028374858,0.36075949367088606,1.1031430607162847,0.6,0.2236842105263158,2.7289473684210526,207,0.868421052631579,66,0.6710526315789473,51,10,3.5,,,,,,,121,27,0.5273760342953311,63.812500149735065,0.5041322314049587,1.6223388487633628,0.9,0.17105263157894737,3.5907894736842105,273,1.3421052631578947,102,2.75,0,14,6.0,,,,,,
2,2026,Western Michigan,Mid-American,128,24,0.17981530059349746,23.016358475967674,0.3984375,1.2124813230554417,0.7272727272727273,0.16,2.8666666666666667,215,0.8933333333333333,67,0.38666666666666666,29,14,4.357142857142857,,,,,,,140,22,-0.020098411711851217,-2.8137776396591705,0.45,0.96082370279726,0.6875,0.14925373134328357,2.962686567164179,199,0.8208955223880597,55,0.19402985074626866,0,8,2.625,,,,,,
2,2026,West Virginia,Big 12,140,26,0.2732145325843711,38.25003456181196,0.4785714285714286,1.1936925918671564,0.8461538461538461,0.12612612612612611,3.1585585585585587,351,0.9279279279279279,103,1.7477477477477477,194,14,3.9285714285714284,,,,,,,138,24,-0.036148900779465545,-4.988548307566245,0.41304347826086957,1.207286883972729,0.5714285714285714,0.3,2.3,138,1.05,63,1.25,0,11,2.1818181818181817,,,,,,
2,2026,Wisconsin,Big Ten,117,20,0.09728455785954927,11.382293269567265,0.38461538461538464,1.4262012820270968,0.625,0.16666666666666666,2.8733333333333335,172,0.7666666666666667,46,1.7333333333333334,104,14,2.0714285714285716,,,,,,,127,20,0.14164879253112636,17.98939665145305,0.41732283464566927,0.9995894298541818,0.75,0.07142857142857142,3.0585714285714287,214,0.7428571428571429,52,0.44285714285714284,0,10,4.3,,,,,,
2,2026,Wyoming,Mountain West,117,23,-0.002827735068849334,-0.33084500305537207,0.4188034188034188,0.8959098386901093,1.0,0.1791044776119403,3.2388059701492535,217,1.2537313432835822,84,0.6865671641791045,46,11,3.090909090909091,,,,,,,130,22,0.06489075558866486,8.435798226526432,0.4230769230769231,1.172048736832227,1.0,0.18181818181818182,2.793939393939394,184,1.1060606060606062,73,1.121212121212121,0,12,2.8333333333333335,,,,,,
3,2026,Air Force,Mountain West,147,19,0.3168724868895267,46.58025557276042,0.5238095238095238,0.9836879949098817,1.0,0.05785123966942149,4.0239669421487605,487,1.2727272727272727,154,0.4380165289256198,53,12,5.166666666666667,,,,,,,106,20,-0.07900441286649691,-8.374467763848674,0.3113207547169811,1.5288427794559412,0.8,0.22807017543859648,2.526315789473684,144,0.8245614035087719,47,0.631578947368421,0,6,4.0,,,,,,
3,2026,Akron,Mid-American,201,35,0.07605377732040262,15.286809241400926,0.4626865671641791,0.9642795436287743,0.75,0.1511627906976744,3.58953488372093,309,1.569767441860465,135,0.8837209302325582,76,14,4.928571428571429,,,,,,,183,36,0.18063919809281123,33.056973250984456,0.4098360655737705,1.3769336394286464,0.7142857142857143,0.23809523809523808,2.4976190476190476,210,0.8452380952380952,71,1.7380952380952381,0,17,3.9411764705882355,,,,,,
3,2026,Alabama,SEC,210,35,0.27693741394471405,58.156856928389956,0.5,1.211557126093941,0.7857142857142857,0.2,3.1525,378,1.25,150,1.4833333333333334,178,23,5.0,,,,,,,174,36,-0.11283151637951394,-19.632683850035427,0.3333333333333333,1.4762735016109303,0.5,0.2625,1.7125,137,0.6625,53,0.2625,0,12,4.583333333333333,,,,,,
3,2026,App State,Sun Belt,225,35,0.2785529402721717,62.674411561238635,0.48,1.3105648913066963,0.6923076923076923,0.23008849557522124,2.6008849557522122,294,1.1150442477876106,126,1.2212389380530972,138,29,3.5172413793103448,,,,,,,193,35,0.0024673265621209164,0.47619402648933684,0.37823834196891193,1.1547520965544027,0.75,0.24705882352941178,2.2905882352941176,195,0.8,68,0.7411764705882353,0,15,2.7333333333333334,,,,,,
3,2026,Arizona,Big 12,204,32,0.23010980308251813,46.9423998288337,0.5196078431372549,1.1195587301403327,0.8666666666666667,0.11904761904761904,3.572619047619048,300,1.4404761904761905,121,1.2738095238095237,107,19,4.578947368421052,,,,,,,179,31,0.03608100695228327,6.458500244458706,0.36312849162011174,1.3955765830928069,1.0,0.22388059701492538,2.816417910447761,189,1.0597014925373134,71,0.6417910447761194,0,13,2.923076923076923,,,,,,
3,2026,Arizona State,Big 12,202,40,0.05815854025441106,11.748025131391035,0.4158415841584158,1.3964621633387664,0.7777777777777778,0.19811320754716982,2.689622641509434,285,1.1037735849056605,117,1.3867924528301887,147,20,3.6,,,,,,,189,39,0.022551746319826826,4.26228005444727,0.37037037037037035,1.1790414583455835,0.6363636363636364,0.14893617021276595,2.907446808510638,273,0.8936170212765957,84,0.6276595744680851,0,19,2.6842105263157894,,,,,,
3,2026,Arkansas,SEC,226,34,0.0383022155982356,8.656300725201246,0.4247787610619469,1.1062539239793385,0.8,0.17045454545454544,2.481818181818182,218,0.6477272727272727,57,0.125,11,18,3.2222222222222223,,,,,,,174,35,0.2285549209831052,39.7685562510603,0.4540229885057471,1.228750709383848,0.8571428571428571,0.18478260869565216,3.1630434782608696,291,1.2717391304347827,117,1.1956521739130435,0,18,5.611111111111111,,,,,,
3,2026,Arkansas State,Sun Belt,174,31,0.1200357682754458,20.88622367992757,0.4885057471264368,1.1593313158849803,0.7368421052631579,0.12903225806451613,3.49247311827957,325,1.2473118279569892,116,1.3548387096774195,126,16,3.875,,,,,,,190,34,0.19418746105410742,36.89561760028041,0.4473684210526316,1.3599380152475555,0.7692307692307693,0.13761467889908258,3.210091743119266,350,1.0275229357798166,112,1.7798165137614679,0,18,3.2777777777777777,,,,,,
3,2026,Army,American Athletic,136,21,0.4233058887319205,57.56960086754118,0.5882352941176471,1.023133708359731,0.9090909090909091,0.10185185185185185,4.018518518518518,434,1.5833333333333333,171,2.388888888888889,258,15,5.066666666666666,,,,,,,110,21,0.11239304090960231,12.363234500056254,0.41818181818181815,1.1406168896883957,0.8,0.2222222222222222,2.7444444444444445,148,1.0185185185185186,55,0.5740740740740741,0,7,4.428571428571429,,,,,,
3,2026,Auburn,SEC,227,35,0.14439366000583173,32.7773608213238,0.44933920704845814,1.2561727910422085,0.8333333333333334,0.14814814814814814,3.4611111111111112,374,1.25,135,1.5185185185185186,164,22,4.045454545454546,,,,,,,238,35,0.036277177538643804,8.633968254197224,0.37815126050420167,1.2569499493104435,0.7142857142857143,0.18421052631578946,2.517543859649123,287,0.5614035087719298,64,0.7192982456140351,0,16,3.8125,,,,,,
3,2026,Ball State,Mid-American,190,37,0.04401645573720784,8.36312659006949,0.35789473684210527,1.3049537714333181,0.8571428571428571,0.19540229885057472,2.7045977011494253,235,1.206896551724138,105,2.2413793103448274,195,14,3.142857142857143,,,,,,,202,34,0.36859089293424857,74.4553603727182,0.4900990099009901,1.4124383797790196,0.7857142857142857,0.16494845360824742,3.2577319587628866,316,1.1855670103092784,115,2.7216494845360826,0,16,6.0625,,,,,,
3,2026,Baylor,Big 12,255,40,0.14010923976080134,35.727856139004345,0.41568627450980394,1.303217874476822,0.6666666666666666,0.14285714285714285,3.0753968253968256,388,0.8571428571428571,108,0.5555555555555556,70,19,3.789473684210526,,,,,,,208,38,-0.1002542158990048,-20.852876906992996,0.3076923076923077,1.2408576509914997,0.4444444444444444,0.27472527472527475,2.4703296703296704,225,0.7912087912087912,72,0.6483516483516484,0,19,1.7894736842105263,,,,,,
3,2026,Boise State,Pac-12,223,35,0.2779730706109856,61.98799474624979,0.49327354260089684,1.1621191163478115,0.7857142857142857,0.11904761904761904,3.7214285714285715,469,1.1428571428571428,144,1.753968253968254,221,21,4.238095238095238,,,,,,,167,37,0.07638211783256225,12.755813678037896,0.3473053892215569,1.8928305840697792,0.6666666666666666,0.29850746268656714,2.2388059701492535,150,0.7910447761194029,53,1.835820895522388,0,20,2.85,,,,,,
3,2026,Boston College,ACC,198,35,-0.03839113335176762,-7.60144440364999,0.398989898989899,1.1767920214347363,0.8,0.2403846153846154,2.9269230769230767,304,1.3269230769230769,138,1.1634615384615385,121,18,3.0,,,,,,,199,33,0.03308118479692869,6.58315577458881,0.38190954773869346,1.312735823042808,0.5714285714285714,0.17543859649122806,3.0298245614035086,345,1.087719298245614,124,0.8508771929824561,0,17,3.823529411764706,,,,,,
3,2026,Bowling Green,Mid-American,169,35,-0.08026723870050456,-13.56516334038527,0.3431952662721893,0.9820377399462173,0.7777777777777778,0.22916666666666666,2.410416666666667,231,0.5625,54,0.4166666666666667,40,11,1.1818181818181819,,,,,,,189,31,0.32464264561906675,61.35746002200362,0.5026455026455027,1.3603279439569822,0.7222222222222222,0.14545454545454545,3.6627272727272726,403,1.5,165,3.581818181818182,0,22,4.363636363636363,,,,,,
3,2026,Buffalo,Mid-American,215,43,0.015234060074129712,3.275322915937888,0.28837209302325584,1.2954483758796413,1.0,0.20430107526881722,2.455913978494624,228,0.5913978494623656,55,0.8064516129032258,75,12,4.5,,,,,,,221,43,0.14427763587385836,31.885357528122697,0.38461538461538464,1.379185290728417,0.7142857142857143,0.2037037037037037,2.9537037037037037,319,1.1203703703703705,121,1.3611111111111112,0,23,3.6956521739130435,,,,,,
3,2026,BYU,Big 12,187,34,0.44803842507070435,83.78318548822172,0.5989304812834224,1.1573847531361499,0.9411764705882353,0.12173913043478261,3.9521739130434783,455,1.6782608695652175,193,1.8869565217391304,217,23,5.434782608695652,,,,,,,187,33,-0.06061636019263051,-11.335259356021906,0.3689839572192513,1.1821843427834813,0.7692307692307693,0.2236842105263158,2.4105263157894736,183,0.631578947368421,48,0.4605263157894737,0,12,3.75,,,,,,
3,2026,California,ACC,220,37,0.09362701358028457,20.597942987662606,0.41818181818181815,1.2582025646912127,0.7,0.20430107526881722,2.7440860215053764,255,0.9032258064516129,84,0.3978494623655914,37,19,3.789473684210526,,,,,,,202,40,0.000409529487860479,0.08272495654781677,0.3712871287128713,1.3446509792779333,0.9166666666666666,0.15730337078651685,3.201123595505618,285,1.146067415730337,102,2.0112359550561796,0,21,3.0952380952380953,,,,,,
3,2026,Central Michigan,Mid-American,177,31,0.028430280619207417,5.032159669599713,0.3785310734463277,1.1424182612957632,0.9,0.10236220472440945,3.420472440944882,434,1.1181102362204725,142,1.0866141732283465,138,13,3.4615384615384617,,,,,,,196,30,0.0829784009632448,16.26376658879598,0.4336734693877551,1.0484976060221636,1.0,0.1485148514851485,3.3059405940594058,334,1.1287128712871286,114,0.6237623762376238,0,20,2.85,,,,,,
3,2026,Charlotte,American Athletic,198,34,0.024174483482978192,4.786547729629682,0.3838383838383838,1.2471956353873381,0.6111111111111112,0.25842696629213485,2.4191011235955058,215,0.9325842696629213,83,1.4269662921348314,127,15,2.466666666666667,,,,,,,203,35,0.24528459050901036,49.7927718733291,0.5024630541871922,1.239230366591621,0.8095238095238095,0.25,2.8134615384615387,293,1.0384615384615385,108,1.2884615384615385,0,20,4.1,,,,,,
3,2026,Cincinnati,Big 12,219,36,0.36060840070503025,78.97323975440162,0.5159817351598174,1.2263927529442558,0.9047619047619048,0.11382113821138211,3.713821138211382,457,1.5772357723577235,194,1.951219512195122,240,23,5.434782608695652,,,,,,,189,34,0.05491139050094565,10.378252804678727,0.3915343915343915,1.339590996303524,0.5714285714285714,0.21951219512195122,2.973170731707317,244,1.2073170731707317,99,1.146341463414634,0,14,3.4285714285714284,,,,,,
3,2026,Clemson,ACC,194,42,-0.05558108455466831,-10.782730403605651,0.33505154639175255,1.1182656050117459,0.7777777777777778,0.25274725274725274,2.621978021978022,239,1.10989010989011,101,1.1428571428571428,104,16,3.875,,,,,,,230,37,0.10315095151658625,23.724718848814838,0.4260869565217391,1.2482162564350843,0.7647058823529411,0.1111111111111111,3.537037037037037,382,1.5,162,0.7962962962962963,0,20,3.25,,,,,,
3,2026,Coastal Carolina,Sun Belt,198,37,0.23131553997513848,45.80047691507742,0.4595959595959596,1.3215119832573907,0.6363636363636364,0.17525773195876287,3.461855670103093,336,1.5670103092783505,152,0.9587628865979382,93,19,3.6315789473684212,,,,,,,198,39,0.04243940202623756,8.403001601195037,0.41414141414141414,1.034968241525209,0.75,0.1440677966101695,2.9016949152542373,342,0.6610169491525424,78,1.2203389830508475,0,18,2.888888888888889,,,,,,
3,2026,Colorado,Big 12,212,36,0.14103276394380493,29.898945956086646,0.41509433962264153,1.2968168530387179,0.7333333333333333,0.11607142857142858,3.2973214285714287,369,1.0,112,1.0625,119,18,2.111111111111111,,,,,,,209,37,0.03612359655122316,7.54983167920564,0.3923444976076555,1.2419615508626562,0.5384615384615384,0.3333333333333333,2.3504761904761904,247,1.1428571428571428,120,0.6476190476190476,0,22,3.090909090909091,,,,,,
3,2026,Colorado State,Pac-12,204,37,0.2590947469119457,52.855328370036915,0.45098039215686275,1.4437885363298715,0.8125,0.23863636363636365,2.5534090909090907,225,0.9431818181818182,83,2.8977272727272725,255,18,4.777777777777778,,,,,,,180,37,0.06263175682684469,11.273716228832043,0.45555555555555555,1.1339732275794863,0.9090909090909091,0.15178571428571427,3.407142857142857,382,1.4732142857142858,165,2.5357142857142856,0,18,3.944444444444444,,,,,,
3,2026,Delaware,Conference USA,205,39,0.10667983380845092,21.86936593073244,0.4195121951219512,1.3337098877387445,0.6428571428571429,0.2159090909090909,2.6,229,0.9545454545454546,84,0.625,55,18,3.8333333333333335,,,,,,,207,38,-0.017158170498307927,-3.5517412931497407,0.36231884057971014,1.2671183723139352,0.75,0.16483516483516483,2.8,255,1.010989010989011,92,0.4945054945054945,0,17,2.0588235294117645,,,,,,
3,2026,Duke,ACC,207,35,0.20304089678445186,42.02946563438154,0.4057971014492754,1.2899466485869218,0.6923076923076923,0.19083969465648856,3.0641221374045804,401,1.366412213740458,179,1.2748091603053435,167,21,3.9523809523809526,,,,,,,185,33,-0.06025531424407931,-11.147233135154671,0.3891891891891892,1.0073238162407336,0.7777777777777778,0.12162162162162163,2.9662162162162162,220,0.6351351351351351,47,0.7567567567567568,0,14,2.642857142857143,,,,,,
3,2026,East Carolina,American Athletic,181,38,-0.032751989178197584,-5.928110041253762,0.35359116022099446,1.1797205717722927,0.6666666666666666,0.20618556701030927,2.3804123711340206,231,0.9381443298969072,91,1.0721649484536082,104,15,2.6666666666666665,,,,,,,217,37,0.0731525341763409,15.874099916265978,0.39631336405529954,1.2891738260788386,0.5,0.2595419847328244,2.4366412213740456,319,1.1068702290076335,145,0.8244274809160306,0,21,3.380952380952381,,,,,,
3,2026,Eastern Michigan,Mid-American,256,48,-0.09883573205508756,-25.301947406102414,0.3515625,1.0942111052405452,0.7619047619047619,0.16037735849056603,2.7943396226415094,296,0.9622641509433962,102,0.9339622641509434,99,21,2.8095238095238093,,,,,,,278,47,0.16423044197617112,45.656062869375575,0.44244604316546765,1.261627804236777,0.7142857142857143,0.1935483870967742,2.9483870967741934,366,1.0564516129032258,131,0.8870967741935484,0,27,3.925925925925926,,,,,,
3,2026,Florida,SEC,208,33,0.43109864089804134,89.66851730679261,0.4855769230769231,1.4320887746366489,1.0,0.125,3.194166666666667,383,1.0833333333333333,130,2.191666666666667,263,22,5.7727272727272725,,,,,,,226,37,-0.08123910564644679,-18.360037876096975,0.36283185840707965,1.229193881109598,0.75,0.10843373493975904,2.896385542168675,240,0.8072289156626506,67,0.4457831325301205,0,14,4.428571428571429,,,,,,
3,2026,Florida Atlantic,American Athletic,239,35,0.07867872124856834,18.804214378407835,0.41422594142259417,1.1237432133730278,0.8235294117647058,0.1650485436893204,2.520388349514563,260,0.44660194174757284,46,0.02912621359223301,3,19,3.4210526315789473,,,,,,,203,34,0.2193398532502586,44.525990209802494,0.42857142857142855,1.5232917278478697,1.0,0.17592592592592593,2.922222222222222,316,1.1481481481481481,124,2.1574074074074074,0,18,4.611111111111111,,,,,,
3,2026,Florida International,Conference USA,234,35,-0.011326475649035637,-2.650395301874339,0.3803418803418803,1.230581692539764,0.7333333333333333,0.21428571428571427,2.5653061224489795,251,0.7857142857142857,77,0.3469387755102041,34,19,2.473684210526316,,,,,,,195,33,-0.008560041608650216,-1.6692081136867922,0.3487179487179487,1.0857985869307574,0.7272727272727273,0.21348314606741572,2.157303370786517,192,0.651685393258427,58,0.1348314606741573,0,16,3.4375,,,,,,
3,2026,Florida State,ACC,200,34,0.1938921730749031,38.778434614980625,0.41,1.5378588751904794,0.5333333333333333,0.17117117117117117,3.0531531531531533,339,0.990990990990991,110,1.2972972972972974,144,19,4.894736842105263,,,,,,,201,33,0.308530425268399,62.01461547894821,0.4626865671641791,1.4285567423271013,0.8888888888888888,0.1724137931034483,3.1586206896551725,275,1.1724137931034484,102,1.5517241379310345,0,17,3.9411764705882355,,,,,,
3,2026,Fresno State,Pac-12,179,37,0.06663078590970507,11.926910677837208,0.3463687150837989,1.390916776503291,0.45454545454545453,0.2553191489361702,2.478723404255319,233,0.7872340425531915,74,1.3085106382978724,123,18,3.3333333333333335,,,,,,,206,36,-0.041841615280780745,-8.619372747840833,0.4223300970873786,1.072078679075987,0.5625,0.24242424242424243,2.7919191919191917,276,0.9292929292929293,92,0.45454545454545453,0,15,2.7333333333333334,,,,,,
3,2026,Georgia,SEC,189,38,0.5506805689621955,104.07862753385494,0.5767195767195767,1.3499643651416666,1.0,0.1188118811881188,3.9188118811881187,396,1.6237623762376239,164,2.742574257425743,277,22,6.181818181818182,,,,,,,196,38,-0.08828893950878446,-17.304632143721754,0.33163265306122447,1.1592592515525166,0.625,0.25609756097560976,1.8378048780487806,151,0.43902439024390244,36,0.24390243902439024,0,12,3.4166666666666665,,,,,,
3,2026,Georgia Southern,Sun Belt,218,37,0.05175638571736674,11.28289208638595,0.39908256880733944,1.1138796143115484,0.75,0.1411764705882353,3.0988235294117645,263,1.1294117647058823,96,0.9529411764705882,81,17,3.0,,,,,,,191,38,-0.04504462946230549,-8.603524227300348,0.29842931937172773,1.235281547468314,0.7142857142857143,0.3218390804597701,2.0022988505747126,174,0.896551724137931,78,0.6666666666666666,0,17,2.7058823529411766,,,,,,
3,2026,Georgia State,Sun Belt,228,36,0.25563262584852103,58.2842386934628,0.49122807017543857,1.2398509323171691,0.6666666666666666,0.1440677966101695,3.5406779661016947,418,1.3135593220338984,155,1.9830508474576272,234,24,4.375,,,,,,,169,35,0.06275795900833797,10.606095072409117,0.3727810650887574,1.2638678640384742,1.0,0.21428571428571427,3.194047619047619,268,1.2857142857142858,108,1.75,0,13,4.384615384615385,,,,,,
3,2026,Georgia Tech,ACC,189,32,0.10699389870324798,20.221846854913867,0.43915343915343913,1.1062930665398056,0.6923076923076923,0.22580645161290322,2.913978494623656,271,1.064516129032258,99,0.6344086021505376,59,20,3.4,,,,,,,208,33,0.11156896979859443,23.20634571810764,0.40865384615384615,1.1613843437554305,0.7333333333333333,0.14074074074074075,3.0459259259259257,411,1.0888888888888888,147,1.0296296296296297,0,17,3.588235294117647,,,,,,
3,2026,Hawai'i,Mountain West,230,37,0.032940963609442014,7.576421630171663,0.3739130434782609,1.1626258762976511,0.8,0.18421052631578946,3.098684210526316,236,1.2763157894736843,97,1.631578947368421,124,16,3.5625,,,,,,,205,37,0.12966446420247416,26.581215161507206,0.43414634146341463,1.2594556887364166,0.6875,0.12612612612612611,3.28018018018018,364,1.3153153153153152,146,1.1711711711711712,0,15,3.7333333333333334,,,,,,
3,2026,Houston,Big 12,216,34,0.4280489811446559,92.45857992724567,0.5740740740740741,1.1340783382648518,0.9130434782608695,0.1,3.9741666666666666,477,1.5833333333333333,190,1.6416666666666666,197,24,4.875,,,,,,,179,35,0.03622228120552095,6.48378833578825,0.36312849162011174,1.3767542256379945,0.6,0.24324324324324326,2.093243243243243,155,0.6216216216216216,46,0.6486486486486487,0,12,4.083333333333333,,,,,,
3,2026,Illinois,Big Ten,173,29,0.29259021932218227,50.61810794273753,0.5433526011560693,1.1915549539787242,0.6666666666666666,0.11904761904761904,3.270238095238095,275,0.9404761904761905,79,1.5357142857142858,129,19,4.684210526315789,,,,,,,205,29,0.08403508707834638,17.22719285106101,0.4,1.2627501768634204,0.75,0.23148148148148148,2.5259259259259257,273,0.9907407407407407,107,0.5740740740740741,0,17,2.9411764705882355,,,,,,
3,2026,Indiana,Big Ten,176,32,0.48206667347817056,84.84373453215802,0.5170454545454546,1.4491903416756193,0.8235294117647058,0.09649122807017543,3.570175438596491,407,1.368421052631579,156,1.5263157894736843,174,22,5.681818181818182,,,,,,,179,34,-0.22387516825392986,-40.07365511745344,0.2681564245810056,1.4045820343465054,0.45454545454545453,0.2696629213483146,2.1696629213483147,193,0.8539325842696629,76,0.7528089887640449,0,9,1.777777777777778,,,,,,
3,2026,Iowa,Big Ten,203,37,0.21382658765063556,43.40679729307902,0.4729064039408867,1.2194749322923168,0.5294117647058824,0.14018691588785046,3.6598130841121495,392,1.6074766355140186,172,2.878504672897196,308,22,3.8636363636363638,,,,,,,174,40,-0.24823301830915565,-43.19254518579308,0.2413793103448276,1.0309294386987973,0.6666666666666666,0.2375,2.24875,180,0.3375,27,0.375,0,5,2.6,,,,,,
3,2026,Iowa State,Big 12,167,35,0.21722497897460108,36.276571488758385,0.38922155688622756,1.3864325245042661,0.75,0.13761467889908258,3.186238532110092,347,1.0825688073394495,118,1.8715596330275228,204,17,5.0,,,,,,,182,38,-0.15534282557733214,-28.27239425507445,0.31868131868131866,1.1011253824766654,0.6923076923076923,0.1919191919191919,2.3737373737373737,235,0.5656565656565656,56,0.6363636363636364,0,14,1.3571428571428572,,,,,,
3,2026,Jacksonville State,Conference USA,240,39,0.20985684825524853,50.36564358125965,0.4583333333333333,1.2433384396644824,0.75,0.2125984251968504,2.8133858267716536,357,1.0236220472440944,130,0.7480314960629921,95,19,3.6315789473684212,,,,,,,266,39,0.022052586869294736,5.8659881072324,0.42105263157894735,1.0319670236559164,0.8181818181818182,0.16049382716049382,2.974691358024691,482,0.9197530864197531,149,1.0987654320987654,0,20,3.5,,,,,,
3,2026,James Madison,Sun Belt,188,34,0.3574088414100914,67.19286218509718,0.5053191489361702,1.2414056076670654,0.75,0.14953271028037382,3.37196261682243,361,1.233644859813084,132,1.8130841121495327,194,22,4.5,,,,,,,218,38,-0.20533234912592693,-44.76245210945208,0.2798165137614679,1.3221115069673097,0.8,0.18487394957983194,2.421848739495798,288,0.6890756302521008,82,0.3697478991596639,0,18,2.055555555555556,,,,,,
3,2026,Kansas,Big 12,220,37,0.20175641942206554,44.38641227285442,0.4409090909090909,1.4288824563386082,0.5454545454545454,0.09917355371900827,3.268595041322314,396,1.0991735537190084,133,0.5454545454545454,66,24,3.1666666666666665,,,,,,,195,39,-0.06750225191685817,-13.162939123787343,0.3076923076923077,1.2346084307154783,0.75,0.25,2.132142857142857,239,0.5625,63,0.7767857142857143,0,21,3.238095238095238,,,,,,
3,2026,Kansas State,Big 12,215,34,0.34250688157852444,73.63897953938275,0.5302325581395348,1.3053117643891836,0.7692307692307693,0.15,3.276666666666667,393,1.3666666666666667,164,2.5083333333333333,301,22,4.863636363636363,,,,,,,172,34,-0.16106067318237166,-27.702435787367925,0.27325581395348836,1.3900913470198084,0.4444444444444444,0.27956989247311825,2.10752688172043,196,1.2150537634408602,113,0.7956989247311828,0,7,3.2857142857142856,,,,,,
3,2026,Kennesaw State,Conference USA,206,36,0.10709145551108877,22.060839835284288,0.4563106796116505,1.0927372016862917,0.8571428571428571,0.22340425531914893,3.075531914893617,289,1.2340425531914894,116,1.4361702127659575,135,15,4.066666666666666,,,,,,,190,35,0.12186682768748443,23.154697260622044,0.4105263157894737,1.0811429725156738,0.9,0.1891891891891892,3.2054054054054055,356,1.2432432432432432,138,1.0,0,16,4.4375,,,,,,
3,2026,Kent State,Mid-American,178,36,-0.11274592321948414,-20.068774333068177,0.30337078651685395,1.2519576869538582,0.5555555555555556,0.21428571428571427,2.9255102040816325,287,0.8775510204081632,86,0.7244897959183674,71,11,2.8181818181818183,,,,,,,193,38,0.2420697151288888,46.71945501987554,0.533678756476684,1.1771838688351126,0.8235294117647058,0.12371134020618557,3.502061855670103,340,1.2061855670103092,117,1.1237113402061856,0,21,5.095238095238095,,,,,,
3,2026,Kentucky,SEC,183,34,0.197592010357627,36.159337895445745,0.4808743169398907,1.1916657397526205,0.75,0.17894736842105263,3.130526315789474,297,1.1684210526315788,111,0.6947368421052632,66,16,4.9375,,,,,,,215,31,0.027959791297163954,6.0113551288902505,0.4372093023255814,1.139726585134772,0.75,0.1958762886597938,2.831958762886598,275,0.8865979381443299,86,0.9381443298969072,0,20,3.6,,,,,,
3,2026,Liberty,Conference USA,200,34,0.0818778462806586,16.37556925613172,0.43,1.304269078619548,0.6875,0.12931034482758622,3.092241379310345,359,1.1982758620689655,139,1.0948275862068966,127,21,3.5714285714285716,,,,,,,181,33,0.07832547065279769,14.176910188156382,0.3867403314917127,1.2356304284969253,0.6666666666666666,0.21875,2.95625,284,1.1875,114,1.84375,0,16,2.6875,,,,,,
3,2026,Louisiana,Sun Belt,192,33,0.20217965819748757,38.81849437391761,0.4375,1.2432876137468538,0.75,0.16101694915254236,3.1805084745762713,375,1.2542372881355932,148,1.3389830508474576,158,22,3.7727272727272725,,,,,,,197,33,-0.06258017633343,-12.328294737685708,0.4263959390862944,1.142978736577307,0.5,0.22105263157894736,2.7263157894736842,259,0.9368421052631579,89,0.6210526315789474,0,10,4.9,,,,,,
3,2026,Louisiana Tech,Sun Belt,193,41,0.014770417673578454,2.850690611000642,0.33678756476683935,1.4428676625000247,0.5,0.2268041237113402,2.6484536082474226,257,0.8865979381443299,86,1.0309278350515465,100,20,4.7,,,,,,,219,43,-0.011791548685523416,-2.582349162129628,0.3470319634703196,1.305153941737421,0.6666666666666666,0.23015873015873015,2.0634920634920637,260,0.8095238095238095,102,1.007936507936508,0,18,3.7222222222222223,,,,,,
3,2026,Louisville,ACC,195,39,0.4369732495800964,85.2097836681188,0.5282051282051282,1.3719114071977687,0.6666666666666666,0.19090909090909092,2.8545454545454545,314,1.309090909090909,144,2.518181818181818,277,20,5.15,,,,,,,224,38,0.07768548327751025,17.401548254162297,0.39285714285714285,1.239628764374254,0.6086956521739131,0.11818181818181818,2.8836363636363638,317,0.8,88,0.8636363636363636,0,18,3.944444444444444,,,,,,
3,2026,LSU,SEC,252,37,0.21312793524185122,53.708239680946505,0.4880952380952381,1.2496780329097714,0.7,0.15942028985507245,3.0318840579710145,418,1.2681159420289856,175,0.9637681159420289,133,27,3.925925925925926,,,,,,,179,38,-0.14785072613679448,-26.465279978486215,0.2905027932960894,1.2710532146221185,0.8333333333333334,0.2676056338028169,1.7887323943661972,127,0.676056338028169,48,0.3380281690140845,0,12,4.0,,,,,,
3,2026,Marshall,Sun Belt,191,35,0.05806840597070129,11.091065540403946,0.418848167539267,1.0677573277672456,0.6470588235294118,0.2336448598130841,2.774766355140187,297,0.9626168224299065,103,0.616822429906542,66,18,2.444444444444444,,,,,,,208,32,0.3261686843091499,67.84308633630317,0.5,1.1627874499307767,0.8571428571428571,0.11,3.49,349,0.95,95,0.46,0,18,4.555555555555555,,,,,,
3,2026,Maryland,Big Ten,224,34,0.346887270517728,77.70274859597107,0.5267857142857143,1.2529993753707287,0.6842105263157895,0.17894736842105263,3.409473684210526,324,1.3263157894736841,126,1.6105263157894738,153,27,4.222222222222222,,,,,,,181,33,0.013541000610887186,2.450921110570581,0.3701657458563536,1.2472385291318822,0.75,0.25842696629213485,1.9168539325842697,171,0.6404494382022472,57,0.4157303370786517,0,10,4.9,,,,,,
3,2026,Massachusetts,Mid-American,166,33,0.28684973660729757,47.6170562768114,0.46987951807228917,1.2333715097586133,0.625,0.15151515151515152,3.375757575757576,334,1.3131313131313131,130,1.3535353535353536,134,21,3.6666666666666665,,,,,,,194,36,-0.14673122458810312,-28.465857570092002,0.33505154639175255,1.2112790441286214,0.6,0.25842696629213485,2.308988764044944,206,0.4157303370786517,37,0.06741573033707865,0,15,1.6,,,,,,
3,2026,Memphis,American Athletic,254,44,0.26206601300991084,66.56476730451735,0.47244094488188976,1.369827052932887,0.75,0.14788732394366197,3.4640845070422537,492,1.267605633802817,180,2.76056338028169,392,23,4.608695652173913,,,,,,,275,45,0.1795247018535912,49.369293009737575,0.41818181818181815,1.3998643995610853,0.8421052631578947,0.12686567164179105,3.388805970149254,454,1.2462686567164178,167,1.8582089552238805,0,25,3.6,,,,,,
3,2026,Miami,ACC,212,38,0.45326962546109584,96.09316059775232,0.5660377358490566,1.2823020411686614,0.8333333333333334,0.12844036697247707,3.779816513761468,412,1.4862385321100917,162,2.376146788990826,259,27,5.148148148148148,,,,,,,177,35,-0.03453354423662721,-6.112437329883016,0.3446327683615819,1.0799734273264323,0.75,0.25925925925925924,2.335185185185185,126,0.6111111111111112,33,0.37037037037037035,0,10,2.7,,,,,,
3,2026,Miami (OH),Mid-American,173,31,0.2590782238413193,44.82053272454824,0.43352601156069365,1.4001786129229967,0.75,0.18823529411764706,3.048235294117647,259,1.0588235294117647,90,1.0235294117647058,87,15,4.6,,,,,,,200,34,0.20026119235527454,40.052238471054906,0.47,1.2598345274582345,0.7857142857142857,0.22784810126582278,2.7037974683544306,214,1.0126582278481013,80,1.240506329113924,0,15,4.866666666666667,,,,,,
3,2026,Michigan,Big Ten,177,31,0.18286849634496954,32.36772385305961,0.4293785310734463,1.2246873889498353,0.7272727272727273,0.13592233009708737,3.10873786407767,320,0.8737864077669902,90,0.5728155339805825,59,18,3.8333333333333335,,,,,,,181,33,-0.13011532923622413,-23.550874591756564,0.32044198895027626,1.078546934620456,0.7142857142857143,0.25252525252525254,2.613131313131313,259,0.9191919191919192,91,0.24242424242424243,0,14,1.7857142857142858,,,,,,
3,2026,Michigan State,Big Ten,206,29,0.08493402859508449,17.496409890587405,0.4368932038834951,1.126866158183978,0.6666666666666666,0.19298245614035087,2.9894736842105263,341,0.9385964912280702,107,0.7631578947368421,87,21,3.5238095238095237,,,,,,,163,29,0.1139233820112888,18.569511267840074,0.4171779141104294,1.1901511284007966,0.6153846153846154,0.27710843373493976,2.763855421686747,229,1.108433734939759,92,1.2650602409638554,0,14,3.4285714285714284,,,,,,
3,2026,Middle Tennessee,Conference USA,189,30,0.22301551115410287,42.14993160812544,0.42328042328042326,1.189863169661794,0.6666666666666666,0.1,3.8,304,1.5375,123,1.1,88,18,4.333333333333333,,,,,,,171,32,0.06842294481217574,11.700323562882051,0.4093567251461988,1.1614491945782255,0.6363636363636364,0.22448979591836735,2.6806122448979592,263,0.9183673469387755,90,0.5816326530612245,0,15,2.7333333333333334,,,,,,
3,2026,Minnesota,Big Ten,202,33,0.15416904722220626,31.142147538885663,0.49504950495049505,1.069288990135684,0.6666666666666666,0.2261904761904762,2.567857142857143,216,0.8809523809523809,74,1.380952380952381,116,22,3.8636363636363638,,,,,,,175,35,0.03174799214459782,5.55589862530462,0.3657142857142857,1.0963292984839195,0.5833333333333334,0.27472527472527475,2.69010989010989,245,1.098901098901099,100,0.5824175824175825,0,13,4.0,,,,,,
3,2026,Mississippi State,SEC,211,35,0.4624899417763746,97.58537771481504,0.5355450236966824,1.3347419186985219,0.75,0.18584070796460178,3.4787610619469027,393,1.4513274336283186,164,2.0973451327433628,237,24,5.0,,,,,,,215,34,-0.017813095607442826,-3.8298155556002076,0.3488372093023256,1.1557258020648962,0.5384615384615384,0.16091954022988506,2.854022988505747,248,0.7011494252873564,61,0.4482758620689655,0,15,3.466666666666667,,,,,,
3,2026,Missouri,SEC,203,39,0.22969243933535627,46.62756518507732,0.43349753694581283,1.2852563819381053,0.6363636363636364,0.17857142857142858,3.1107142857142858,348,1.0178571428571428,114,0.8482142857142857,95,27,4.074074074074074,,,,,,,193,37,-0.07350907725239095,-14.187251909711453,0.3160621761658031,1.4936472773462453,0.8,0.24242424242424243,2.3212121212121213,230,0.9292929292929293,92,0.7373737373737373,0,12,3.1666666666666665,,,,,,
3,2026,Missouri State,Conference USA,184,32,0.17809836242648955,32.77009868647408,0.43478260869565216,1.2412250421899567,0.7777777777777778,0.15454545454545454,3.1,341,0.9545454545454546,105,0.6727272727272727,74,15,4.4,,,,,,,218,33,0.24127811683909117,52.59862947092188,0.5045871559633027,1.0400010396141783,0.8666666666666667,0.1532258064516129,3.520967741935484,437,1.4193548387096775,176,1.2419354838709677,0,23,4.0,,,,,,
3,2026,Navy,American Athletic,136,21,0.3197706471886218,43.488808017652566,0.5294117647058824,1.205369775240681,1.0,0.102803738317757,3.885046728971963,416,1.4766355140186915,158,2.177570093457944,233,10,5.6,,,,,,,122,21,0.14706200169209924,17.941564206436105,0.39344262295081966,1.3645400299509731,1.0,0.22807017543859648,2.6315789473684212,150,0.43859649122807015,25,0.017543859649122806,0,10,3.8,,,,,,
3,2026,NC State,ACC,202,37,0.2024040085401232,40.885609725104885,0.47029702970297027,1.260064759274924,0.7777777777777778,0.13333333333333333,3.303809523809524,347,1.0666666666666667,112,2.5238095238095237,265,21,4.285714285714286,,,,,,,180,37,0.13068845031484674,23.523921056672414,0.4111111111111111,1.2279082534076984,0.7894736842105263,0.17,2.899,290,1.07,107,0.65,0,15,3.2,,,,,,
3,2026,Nebraska,Big Ten,212,31,0.47057877802930037,99.76270094221168,0.5141509433962265,1.4704221468151208,0.7368421052631579,0.1271186440677966,3.630508474576271,428,1.533898305084746,181,2.245762711864407,265,20,5.55,,,,,,,175,34,0.02532644665014106,4.432128163774686,0.3314285714285714,1.387356724013442,0.75,0.16129032258064516,2.9720430107526883,276,0.956989247311828,89,0.7956989247311828,0,13,2.6153846153846154,,,,,,
3,2026,Nevada,Mountain West,189,33,0.07825850329211136,14.790857122209045,0.41798941798941797,1.289663356620314,0.6666666666666666,0.1981981981981982,3.1648648648648647,351,1.3153153153153152,146,1.3873873873873874,154,17,4.0588235294117645,,,,,,,218,34,0.1036882953044283,22.60404837636537,0.41743119266055045,1.0519941338314223,0.65,0.1810344827586207,3.132758620689655,363,1.0948275862068966,127,0.3620689655172414,0,18,3.388888888888889,,,,,,
3,2026,New Mexico,Mountain West,201,37,0.10208514421632456,20.519113987481234,0.4079601990049751,1.1669383976411618,0.8666666666666667,0.15079365079365079,3.1880952380952383,402,1.119047619047619,141,0.9920634920634921,125,25,3.96,,,,,,,166,37,-0.2195335782064906,-36.44257398227744,0.2710843373493976,1.4141618090723207,0.42857142857142855,0.2441860465116279,1.722093023255814,148,0.7790697674418605,67,0.29069767441860467,0,6,2.3333333333333335,,,,,,
3,2026,New Mexico State,Conference USA,201,34,0.1547919421257269,31.113180367271106,0.43781094527363185,1.4261327937630708,0.6875,0.14285714285714285,3.207692307692308,292,1.2527472527472527,114,1.032967032967033,94,15,4.133333333333333,,,,,,,202,35,0.09588152231816763,19.36806750826986,0.4158415841584158,1.162391545945404,0.8333333333333334,0.2247191011235955,2.953932584269663,263,0.9213483146067416,82,1.7415730337078652,0,18,3.944444444444444,,,,,,
3,2026,North Carolina,ACC,182,30,0.11802479265004023,21.48051226230732,0.4835164835164835,1.037750541807011,0.7777777777777778,0.125,3.871590909090909,341,1.5909090909090908,140,0.8068181818181818,71,17,4.0,,,,,,,206,32,-0.018831119059238684,-3.8792105262031686,0.3932038834951456,1.0238332099979037,0.875,0.12244897959183673,2.9397959183673468,288,0.7551020408163265,74,1.0918367346938775,0,16,2.6875,,,,,,
3,2026,North Dakota State,Mountain West,260,41,0.156824607490598,40.774397947555485,0.4,1.4137345404833734,0.6923076923076923,0.19078947368421054,2.8263157894736843,430,0.9013157894736842,137,0.9078947368421053,138,24,4.083333333333333,,,,,,,240,42,-0.15609768018813192,-37.463443245151666,0.39166666666666666,1.024351033572395,0.7142857142857143,0.1796875,2.64609375,339,0.84375,108,0.46875,0,18,1.722222222222222,,,,,,
3,2026,Northern Illinois,Mountain West,192,35,-0.14212530709228788,-27.288058961719276,0.3489583333333333,1.1175429377352588,0.7333333333333333,0.21518987341772153,2.4949367088607595,197,0.7468354430379747,59,0.46835443037974683,37,13,1.5384615384615385,,,,,,,210,33,0.13763371085684475,28.903079279937394,0.44761904761904764,1.2629835439944463,0.6,0.1702127659574468,3.0553191489361704,287,1.3297872340425532,125,1.702127659574468,0,21,3.619047619047619,,,,,,
3,2026,North Texas,American Athletic,224,33,0.20908567029920572,46.83519014702208,0.44642857142857145,1.322265598128833,0.625,0.18627450980392157,2.9745098039215687,303,1.1372549019607843,116,0.6862745098039216,70,22,4.318181818181818,,,,,,,190,32,0.2626747004670615,49.90819308874168,0.4842105263157895,1.2306632228056182,0.7727272727272727,0.14912280701754385,2.7578947368421054,314,0.956140350877193,109,1.7280701754385965,0,21,3.761904761904762,,,,,,
3,2026,Northwestern,Big Ten,130,24,0.3269323003442659,42.50119904475457,0.49230769230769234,1.236951439189153,0.8,0.21518987341772153,2.8835443037974686,228,1.2531645569620253,99,1.6962025316455696,134,13,5.230769230769231,,,,,,,151,24,-0.003963297543648618,-0.5984579290909412,0.41721854304635764,1.0716140894041821,0.6428571428571429,0.11764705882352941,3.4926470588235294,238,1.0735294117647058,73,0.8823529411764706,0,12,1.5833333333333333,,,,,,
3,2026,Notre Dame,FBS Independents,198,30,0.316346422122672,62.63659158028906,0.5,1.1222427643617632,0.7333333333333333,0.1619047619047619,2.821904761904762,296,0.7047619047619048,74,0.3333333333333333,35,22,4.818181818181818,,,,,,,156,30,-0.1444419088076508,-22.53293777399352,0.3269230769230769,1.2701124761136722,0.7,0.2441860465116279,2.082558139534884,179,0.5116279069767442,44,0.23255813953488372,0,13,1.2307692307692308,,,,,,
3,2026,Ohio,Mid-American,194,32,0.17604478997832812,34.15268925579566,0.4175257731958763,1.2350845700078568,0.8571428571428571,0.09090909090909091,3.518181818181818,348,1.101010101010101,109,0.6262626262626263,62,17,4.235294117647059,,,,,,,216,31,0.3731491291503761,80.60021189648124,0.47685185185185186,1.3719310728007073,0.8,0.17777777777777778,3.1555555555555554,426,1.2074074074074075,163,1.162962962962963,0,18,5.555555555555555,,,,,,
3,2026,Ohio State,Big Ten,202,37,0.35170049964027006,71.04350092733455,0.504950495049505,1.3646734482408862,0.75,0.18181818181818182,3.0787878787878786,305,1.0404040404040404,103,1.2828282828282829,127,22,4.681818181818182,,,,,,,196,38,-0.20867267495948252,-40.899844292058575,0.3163265306122449,1.0547410128161352,0.6666666666666666,0.22340425531914893,2.4191489361702128,227,0.9787234042553191,92,0.1595744680851064,0,10,3.0,,,,,,
3,2026,Oklahoma,SEC,185,32,0.050171106851833305,9.281654767589162,0.41621621621621624,1.1749275382998827,0.5,0.2604166666666667,2.6416666666666666,254,0.90625,87,0.4791666666666667,46,14,3.857142857142857,,,,,,,174,34,-0.2307965362165965,-40.15859730168779,0.28160919540229884,1.3175949208260729,0.5714285714285714,0.21153846153846154,2.2653846153846153,236,0.7884615384615384,82,1.0288461538461537,0,18,1.277777777777778,,,,,,
3,2026,Oklahoma State,Big 12,250,39,0.09223931257951991,23.05982814487998,0.472,1.0950655912831722,0.5789473684210527,0.17355371900826447,3.2049586776859504,388,1.2727272727272727,154,1.4545454545454546,176,26,3.6538461538461537,,,,,,,165,37,-0.020645172566662318,-3.4064534734992824,0.3393939393939394,1.2080796695595188,0.6666666666666666,0.1927710843373494,2.8096385542168676,233,0.8192771084337349,68,0.4578313253012048,0,15,3.2,,,,,,
3,2026,Old Dominion,Sun Belt,170,37,-0.07207418068449385,-12.252610716363954,0.32941176470588235,1.4525635082526005,0.2222222222222222,0.32407407407407407,1.537962962962963,166,1.287037037037037,139,1.7685185185185186,191,18,2.611111111111111,,,,,,,217,35,-0.07675437969806381,-16.655700394479847,0.31336405529953915,1.2768720082381484,0.5333333333333333,0.2396694214876033,2.262809917355372,274,0.8016528925619835,97,1.0991735537190084,0,20,2.65,,,,,,
3,2026,Ole Miss,SEC,213,33,0.28865766084207833,61.48408175936269,0.5070422535211268,1.231046985053771,0.7894736842105263,0.19540229885057472,2.7574712643678163,240,1.0229885057471264,89,0.6666666666666666,58,20,5.3,,,,,,,199,33,0.17102112969227562,34.03320480876285,0.4221105527638191,1.2139545616218101,0.7142857142857143,0.25,2.694444444444444,291,0.9444444444444444,102,1.2314814814814814,0,18,3.5,,,,,,
3,2026,Oregon,Big Ten,220,39,0.2919794366357967,64.23547605987527,0.4863636363636364,1.386236824560801,0.9285714285714286,0.09090909090909091,3.68989898989899,365,1.1717171717171717,116,0.7575757575757576,75,28,4.821428571428571,,,,,,,192,41,-0.11092973690961974,-21.298509486646992,0.3489583333333333,1.108797512817691,0.7,0.19318181818181818,2.6170454545454547,230,0.625,55,0.9772727272727273,0,17,3.1176470588235294,,,,,,
3,2026,Oregon State,Pac-12,214,38,0.23983393602250316,51.324462308815676,0.40186915887850466,1.508537700942421,0.7142857142857143,0.08571428571428572,3.1314285714285712,219,0.6,42,0.35714285714285715,25,20,4.5,,,,,,,223,38,0.1790414495411041,39.926243247666214,0.4349775784753363,1.1664653328229053,0.8666666666666667,0.14953271028037382,3.1158878504672898,333,1.0373831775700935,111,1.0654205607476637,0,21,3.761904761904762,,,,,,
3,2026,Penn State,Big Ten,207,36,0.34780585097408,71.99581115163457,0.47342995169082125,1.337203084233558,0.7058823529411765,0.13333333333333333,2.8375,341,1.0916666666666668,131,1.1666666666666667,140,25,4.24,,,,,,,175,36,-0.12866103039290158,-22.515680318757777,0.29714285714285715,1.0268211350241472,0.7272727272727273,0.25274725274725274,2.365934065934066,215,0.7032967032967034,64,0.8901098901098901,0,8,2.875,,,,,,
3,2026,Pittsburgh,ACC,209,34,0.1798409749910745,37.58676377313457,0.45933014354066987,1.2203820813959563,0.625,0.20754716981132076,3.016981132075472,320,1.0754716981132075,114,1.2924528301886793,137,21,3.5714285714285716,,,,,,,186,34,-0.08073437884162862,-15.016594464542925,0.3225806451612903,1.3833742987329558,0.5833333333333334,0.2702702702702703,1.9472972972972973,144,0.9459459459459459,70,0.6216216216216216,0,12,2.25,,,,,,
3,2026,Purdue,Big Ten,217,31,0.3316169135349793,71.9608702370905,0.4930875576036866,1.275922537054274,0.7857142857142857,0.16,3.005,301,0.9,90,0.6,60,24,3.6666666666666665,,,,,,,198,31,0.34051788774972436,67.42254177444542,0.4797979797979798,1.4626232651421016,0.7333333333333333,0.1588785046728972,3.3130841121495327,355,1.4672897196261683,157,1.8224299065420562,0,19,4.631578947368421,,,,,,
3,2026,Rice,American Athletic,191,31,0.03272255145398591,6.250007327711308,0.42408376963350786,1.0559310952793748,0.7272727272727273,0.1310344827586207,3.3875862068965517,491,1.206896551724138,175,1.0551724137931033,153,13,4.0,,,,,,,191,29,0.09919457922554484,18.946164632079064,0.4293193717277487,1.210432616956576,0.625,0.14953271028037382,2.760747663551402,295,0.8691588785046729,93,1.2710280373831775,0,18,4.222222222222222,,,,,,
3,2026,Rutgers,Big Ten,201,33,0.028625852776023947,5.753796407980813,0.4427860696517413,1.396752914034643,0.6086956521739131,0.18888888888888888,2.8922222222222222,260,0.8444444444444444,76,0.8222222222222222,74,17,3.2941176470588234,,,,,,,193,33,0.22331141178157637,43.09910247384424,0.47150259067357514,1.1546272815490397,0.75,0.16831683168316833,3.3356435643564355,337,1.4851485148514851,150,0.9702970297029703,0,21,4.0,,,,,,
3,2026,Sacramento State,Mid-American,270,50,-0.043665770886314986,-11.789758139305047,0.4111111111111111,1.1126741345903286,0.72,0.2905982905982906,2.5264957264957264,296,1.0769230769230769,126,1.0683760683760684,125,24,2.8333333333333335,,,,,,,249,50,0.09649737441516372,24.027846229375765,0.3534136546184739,1.4564135807778162,0.5833333333333334,0.2,2.6224,328,0.792,99,1.368,0,22,3.590909090909091,,,,,,
3,2026,Sam Houston,Conference USA,213,38,0.22467838004064256,47.85649494865687,0.4788732394366197,1.2474047701573576,0.6666666666666666,0.1797752808988764,2.9280898876404495,261,1.0561797752808988,94,0.5393258426966292,48,18,3.8333333333333335,,,,,,,198,39,-0.033081601737558274,-6.550157144036538,0.29797979797979796,1.4230156451687817,0.7142857142857143,0.2037037037037037,2.8,302,1.0833333333333333,117,1.8425925925925926,0,17,2.0,,,,,,
3,2026,San Diego State,Pac-12,199,36,-0.0561242555484496,-11.168726854141472,0.36180904522613067,1.0839407663435283,0.6470588235294118,0.18803418803418803,3.206837606837607,375,1.1367521367521367,133,0.9914529914529915,116,19,3.6315789473684212,,,,,,,223,39,0.06304923974123133,14.059980462294588,0.4349775784753363,0.9783523851848699,0.9285714285714286,0.10526315789473684,3.418421052631579,390,0.8421052631578947,96,0.4824561403508772,0,22,3.409090909090909,,,,,,
3,2026,San José State,Mountain West,283,52,0.08220884405806574,23.265102868432603,0.3957597173144876,1.2244504887603835,0.5714285714285714,0.18604651162790697,3.182170542635659,411,1.2170542635658914,157,0.7209302325581395,93,25,3.36,,,,,,,287,52,0.06609743084098561,18.96996265136287,0.4355400696864111,1.0704314495810316,0.8333333333333334,0.1693548387096774,2.9306451612903226,363,1.032258064516129,128,0.8306451612903226,0,30,3.433333333333333,,,,,,
3,2026,SMU,ACC,204,37,0.27420573452071695,55.93796984222626,0.5049019607843137,1.3627679801780308,0.5333333333333333,0.15789473684210525,3.165263157894737,301,1.0210526315789474,97,1.5263157894736843,145,22,3.909090909090909,,,,,,,192,39,0.0710770264920301,13.646789086469779,0.3802083333333333,1.352419766320495,0.4,0.21782178217821782,2.756435643564356,278,1.1584158415841583,117,1.99009900990099,0,16,3.875,,,,,,
3,2026,South Alabama,Sun Belt,233,31,0.23634787173824973,55.069054115012186,0.43776824034334766,1.2850954385738118,0.7727272727272727,0.13013698630136986,3.271917808219178,478,1.1164383561643836,163,0.8424657534246576,123,21,4.523809523809524,,,,,,,149,31,0.2527470730986052,37.65931389169218,0.42953020134228187,1.6142257620678602,0.5,0.21739130434782608,2.643478260869565,182,1.2608695652173914,87,2.869565217391304,0,18,3.7777777777777777,,,,,,
3,2026,South Carolina,SEC,221,34,0.3261471565256313,72.07852159216452,0.5158371040723982,1.2391528244404895,0.8,0.10434782608695652,3.9008695652173913,449,1.434782608695652,165,2.6782608695652175,308,22,4.818181818181818,,,,,,,178,37,0.03663501591265103,6.521032832451883,0.3258426966292135,1.4436034986211335,0.5714285714285714,0.24050632911392406,2.288607594936709,181,0.5822784810126582,46,0.9493670886075949,0,12,4.25,,,,,,
3,2026,Southern Miss,Sun Belt,222,36,0.012160383901595968,2.699605226154305,0.45045045045045046,1.0630636712234078,0.8421052631578947,0.08653846153846154,3.5932692307692307,374,1.0769230769230769,112,0.34615384615384615,36,15,4.6,,,,,,,219,37,0.11978458182111726,26.23282341882468,0.4246575342465753,1.1988653470188622,0.6666666666666666,0.16666666666666666,3.3904761904761904,427,1.1825396825396826,149,1.1587301587301586,0,19,3.736842105263158,,,,,,
3,2026,South Florida,American Athletic,180,31,0.33842356691943115,60.916242045497604,0.5333333333333333,1.1780580178498568,0.8461538461538461,0.18478260869565216,3.2130434782608694,296,1.4565217391304348,134,1.641304347826087,151,18,5.5,,,,,,,199,30,0.040599333954830785,8.079267457011326,0.4371859296482412,0.9700960638211812,0.6153846153846154,0.2641509433962264,2.4160377358490566,256,0.8867924528301887,94,0.8490566037735849,0,11,4.0,,,,,,
3,2026,Stanford,ACC,199,36,0.07521363372362473,14.967513111001322,0.38190954773869346,1.1229018809424869,0.8888888888888888,0.1794871794871795,2.9358974358974357,229,0.8461538461538461,66,1.0,78,14,2.9285714285714284,,,,,,,217,38,0.2967084639386816,64.3857366746939,0.4608294930875576,1.3321584513117422,0.8333333333333334,0.15,3.119,312,1.17,117,0.97,0,19,5.684210526315789,,,,,,
3,2026,Syracuse,ACC,238,36,0.038377520916095254,9.133849978030671,0.39915966386554624,1.3301522483231214,0.8,0.22018348623853212,2.851376146788991,311,1.238532110091743,135,1.3119266055045873,143,26,3.5384615384615383,,,,,,,183,36,-0.12627474205293687,-23.108277795687446,0.36065573770491804,1.0874549775292308,0.75,0.23333333333333334,2.628888888888889,237,1.0888888888888888,98,1.5888888888888888,0,16,2.75,,,,,,
3,2026,TCU,Big 12,211,35,0.25283803324757964,53.348825015239306,0.4928909952606635,1.238970475180872,0.8125,0.15454545454545454,3.2836363636363637,361,1.1818181818181819,130,1.0909090909090908,120,24,3.75,,,,,,,168,35,-0.1444674650869876,-24.270534134613914,0.3392857142857143,1.0465250723410555,0.3333333333333333,0.20987654320987653,2.596296296296296,210,0.7901234567901234,64,0.4074074074074074,0,11,2.4545454545454546,,,,,,
3,2026,Temple,American Athletic,194,31,0.20649960090118036,40.060922574828986,0.422680412371134,1.259770558513239,0.7368421052631579,0.17886178861788618,3.1089430894308943,382,1.08130081300813,133,1.6585365853658538,204,16,4.25,,,,,,,201,32,0.19688919907993802,39.57472901506754,0.4527363184079602,1.2561650428470652,0.7368421052631579,0.125,2.5079545454545453,221,1.0454545454545454,92,0.3181818181818182,0,22,3.7727272727272725,,,,,,
3,2026,Tennessee,SEC,210,34,0.36972339362398987,77.64191266103788,0.5142857142857142,1.233404781409596,0.8571428571428571,0.1297709923664122,3.812977099236641,500,1.549618320610687,203,2.114503816793893,277,22,5.818181818181818,,,,,,,198,36,-0.06939515295076924,-13.74024028425231,0.36363636363636365,1.0311905971277928,0.75,0.20238095238095238,3.344047619047619,281,1.3571428571428572,114,1.2142857142857142,0,15,2.4,,,,,,
3,2026,Texas,SEC,231,32,0.17445145789560956,40.29828677388581,0.48484848484848486,1.136578631406744,0.75,0.1885245901639344,2.9786885245901638,363,1.2049180327868851,147,0.7131147540983607,87,21,5.0476190476190474,,,,,,,183,33,-0.005586950278152319,-1.0224119009018744,0.37158469945355194,1.0957046887536914,0.7272727272727273,0.2111111111111111,2.5566666666666666,230,0.9666666666666667,87,1.0888888888888888,0,17,2.1176470588235294,,,,,,
3,2026,Texas A&M,SEC,236,35,0.11141014208684341,26.292793532495047,0.4703389830508475,1.0940613057765285,0.8823529411764706,0.16379310344827586,3.218103448275862,373,1.1637931034482758,135,1.1551724137931034,134,23,4.478260869565218,,,,,,,160,36,-0.086098887877876,-13.77582206046016,0.3625,1.2508897512329626,0.6666666666666666,0.21176470588235294,2.603529411764706,221,0.8705882352941177,74,0.6235294117647059,0,13,2.3076923076923075,,,,,,
3,2026,Texas State,Pac-12,224,34,0.21671504470009606,48.54417001282152,0.49107142857142855,1.1847606512006283,0.7647058823529411,0.1386861313868613,3.2007299270072993,439,1.1386861313868613,156,2.2627737226277373,310,22,3.1363636363636362,,,,,,,230,31,0.2978838404620628,68.51328330627443,0.4956521739130435,1.2771723855589445,0.7142857142857143,0.23404255319148937,2.7180851063829787,256,0.9361702127659575,88,0.9148936170212766,0,23,4.826086956521739,,,,,,
3,2026,Texas Tech,Big 12,212,36,0.24315024658336828,51.54785227567408,0.45754716981132076,1.2081149389696695,0.7894736842105263,0.16964285714285715,3.0875,346,0.9642857142857143,108,0.8392857142857143,94,20,4.45,,,,,,,211,35,0.09556792728757904,20.164832657679177,0.36492890995260663,1.3548424344505172,0.7777777777777778,0.15384615384615385,3.1615384615384614,247,1.064102564102564,83,0.5256410256410257,0,15,2.6666666666666665,,,,,,
3,2026,Toledo,Mid-American,193,34,0.29323821890602825,56.594976248863446,0.44041450777202074,1.6316508194914496,0.6666666666666666,0.19540229885057472,2.935632183908046,255,1.0574712643678161,92,1.5747126436781609,137,21,5.0,,,,,,,220,37,0.02228671761784515,4.903077875925933,0.33181818181818185,1.288577722862069,0.46153846153846156,0.19327731092436976,2.8134453781512603,335,0.8991596638655462,107,0.9327731092436975,0,20,2.95,,,,,,
3,2026,Troy,Sun Belt,211,40,0.09012585846834487,19.016556136820768,0.36492890995260663,1.4351472824958627,0.5625,0.25,2.6939655172413794,313,1.0862068965517242,126,1.2672413793103448,147,17,3.588235294117647,,,,,,,181,38,-0.002639597176526245,-0.4777670889512503,0.35359116022099446,1.3327526232476297,0.5714285714285714,0.2926829268292683,2.0097560975609756,165,0.9390243902439024,77,1.146341463414634,0,17,3.411764705882353,,,,,,
3,2026,Tulane,American Athletic,166,31,0.08909349536484565,14.789520230564378,0.3373493975903614,1.5103032600923938,0.7142857142857143,0.21794871794871795,2.517948717948718,196,1.0256410256410255,80,2.641025641025641,206,13,3.3846153846153846,,,,,,,219,33,0.15190994662835589,33.26827831160994,0.4063926940639269,1.2833946433558132,0.7692307692307693,0.1774193548387097,2.975806451612903,369,1.1048387096774195,137,1.435483870967742,0,19,3.4210526315789473,,,,,,
3,2026,Tulsa,American Athletic,202,35,0.166622374647283,33.657719678751164,0.4158415841584158,1.2613691904505455,0.9166666666666666,0.14414414414414414,3.256756756756757,362,1.2342342342342343,137,1.990990990990991,221,20,3.1,,,,,,,226,36,-0.12213002308398534,-27.601385216980688,0.37610619469026546,0.9906027630152234,0.5294117647058824,0.18681318681318682,2.856043956043956,260,1.021978021978022,93,0.31868131868131866,0,15,1.3333333333333333,,,,,,
3,2026,UAB,American Athletic,208,29,0.014823894716060574,3.0833701009405994,0.4326923076923077,1.1080284941044223,0.75,0.15702479338842976,3.2049586776859504,388,0.9421487603305785,114,0.5537190082644629,67,14,3.0,,,,,,,178,30,0.07287227948118415,12.97126574765078,0.43820224719101125,1.0609128960443928,0.5625,0.1391304347826087,3.3,380,1.1565217391304348,133,1.0695652173913044,0,17,4.0588235294117645,,,,,,
3,2026,UCF,Big 12,172,37,0.1727481309853076,29.71267852947291,0.43023255813953487,1.3946726958072928,0.75,0.15789473684210525,3.2726315789473683,311,1.6105263157894738,153,3.094736842105263,294,21,4.904761904761905,,,,,,,221,40,-0.04067225116933756,-8.9885675084236,0.334841628959276,1.2851599438426071,0.5384615384615384,0.24778761061946902,2.3805309734513274,269,0.7168141592920354,81,1.2654867256637168,0,17,2.3529411764705883,,,,,,
3,2026,UCLA,Big Ten,201,38,0.3552007319883112,71.39534712965055,0.5223880597014925,1.2779447950822382,0.9285714285714286,0.07627118644067797,4.202542372881356,496,1.6440677966101696,194,2.2796610169491527,269,25,4.72,,,,,,,205,36,0.019740332851432202,4.046768234543602,0.36585365853658536,1.3899473527373376,0.8,0.20202020202020202,2.7191919191919194,269,0.9090909090909091,90,0.25252525252525254,0,15,4.333333333333333,,,,,,
3,2026,UConn,FBS Independents,200,38,0.2671869408141368,53.43738816282736,0.45,1.3896900135624701,0.6363636363636364,0.16363636363636364,3.2190909090909092,354,1.1363636363636365,125,1.4272727272727272,157,19,4.7368421052631575,,,,,,,228,38,-0.0256965036693228,-5.858802836605599,0.37719298245614036,1.180963699199186,0.6428571428571429,0.18888888888888888,2.7466666666666666,247,0.7444444444444445,67,0.16666666666666666,0,18,2.8333333333333335,,,,,,
3,2026,UL Monroe,Sun Belt,215,37,-0.11028288582063286,-23.710820451436064,0.4232558139534884,1.0167667649264416,0.5882352941176471,0.12844036697247707,3.118348623853211,340,1.1651376146788992,127,1.0458715596330275,114,19,2.473684210526316,,,,,,,204,34,0.3069148165989196,62.6106225861796,0.5147058823529411,1.2165785599101062,0.8,0.15789473684210525,3.491228070175439,398,1.3771929824561404,157,1.7982456140350878,0,22,4.136363636363637,,,,,,
3,2026,UNLV,Mountain West,218,37,-0.05248930944528065,-11.442669459071181,0.3532110091743119,1.1623632231536607,0.6875,0.1504424778761062,3.023008849557522,342,1.0884955752212389,123,1.5132743362831858,171,15,2.7333333333333334,,,,,,,206,35,0.14710564000270926,30.303761840558106,0.41262135922330095,1.1832290095991715,0.7777777777777778,0.15151515151515152,3.576767676767677,354,1.4646464646464645,145,1.2323232323232323,0,17,4.117647058823529,,,,,,
3,2026,USC,Big Ten,285,39,0.31721490346209535,90.40624748669718,0.5614035087719298,1.1218387249301063,0.782608695652174,0.16891891891891891,3.3493243243243245,496,1.3445945945945945,199,0.6891891891891891,102,29,4.793103448275862,,,,,,,225,40,0.11361488112341993,25.563348252769483,0.41333333333333333,1.313014229751831,0.8571428571428571,0.18518518518518517,2.661111111111111,287,0.9259259259259259,100,1.0925925925925926,0,21,3.619047619047619,,,,,,
3,2026,Utah,Big 12,213,36,0.3326252204818921,70.84917196264301,0.5023474178403756,1.3941437878636935,0.75,0.18803418803418803,3.5547008547008545,416,1.435897435897436,168,1.5299145299145298,179,25,5.4,,,,,,,196,35,-0.0605487424304241,-11.867553516363124,0.3010204081632653,1.3952263291746685,0.6666666666666666,0.13333333333333333,2.7546666666666666,207,0.76,57,0.49333333333333335,0,13,1.8461538461538463,,,,,,
3,2026,Utah State,Pac-12,202,35,-0.13751224902028789,-27.777474302098156,0.3415841584158416,1.3274396086992413,0.14285714285714285,0.2222222222222222,3.013333333333333,271,1.0444444444444445,94,0.5333333333333333,48,14,1.7142857142857142,,,,,,,215,37,0.08527318291544485,18.333734326820643,0.4,1.1714980022413382,0.6875,0.22340425531914893,2.6042553191489364,245,0.8617021276595744,81,1.1914893617021276,0,20,3.6,,,,,,
3,2026,UTEP,Mountain West,161,36,-0.16705475460225372,-26.89581549096285,0.37888198757763975,1.2093960811683706,0.5,0.29473684210526313,2.4105263157894736,229,1.2421052631578946,118,1.9263157894736842,183,15,1.8,,,,,,,195,34,0.23436929762016578,45.70201303593233,0.46153846153846156,1.1790187123625142,0.625,0.23275862068965517,2.8836206896551726,335,0.9482758620689655,110,0.45689655172413796,0,21,4.380952380952381,,,,,,
3,2026,UTSA,American Athletic,180,34,0.21012623190954063,37.82272174371732,0.4722222222222222,1.013611011087677,0.8461538461538461,0.17073170731707318,2.9353658536585368,241,0.975609756097561,80,1.8414634146341462,151,15,3.1333333333333333,,,,,,,245,37,0.00519649315186799,1.2731408222076577,0.44081632653061226,0.9656743845393384,0.625,0.13076923076923078,3.396153846153846,442,1.1,143,1.2923076923076924,0,22,3.3181818181818183,,,,,,
3,2026,Vanderbilt,SEC,193,33,0.17503447230119987,33.781653154131575,0.43523316062176165,1.2154990741584226,0.8571428571428571,0.13541666666666666,3.173958333333333,305,1.09375,105,0.625,60,19,3.263157894736842,,,,,,,196,36,-0.05632859038537694,-11.04040371553388,0.3520408163265306,1.3382165592887383,0.75,0.2111111111111111,2.5122222222222224,226,0.9888888888888889,89,1.1888888888888889,0,18,2.611111111111111,,,,,,
3,2026,Virginia,ACC,207,37,0.2731213872965063,56.53612717037681,0.48792270531400966,1.1442216021106064,0.8421052631578947,0.13953488372093023,3.427906976744186,442,1.248062015503876,161,1.1705426356589148,151,21,4.761904761904762,,,,,,,186,38,-0.12154548790157384,-22.607460749692734,0.34946236559139787,0.9670166017539398,0.7,0.18811881188118812,2.8346534653465345,286,0.7821782178217822,79,0.594059405940594,0,12,3.4166666666666665,,,,,,
3,2026,Virginia Tech,ACC,239,34,0.34434332381066435,82.29805439074877,0.502092050209205,1.2437734102848277,0.7307692307692307,0.1826086956521739,3.0008695652173913,345,1.1130434782608696,128,0.8869565217391304,102,24,5.166666666666667,,,,,,,172,36,-0.037027798972597475,-6.368781423286766,0.31976744186046513,1.3886092407250907,0.625,0.4523809523809524,0.30952380952380953,26,0.6309523809523809,53,1.2023809523809523,0,19,2.3157894736842106,,,,,,
3,2026,Wake Forest,ACC,201,31,0.3008859355084873,60.478073037205945,0.4577114427860697,1.3264486626976404,0.7142857142857143,0.15476190476190477,3.013095238095238,253,1.0357142857142858,87,1.4404761904761905,121,18,4.111111111111111,,,,,,,222,33,0.17887230431431733,39.70965155777845,0.481981981981982,0.9825144357948695,0.6470588235294118,0.21568627450980393,2.933333333333333,299,1.0,102,0.9019607843137255,0,18,3.7777777777777777,,,,,,
3,2026,Washington,Big Ten,203,35,0.17274216139103535,35.06665876238017,0.4630541871921182,1.1340974221075195,0.6363636363636364,0.21428571428571427,2.8583333333333334,240,0.9047619047619048,76,1.2738095238095237,107,25,3.52,,,,,,,192,35,-0.21437496317556182,-41.15999292970787,0.328125,1.1532805941861888,0.25,0.31313131313131315,2.3252525252525253,230,0.98989898989899,98,0.7575757575757576,0,13,2.5384615384615383,,,,,,
3,2026,Washington State,Pac-12,173,33,-0.016790300683823634,-2.904722018301489,0.3815028901734104,1.1934044165153166,0.5,0.20833333333333334,2.966666666666667,285,1.4375,138,1.7083333333333333,164,13,3.4615384615384617,,,,,,,193,36,-0.033701780271225064,-6.504443592346438,0.38860103626943004,1.2525054148736872,0.7777777777777778,0.20202020202020202,2.782828282828283,276,1.0808080808080809,107,1.9595959595959596,0,19,2.6842105263157894,,,,,,
3,2026,Western Kentucky,Conference USA,219,40,-0.15310581425342026,-33.53017332149904,0.3287671232876712,1.1135955916486944,0.6,0.26666666666666666,2.42,254,0.8095238095238095,85,0.4857142857142857,51,12,2.9166666666666665,,,,,,,189,39,0.45360637938373916,85.7316057035267,0.4973544973544973,1.4859691070365135,0.8888888888888888,0.12931034482758622,3.6836206896551724,427,1.3620689655172413,158,2.3275862068965516,0,22,5.545454545454546,,,,,,
3,2026,Western Michigan,Mid-American,193,34,0.16250001976164105,31.362503813996724,0.40414507772020725,1.2110404254563358,0.7058823529411765,0.15384615384615385,2.809401709401709,329,0.9487179487179487,111,0.8974358974358975,105,18,4.944444444444445,,,,,,,202,32,0.014503286313208684,2.9296638352681543,0.44554455445544555,0.9861967995987728,0.7222222222222222,0.14678899082568808,3.1275229357798167,341,0.9357798165137615,102,0.45871559633027525,0,13,3.230769230769231,,,,,,
3,2026,West Virginia,Big 12,209,39,0.28057305862820137,58.639769253294084,0.45454545454545453,1.2531159844599569,0.8125,0.13664596273291926,3.1695652173913045,510,0.9627329192546584,155,1.546583850931677,249,20,4.65,,,,,,,210,37,0.029248653797135666,6.14221729739849,0.40476190476190477,1.195598762590559,0.6363636363636364,0.21875,2.7333333333333334,262,0.96875,93,1.2395833333333333,0,16,2.8125,,,,,,
3,2026,Wisconsin,Big Ten,180,29,0.20691860101532233,37.24534818275802,0.4444444444444444,1.3630650231023325,0.5833333333333334,0.15555555555555556,2.908888888888889,262,0.7555555555555555,68,1.2666666666666666,114,21,3.0,,,,,,,191,31,-0.007956684395845659,-1.519726719606521,0.3717277486910995,1.032472084559509,0.6923076923076923,0.09090909090909091,2.9626262626262627,293,0.7777777777777778,77,0.3333333333333333,0,14,3.7857142857142856,,,,,,
3,2026,Wyoming,Mountain West,178,32,0.040581748695027425,7.223551267714882,0.42134831460674155,1.0611334205703433,1.0,0.16842105263157894,3.4147368421052633,324,1.3789473684210527,131,0.7368421052631579,70,17,2.588235294117647,,,,,,,195,31,0.14121999790364081,27.53789959120996,0.4512820512820513,1.1164747375570248,0.9523809523809523,0.14516129032258066,3.2604838709677417,404,1.1935483870967742,148,1.1370967741935485,0,18,3.2222222222222223,,,,,,
4,2026,Air Force,Mountain West,233,32,0.2974661943078536,69.30962327372988,0.4892703862660944,1.0827490054179236,0.8076923076923077,0.06842105263157895,3.8357894736842106,729,1.2,228,0.6789473684210526,129,19,4.315789473684211,,,,,,,173,32,0.004400601889996306,0.761304126969361,0.3468208092485549,1.4301750176820658,0.6666666666666666,0.2159090909090909,2.8659090909090907,252,1.0568181818181819,93,1.25,0,11,4.0,,,,,,
4,2026,Akron,Mid-American,262,46,0.019838159666359313,5.19759783258614,0.44274809160305345,0.9809070069767836,0.8181818181818182,0.13043478260869565,3.6191304347826088,416,1.3652173913043477,157,0.7652173913043478,88,20,3.95,,,,,,,246,46,0.2413347785414639,59.368355521200115,0.43089430894308944,1.3716863805017796,0.6875,0.18803418803418803,2.8905982905982905,338,0.9658119658119658,113,1.6324786324786325,0,24,3.7916666666666665,,,,,,
4,2026,Alabama,SEC,267,47,0.32664266155287036,87.21359063461638,0.4943820224719101,1.3316067628050767,0.7777777777777778,0.20945945945945946,2.992567567567568,443,1.2432432432432432,184,1.5067567567567568,223,28,5.357142857142857,,,,,,,249,49,-0.09797917176347254,-24.39681376910466,0.3413654618473896,1.3820358753940611,0.5625,0.24369747899159663,2.1983193277310926,262,0.7983193277310925,95,0.7226890756302521,0,17,3.823529411764706,,,,,,
4,2026,App State,Sun Belt,288,48,0.2375017412396011,68.40050147700512,0.4548611111111111,1.3124452763172334,0.6666666666666666,0.23880597014925373,2.576865671641791,345,1.0223880597014925,137,1.0970149253731343,147,36,3.694444444444444,,,,,,,272,47,0.0798890370195323,21.729818069312785,0.4227941176470588,1.1322274576006577,0.8421052631578947,0.2265625,2.6203125,335,0.9375,120,0.7421875,0,22,3.7272727272727275,,,,,,
4,2026,Arizona,Big 12,280,46,0.21301577538771505,59.64441710856021,0.5,1.1510787926944033,0.85,0.11764705882352941,3.534453781512605,421,1.403361344537815,167,1.0084033613445378,120,28,4.321428571428571,,,,,,,250,43,0.0016963133093850198,0.424078327346255,0.352,1.4149125290095736,1.0,0.25263157894736843,2.5894736842105264,246,1.0105263157894737,96,0.7473684210526316,0,17,2.823529411764706,,,,,,
4,2026,Arizona State,Big 12,202,40,0.05815854025441106,11.748025131391035,0.4158415841584158,1.3964621633387664,0.7777777777777778,0.19811320754716982,2.689622641509434,285,1.1037735849056605,117,1.3867924528301887,147,20,3.6,,,,,,,189,39,0.022551746319826826,4.26228005444727,0.37037037037037035,1.1790414583455835,0.6363636363636364,0.14893617021276595,2.907446808510638,273,0.8936170212765957,84,0.6276595744680851,0,19,2.6842105263157894,,,,,,
4,2026,Arkansas,SEC,306,46,0.048770429157151296,14.923751322088295,0.4215686274509804,1.1175130223447418,0.8421052631578947,0.18110236220472442,2.578740157480315,328,0.7559055118110236,96,0.1889763779527559,24,26,3.5,,,,,,,229,46,0.15849795746261047,36.2960322589378,0.43231441048034935,1.109799606067956,0.875,0.1504424778761062,3.225663716814159,365,1.1592920353982301,131,1.1327433628318584,0,21,5.142857142857143,,,,,,
4,2026,Arkansas State,Sun Belt,235,40,0.151722200567074,35.65471713326239,0.4851063829787234,1.147182168803558,0.7391304347826086,0.14634146341463414,3.370731707317073,415,1.2520325203252034,154,1.089430894308943,134,23,3.4347826086956523,,,,,,,256,43,0.1608416764111734,41.17546916126039,0.453125,1.2437369661354392,0.7619047619047619,0.1360544217687075,3.3891156462585035,498,1.1428571428571428,168,1.401360544217687,0,21,3.4761904761904763,,,,,,
4,2026,Army,American Athletic,202,30,0.3652410716663139,73.77869647659541,0.5495049504950495,1.0285346811738048,0.8888888888888888,0.09696969696969697,3.8266666666666667,631,1.4363636363636365,237,1.7636363636363637,291,22,4.409090909090909,,,,,,,162,29,0.1890381995867541,30.624188333054164,0.4382716049382716,1.2445339834418145,0.75,0.18823529411764706,3.2741176470588234,278,1.3294117647058823,113,1.0352941176470587,0,12,2.8333333333333335,,,,,,
4,2026,Auburn,SEC,285,45,0.11909463205714056,33.941970136285065,0.4280701754385965,1.267789889039531,0.8666666666666667,0.15217391304347827,3.2782608695652176,452,1.2318840579710144,170,1.463768115942029,202,25,4.12,,,,,,,317,46,-0.00901256856579502,-2.8569842353570216,0.3753943217665615,1.213542730131642,0.6818181818181818,0.18543046357615894,2.5688741721854305,388,0.6291390728476821,95,0.6158940397350994,0,22,3.5,,,,,,
4,2026,Ball State,Mid-American,246,46,0.04723728919803628,11.620373142716923,0.33739837398373984,1.4167354936497174,0.8888888888888888,0.21428571428571427,2.5419642857142857,285,1.0089285714285714,113,1.7410714285714286,195,16,3.625,,,,,,,270,44,0.3245174494482526,87.6197113510282,0.45185185185185184,1.4552780962608534,0.7777777777777778,0.18840579710144928,3.0101449275362318,415,1.115942028985507,154,2.13768115942029,0,24,5.041666666666667,,,,,,
4,2026,Baylor,Big 12,329,55,0.09202617899843175,30.276612890484046,0.4012158054711246,1.2626771043945284,0.7368421052631579,0.16875,2.938125,470,0.84375,135,0.51875,83,28,3.392857142857143,,,,,,,290,53,-0.11506771452268853,-33.36963721157967,0.32068965517241377,1.139479400538103,0.4,0.264,2.5032,313,0.848,106,0.552,0,24,1.9583333333333333,,,,,,
4,2026,Boise State,Pac-12,290,45,0.29514320311366316,85.59152890296232,0.5,1.1533594709235888,0.7619047619047619,0.1488095238095238,3.504166666666667,589,1.0773809523809523,181,1.4702380952380951,247,28,4.285714285714286,,,,,,,219,46,0.019355040616333623,4.238753894977063,0.3561643835616438,1.662621788848783,0.8,0.2840909090909091,2.4693181818181817,217,0.875,77,1.8181818181818181,0,24,2.6666666666666665,,,,,,
4,2026,Boston College,ACC,262,48,-0.03178524639967173,-8.327734556713994,0.3893129770992366,1.163530181972362,0.6875,0.2517985611510791,2.8467625899280575,396,1.3381294964028776,186,1.2661870503597121,176,22,3.090909090909091,,,,,,,276,46,0.0018121895071706127,0.5001643039790891,0.39492753623188404,1.2373410366856836,0.65,0.19480519480519481,3.015584415584416,464,1.0844155844155845,167,1.1883116883116882,0,23,3.391304347826087,,,,,,
4,2026,Bowling Green,Mid-American,232,45,-0.11541447210785052,-26.776157529021322,0.33620689655172414,0.9581163924687428,0.7272727272727273,0.24603174603174602,2.430952380952381,306,0.6190476190476191,78,0.38095238095238093,48,16,1.1875,,,,,,,242,42,0.22733087433479024,55.01407158901924,0.49173553719008267,1.294370808726625,0.7391304347826086,0.16891891891891891,3.4364864864864866,509,1.4594594594594594,216,2.9864864864864864,0,26,4.230769230769231,,,,,,
4,2026,Buffalo,Mid-American,306,56,0.0003070626769482482,0.09396117914616396,0.3333333333333333,1.2190083433359717,0.8,0.19230769230769232,2.703846153846154,422,0.6987179487179487,109,0.9038461538461539,141,20,4.25,,,,,,,276,55,0.11616236279887764,32.06081213249023,0.36594202898550726,1.4454634719206607,0.625,0.19230769230769232,3.039230769230769,395,1.123076923076923,146,1.5846153846153845,0,28,3.5357142857142856,,,,,,
4,2026,BYU,Big 12,187,34,0.44803842507070435,83.78318548822172,0.5989304812834224,1.1573847531361499,0.9411764705882353,0.12173913043478261,3.9521739130434783,455,1.6782608695652175,193,1.8869565217391304,217,23,5.434782608695652,,,,,,,187,33,-0.06061636019263051,-11.335259356021906,0.3689839572192513,1.1821843427834813,0.7692307692307693,0.2236842105263158,2.4105263157894736,183,0.631578947368421,48,0.4605263157894737,0,12,3.75,,,,,,
4,2026,California,ACC,278,47,0.006865854582878863,1.9087075740403239,0.4028776978417266,1.1933662731082961,0.6666666666666666,0.20512820512820512,2.818803418803419,330,0.9145299145299145,107,0.36752136752136755,43,25,2.72,,,,,,,268,49,0.014419924985766292,3.864539896185366,0.3694029850746269,1.3408408208913778,0.8888888888888888,0.1450381679389313,3.1595419847328245,414,1.083969465648855,142,2.1603053435114505,0,26,2.6153846153846154,,,,,,
4,2026,Central Michigan,Mid-American,228,41,0.00015707363778741924,0.035812789415531586,0.3508771929824561,1.195933983562599,0.8260869565217391,0.1292517006802721,3.180952380952381,468,1.0272108843537415,151,0.9387755102040817,138,16,3.0,,,,,,,264,40,0.16594769207642177,43.81019070817535,0.4734848484848485,1.1175277807603152,0.9333333333333333,0.13533834586466165,3.5338345864661656,470,1.2932330827067668,172,0.7969924812030075,0,28,3.392857142857143,,,,,,
4,2026,Charlotte,American Athletic,243,46,-0.09530680226087108,-23.159552949391674,0.36213991769547327,1.0598862867138024,0.5714285714285714,0.27884615384615385,2.3836538461538463,248,0.9038461538461539,94,1.2211538461538463,127,16,2.3125,,,,,,,284,48,0.1652303849654907,46.92542933019936,0.47183098591549294,1.1807941472630041,0.8,0.24666666666666667,2.7933333333333334,419,1.0066666666666666,151,1.2533333333333334,0,27,4.037037037037037,,,,,,
4,2026,Cincinnati,Big 12,270,47,0.3625587101785252,97.8908517482018,0.4962962962962963,1.3054500850438453,0.8333333333333334,0.1320754716981132,3.677358490566038,585,1.6037735849056605,255,2.207547169811321,351,30,5.2,,,,,,,270,45,0.10188632653613514,27.509308164756487,0.4148148148148148,1.2050266527429307,0.6666666666666666,0.17857142857142858,3.2169642857142855,360,1.2142857142857142,136,1.2142857142857142,0,19,3.9473684210526314,,,,,,
4,2026,Clemson,ACC,260,51,-0.02692659793833885,-7.000915463968101,0.3423076923076923,1.1750750803164596,0.8,0.21052631578947367,2.7639097744360903,368,1.0601503759398496,141,1.5639097744360901,208,21,3.0952380952380953,,,,,,,288,47,0.017484317483307487,5.035483435192556,0.4097222222222222,1.1883693200608125,0.7272727272727273,0.12878787878787878,3.459090909090909,457,1.4015151515151516,185,0.696969696969697,0,26,2.3461538461538463,,,,,,
4,2026,Coastal Carolina,Sun Belt,262,48,0.15748953513346295,41.262258204967296,0.4122137404580153,1.4290556129612537,0.6923076923076923,0.1774193548387097,3.4137096774193547,423,1.435483870967742,178,0.8951612903225806,111,24,3.5833333333333335,,,,,,,264,51,0.09454295826922464,24.959340983075304,0.45075757575757575,0.9393216637344015,0.8095238095238095,0.12345679012345678,3.182098765432099,516,0.8641975308641975,140,1.277777777777778,0,25,3.16,,,,,,
4,2026,Colorado,Big 12,294,51,0.0591230804472788,17.382185651499967,0.3979591836734694,1.2023639115726048,0.6190476190476191,0.14383561643835616,3.132876712328767,457,1.0,146,0.8835616438356164,129,23,2.217391304347826,,,,,,,283,52,0.0074155068222096976,2.0985884306853446,0.38162544169611307,1.2071586134840042,0.6470588235294118,0.31654676258992803,2.3697841726618707,329,1.0575539568345325,147,0.5827338129496403,0,31,2.935483870967742,,,,,,
4,2026,Colorado State,Pac-12,283,49,0.27012533205137434,76.44546897053893,0.4381625441696113,1.5117720395729728,0.8,0.20168067226890757,2.615966386554622,311,0.9327731092436975,111,2.630252100840336,313,24,4.875,,,,,,,253,50,0.16279445462347175,41.18699701973835,0.4624505928853755,1.1979105495251043,0.8888888888888888,0.15789473684210525,3.395394736842105,516,1.381578947368421,210,2.3421052631578947,0,27,4.037037037037037,,,,,,
4,2026,Delaware,Conference USA,262,50,0.03635837311996848,9.525893757431742,0.3893129770992366,1.2666365578672474,0.6470588235294118,0.20869565217391303,2.717391304347826,313,0.9478260869565217,109,0.5130434782608696,59,20,3.6,,,,,,,294,49,0.07958079761620179,23.39675449916333,0.3877551020408163,1.312462276507268,0.8333333333333334,0.14960629921259844,2.9031496062992126,369,0.9212598425196851,117,0.41732283464566927,0,25,2.8,,,,,,
4,2026,Duke,ACC,280,47,0.294948176306143,82.58548936572004,0.44642857142857145,1.3269095790530947,0.75,0.16071428571428573,3.322619047619048,558,1.4226190476190477,239,1.5178571428571428,255,31,4.67741935483871,,,,,,,235,46,-0.06413435416773869,-15.07157322941859,0.35319148936170214,1.0706329307840854,0.7,0.1717171717171717,2.6232323232323234,260,0.5151515151515151,51,0.5656565656565656,0,17,2.588235294117647,,,,,,
4,2026,East Carolina,American Athletic,242,51,0.05628616909617197,13.621252921273616,0.40082644628099173,1.1660351080207183,0.7272727272727273,0.19658119658119658,2.430769230769231,284,0.8803418803418803,103,1.6752136752136753,196,21,3.238095238095238,,,,,,,288,53,-0.017745757539749944,-5.110778171447984,0.3541666666666667,1.3129262260057688,0.5833333333333334,0.2909090909090909,2.2515151515151515,372,1.0121212121212122,167,0.7515151515151515,0,26,2.8461538461538463,,,,,,
4,2026,Eastern Michigan,Mid-American,326,56,-0.015691948431414124,-5.115575188641005,0.37116564417177916,1.1429077693263077,0.8,0.1678832116788321,2.894890510948905,397,1.0,137,0.8175182481751825,112,28,3.1785714285714284,,,,,,,332,56,0.11166864222318468,37.07398921809731,0.40963855421686746,1.2529692301068933,0.6956521739130435,0.1870967741935484,2.9696774193548388,460,1.0451612903225806,162,0.896774193548387,0,32,3.40625,,,,,,
4,2026,Florida,SEC,285,45,0.4126226036434,117.59744203836898,0.5157894736842106,1.3024360786248743,1.0,0.1329479768786127,3.2323699421965317,559,1.069364161849711,185,2.023121387283237,350,31,5.548387096774193,,,,,,,289,49,-0.03592642043915018,-10.382735506914402,0.40484429065743943,1.1456211335713724,0.7222222222222222,0.10909090909090909,3.0463636363636364,335,0.9181818181818182,101,0.4090909090909091,0,22,4.045454545454546,,,,,,
4,2026,Florida Atlantic,American Athletic,330,46,0.14234948625024457,46.97533046258071,0.43636363636363634,1.1506194104987235,0.7931034482758621,0.16666666666666666,2.746,412,0.6066666666666667,91,0.42,63,26,3.9615384615384617,,,,,,,259,46,0.20884709245406707,54.09139694560337,0.40540540540540543,1.542679050290743,0.8571428571428571,0.19083969465648856,2.8053435114503817,368,1.0381679389312977,136,1.870229007633588,0,22,4.2272727272727275,,,,,,
4,2026,Florida International,Conference USA,294,43,0.009160633238520852,2.6932261721251303,0.391156462585034,1.2069907538933642,0.7894736842105263,0.18045112781954886,2.8263157894736843,376,0.8646616541353384,115,0.3082706766917293,41,24,2.5,,,,,,,249,41,-0.003786046049119338,-0.9427254662307151,0.3373493975903614,1.1588398912972853,0.6666666666666666,0.2184873949579832,2.23109243697479,266,0.7563025210084033,90,0.24369747899159663,0,21,2.761904761904762,,,,,,
4,2026,Florida State,ACC,249,43,0.2471089473000573,61.53012787771427,0.43373493975903615,1.5262338322945705,0.5625,0.15217391304347827,3.1956521739130435,441,1.108695652173913,153,1.4710144927536233,203,26,4.884615384615385,,,,,,,276,42,0.21941918459037987,60.559694946944845,0.43478260869565216,1.3496313678774807,0.9285714285714286,0.1796875,3.01015625,385,0.984375,126,1.0859375,0,21,3.5238095238095237,,,,,,
4,2026,Fresno State,Pac-12,249,48,0.1151643838601097,28.675931581167315,0.36947791164658633,1.4282421329421429,0.5,0.265625,2.559375,328,0.9765625,125,1.890625,242,25,3.64,,,,,,,270,46,0.010281397213021468,2.7759772475157964,0.4444444444444444,1.1267273774219355,0.65,0.20833333333333334,2.9319444444444445,422,1.0486111111111112,151,1.4166666666666667,0,20,2.9,,,,,,
4,2026,Georgia,SEC,242,52,0.42514111871504806,102.88415072904164,0.5330578512396694,1.3009361261871628,0.8823529411764706,0.11904761904761904,3.6912698412698415,465,1.4285714285714286,180,2.5873015873015874,326,28,5.821428571428571,,,,,,,266,53,-0.14330711380664646,-38.11969227256795,0.3308270676691729,1.0915867971634325,0.5454545454545454,0.21551724137931033,2.030172413793103,236,0.45689655172413796,53,0.8189655172413793,0,16,3.0,,,,,,
4,2026,Georgia Southern,Sun Belt,285,46,0.10258820725545698,29.237639067805237,0.41754385964912283,1.1710175151488371,0.75,0.13761467889908258,3.0798165137614677,336,0.981651376146789,107,0.8256880733944955,90,21,3.761904761904762,,,,,,,255,46,0.08561154881046541,21.83094494666868,0.37254901960784315,1.1753901259733148,0.6666666666666666,0.25,2.5453125,326,1.015625,130,0.578125,0,24,3.6666666666666665,,,,,,
4,2026,Georgia State,Sun Belt,286,48,0.2513156708882154,71.87628187402959,0.479020979020979,1.295771495143261,0.631578947368421,0.17647058823529413,3.3006535947712417,505,1.2418300653594772,190,1.738562091503268,266,29,4.344827586206897,,,,,,,242,46,0.02446609863425589,5.920795869489925,0.38016528925619836,1.293567067031015,1.0,0.20909090909090908,3.090909090909091,340,1.3454545454545455,148,1.7454545454545456,0,22,3.2272727272727275,,,,,,
4,2026,Georgia Tech,ACC,260,42,0.14134452188810442,36.74957569090715,0.4423076923076923,1.2208778751676495,0.7058823529411765,0.20161290322580644,3.074193548387097,381,1.1129032258064515,138,1.153225806451613,143,28,3.392857142857143,,,,,,,281,44,0.1552695286200172,43.630737542224836,0.4128113879003559,1.2672318275370569,0.6842105263157895,0.17058823529411765,2.906470588235294,494,0.9647058823529412,164,0.8176470588235294,0,26,3.6538461538461537,,,,,,
4,2026,Hawai'i,Mountain West,297,45,0.041625593610402786,12.362801302289627,0.3838383838383838,1.1248847728792668,0.8,0.17525773195876287,3.138144329896907,304,1.309278350515464,127,1.5257731958762888,148,21,3.1904761904761907,,,,,,,268,45,0.21269611527765236,57.00255889441083,0.4664179104477612,1.2265552991957558,0.75,0.1103448275862069,3.4372413793103447,498,1.3310344827586207,193,1.2620689655172415,0,22,3.7727272727272725,,,,,,
4,2026,Houston,Big 12,280,42,0.4389037467900525,122.8930491012147,0.5785714285714286,1.1226958500408188,0.8571428571428571,0.09937888198757763,3.9037267080745344,629,1.5031055900621118,242,1.3229813664596273,213,31,5.129032258064516,,,,,,,246,44,0.09934363950084366,24.43853531720754,0.3943089430894309,1.3601297167430575,0.6428571428571429,0.21428571428571427,2.3183673469387753,227,0.5816326530612245,57,0.5816326530612245,0,16,4.8125,,,,,,
4,2026,Illinois,Big Ten,246,38,0.2838635684857444,69.83043784749313,0.516260162601626,1.2731488300867524,0.6666666666666666,0.11403508771929824,3.450877192982456,393,1.1666666666666667,133,1.7456140350877194,199,27,4.037037037037037,,,,,,,274,38,0.19297310502538595,52.874630776955755,0.44525547445255476,1.2692011344190495,0.782608695652174,0.20714285714285716,2.7664285714285715,387,1.0071428571428571,141,0.5285714285714286,0,22,3.8636363636363638,,,,,,
4,2026,Indiana,Big Ten,247,42,0.4206054896605618,103.88955594615878,0.5101214574898786,1.3819184765929697,0.72,0.11842105263157894,3.5065789473684212,533,1.2828947368421053,195,2.0657894736842106,314,29,5.241379310344827,,,,,,,237,43,-0.10688628739418667,-25.332050112422237,0.29957805907172996,1.4207399529810825,0.5,0.23636363636363636,2.2618181818181817,249,0.8090909090909091,89,0.6636363636363637,0,14,2.857142857142857,,,,,,
4,2026,Iowa,Big Ten,263,47,0.17226266947863822,45.30508207288185,0.4296577946768061,1.2788259382836886,0.5294117647058824,0.13178294573643412,3.4953488372093022,451,1.37984496124031,178,2.387596899224806,308,27,3.6666666666666665,,,,,,,243,50,-0.1447049947966999,-35.163313735598074,0.3004115226337449,1.0382181567882602,0.7272727272727273,0.19327731092436976,2.604201680672269,310,0.42016806722689076,50,0.31092436974789917,0,12,2.1666666666666665,,,,,,
4,2026,Iowa State,Big 12,241,46,0.11732838730981318,28.276141341664978,0.3817427385892116,1.3341665352943148,0.5833333333333334,0.19014084507042253,2.992957746478873,425,1.1126760563380282,158,1.5211267605633803,216,22,4.636363636363637,,,,,,,243,49,-0.03774599741238774,-9.172277371210221,0.37037037037037035,1.092834908105983,0.7,0.1984732824427481,2.5763358778625953,338,0.7404580152671756,97,1.0458015267175573,0,21,2.0476190476190474,,,,,,
4,2026,Jacksonville State,Conference USA,308,48,0.2039256783625617,62.809108935669,0.4805194805194805,1.1919700680154681,0.8148148148148148,0.17575757575757575,3.1224242424242425,515,1.2,198,1.0363636363636364,171,28,3.2857142857142856,,,,,,,324,47,0.038705259371239004,12.540504036281437,0.4228395061728395,1.0462276584798134,0.84,0.1711229946524064,2.9149732620320856,545,0.9411764705882353,176,1.0427807486631016,0,24,3.5,,,,,,
4,2026,James Madison,Sun Belt,269,49,0.29322941326811086,78.87871216912183,0.4758364312267658,1.2229988166501045,0.7727272727272727,0.15384615384615385,3.230769230769231,462,1.13986013986014,163,1.6573426573426573,237,32,4.5625,,,,,,,287,53,-0.1968722169622853,-56.50232626817588,0.27526132404181186,1.3802235120846753,0.8181818181818182,0.1956521739130435,2.368840579710145,327,0.6304347826086957,87,0.3188405797101449,0,23,2.4782608695652173,,,,,,
4,2026,Kansas,Big 12,220,37,0.20175641942206554,44.38641227285442,0.4409090909090909,1.4288824563386082,0.5454545454545454,0.09917355371900827,3.268595041322314,396,1.0991735537190084,133,0.5454545454545454,66,24,3.1666666666666665,,,,,,,195,39,-0.06750225191685817,-13.162939123787343,0.3076923076923077,1.2346084307154783,0.75,0.25,2.132142857142857,239,0.5625,63,0.7767857142857143,0,21,3.238095238095238,,,,,,
4,2026,Kansas State,Big 12,296,45,0.3066555233089882,90.77003489946051,0.5135135135135135,1.2147288981652262,0.7619047619047619,0.13333333333333333,3.398,510,1.34,201,2.2866666666666666,343,27,4.962962962962963,,,,,,,223,45,-0.03939382867070738,-8.784823793567744,0.30493273542600896,1.4953268179868437,0.4166666666666667,0.2558139534883721,2.5108527131782945,324,1.3488372093023255,174,1.4341085271317828,0,14,3.857142857142857,,,,,,
4,2026,Kennesaw State,Conference USA,272,45,0.09684077719214801,26.34069139626426,0.45955882352941174,1.0511684298734412,0.8181818181818182,0.19696969696969696,3.3136363636363635,437,1.303030303030303,172,1.1136363636363635,147,18,4.166666666666667,,,,,,,251,44,0.15108840921895164,37.92319071395686,0.4262948207171315,1.089390254669204,0.8571428571428571,0.19148936170212766,3.1602836879432625,446,1.24822695035461,176,0.8439716312056738,0,23,3.8260869565217392,,,,,,
4,2026,Kent State,Mid-American,246,46,-0.028066761604708078,-6.904423354758187,0.3130081300813008,1.3677693927429808,0.6153846153846154,0.22302158273381295,2.7776978417266185,386,0.8992805755395683,125,0.7338129496402878,102,19,2.8947368421052633,,,,,,,249,47,0.20070964486957016,49.97670157252297,0.4738955823293173,1.2720519322498094,0.8421052631578947,0.1557377049180328,3.189344262295082,389,1.0245901639344261,125,0.8934426229508197,0,23,5.260869565217392,,,,,,
4,2026,Kentucky,SEC,252,47,0.23582988157411575,59.42913015667717,0.5158730158730159,1.2028393571873282,0.7647058823529411,0.15555555555555556,3.46,467,1.3703703703703705,185,1.7925925925925925,242,24,4.875,,,,,,,290,45,0.015506405315718029,4.496857541558228,0.41724137931034483,1.1898726045681303,0.7777777777777778,0.168,2.8056,351,0.896,112,0.744,0,26,3.576923076923077,,,,,,
4,2026,Liberty,Conference USA,266,46,0.12380416781207514,32.93190863801199,0.462406015037594,1.1307237637447787,0.7619047619047619,0.1125,3.32375,532,1.25625,201,1.1875,190,28,3.642857142857143,,,,,,,245,44,0.039341597869576556,9.638691478046256,0.3551020408163265,1.385914318599743,0.7272727272727273,0.21138211382113822,3.01869918699187,371,1.1382113821138211,140,1.5853658536585367,0,21,2.857142857142857,,,,,,
4,2026,Louisiana,Sun Belt,273,46,0.1316892008453768,35.951151830787865,0.4249084249084249,1.1746644646175253,0.75,0.18292682926829268,3.0591463414634146,502,1.1646341463414633,191,1.2926829268292683,212,29,3.793103448275862,,,,,,,242,45,-0.16642312155664077,-40.274395416707065,0.39669421487603307,0.9843056126444863,0.46153846153846156,0.24545454545454545,2.650909090909091,292,0.9090909090909091,100,0.5363636363636364,0,11,4.454545454545454,,,,,,
4,2026,Louisiana Tech,Sun Belt,193,41,0.014770417673578454,2.850690611000642,0.33678756476683935,1.4428676625000247,0.5,0.2268041237113402,2.6484536082474226,257,0.8865979381443299,86,1.0309278350515465,100,20,4.7,,,,,,,219,43,-0.011791548685523416,-2.582349162129628,0.3470319634703196,1.305153941737421,0.6666666666666666,0.23015873015873015,2.0634920634920637,260,0.8095238095238095,102,1.007936507936508,0,18,3.7222222222222223,,,,,,
4,2026,Louisville,ACC,270,51,0.34445752450372485,93.0035316160057,0.5,1.3529614271567436,0.7222222222222222,0.19444444444444445,2.8090277777777777,405,1.1180555555555556,161,1.9444444444444444,280,28,4.392857142857143,,,,,,,286,50,0.10643224212220684,30.43962124695116,0.4020979020979021,1.2382424769784324,0.5172413793103449,0.12080536912751678,3.0208053691275167,450,0.9261744966442953,138,0.8053691275167785,0,26,3.6153846153846154,,,,,,
4,2026,LSU,SEC,318,50,0.23580042020105313,74.9845336239349,0.4779874213836478,1.2822059615849353,0.72,0.14772727272727273,3.0517045454545455,537,1.2045454545454546,212,1.0340909090909092,182,33,4.0606060606060606,,,,,,,241,52,-0.16589265060639788,-39.980128796141884,0.3029045643153527,1.1840555424357224,0.7777777777777778,0.24,2.2,220,0.85,85,0.36,0,14,3.857142857142857,,,,,,
4,2026,Marshall,Sun Belt,268,47,0.0881555190702176,23.625679110818318,0.417910447761194,1.2122594701835288,0.6842105263157895,0.2158273381294964,3.002158273381295,417,1.1151079136690647,155,0.8561151079136691,119,29,2.5517241379310347,,,,,,,269,42,0.3322744406018015,89.3818245218846,0.4721189591078067,1.3217694979067145,0.8125,0.152,3.276,410,0.96,120,1.128,0,23,4.173913043478261,,,,,,
4,2026,Maryland,Big Ten,294,50,0.13164390633133394,38.70330846141217,0.4523809523809524,1.2391446102841337,0.7142857142857143,0.23387096774193547,2.882258064516129,357,1.153225806451613,143,1.2741935483870968,158,30,3.433333333333333,,,,,,,245,47,0.02916029016547214,7.144271090540674,0.3795918367346939,1.2211145537608818,0.7058823529411765,0.2265625,2.33359375,299,0.8515625,109,1.1875,0,20,4.15,,,,,,
4,2026,Massachusetts,Mid-American,220,44,0.279587129633783,61.50916851943226,0.45,1.2370342543322186,0.55,0.14074074074074075,3.52,475,1.3333333333333333,180,1.4814814814814814,200,27,3.888888888888889,,,,,,,273,47,-0.1390494892059586,-37.9605105532267,0.3663003663003663,1.0197492021941357,0.7058823529411765,0.2184873949579832,2.5672268907563023,306,0.5126050420168067,61,0.18487394957983194,0,20,1.5,,,,,,
4,2026,Memphis,American Athletic,254,44,0.26206601300991084,66.56476730451735,0.47244094488188976,1.369827052932887,0.75,0.14788732394366197,3.4640845070422537,492,1.267605633802817,180,2.76056338028169,392,23,4.608695652173913,,,,,,,275,45,0.1795247018535912,49.369293009737575,0.41818181818181815,1.3998643995610853,0.8421052631578947,0.12686567164179105,3.388805970149254,454,1.2462686567164178,167,1.8582089552238805,0,25,3.6,,,,,,
4,2026,Miami,ACC,280,48,0.44156994541832745,123.63958471713168,0.5714285714285714,1.277780756396218,0.8125,0.12056737588652482,3.8872340425531915,548,1.5602836879432624,220,2.141843971631206,302,35,5.057142857142857,,,,,,,228,45,-0.048722737763452616,-11.108784210067197,0.32456140350877194,1.148798300609516,0.5714285714285714,0.2702702702702703,2.152702702702703,159,0.5675675675675675,42,0.2702702702702703,0,13,2.3076923076923075,,,,,,
4,2026,Miami (OH),Mid-American,235,41,0.23921339945641054,56.21514887225648,0.4297872340425532,1.4261825887036175,0.6666666666666666,0.21238938053097345,2.870796460176991,324,0.911504424778761,103,0.9646017699115044,109,22,3.909090909090909,,,,,,,260,44,0.17912977666654456,46.573741933301584,0.45,1.3157571806365698,0.7777777777777778,0.2169811320754717,2.860377358490566,303,1.0566037735849056,112,1.339622641509434,0,20,4.7,,,,,,
4,2026,Michigan,Big Ten,246,41,0.16421526546038462,40.396955303254614,0.4349593495934959,1.173524584863374,0.75,0.1267605633802817,3.1704225352112676,450,0.795774647887324,113,0.4647887323943662,66,25,3.28,,,,,,,241,43,-0.0898447710039574,-21.65258981195373,0.3112033195020747,1.1999127964530778,0.7142857142857143,0.2231404958677686,2.628099173553719,318,0.8016528925619835,97,0.19834710743801653,0,19,2.0526315789473686,,,,,,
4,2026,Michigan State,Big Ten,266,39,0.03292696477630217,8.758572630496378,0.44360902255639095,1.0821258780858587,0.7142857142857143,0.20422535211267606,2.9225352112676055,415,0.9014084507042254,128,0.6197183098591549,88,26,3.3461538461538463,,,,,,,232,39,0.15123228108672218,35.08588921211955,0.4267241379310345,1.2341667069367308,0.631578947368421,0.2601626016260163,2.759349593495935,339,1.008130081300813,124,1.008130081300813,0,20,3.6,,,,,,
4,2026,Middle Tennessee,Conference USA,247,38,0.19766982808572664,48.82444753717448,0.4251012145748988,1.1708755822401458,0.7333333333333333,0.13333333333333333,3.497142857142857,367,1.4285714285714286,150,1.0,105,22,4.181818181818182,,,,,,,239,41,0.10102003731084272,24.14378891729141,0.45188284518828453,1.1198683826265927,0.7241379310344828,0.17647058823529413,3.0926470588235295,421,1.1617647058823528,158,0.9779411764705882,0,24,2.6666666666666665,,,,,,
4,2026,Minnesota,Big Ten,266,46,0.12894365985150955,34.29901352050154,0.4699248120300752,1.0915976846870952,0.64,0.2413793103448276,2.4982758620689656,290,0.8275862068965517,96,1.353448275862069,157,32,3.5,,,,,,,230,48,0.041217842595023924,9.480103796855502,0.3695652173913043,1.204534550102037,0.5714285714285714,0.2702702702702703,2.68018018018018,298,1.009009009009009,112,0.5765765765765766,0,17,4.470588235294118,,,,,,
4,2026,Mississippi State,SEC,289,47,0.38327121073382314,110.7653799020749,0.5121107266435986,1.3196692356478494,0.8235294117647058,0.20134228187919462,3.344295302013423,498,1.3758389261744965,205,1.7248322147651007,257,31,4.645161290322581,,,,,,,292,46,0.018123058367995153,5.291933043454584,0.3732876712328767,1.1429895601280653,0.6,0.15833333333333333,2.910833333333333,349,0.725,87,0.375,0,24,3.1666666666666665,,,,,,
4,2026,Missouri,SEC,280,51,0.1991046920861861,55.74931378413211,0.4357142857142857,1.237778594341354,0.6923076923076923,0.1724137931034483,3.099310344827586,449,0.9655172413793104,140,0.696551724137931,101,36,3.7222222222222223,,,,,,,271,49,-0.003716788643732836,-1.0072497224515986,0.35424354243542433,1.412475978969476,0.8666666666666667,0.24444444444444444,2.4814814814814814,335,0.9851851851851852,133,0.6888888888888889,0,19,3.263157894736842,,,,,,
4,2026,Missouri State,Conference USA,247,42,0.10104536714618226,24.958205685107018,0.4008097165991903,1.2292095221793706,0.7142857142857143,0.16030534351145037,2.9938931297709925,392,0.9541984732824428,125,0.8625954198473282,113,19,4.368421052631579,,,,,,,296,45,0.22746053974840863,67.32831976552896,0.5168918918918919,1.0234936916528945,0.8695652173913043,0.15950920245398773,3.3319018404907976,543,1.245398773006135,203,1.165644171779141,0,32,3.96875,,,,,,
4,2026,Navy,American Athletic,207,32,0.21122821507763168,43.72424052106976,0.5120772946859904,1.1414943049502273,0.9565217391304348,0.09937888198757763,3.8248447204968943,616,1.360248447204969,219,1.763975155279503,284,16,4.75,,,,,,,179,32,0.15764720639581536,28.21884994485095,0.39106145251396646,1.4071072187745968,0.8888888888888888,0.20689655172413793,2.711494252873563,236,0.6091954022988506,53,0.47126436781609193,0,14,3.4285714285714284,,,,,,
4,2026,NC State,ACC,281,49,0.2211360632310617,62.13923376792833,0.4875444839857651,1.2088715818008906,0.84,0.14864864864864866,3.2945945945945945,488,1.1081081081081081,164,2.006756756756757,297,28,4.678571428571429,,,,,,,243,50,0.12037041552443989,29.250010972438893,0.3991769547325103,1.2500467390577739,0.7619047619047619,0.19008264462809918,2.8206611570247935,341,0.9752066115702479,118,0.6115702479338843,0,22,3.590909090909091,,,,,,
4,2026,Nebraska,Big Ten,281,41,0.41380455119747744,116.27907888649115,0.498220640569395,1.4394874375595026,0.72,0.1518987341772152,3.4075949367088607,538,1.3481012658227849,213,1.7974683544303798,284,26,5.1923076923076925,,,,,,,235,44,-0.01832216636730359,-4.305709096316344,0.3659574468085106,1.2411580159343365,0.8,0.18181818181818182,2.897520661157025,351,0.9090909090909091,110,0.6198347107438017,0,18,2.611111111111111,,,,,,
4,2026,Nevada,Mountain West,256,45,0.09346339458213704,23.926629013027082,0.4140625,1.2947367406781387,0.64,0.19718309859154928,3.2359154929577465,460,1.352112676056338,192,1.6056338028169015,228,22,4.045454545454546,,,,,,,304,47,0.14912307920175932,45.33341607733483,0.42105263157894735,1.120475603033139,0.625,0.14594594594594595,3.271891891891892,605,1.0864864864864865,201,0.6378378378378379,0,25,3.24,,,,,,
4,2026,New Mexico,Mountain West,264,48,0.16251459141953586,42.903852134757464,0.4166666666666667,1.2345745704538462,0.8888888888888888,0.14035087719298245,3.284795321637427,562,1.1812865497076024,202,1.1403508771929824,195,33,4.2727272727272725,,,,,,,237,48,-0.1458178721495771,-34.558835699449766,0.3206751054852321,1.373865169085593,0.5,0.24561403508771928,1.9166666666666667,219,0.8596491228070176,98,0.7456140350877193,0,12,2.5833333333333335,,,,,,
4,2026,New Mexico State,Conference USA,272,45,0.12131220091948079,32.99691865009878,0.4375,1.3972786327176543,0.6842105263157895,0.16806722689075632,3.0445378151260503,362,1.2184873949579833,145,1.2941176470588236,154,21,3.761904761904762,,,,,,,265,46,0.15755775719073997,41.75280565554609,0.4226415094339623,1.2299566428818016,0.8888888888888888,0.1865671641791045,3.155970149253731,423,1.0671641791044777,143,1.6791044776119404,0,26,4.346153846153846,,,,,,
4,2026,North Carolina,ACC,182,30,0.11802479265004023,21.48051226230732,0.4835164835164835,1.037750541807011,0.7777777777777778,0.125,3.871590909090909,341,1.5909090909090908,140,0.8068181818181818,71,17,4.0,,,,,,,206,32,-0.018831119059238684,-3.8792105262031686,0.3932038834951456,1.0238332099979037,0.875,0.12244897959183673,2.9397959183673468,288,0.7551020408163265,74,1.0918367346938775,0,16,2.6875,,,,,,
4,2026,North Dakota State,Mountain West,260,41,0.156824607490598,40.774397947555485,0.4,1.4137345404833734,0.6923076923076923,0.19078947368421054,2.8263157894736843,430,0.9013157894736842,137,0.9078947368421053,138,24,4.083333333333333,,,,,,,240,42,-0.15609768018813192,-37.463443245151666,0.39166666666666666,1.024351033572395,0.7142857142857143,0.1796875,2.64609375,339,0.84375,108,0.46875,0,18,1.722222222222222,,,,,,
4,2026,Northern Illinois,Mountain West,265,46,-0.1206541817533527,-31.973358164638466,0.3622641509433962,1.1902069954238734,0.7647058823529411,0.20952380952380953,2.56,269,0.9428571428571428,99,0.780952380952381,82,22,1.5454545454545454,,,,,,,268,45,0.15856388977800073,42.49512246050419,0.44402985074626866,1.3225028869796787,0.5789473684210527,0.20155038759689922,2.902325581395349,374,1.2403100775193798,160,1.4883720930232558,0,26,3.730769230769231,,,,,,
4,2026,North Texas,American Athletic,291,45,0.31863372105350196,92.72241282656907,0.5051546391752577,1.280100723700839,0.75,0.16546762589928057,3.271223021582734,455,1.2158273381294964,169,0.9640287769784173,134,31,4.419354838709677,,,,,,,254,45,0.11856322995780488,30.115060409282442,0.4448818897637795,1.225846037457078,0.7037037037037037,0.19594594594594594,2.483108108108108,368,0.9324324324324325,138,1.5067567567567568,0,24,3.875,,,,,,
4,2026,Northwestern,Big Ten,188,33,0.30448300026481795,57.242804049785775,0.4627659574468085,1.294453920932533,0.8181818181818182,0.19,2.835,284,1.12,112,1.4,140,18,5.111111111111111,,,,,,,222,34,0.08309623191400818,18.447363484909815,0.44144144144144143,1.1199703529662888,0.5909090909090909,0.14150943396226415,3.4292452830188678,364,1.0566037735849056,112,1.8867924528301887,0,19,2.4210526315789473,,,,,,
4,2026,Notre Dame,FBS Independents,258,41,0.33278256161413683,85.8579008964473,0.5155038759689923,1.115505324177074,0.7619047619047619,0.15328467153284672,2.9430656934306567,403,0.7591240875912408,104,0.6058394160583942,83,28,5.285714285714286,,,,,,,225,42,-0.11932781585244327,-26.848758566799734,0.3422222222222222,1.1379848670959163,0.7333333333333333,0.22321428571428573,2.3214285714285716,260,0.5714285714285714,64,0.22321428571428573,0,16,1.625,,,,,,
4,2026,Ohio,Mid-American,265,41,0.22259868356357693,58.98865114434789,0.44150943396226416,1.2573276583540105,0.8636363636363636,0.10067114093959731,3.565771812080537,531,1.0939597315436242,163,0.9530201342281879,142,25,4.28,,,,,,,257,40,0.2762327564711109,70.9918184130755,0.43190661478599224,1.3809726244356875,0.7619047619047619,0.20915032679738563,2.8326797385620917,433,1.065359477124183,163,1.026143790849673,0,20,5.35,,,,,,
4,2026,Ohio State,Big Ten,271,46,0.3936935013034291,106.6909388532293,0.5239852398523985,1.3415050395555912,0.782608695652174,0.16793893129770993,3.200763358778626,419,1.0458015267175573,137,1.0610687022900762,139,27,5.111111111111111,,,,,,,269,47,-0.08062273006432333,-21.687514387302976,0.35315985130111527,1.2113439846486092,0.6666666666666666,0.1935483870967742,2.7911290322580644,346,1.1774193548387097,146,0.6854838709677419,0,18,2.7777777777777777,,,,,,
4,2026,Oklahoma,SEC,255,47,-0.04522904063238055,-11.53340536125704,0.39215686274509803,1.1117720724855946,0.46153846153846156,0.2230769230769231,2.603076923076923,338,0.8,104,0.9307692307692308,121,18,3.388888888888889,,,,,,,227,48,-0.18217213262775817,-41.353074106501104,0.3039647577092511,1.2353158782344913,0.5833333333333334,0.1937984496124031,2.3635658914728683,305,0.7596899224806202,98,1.2093023255813953,0,24,2.0833333333333335,,,,,,
4,2026,Oklahoma State,Big 12,320,51,0.16143210183441845,51.6582725870139,0.490625,1.108175371954534,0.64,0.17177914110429449,3.2263803680981593,526,1.2883435582822087,210,1.3251533742331287,216,36,3.75,,,,,,,252,48,-0.02973431120798791,-7.493046424412953,0.373015873015873,1.1584523445777564,0.6111111111111112,0.16666666666666666,3.0819444444444444,444,0.9513888888888888,137,0.8819444444444444,0,24,3.0,,,,,,
4,2026,Old Dominion,Sun Belt,239,52,-0.1003869660045513,-23.992484875087758,0.30962343096234307,1.4828704323220148,0.3,0.31496062992125984,1.6125984251968504,205,1.1338582677165354,144,1.5039370078740157,191,23,2.9130434782608696,,,,,,,298,50,-0.01667735037065505,-4.969850410455205,0.3389261744966443,1.2419565580498637,0.6190476190476191,0.2229299363057325,2.388535031847134,375,0.8152866242038217,128,1.1210191082802548,0,30,3.3333333333333335,,,,,,
4,2026,Ole Miss,SEC,276,45,0.25167168162516396,69.46138412854526,0.5181159420289855,1.1622157256130825,0.76,0.17543859649122806,2.9350877192982456,335,1.0789473684210527,123,0.5789473684210527,66,28,4.75,,,,,,,276,45,0.2245004693490552,61.962129540339234,0.47101449275362317,1.1445332345829773,0.8181818181818182,0.21739130434782608,2.9,467,0.9751552795031055,157,1.3664596273291925,0,27,4.0,,,,,,
4,2026,Oregon,Big Ten,289,49,0.3282973751105438,94.87794140694716,0.47750865051903113,1.4144341938067029,0.8095238095238095,0.12213740458015267,3.3595419847328243,440,1.0458015267175573,137,0.8702290076335878,114,35,5.0285714285714285,,,,,,,268,51,-0.003303296529835803,-0.8852834699959953,0.373134328358209,1.2391364139667749,0.75,0.18487394957983194,2.6848739495798317,320,0.6890756302521008,82,0.907563025210084,0,24,3.3333333333333335,,,,,,
4,2026,Oregon State,Pac-12,273,48,0.2550130773471846,69.6185701157814,0.4249084249084249,1.4547518674764726,0.7777777777777778,0.10752688172043011,3.1978494623655913,297,0.7741935483870968,72,0.7956989247311828,74,27,4.592592592592593,,,,,,,288,48,0.09159264570317568,26.378681962514598,0.4131944444444444,1.09253689194952,0.7619047619047619,0.1347517730496454,3.041843971631206,429,0.9078014184397163,128,0.8865248226950354,0,26,3.3076923076923075,,,,,,
4,2026,Penn State,Big Ten,275,49,0.21961666378769235,60.39458254161539,0.41818181818181815,1.2991505807934227,0.7272727272727273,0.13636363636363635,2.8350649350649353,437,1.012987012987013,156,0.9675324675324676,149,30,3.966666666666667,,,,,,,241,49,-0.10284646170992028,-24.785997272090786,0.3153526970954357,1.1707435850065595,0.6666666666666666,0.2288135593220339,2.528813559322034,298,0.7711864406779662,91,0.847457627118644,0,11,3.6363636363636362,,,,,,
4,2026,Pittsburgh,ACC,292,46,0.29436393496798696,85.9542690106522,0.4965753424657534,1.2493195690476524,0.631578947368421,0.18248175182481752,3.3094890510948907,453,1.2554744525547445,172,1.3357664233576643,183,30,4.233333333333333,,,,,,,240,47,-0.1071948228174938,-25.72675747619851,0.2875,1.3794468878643993,0.5384615384615384,0.31958762886597936,1.777319587628866,172,0.8144329896907216,79,0.4845360824742268,0,16,1.6875,,,,,,
4,2026,Purdue,Big Ten,286,43,0.23652115190309195,67.6450494442843,0.46503496503496505,1.1982918041307937,0.7894736842105263,0.15873015873015872,3.026984126984127,381,0.873015873015873,110,0.5158730158730159,65,27,3.6296296296296298,,,,,,,258,42,0.35133275616513054,90.64385109060368,0.5,1.3659642219553176,0.7619047619047619,0.1510791366906475,3.3194244604316547,461,1.345323741007194,187,1.7482014388489209,0,25,5.2,,,,,,
4,2026,Rice,American Athletic,255,41,0.06919747969830564,17.645357323067937,0.4470588235294118,1.1181303414793926,0.8,0.13157894736842105,3.3526315789473684,637,1.231578947368421,234,1.6421052631578947,312,18,3.8333333333333335,,,,,,,261,40,0.13676316297091637,35.69518553540917,0.42911877394636017,1.2894367024813602,0.6470588235294118,0.18439716312056736,2.7659574468085104,390,1.021276595744681,144,1.8085106382978724,0,25,4.28,,,,,,
4,2026,Rutgers,Big Ten,274,45,0.1351379441326351,37.027796692342015,0.48175182481751827,1.3008484357582824,0.7,0.16058394160583941,3.1328467153284674,429,0.9854014598540146,135,0.9416058394160584,129,27,3.962962962962963,,,,,,,241,45,0.1490536394191173,35.921927100007274,0.43568464730290457,1.2021303791777804,0.75,0.2,3.0024,375,1.392,174,1.432,0,23,3.6521739130434785,,,,,,
4,2026,Sacramento State,Mid-American,349,61,-0.06098685135369554,-21.284411122439742,0.4183381088825215,1.0051274745930112,0.75,0.25170068027210885,2.691156462585034,396,1.0204081632653061,150,0.9591836734693877,141,29,2.5517241379310347,,,,,,,303,61,0.12514837779536842,37.91995847199663,0.35973597359735976,1.4167688855611527,0.5,0.18012422360248448,2.9118012422360247,469,0.9254658385093167,149,1.4720496894409938,0,28,3.8214285714285716,,,,,,
4,2026,Sam Houston,Conference USA,280,54,0.10163077593628513,28.456617262159835,0.4392857142857143,1.282968570198587,0.6111111111111112,0.21052631578947367,2.799122807017544,319,1.1052631578947367,126,0.5175438596491229,59,24,3.4583333333333335,,,,,,,263,53,0.06525042675854816,17.160862237498165,0.38783269961977185,1.2587754686703159,0.7368421052631579,0.20279720279720279,3.074825174825175,440,1.3146853146853148,188,1.867132867132867,0,24,2.875,,,,,,
4,2026,San Diego State,Pac-12,268,49,-0.08522068202076578,-22.839142781565233,0.34701492537313433,1.143302536745483,0.5454545454545454,0.20279720279720279,2.93986013986014,420,0.972027972027972,139,0.8671328671328671,124,23,3.4347826086956523,,,,,,,294,51,0.0970600892086255,28.535666227335895,0.4421768707482993,1.049073021585473,0.85,0.1111111111111111,3.3932098765432097,550,0.8148148148148148,132,0.46296296296296297,0,30,3.4,,,,,,
4,2026,San José State,Mountain West,283,52,0.08220884405806574,23.265102868432603,0.3957597173144876,1.2244504887603835,0.5714285714285714,0.18604651162790697,3.182170542635659,411,1.2170542635658914,157,0.7209302325581395,93,25,3.36,,,,,,,287,52,0.06609743084098561,18.96996265136287,0.4355400696864111,1.0704314495810316,0.8333333333333334,0.1693548387096774,2.9306451612903226,363,1.032258064516129,128,0.8306451612903226,0,30,3.433333333333333,,,,,,
4,2026,SMU,ACC,282,49,0.2505945394923168,70.66766013683333,0.5177304964539007,1.250407687833359,0.6521739130434783,0.16417910447761194,3.038805970149254,407,0.9253731343283582,124,1.3507462686567164,181,31,3.903225806451613,,,,,,,255,49,0.02288194543177536,5.8348960851027165,0.3607843137254902,1.3165258941517097,0.3888888888888889,0.21311475409836064,2.7016393442622952,330,1.1229508196721312,137,1.9672131147540983,0,20,3.95,,,,,,
4,2026,South Alabama,Sun Belt,308,45,0.17387843028467587,53.55455652768016,0.41883116883116883,1.301705588252744,0.7916666666666666,0.1206896551724138,3.182183908045977,554,1.0862068965517242,189,0.7183908045977011,125,27,4.296296296296297,,,,,,,218,44,0.2794913126280899,60.9291061529236,0.48623853211009177,1.4604998123440105,0.6,0.1743119266055046,3.2302752293577983,352,1.4770642201834863,161,3.4311926605504586,0,26,4.076923076923077,,,,,,
4,2026,South Carolina,SEC,296,47,0.22741348538207867,67.31439167309529,0.47635135135135137,1.227748995044518,0.7894736842105263,0.12987012987012986,3.722077922077922,573,1.344155844155844,207,2.4220779220779223,373,27,4.296296296296297,,,,,,,235,49,0.15139475122841833,35.57776653867831,0.3617021276595745,1.5563246749462596,0.6363636363636364,0.24299065420560748,2.2934579439252336,245,0.7476635514018691,80,1.1214953271028036,0,17,5.0588235294117645,,,,,,
4,2026,Southern Miss,Sun Belt,286,50,0.06280413822537298,17.96198353245667,0.43006993006993005,1.1245900900724308,0.8421052631578947,0.08955223880597014,3.582089552238806,480,1.1343283582089552,152,0.4701492537313433,63,22,4.090909090909091,,,,,,,298,52,0.12290830591227378,36.626675161857584,0.40604026845637586,1.2731007532289613,0.7058823529411765,0.18023255813953487,3.1965116279069767,550,1.1453488372093024,197,1.6453488372093024,0,25,2.96,,,,,,
4,2026,South Florida,American Athletic,233,42,0.23421825584769623,54.57285361251322,0.5150214592274678,1.149104510634511,0.8333333333333334,0.2,3.086923076923077,401,1.4230769230769231,185,1.5307692307692309,199,22,5.136363636363637,,,,,,,262,40,-0.019586743250476046,-5.131726731624724,0.4083969465648855,0.9548901611974214,0.6,0.27205882352941174,2.4338235294117645,331,0.8676470588235294,118,0.7205882352941176,0,16,3.125,,,,,,
4,2026,Stanford,ACC,272,47,0.13011729755558277,35.39190493511852,0.39338235294117646,1.248801548847813,0.7692307692307693,0.21238938053097345,2.7601769911504426,312,0.7345132743362832,83,0.6902654867256637,78,23,3.260869565217391,,,,,,,288,48,0.2809495330232194,80.91346551068719,0.4583333333333333,1.3772308807018943,0.8125,0.1450381679389313,3.2221374045801525,422,1.1908396946564885,156,1.381679389312977,0,27,5.0,,,,,,
4,2026,Syracuse,ACC,238,36,0.038377520916095254,9.133849978030671,0.39915966386554624,1.3301522483231214,0.8,0.22018348623853212,2.851376146788991,311,1.238532110091743,135,1.3119266055045873,143,26,3.5384615384615383,,,,,,,183,36,-0.12627474205293687,-23.108277795687446,0.36065573770491804,1.0874549775292308,0.75,0.23333333333333334,2.628888888888889,237,1.0888888888888888,98,1.5888888888888888,0,16,2.75,,,,,,
4,2026,TCU,Big 12,279,45,0.1743017536747533,48.63018927525617,0.46236559139784944,1.2397779030198528,0.8421052631578947,0.16417910447761194,3.029850746268657,406,1.0597014925373134,142,0.9029850746268657,121,30,3.433333333333333,,,,,,,223,45,-0.12144998899167238,-27.08334754514294,0.36771300448430494,0.9254213349664209,0.5625,0.21052631578947367,2.543859649122807,290,0.8245614035087719,94,0.3684210526315789,0,16,3.0,,,,,,
4,2026,Temple,American Athletic,246,39,0.2370807984058004,58.3218764078269,0.4349593495934959,1.3008852495026937,0.7272727272727273,0.16883116883116883,3.3279220779220777,513,1.2402597402597404,191,1.6948051948051948,261,21,3.380952380952381,,,,,,,267,41,0.2089281821128156,55.78382462412177,0.45692883895131087,1.2018661626278426,0.7692307692307693,0.1103448275862069,2.883448275862069,418,1.089655172413793,158,0.4206896551724138,0,29,3.586206896551724,,,,,,
4,2026,Tennessee,SEC,287,47,0.2236841142285554,64.1973407835954,0.4564459930313589,1.207898514661567,0.8333333333333334,0.1377245508982036,3.5401197604790418,591,1.401197604790419,234,1.74251497005988,291,26,5.3076923076923075,,,,,,,257,48,-0.0856758886483352,-22.018703382622146,0.35797665369649806,1.0637533560326713,0.75,0.19130434782608696,3.031304347826087,349,1.2695652173913043,146,0.9043478260869565,0,22,2.2272727272727275,,,,,,
4,2026,Texas,SEC,290,44,0.11041318508798613,32.01982367551597,0.45517241379310347,1.1433060036315155,0.75,0.1830065359477124,2.8176470588235296,431,1.1699346405228759,179,0.5816993464052288,89,28,4.25,,,,,,,260,46,-0.055642245301324424,-14.46698377834435,0.35,1.0937901963041747,0.7333333333333333,0.1984126984126984,2.553968253968254,322,0.9365079365079365,118,0.8888888888888888,0,21,2.1904761904761907,,,,,,
4,2026,Texas A&M,SEC,298,49,0.04287900911019924,12.777944714839375,0.4429530201342282,1.074106760444335,0.85,0.16551724137931034,3.2158620689655173,466,1.186206896551724,172,1.006896551724138,146,25,4.36,,,,,,,226,49,0.03318792868375321,7.500471882528227,0.38495575221238937,1.3073162492473576,0.7142857142857143,0.17886178861788618,2.7642276422764227,340,0.9024390243902439,111,0.8292682926829268,0,19,3.0526315789473686,,,,,,
4,2026,Texas State,Pac-12,291,46,0.30503194956536667,88.7642973235217,0.4948453608247423,1.3236959115185674,0.6666666666666666,0.1388888888888889,3.267777777777778,588,1.1333333333333333,204,2.5722222222222224,463,28,3.2142857142857144,,,,,,,321,45,0.14815469034618006,47.5576556011238,0.46105919003115264,1.222711994933702,0.5909090909090909,0.25,2.50234375,320,0.8828125,113,0.7265625,0,28,4.321428571428571,,,,,,
4,2026,Texas Tech,Big 12,277,50,0.2716926774628476,75.25887165720879,0.5054151624548736,1.1544594558533718,0.7741935483870968,0.17687074829931973,3.2863945578231295,483,1.217687074829932,179,1.1020408163265305,162,27,4.592592592592593,,,,,,,278,51,0.0027516365869861455,0.7649549711821485,0.35251798561151076,1.3764562758271992,0.6666666666666666,0.1941747572815534,2.962135922330097,305,1.116504854368932,115,0.5048543689320388,0,21,2.5714285714285716,,,,,,
4,2026,Toledo,Mid-American,264,46,0.26920705308297255,71.07066201390475,0.44696969696969696,1.5268612805080706,0.6666666666666666,0.17037037037037037,3.077037037037037,415,0.9481481481481482,128,1.162962962962963,157,29,4.551724137931035,,,,,,,289,50,-0.02341639464186099,-6.767338051497827,0.32525951557093424,1.3015912181864564,0.3888888888888889,0.20689655172413793,2.6206896551724137,380,0.7793103448275862,113,0.8206896551724138,0,24,2.875,,,,,,
4,2026,Troy,Sun Belt,292,52,0.02316723069395238,6.764831362634094,0.3801369863013699,1.3132704234201762,0.631578947368421,0.23809523809523808,2.673469387755102,393,1.1496598639455782,169,1.380952380952381,203,24,2.9583333333333335,,,,,,,242,51,0.03576781868285299,8.655812121250422,0.371900826446281,1.3182035990042773,0.6,0.25892857142857145,2.34375,263,1.0,112,1.6607142857142858,0,24,3.0,,,,,,
4,2026,Tulane,American Athletic,245,46,0.10278927336162157,25.183371973597286,0.34285714285714286,1.5134249575371927,0.75,0.21774193548387097,2.5725806451612905,319,1.032258064516129,128,2.7661290322580645,343,19,2.473684210526316,,,,,,,283,47,0.17148641914456647,48.53065661791231,0.3957597173144876,1.3057172965646036,0.7692307692307693,0.16233766233766234,3.0863636363636364,475,1.1493506493506493,177,1.3311688311688312,0,26,3.3076923076923075,,,,,,
4,2026,Tulsa,American Athletic,257,46,0.11745212329427494,30.18519568662866,0.4046692607003891,1.1418641053581682,0.9285714285714286,0.12121212121212122,3.2954545454545454,435,1.1439393939393938,151,1.8106060606060606,239,23,3.0,,,,,,,306,48,-0.0697187405885413,-21.333934620093636,0.38562091503267976,1.0352545596334677,0.6190476190476191,0.19230769230769232,2.8384615384615386,369,1.0153846153846153,132,0.3230769230769231,0,23,2.3043478260869565,,,,,,
4,2026,UAB,American Athletic,265,40,0.050417569205114886,13.360655839355445,0.4226415094339623,1.1850191816604738,0.7391304347826086,0.15894039735099338,3.137086092715232,474,0.9403973509933775,142,0.7086092715231788,107,18,2.888888888888889,,,,,,,249,41,0.05303894879946976,13.20669825106797,0.4497991967871486,1.0443123071326579,0.7037037037037037,0.1242603550295858,3.429585798816568,580,1.14792899408284,194,1.029585798816568,0,23,3.869565217391304,,,,,,
4,2026,UCF,Big 12,227,47,0.11850160845349729,26.899865118943886,0.43612334801762115,1.2064484831671314,0.8,0.171875,3.0515625,391,1.4296875,183,2.3671875,303,26,4.769230769230769,,,,,,,289,50,-0.04742976902562884,-13.707203248406735,0.34256055363321797,1.2745480395464972,0.625,0.24087591240875914,2.2905109489051094,314,0.6788321167883211,93,1.051094890510949,0,23,2.3043478260869565,,,,,,
4,2026,UCLA,Big Ten,265,52,0.28712715890422885,76.08869710962064,0.49433962264150944,1.253304393370694,0.8421052631578947,0.09554140127388536,3.9745222929936306,624,1.5668789808917196,246,2.445859872611465,384,35,4.3428571428571425,,,,,,,275,52,-0.12710062509096473,-34.952671900015304,0.32727272727272727,1.3466484258816014,0.8333333333333334,0.25,2.36484375,303,0.8359375,107,0.234375,0,18,3.0,,,,,,
4,2026,UConn,FBS Independents,260,48,0.23061112163490016,59.958891625074045,0.4346153846153846,1.421161467026787,0.6666666666666666,0.1678832116788321,3.2386861313868613,444,1.145985401459854,157,1.4671532846715327,201,24,4.625,,,,,,,290,48,0.019089011417595315,5.5358133111026415,0.38620689655172413,1.255302889472952,0.6111111111111112,0.211864406779661,2.6483050847457625,313,0.6779661016949152,80,0.3135593220338983,0,25,2.72,,,,,,
4,2026,UL Monroe,Sun Belt,271,49,-0.05219709858167966,-14.145413715635188,0.4022140221402214,1.119088950147427,0.5714285714285714,0.15151515151515152,2.9681818181818183,392,1.053030303030303,139,0.9545454545454546,126,23,2.4782608695652173,,,,,,,295,45,0.30773470735712705,90.78173867035247,0.5084745762711864,1.2145291051896507,0.7777777777777778,0.16149068322981366,3.4180124223602486,550,1.2546583850931676,202,1.6459627329192548,0,29,4.448275862068965,,,,,,
4,2026,UNLV,Mountain West,281,47,0.0529135687229341,14.868712811144484,0.38434163701067614,1.218802792211778,0.6666666666666666,0.13013698630136986,3.219178082191781,470,1.13013698630137,165,1.4794520547945205,216,22,2.9545454545454546,,,,,,,267,46,0.07570992671064915,20.214550431743323,0.4044943820224719,1.154460009886671,0.8333333333333334,0.1328125,3.60625,462,1.3046875,167,1.046875,0,23,3.4782608695652173,,,,,,
4,2026,USC,Big Ten,361,49,0.3069791509788038,110.81947350334818,0.5346260387811634,1.1871419897756952,0.7931034482758621,0.16759776536312848,3.2675977653631283,585,1.2625698324022345,226,0.6927374301675978,124,36,4.611111111111111,,,,,,,294,50,0.1911762367341543,56.20581359984136,0.4217687074829932,1.3627008216470935,0.7619047619047619,0.19285714285714287,2.587142857142857,362,0.8642857142857143,121,1.1214285714285714,0,28,4.178571428571429,,,,,,
4,2026,Utah,Big 12,274,47,0.3282820760821432,89.94928884650724,0.5072992700729927,1.3213183801964539,0.7391304347826086,0.19463087248322147,3.4791946308724833,518,1.4026845637583893,209,1.6979865771812082,253,32,4.96875,,,,,,,270,46,-0.07358512467946862,-19.867983663456528,0.31851851851851853,1.3365530299488966,0.5,0.2037037037037037,2.6324074074074075,284,0.8981481481481481,97,0.4537037037037037,0,18,2.2777777777777777,,,,,,
4,2026,Utah State,Pac-12,263,48,-0.07088933495017673,-18.643895091896482,0.3612167300380228,1.3151104107661504,0.3,0.20833333333333334,3.0741666666666667,369,1.075,129,1.1666666666666667,140,21,1.8095238095238095,,,,,,,296,49,0.020547329569709363,6.082009552633971,0.40540540540540543,1.1334625370017768,0.7368421052631579,0.216,2.6024,325,0.992,124,1.344,0,27,3.037037037037037,,,,,,
4,2026,UTEP,Mountain West,226,46,-0.17895299458457728,-40.44337677611447,0.3672566371681416,1.0920230579450803,0.5,0.24031007751937986,2.5155038759689923,325,1.0465116279069766,135,1.503875968992248,194,20,1.7,,,,,,,254,44,0.2519532316649529,63.996120842898044,0.47244094488188976,1.209405487157074,0.6666666666666666,0.22302158273381295,2.969064748201439,413,1.0071942446043165,140,0.7338129496402878,0,28,4.5,,,,,,
4,2026,UTSA,American Athletic,253,47,0.2677312353147179,67.73600253462362,0.4743083003952569,1.1110555464614322,0.85,0.1721311475409836,3.0754098360655737,375,1.0245901639344261,125,1.8278688524590163,223,24,3.5416666666666665,,,,,,,324,49,0.07673852290959778,24.86328142270968,0.43209876543209874,1.1351715792496357,0.65,0.12422360248447205,3.2801242236024843,528,1.062111801242236,171,1.4037267080745341,0,28,3.7142857142857144,,,,,,
4,2026,Vanderbilt,SEC,272,44,0.08195110538447546,22.290700664577326,0.41544117647058826,1.1804248820976369,0.7727272727272727,0.15037593984962405,3.049624060150376,406,1.0225563909774436,136,0.5338345864661654,71,25,3.12,,,,,,,254,46,-0.03888108031721505,-9.875794400572623,0.35039370078740156,1.335704318735286,0.7894736842105263,0.2,2.5391666666666666,305,1.0333333333333332,124,1.2083333333333333,0,21,2.9047619047619047,,,,,,
4,2026,Virginia,ACC,294,48,0.28396130259418323,83.48462296268987,0.47619047619047616,1.2153800243675332,0.8695652173913043,0.13333333333333333,3.37030303030303,556,1.1272727272727272,186,0.9636363636363636,159,29,4.655172413793103,,,,,,,243,49,-0.14383099968310054,-34.95093292299343,0.3333333333333333,0.9549871317399171,0.6923076923076923,0.1875,2.890625,370,0.8125,104,0.5,0,14,3.142857142857143,,,,,,
4,2026,Virginia Tech,ACC,316,47,0.2411869079751236,76.21506292013906,0.48417721518987344,1.2049350305991204,0.75,0.2,2.9941935483870967,464,1.103225806451613,171,1.2129032258064516,188,30,4.566666666666666,,,,,,,236,49,-0.030063862611655803,-7.09507157635077,0.3305084745762712,1.3088079116373943,0.5714285714285714,0.40336134453781514,0.9857142857142858,117,0.8487394957983193,101,1.3109243697478992,0,23,2.5217391304347827,,,,,,
4,2026,Wake Forest,ACC,263,43,0.2795290723573947,73.5161460299948,0.4524714828897338,1.3054103408047755,0.55,0.14634146341463414,3.138211382113821,386,1.113821138211382,137,1.1869918699186992,146,26,3.730769230769231,,,,,,,297,45,0.15994410607968132,47.50339950566535,0.468013468013468,1.053755124854973,0.7,0.21323529411764705,2.865441176470588,390,0.875,119,0.6985294117647058,0,26,3.3846153846153846,,,,,,
4,2026,Washington,Big Ten,258,48,0.15112737958888006,38.99086393393105,0.44573643410852715,1.2071784289896446,0.6153846153846154,0.22115384615384615,2.8153846153846156,293,0.8461538461538461,88,1.1346153846153846,118,29,3.8620689655172415,,,,,,,256,48,-0.14844971464098436,-38.003126948091996,0.34375,1.1611078296141866,0.3333333333333333,0.3053435114503817,2.3229007633587786,304,0.916030534351145,120,0.8854961832061069,0,23,2.608695652173913,,,,,,
4,2026,Washington State,Pac-12,244,45,-0.0366358358008768,-8.93914393541394,0.36475409836065575,1.2647698442901227,0.6,0.23387096774193547,2.7588709677419354,342,1.314516129032258,163,1.5483870967741935,192,17,3.235294117647059,,,,,,,269,50,0.023039307388030034,6.197573687380079,0.4052044609665427,1.251520290806126,0.7857142857142857,0.1791044776119403,2.955223880597015,396,1.1417910447761195,153,1.5447761194029852,0,28,3.0357142857142856,,,,,,
4,2026,Western Kentucky,Conference USA,285,51,0.00585483574608957,1.6686281876355276,0.37543859649122807,1.261485061133344,0.7142857142857143,0.2391304347826087,2.694927536231884,372,0.9927536231884058,137,0.6304347826086957,87,18,3.6666666666666665,,,,,,,258,49,0.303193128254945,78.22382708977581,0.44573643410852715,1.4598047565949013,0.85,0.14492753623188406,3.5043478260869567,484,1.2608695652173914,174,2.1666666666666665,0,26,4.961538461538462,,,,,,
4,2026,Western Michigan,Mid-American,245,43,0.09324671033035058,22.84544403093589,0.4,1.1669538657117557,0.7368421052631579,0.16666666666666666,2.869565217391304,396,0.9782608695652174,135,1.0289855072463767,142,22,4.363636363636363,,,,,,,269,42,0.09863642376200998,26.533197991980686,0.4646840148698885,1.0252938595964052,0.72,0.17218543046357615,3.0509933774834437,461,0.9205298013245033,139,0.5033112582781457,0,20,3.65,,,,,,
4,2026,West Virginia,Big 12,296,50,0.18430127129182572,54.553176302380415,0.44932432432432434,1.2051735144261047,0.72,0.13513513513513514,3.247297297297297,721,1.009009009009009,224,1.5225225225225225,338,29,4.0344827586206895,,,,,,,280,49,0.12407379192690146,34.74066173953241,0.44285714285714284,1.1805781326261697,0.7058823529411765,0.2028985507246377,2.9021739130434785,401,1.0797101449275361,149,1.1521739130434783,0,26,3.269230769230769,,,,,,
4,2026,Wisconsin,Big Ten,246,42,0.14217492369684964,34.975031229425014,0.42276422764227645,1.3906443777637447,0.5625,0.15384615384615385,2.947863247863248,345,0.811965811965812,95,1.1367521367521367,133,24,3.3333333333333335,,,,,,,259,44,-0.05066005918774398,-13.12095532962569,0.33976833976833976,1.0416128697736369,0.7222222222222222,0.10526315789473684,2.9278195488721805,389,0.7669172932330827,102,0.3157894736842105,0,19,3.473684210526316,,,,,,
4,2026,Wyoming,Mountain West,241,40,0.1562028838199938,37.64489500061851,0.4605809128630705,1.0884041679703076,1.0,0.13953488372093023,3.555813953488372,459,1.37984496124031,178,0.9534883720930233,123,24,2.9583333333333335,,,,,,,262,39,0.12337511169209131,32.324279263327924,0.44274809160305345,1.0905242728591087,0.9230769230769231,0.14482758620689656,3.263448275862069,473,1.2275862068965517,178,1.1379310344827587,0,23,2.9565217391304346,,,,,,
5,2026,Air Force,Mountain West,307,43,0.18971824112530677,58.24350002546918,0.4527687296416938,1.085243554507675,0.8235294117647058,0.10040160642570281,3.527710843373494,878,1.0923694779116466,272,0.5381526104417671,134,22,4.363636363636363,,,,,,,222,43,0.0006029415712754172,0.13385302882314262,0.3333333333333333,1.3897746329707197,0.7272727272727273,0.20512820512820512,2.9316239316239314,343,1.0085470085470085,118,1.0427350427350428,0,15,3.6,,,,,,
5,2026,Akron,Mid-American,330,58,0.05222248894007808,17.233421350225765,0.4303030303030303,1.0399541429770673,0.8125,0.13513513513513514,3.6925675675675675,547,1.3986486486486487,207,0.7905405405405406,117,26,3.6923076923076925,,,,,,,308,58,0.2827673338122517,87.09233881417353,0.4448051948051948,1.386492219418027,0.75,0.16770186335403728,3.212422360248447,517,1.1366459627329193,183,1.8074534161490683,0,29,4.103448275862069,,,,,,
5,2026,Alabama,SEC,330,58,0.3494682643119571,115.32452722294585,0.5121212121212121,1.3078783174963176,0.7894736842105263,0.18232044198895028,3.1635359116022097,573,1.2486187845303867,226,1.447513812154696,262,35,5.685714285714286,,,,,,,320,62,-0.11274465468829108,-36.07828950025314,0.34375,1.3655835365468805,0.5714285714285714,0.2602739726027397,2.0349315068493152,297,0.7191780821917808,105,0.726027397260274,0,21,3.9047619047619047,,,,,,
5,2026,App State,Sun Belt,288,48,0.2375017412396011,68.40050147700512,0.4548611111111111,1.3124452763172334,0.6666666666666666,0.23880597014925373,2.576865671641791,345,1.0223880597014925,137,1.0970149253731343,147,36,3.694444444444444,,,,,,,272,47,0.0798890370195323,21.729818069312785,0.4227941176470588,1.1322274576006577,0.8421052631578947,0.2265625,2.6203125,335,0.9375,120,0.7421875,0,22,3.7272727272727275,,,,,,
5,2026,Arizona,Big 12,359,56,0.21743295500558424,78.05843084700474,0.4958217270194986,1.1557671315348004,0.8333333333333334,0.14743589743589744,3.4743589743589745,542,1.3974358974358974,218,1.0064102564102564,157,35,4.428571428571429,,,,,,,306,52,-0.013422587107005477,-4.107311654743676,0.3431372549019608,1.4606626941184857,0.9166666666666666,0.2288135593220339,2.6601694915254237,314,0.9661016949152542,114,0.7372881355932204,0,22,2.5,,,,,,
5,2026,Arizona State,Big 12,276,52,0.024659338805448065,6.805977510303666,0.4166666666666667,1.259955996194931,0.7777777777777778,0.1865671641791045,2.8261194029850745,379,1.1343283582089552,152,1.1865671641791045,159,27,3.3703703703703702,,,,,,,271,53,0.14003066315793194,37.94830971579956,0.3800738007380074,1.378069480544152,0.6923076923076923,0.1484375,2.9359375,376,0.90625,116,1.515625,0,29,3.413793103448276,,,,,,
5,2026,Arkansas,SEC,353,55,0.014615737343640571,5.159355282305122,0.41076487252124644,1.114178386286564,0.8095238095238095,0.1891891891891892,2.6554054054054053,393,0.7905405405405406,117,0.35135135135135137,52,30,3.2666666666666666,,,,,,,300,55,0.1668779958231954,50.06339874695862,0.4266666666666667,1.1053925131519704,0.84,0.15432098765432098,3.1592592592592594,512,1.117283950617284,181,1.0987654320987654,0,28,5.071428571428571,,,,,,
5,2026,Arkansas State,Sun Belt,290,48,0.15435089780757824,44.76176036419769,0.4724137931034483,1.1530071131547588,0.72,0.15753424657534246,3.3205479452054796,485,1.1575342465753424,169,0.9452054794520548,138,28,3.5357142857142856,,,,,,,321,52,0.18821781787355665,60.417919537411684,0.4766355140186916,1.1621420996246188,0.8076923076923077,0.12698412698412698,3.5185185185185186,665,1.253968253968254,237,1.2962962962962963,0,27,3.555555555555556,,,,,,
5,2026,Army,American Athletic,273,39,0.3311863092976259,90.41386243825187,0.5311355311355311,1.0918335183515915,0.9090909090909091,0.11483253588516747,3.650239234449761,763,1.3588516746411483,284,1.9138755980861244,400,28,4.214285714285714,,,,,,,220,39,0.22961578403420732,50.515472487525614,0.45,1.301004915029064,0.8181818181818182,0.19491525423728814,3.2152542372881356,379,1.2372881355932204,146,1.7542372881355932,0,19,2.6842105263157894,,,,,,
5,2026,Auburn,SEC,351,58,0.07426725688615962,26.06780716704203,0.42165242165242167,1.2584932896651677,0.7894736842105263,0.1566265060240964,3.3210843373493977,551,1.283132530120482,213,1.6686746987951806,277,31,3.774193548387097,,,,,,,385,60,0.008064570863361042,3.1048597823940014,0.38441558441558443,1.1752586854877087,0.7333333333333333,0.16923076923076924,2.7974358974358973,546,0.7230769230769231,141,0.8051282051282052,0,29,3.2413793103448274,,,,,,
5,2026,Ball State,Mid-American,307,58,0.047172685931662274,14.482014581020318,0.34527687296416937,1.4363157126396162,0.8333333333333334,0.22627737226277372,2.5963503649635036,356,0.9854014598540146,135,1.8613138686131387,255,21,3.5714285714285716,,,,,,,357,57,0.2921916377446789,104.31241467485036,0.4425770308123249,1.428600696175892,0.8076923076923077,0.1746031746031746,3.1544973544973547,596,1.1481481481481481,217,2.232804232804233,0,34,4.647058823529412,,,,,,
5,2026,Baylor,Big 12,411,69,0.15562686752271615,63.96264255183633,0.40145985401459855,1.3701917102541488,0.7619047619047619,0.16494845360824742,2.9515463917525775,573,0.8608247422680413,167,1.1237113402061856,218,38,3.763157894736842,,,,,,,364,65,-0.10525188140842594,-38.31168483266704,0.34065934065934067,1.077126629774228,0.4,0.24183006535947713,2.656862745098039,407,0.9215686274509803,141,0.5294117647058824,0,31,2.129032258064516,,,,,,
5,2026,Boise State,Pac-12,351,54,0.30154374676769247,105.84185511546005,0.4928774928774929,1.1920806398454544,0.7777777777777778,0.13942307692307693,3.4514423076923078,718,1.0192307692307692,212,1.3653846153846154,284,34,4.4411764705882355,,,,,,,279,57,0.00016288970095104882,0.045446226565342626,0.34767025089605735,1.666236224041167,0.75,0.2719298245614035,2.587719298245614,295,0.9122807017543859,104,2.236842105263158,0,31,2.6129032258064515,,,,,,
5,2026,Boston College,ACC,327,58,0.0005698653913700051,0.18634598297799168,0.39143730886850153,1.25219600985962,0.6363636363636364,0.2619047619047619,2.743452380952381,461,1.3452380952380951,226,1.3095238095238095,220,27,2.888888888888889,,,,,,,340,57,0.015808108191269665,5.3747567850316855,0.38823529411764707,1.261554106826239,0.6521739130434783,0.22702702702702704,2.7605405405405405,511,1.037837837837838,192,1.1135135135135135,0,31,3.4193548387096775,,,,,,
5,2026,Bowling Green,Mid-American,290,54,-0.06237071160118072,-18.087506364342406,0.3689655172413793,0.982845120641303,0.7857142857142857,0.24489795918367346,2.3945578231292517,352,0.6054421768707483,89,0.3741496598639456,55,22,1.6363636363636365,,,,,,,303,52,0.18440166953372372,55.87370586871829,0.46864686468646866,1.2830482776813854,0.75,0.15254237288135594,3.458757062146893,612,1.423728813559322,252,2.5932203389830506,0,32,4.03125,,,,,,
5,2026,Buffalo,Mid-American,374,65,0.014172854761825417,5.300647680922705,0.3502673796791444,1.1880248750634237,0.7142857142857143,0.18592964824120603,2.751758793969849,548,0.7336683417085427,146,0.7487437185929648,149,25,3.8,,,,,,,337,64,0.11598996202712794,39.088617203142114,0.3857566765578635,1.3193711945481517,0.7142857142857143,0.17682926829268292,3.0792682926829267,505,1.1402439024390243,187,1.2682926829268293,0,33,3.606060606060606,,,,,,
5,2026,BYU,Big 12,250,45,0.32352678634331045,80.88169658582761,0.528,1.1472433179063248,0.8695652173913043,0.14473684210526316,3.6927631578947366,561,1.5328947368421053,233,1.5723684210526316,239,26,5.461538461538462,,,,,,,244,43,-0.06793588222124998,-16.576355261984993,0.36885245901639346,1.1950330643027196,0.6666666666666666,0.23529411764705882,2.4,245,0.7058823529411765,72,0.5686274509803921,0,16,3.4375,,,,,,
5,2026,California,ACC,361,64,-0.0070991946517639185,-2.5628092692867748,0.3850415512465374,1.288248073552838,0.5555555555555556,0.2116788321167883,2.8043795620437955,384,0.9562043795620438,131,0.49635036496350365,68,32,2.65625,,,,,,,330,65,0.04203683004000962,13.872153913203174,0.3484848484848485,1.4449035695527903,0.8947368421052632,0.15757575757575756,3.0787878787878786,508,1.0363636363636364,171,2.212121212121212,0,31,2.967741935483871,,,,,,
5,2026,Central Michigan,Mid-American,290,53,0.09572343476685843,27.759796082388945,0.38275862068965516,1.2632918595683693,0.8518518518518519,0.1256544502617801,3.385340314136126,647,1.1570680628272252,221,1.2460732984293195,238,21,3.619047619047619,,,,,,,332,52,0.16821088622233427,55.846014225814976,0.45481927710843373,1.1495314442945435,0.9,0.13855421686746988,3.616265060240964,600,1.3373493975903614,222,0.8132530120481928,0,34,3.2941176470588234,,,,,,
5,2026,Charlotte,American Athletic,281,57,-0.0878920711402916,-24.697671990421938,0.35231316725978645,1.1111331706326537,0.5714285714285714,0.272,2.276,285,0.976,122,1.664,208,19,1.9473684210526316,,,,,,,375,61,0.20575570858428463,77.15839071910673,0.496,1.1780845220352005,0.8235294117647058,0.21359223300970873,3.038349514563107,626,1.1213592233009708,231,1.1359223300970873,0,36,4.472222222222222,,,,,,
5,2026,Cincinnati,Big 12,326,56,0.2863787170739628,93.35946176611186,0.46319018404907975,1.3495867001687005,0.8148148148148148,0.13186813186813187,3.585714285714286,653,1.5,273,2.0164835164835164,367,35,4.6571428571428575,,,,,,,349,55,0.13158544957937254,45.92332190320102,0.4297994269340974,1.196923356954575,0.6842105263157895,0.19463087248322147,3.2328859060402686,482,1.25503355704698,187,1.1610738255033557,0,26,4.1923076923076925,,,,,,
5,2026,Clemson,ACC,335,62,-0.03833493827455361,-12.842204321975458,0.35522388059701493,1.207169147952001,0.75,0.20382165605095542,2.754777070063694,433,1.0063694267515924,158,1.394904458598726,219,28,2.7857142857142856,,,,,,,352,57,0.07384620573076232,25.99386441722834,0.4289772727272727,1.1831448637607025,0.72,0.11515151515151516,3.5521212121212122,586,1.3151515151515152,217,0.8303030303030303,0,32,2.75,,,,,,
5,2026,Coastal Carolina,Sun Belt,329,59,0.13752196083555834,45.2447251148987,0.4133738601823708,1.312318500297294,0.7,0.14743589743589744,3.5307692307692307,551,1.3782051282051282,215,0.9551282051282052,149,29,3.5517241379310347,,,,,,,323,64,0.12268168496333691,39.62618424315782,0.44891640866873067,1.0093446728648696,0.7692307692307693,0.14893617021276595,3.1074468085106384,584,0.898936170212766,169,1.5053191489361701,0,33,3.3333333333333335,,,,,,
5,2026,Colorado,Big 12,375,64,-0.010760721294546124,-4.035270485454796,0.3973333333333333,1.1675250292896484,0.6,0.1638418079096045,2.9649717514124294,525,0.903954802259887,160,0.7401129943502824,131,28,2.0714285714285716,,,,,,,347,64,-0.021893994071816733,-7.597215942920406,0.3688760806916426,1.197213420432267,0.5714285714285714,0.31213872832369943,2.3959537572254335,415,1.1040462427745665,191,0.9075144508670521,0,39,2.923076923076923,,,,,,
5,2026,Colorado State,Pac-12,339,59,0.2411794017479778,81.75981719256448,0.44837758112094395,1.432260358328696,0.7931034482758621,0.20408163265306123,2.701360544217687,397,0.9931972789115646,146,2.5986394557823127,382,30,4.833333333333333,,,,,,,322,60,0.2298617843505109,74.01549456086451,0.515527950310559,1.1448771777826547,0.92,0.1497326203208556,3.4566844919786095,646,1.3636363636363635,255,2.160427807486631,0,36,4.388888888888889,,,,,,
5,2026,Delaware,Conference USA,325,63,-0.0025046689855712672,-0.8140174203106619,0.37846153846153846,1.2632388705474216,0.6190476190476191,0.20863309352517986,2.7820143884892086,387,1.0,139,0.5179856115107914,72,23,3.4347826086956523,,,,,,,365,62,0.08972367580291629,32.749141668064446,0.4,1.2797294160324562,0.8823529411764706,0.1569767441860465,2.96453488372093,510,1.0232558139534884,176,0.9418604651162791,0,33,2.8181818181818183,,,,,,
5,2026,Duke,ACC,280,47,0.294948176306143,82.58548936572004,0.44642857142857145,1.3269095790530947,0.75,0.16071428571428573,3.322619047619048,558,1.4226190476190477,239,1.5178571428571428,255,31,4.67741935483871,,,,,,,235,46,-0.06413435416773869,-15.07157322941859,0.35319148936170214,1.0706329307840854,0.7,0.1717171717171717,2.6232323232323234,260,0.5151515151515151,51,0.5656565656565656,0,17,2.588235294117647,,,,,,
5,2026,East Carolina,American Athletic,242,51,0.05628616909617197,13.621252921273616,0.40082644628099173,1.1660351080207183,0.7272727272727273,0.19658119658119658,2.430769230769231,284,0.8803418803418803,103,1.6752136752136753,196,21,3.238095238095238,,,,,,,288,53,-0.017745757539749944,-5.110778171447984,0.3541666666666667,1.3129262260057688,0.5833333333333334,0.2909090909090909,2.2515151515151515,372,1.0121212121212122,167,0.7515151515151515,0,26,2.8461538461538463,,,,,,
5,2026,Eastern Michigan,Mid-American,397,65,0.047622989128286934,18.906326683929912,0.4005037783375315,1.1468021069975862,0.7428571428571429,0.17613636363636365,3.003409090909091,529,1.0568181818181819,186,0.7840909090909091,138,34,3.735294117647059,,,,,,,384,64,0.10405361291592363,39.956587359714675,0.421875,1.2203536072643906,0.7407407407407407,0.19444444444444445,2.971111111111111,535,1.0222222222222221,184,0.85,0,37,3.324324324324324,,,,,,
5,2026,Florida,SEC,350,57,0.3395795597998296,118.85284592994037,0.4857142857142857,1.2939867665656408,0.8620689655172413,0.15897435897435896,3.04,593,1.0615384615384615,207,1.882051282051282,367,34,5.352941176470588,,,,,,,357,62,0.046482641117666264,16.594302879006854,0.41456582633053224,1.235758542465533,0.7619047619047619,0.14482758620689656,2.803448275862069,407,0.8137931034482758,118,1.2551724137931033,0,29,4.103448275862069,,,,,,
5,2026,Florida Atlantic,American Athletic,384,56,0.17747308455048416,68.14966446738592,0.4479166666666667,1.2051373036578137,0.7714285714285715,0.16184971098265896,2.893063583815029,501,0.7341040462427746,127,0.5317919075144508,92,32,4.40625,,,,,,,331,60,0.1837780427180047,60.83053213965956,0.3957703927492447,1.46477869497932,0.7619047619047619,0.19653179190751446,2.765895953757225,479,0.9595375722543352,166,1.5953757225433527,0,25,4.12,,,,,,
5,2026,Florida International,Conference USA,294,43,0.009160633238520852,2.6932261721251303,0.391156462585034,1.2069907538933642,0.7894736842105263,0.18045112781954886,2.8263157894736843,376,0.8646616541353384,115,0.3082706766917293,41,24,2.5,,,,,,,249,41,-0.003786046049119338,-0.9427254662307151,0.3373493975903614,1.1588398912972853,0.6666666666666666,0.2184873949579832,2.23109243697479,266,0.7563025210084033,90,0.24369747899159663,0,21,2.761904761904762,,,,,,
5,2026,Florida State,ACC,315,56,0.26420271427961606,83.22385499807906,0.44761904761904764,1.43816619411799,0.625,0.1388888888888889,3.408888888888889,614,1.2166666666666668,219,1.6555555555555557,298,32,4.9375,,,,,,,349,55,0.11286304651208463,39.38920323271754,0.4040114613180516,1.2817364285016135,0.8333333333333334,0.1910828025477707,2.972611464968153,467,0.9554140127388535,150,0.9044585987261147,0,27,3.0,,,,,,
5,2026,Fresno State,Pac-12,317,62,0.10743725206232169,34.05760890375598,0.3785488958990536,1.3274177590344092,0.47058823529411764,0.2654320987654321,2.508641975308642,406,0.9259259259259259,150,1.6975308641975309,275,32,3.65625,,,,,,,331,60,-0.0714219849208217,-23.640677008791982,0.40483383685800606,1.1152939919395106,0.6363636363636364,0.2147239263803681,2.884662576687117,470,1.0061349693251533,164,1.2760736196319018,0,22,2.909090909090909,,,,,,
5,2026,Georgia,SEC,311,62,0.43563847438019077,135.48356553223934,0.5434083601286174,1.265978648377438,0.8333333333333334,0.11949685534591195,3.5955974842767295,572,1.3270440251572326,211,2.389937106918239,380,35,5.742857142857143,,,,,,,316,62,-0.09595725576085787,-30.322492820431087,0.3322784810126582,1.1855324986260802,0.6153846153846154,0.20863309352517986,2.1884892086330936,304,0.5179856115107914,72,0.7338129496402878,0,19,2.8947368421052633,,,,,,
5,2026,Georgia Southern,Sun Belt,344,59,0.12762930909269696,43.904482327887756,0.42151162790697677,1.1994950612670616,0.7142857142857143,0.17037037037037037,2.9955555555555557,404,1.0074074074074073,136,1.2296296296296296,166,29,3.793103448275862,,,,,,,322,57,0.08016587533105617,25.813411856600084,0.38198757763975155,1.1040599333990364,0.6842105263157895,0.20625,2.833125,453,1.04375,167,0.7,0,29,3.6206896551724137,,,,,,
5,2026,Georgia State,Sun Belt,357,63,0.23679524083731357,84.53590097892094,0.47058823529411764,1.2868309319416285,0.65,0.17766497461928935,3.268020304568528,644,1.1928934010152283,235,1.4314720812182742,282,35,4.6,,,,,,,306,59,-0.04754557124723901,-14.548944801655137,0.35294117647058826,1.1976256827600864,1.0,0.24113475177304963,2.7560283687943263,389,1.2765957446808511,180,1.4680851063829787,0,27,2.740740740740741,,,,,,
5,2026,Georgia Tech,ACC,260,42,0.14134452188810442,36.74957569090715,0.4423076923076923,1.2208778751676495,0.7058823529411765,0.20161290322580644,3.074193548387097,381,1.1129032258064515,138,1.153225806451613,143,28,3.392857142857143,,,,,,,281,44,0.1552695286200172,43.630737542224836,0.4128113879003559,1.2672318275370569,0.6842105263157895,0.17058823529411765,2.906470588235294,494,0.9647058823529412,164,0.8176470588235294,0,26,3.6538461538461537,,,,,,
5,2026,Hawai'i,Mountain West,362,57,0.03656794262500406,13.23759523025147,0.38950276243093923,1.1419161557005864,0.7647058823529411,0.175,3.16,379,1.225,147,1.3083333333333333,157,27,2.814814814814815,,,,,,,331,56,0.20252387017107337,67.03540102662528,0.4471299093655589,1.1941015317991748,0.75,0.13559322033898305,3.2519774011299436,576,1.1242937853107344,199,1.033898305084746,0,28,3.6785714285714284,,,,,,
5,2026,Houston,Big 12,358,54,0.34508764798193314,123.54137797753206,0.5614525139664804,1.0493213576761087,0.8205128205128205,0.1073170731707317,3.7009756097560977,759,1.3073170731707318,268,1.1268292682926828,231,40,4.65,,,,,,,307,56,0.09389749142056716,28.82652986611412,0.3745928338762215,1.4241213276147087,0.5882352941176471,0.23076923076923078,2.3213675213675216,272,0.6153846153846154,72,0.717948717948718,0,19,4.947368421052632,,,,,,
5,2026,Illinois,Big Ten,312,47,0.24208224324437366,75.52965989224458,0.4967948717948718,1.2978250849853328,0.7058823529411765,0.11428571428571428,3.4571428571428573,484,1.1928571428571428,167,1.5357142857142858,215,33,3.8181818181818183,,,,,,,336,48,0.21266469420471257,71.45533725278342,0.44642857142857145,1.2695353038281467,0.75,0.2138728323699422,2.6144508670520232,452,0.9421965317919075,163,0.4624277456647399,0,29,3.7241379310344827,,,,,,
5,2026,Indiana,Big Ten,316,54,0.4446190066767257,140.49960610984533,0.5189873417721519,1.3713292715915317,0.7241379310344828,0.12105263157894737,3.5957894736842104,683,1.4052631578947368,267,2.3947368421052633,455,38,5.2631578947368425,,,,,,,294,55,-0.09191655569146918,-27.023467373291943,0.29591836734693877,1.4672212893523198,0.42105263157894735,0.2553191489361702,2.1609929078014183,305,0.7092198581560284,100,0.6312056737588653,0,15,3.1333333333333333,,,,,,
5,2026,Iowa,Big Ten,317,57,0.12795833470760848,40.56279210231189,0.42586750788643535,1.2496216027265061,0.5789473684210527,0.1476510067114094,3.263758389261745,486,1.2818791946308725,191,2.0738255033557045,309,30,3.7333333333333334,,,,,,,317,60,-0.06356294591887149,-20.149453856282264,0.3438485804416404,1.093350764369813,0.7647058823529411,0.1901840490797546,2.7006134969325153,440,0.5705521472392638,93,0.2883435582822086,0,18,2.7777777777777777,,,,,,
5,2026,Iowa State,Big 12,319,60,0.17086678384556256,54.506504046734456,0.4106583072100313,1.3242277382918588,0.631578947368421,0.19786096256684493,3.023529411764706,565,1.1283422459893049,211,1.6737967914438503,313,30,4.9,,,,,,,307,63,0.04634553454396122,14.228079104996095,0.38762214983713356,1.237662222615276,0.6666666666666666,0.1871345029239766,2.8461988304093566,487,1.0,171,1.4736842105263157,0,27,2.888888888888889,,,,,,
5,2026,Jacksonville State,Conference USA,308,48,0.2039256783625617,62.809108935669,0.4805194805194805,1.1919700680154681,0.8148148148148148,0.17575757575757575,3.1224242424242425,515,1.2,198,1.0363636363636364,171,28,3.2857142857142856,,,,,,,324,47,0.038705259371239004,12.540504036281437,0.4228395061728395,1.0462276584798134,0.84,0.1711229946524064,2.9149732620320856,545,0.9411764705882353,176,1.0427807486631016,0,24,3.5,,,,,,
5,2026,James Madison,Sun Belt,335,61,0.3271741244075479,109.60333167652854,0.48955223880597015,1.224186777978688,0.72,0.1348314606741573,3.3820224719101124,602,1.2134831460674158,216,2.2808988764044944,406,38,4.657894736842105,,,,,,,369,66,-0.09527398619431632,-35.15610090570272,0.3224932249322493,1.287012172817662,0.75,0.1746987951807229,2.610240963855422,433,0.7409638554216867,123,0.3614457831325301,0,29,2.5517241379310347,,,,,,
5,2026,Kansas,Big 12,305,49,0.29522931846073586,90.04494213052443,0.5016393442622951,1.3175015450606857,0.6666666666666666,0.08379888268156424,3.7368715083798882,669,1.3743016759776536,246,1.089385474860335,195,34,3.8529411764705883,,,,,,,238,51,-0.14047589281545378,-33.433262490078,0.2815126050420168,1.2771864784234672,0.75,0.2755905511811024,2.063779527559055,262,0.5905511811023622,75,0.8976377952755905,0,23,2.9565217391304346,,,,,,
5,2026,Kansas State,Big 12,296,45,0.3066555233089882,90.77003489946051,0.5135135135135135,1.2147288981652262,0.7619047619047619,0.13333333333333333,3.398,510,1.34,201,2.2866666666666666,343,27,4.962962962962963,,,,,,,223,45,-0.03939382867070738,-8.784823793567744,0.30493273542600896,1.4953268179868437,0.4166666666666667,0.2558139534883721,2.5108527131782945,324,1.3488372093023255,174,1.4341085271317828,0,14,3.857142857142857,,,,,,
5,2026,Kennesaw State,Conference USA,272,45,0.09684077719214801,26.34069139626426,0.45955882352941174,1.0511684298734412,0.8181818181818182,0.19696969696969696,3.3136363636363635,437,1.303030303030303,172,1.1136363636363635,147,18,4.166666666666667,,,,,,,251,44,0.15108840921895164,37.92319071395686,0.4262948207171315,1.089390254669204,0.8571428571428571,0.19148936170212766,3.1602836879432625,446,1.24822695035461,176,0.8439716312056738,0,23,3.8260869565217392,,,,,,
5,2026,Kent State,Mid-American,314,55,-0.0365380161160959,-11.472937060454115,0.3343949044585987,1.2671318962969498,0.55,0.20958083832335328,2.701197604790419,451,0.8263473053892215,138,0.6107784431137725,102,26,2.5,,,,,,,304,57,0.14703400968854735,44.69833894531839,0.47368421052631576,1.1654506890287342,0.7692307692307693,0.16049382716049382,3.169753086419753,514,1.1419753086419753,185,0.9506172839506173,0,29,4.620689655172414,,,,,,
5,2026,Kentucky,SEC,330,60,0.22484143633521556,74.19767399062113,0.5121212121212121,1.1461220148425448,0.75,0.15384615384615385,3.404733727810651,575,1.2603550295857988,213,1.4970414201183433,253,32,4.5,,,,,,,367,58,0.030200984886286936,11.083761453267305,0.4332425068119891,1.159961023534726,0.7391304347826086,0.16352201257861634,2.943396226415094,468,0.9433962264150944,150,1.0440251572327044,0,32,3.75,,,,,,
5,2026,Liberty,Conference USA,337,59,0.12547268785434154,42.2842958069131,0.4599406528189911,1.1374117300614055,0.8076923076923077,0.12682926829268293,3.2829268292682925,673,1.2682926829268293,260,1.4585365853658536,299,36,3.4722222222222223,,,,,,,308,57,-0.0022766873366758035,-0.7012196996961475,0.35064935064935066,1.3588518323430672,0.6666666666666666,0.2108843537414966,3.0306122448979593,446,1.1564625850340136,170,1.4149659863945578,0,24,2.7916666666666665,,,,,,
5,2026,Louisiana,Sun Belt,338,55,0.16329468108561884,55.19360220693917,0.4526627218934911,1.1097734056633246,0.8095238095238095,0.1650485436893204,3.2451456310679614,669,1.2621359223300972,260,1.2184466019417477,251,35,3.8,,,,,,,297,53,-0.10494057975007327,-31.16735218577176,0.4006734006734007,1.0224919838022442,0.4666666666666667,0.24060150375939848,2.7203007518796993,362,0.8646616541353384,115,0.47368421052631576,0,16,4.3125,,,,,,
5,2026,Louisiana Tech,Sun Belt,251,51,0.09060547715327524,22.741974765472087,0.3705179282868526,1.443268514258173,0.6363636363636364,0.2230769230769231,2.753846153846154,358,0.9153846153846154,119,1.6846153846153846,219,27,4.111111111111111,,,,,,,290,52,0.0484579889638856,14.052816799526823,0.3793103448275862,1.3030928192975675,0.7368421052631579,0.21764705882352942,2.302941176470588,392,0.8764705882352941,149,1.388235294117647,0,24,3.6666666666666665,,,,,,
5,2026,Louisville,ACC,324,62,0.3260486315572566,105.63975662455114,0.49691358024691357,1.37743517803795,0.6363636363636364,0.20481927710843373,2.8656626506024097,476,1.2590361445783134,209,2.5903614457831323,430,34,4.235294117647059,,,,,,,372,62,0.1425504018159328,53.028749475527,0.40053763440860213,1.2798779623064211,0.5757575757575758,0.11578947368421053,2.9442105263157896,559,0.8736842105263158,166,0.6421052631578947,0,36,3.444444444444444,,,,,,
5,2026,LSU,SEC,420,64,0.28097857715094726,118.01100240339785,0.5023809523809524,1.2435065014509394,0.7297297297297297,0.13973799126637554,3.2026200873362445,733,1.2314410480349345,282,1.314410480349345,301,43,4.4186046511627906,,,,,,,290,66,-0.16235973673317633,-47.08432365262114,0.29310344827586204,1.216171394832916,0.7272727272727273,0.25196850393700787,2.0866141732283463,265,0.7795275590551181,99,0.7637795275590551,0,14,3.857142857142857,,,,,,
5,2026,Marshall,Sun Belt,350,60,0.12849115563797564,44.971904473291474,0.4342857142857143,1.1834858669155768,0.6666666666666666,0.19161676646706588,3.135928143712575,524,1.1437125748502994,191,0.8083832335329342,135,35,2.6,,,,,,,335,54,0.35852669859489944,120.10644402929131,0.48656716417910445,1.3011503637511914,0.7368421052631579,0.13125,3.434375,550,1.08125,173,1.9375,0,29,4.379310344827586,,,,,,
5,2026,Maryland,Big Ten,364,66,0.07255543353442674,26.410177806531333,0.4230769230769231,1.282057527887611,0.7142857142857143,0.20945945945945946,2.9567567567567568,438,1.1689189189189189,173,1.4121621621621623,209,37,3.027027027027027,,,,,,,322,61,0.07057874019000061,22.726354341180198,0.40372670807453415,1.2039554365903475,0.7222222222222222,0.2037037037037037,2.6141975308641974,424,1.0123456790123457,164,1.3518518518518519,0,28,4.464285714285714,,,,,,
5,2026,Massachusetts,Mid-American,272,52,0.2367344362538589,64.39176666104962,0.45955882352941174,1.1980788820894672,0.625,0.15625,3.435625,550,1.2625,202,1.3375,214,32,3.71875,,,,,,,344,56,-0.04051921128097611,-13.938608680655783,0.4011627906976744,1.0581493850981634,0.6666666666666666,0.21518987341772153,2.768987341772152,438,0.6962025316455697,110,0.3037974683544304,0,26,2.6153846153846154,,,,,,
5,2026,Memphis,American Athletic,345,57,0.28057312664760786,96.79772869342472,0.4985507246376812,1.3097473937049489,0.8095238095238095,0.1414141414141414,3.529292929292929,699,1.3131313131313131,260,2.212121212121212,438,32,4.9375,,,,,,,313,56,0.1528152522961895,47.83117396870731,0.402555910543131,1.4104491794551026,0.8421052631578947,0.14193548387096774,3.1658064516129034,491,1.2580645161290323,195,2.129032258064516,0,28,3.2142857142857144,,,,,,
5,2026,Miami,ACC,344,58,0.4203429235440915,144.59796569916747,0.561046511627907,1.2584052626118398,0.7894736842105263,0.10919540229885058,3.8942528735632185,678,1.4482758620689655,252,1.9942528735632183,347,41,4.975609756097561,,,,,,,303,56,-0.055940835208166846,-16.950073068074555,0.3432343234323432,1.1931011606079558,0.5833333333333334,0.24489795918367346,2.2877551020408164,224,0.6020408163265306,59,0.3163265306122449,0,20,2.15,,,,,,
5,2026,Miami (OH),Mid-American,296,51,0.19282021335120111,57.07478315195553,0.4189189189189189,1.3887675052528525,0.6923076923076923,0.18309859154929578,3.0140845070422535,428,0.9788732394366197,139,0.8873239436619719,126,28,3.75,,,,,,,318,53,0.17378111037100785,55.2623930979805,0.4591194968553459,1.2628420508940832,0.8095238095238095,0.2204724409448819,2.747244094488189,349,0.968503937007874,123,1.1732283464566928,0,26,4.269230769230769,,,,,,
5,2026,Michigan,Big Ten,297,51,0.09201113733312004,27.32730778793665,0.42424242424242425,1.1458666743720982,0.75,0.1317365269461078,3.1610778443113774,528,0.8203592814371258,137,0.437125748502994,73,29,3.0689655172413794,,,,,,,307,55,-0.11495592551028512,-35.29146913165753,0.3257328990228013,1.1422151068439668,0.6666666666666666,0.2236024844720497,2.481366459627329,400,0.7453416149068323,120,0.30434782608695654,0,27,1.9259259259259258,,,,,,
5,2026,Michigan State,Big Ten,345,50,-0.05011743180528575,-17.290513972823586,0.4260869565217391,1.0122697677474677,0.7037037037037037,0.18478260869565216,2.9027173913043476,534,0.8097826086956522,149,0.4782608695652174,88,30,3.0,,,,,,,296,50,0.17571281192815832,52.010992330734865,0.40202702702702703,1.3404679196879485,0.6818181818181818,0.21818181818181817,2.9006060606060604,479,1.0,165,1.1151515151515152,0,24,3.7083333333333335,,,,,,
5,2026,Middle Tennessee,Conference USA,290,50,0.0984624971409787,28.55412417088382,0.38620689655172413,1.2003296816665974,0.7333333333333333,0.175,3.254166666666667,391,1.35,162,1.1,132,24,3.8333333333333335,,,,,,,324,53,0.215439255478276,69.80231877496142,0.5061728395061729,1.1214751430067802,0.75,0.13917525773195877,3.577319587628866,694,1.3969072164948455,271,1.3505154639175259,0,34,3.5,,,,,,
5,2026,Minnesota,Big Ten,332,58,0.0622293198819209,20.66013420079774,0.45180722891566266,1.071185076908685,0.6363636363636364,0.23717948717948717,2.380128205128205,371,0.7628205128205128,119,1.1666666666666667,182,40,3.125,,,,,,,281,58,-0.012774176934030103,-3.5895437184624592,0.3701067615658363,1.1653606456651586,0.6111111111111112,0.25,2.7588235294117647,375,1.0,136,0.5220588235294118,0,21,3.9523809523809526,,,,,,
5,2026,Mississippi State,SEC,360,60,0.2752330671414623,99.08390417092642,0.48055555555555557,1.3182207311418692,0.7727272727272727,0.2215909090909091,3.0329545454545457,534,1.2215909090909092,215,1.5738636363636365,277,35,4.6,,,,,,,355,57,0.09409259051206775,33.40286963178405,0.4112676056338028,1.1633233220586756,0.625,0.13725490196078433,3.130718954248366,479,0.8431372549019608,129,0.5490196078431373,0,31,4.032258064516129,,,,,,
5,2026,Missouri,SEC,348,64,0.2377194027875097,82.72635217005337,0.4396551724137931,1.306297909586232,0.75,0.18888888888888888,2.893333333333333,521,0.8722222222222222,157,1.3222222222222222,238,43,3.813953488372093,,,,,,,336,61,0.0007385540747612602,0.24815416911978344,0.3541666666666667,1.3791373171375807,0.7142857142857143,0.2611464968152866,2.347770700636943,369,0.9872611464968153,155,0.7006369426751592,0,22,3.2727272727272725,,,,,,
5,2026,Missouri State,Conference USA,247,42,0.10104536714618226,24.958205685107018,0.4008097165991903,1.2292095221793706,0.7142857142857143,0.16030534351145037,2.9938931297709925,392,0.9541984732824428,125,0.8625954198473282,113,19,4.368421052631579,,,,,,,296,45,0.22746053974840863,67.32831976552896,0.5168918918918919,1.0234936916528945,0.8695652173913043,0.15950920245398773,3.3319018404907976,543,1.245398773006135,203,1.165644171779141,0,32,3.96875,,,,,,
5,2026,Navy,American Athletic,256,43,0.16834683368329506,43.096789422923536,0.46875,1.1502601508636117,0.96,0.11052631578947368,3.718947368421053,707,1.2842105263157895,244,1.5578947368421052,296,20,4.3,,,,,,,253,43,0.06779733872170056,17.152726696590243,0.37549407114624506,1.3253997134015298,0.8823529411764706,0.2054794520547945,2.6404109589041096,386,0.6643835616438356,97,0.3150684931506849,0,17,3.6470588235294117,,,,,,
5,2026,NC State,ACC,367,61,0.23086747138012037,84.72836199650418,0.4659400544959128,1.2509902820927428,0.8620689655172413,0.13756613756613756,3.1582010582010582,597,1.0158730158730158,192,1.582010582010582,299,38,4.2368421052631575,,,,,,,297,61,0.14103109757907178,41.886235980984324,0.41414141414141414,1.3038358104597854,0.68,0.20279720279720279,2.8846153846153846,413,1.1608391608391608,166,1.5664335664335665,0,28,3.5714285714285716,,,,,,
5,2026,Nebraska,Big Ten,358,55,0.3683272685394712,131.8611621371307,0.49441340782122906,1.3812361272051612,0.7307692307692307,0.14583333333333334,3.4541666666666666,663,1.3958333333333333,268,1.828125,351,34,5.205882352941177,,,,,,,305,60,-0.05442242541376125,-16.598839751197183,0.35081967213114756,1.302525378479021,0.8,0.16551724137931034,2.9710344827586206,431,0.9655172413793104,140,0.8689655172413793,0,25,2.24,,,,,,
5,2026,Nevada,Mountain West,256,45,0.09346339458213704,23.926629013027082,0.4140625,1.2947367406781387,0.64,0.19718309859154928,3.2359154929577465,460,1.352112676056338,192,1.6056338028169015,228,22,4.045454545454546,,,,,,,304,47,0.14912307920175932,45.33341607733483,0.42105263157894735,1.120475603033139,0.625,0.14594594594594595,3.271891891891892,605,1.0864864864864865,201,0.6378378378378379,0,25,3.24,,,,,,
5,2026,New Mexico,Mountain West,331,58,0.19095419775573078,63.20583945714688,0.43202416918429004,1.2600191315487879,0.8461538461538461,0.1320754716981132,3.2740566037735848,694,1.1273584905660377,239,1.2877358490566038,273,41,4.195121951219512,,,,,,,291,61,-0.17724573329870952,-51.578508389924465,0.3127147766323024,1.458420513732193,0.5384615384615384,0.2465753424657534,2.0883561643835615,305,0.910958904109589,133,1.1575342465753424,0,15,1.6,,,,,,
5,2026,New Mexico State,Conference USA,333,58,0.09032356356537821,30.077746667270944,0.42042042042042044,1.4266604571936459,0.7,0.16447368421052633,3.0631578947368423,466,1.2171052631578947,185,1.5592105263157896,237,29,3.655172413793103,,,,,,,340,60,0.07674571607938381,26.093543466990496,0.40294117647058825,1.2276199554222154,0.8333333333333334,0.1949685534591195,3.0044025157232706,478,1.0,159,1.4150943396226414,0,31,4.064516129032258,,,,,,
5,2026,North Carolina,ACC,233,39,0.12978442357527237,30.239770693038462,0.4592274678111588,1.1127271002628332,0.7777777777777778,0.15454545454545454,3.7209090909090907,409,1.4545454545454546,160,0.6636363636363637,73,20,4.45,,,,,,,284,42,0.06086003873840658,17.284251001707467,0.43661971830985913,1.0187963489594314,0.8636363636363636,0.11188811188811189,3.260839160839161,466,0.8811188811188811,126,0.9230769230769231,0,24,3.375,,,,,,
5,2026,North Dakota State,Mountain West,330,52,0.16783493464288166,55.38552843215094,0.42424242424242425,1.306751352806306,0.75,0.19072164948453607,2.9829896907216495,579,1.0824742268041236,210,0.9123711340206185,177,30,4.166666666666667,,,,,,,291,54,-0.18178815740013113,-52.90035380343816,0.3745704467353952,1.0015863297820013,0.7083333333333334,0.16875,2.720625,435,0.80625,129,0.4125,0,19,1.631578947368421,,,,,,
5,2026,Northern Illinois,Mountain West,265,46,-0.1206541817533527,-31.973358164638466,0.3622641509433962,1.1902069954238734,0.7647058823529411,0.20952380952380953,2.56,269,0.9428571428571428,99,0.780952380952381,82,22,1.5454545454545454,,,,,,,268,45,0.15856388977800073,42.49512246050419,0.44402985074626866,1.3225028869796787,0.5789473684210527,0.20155038759689922,2.902325581395349,374,1.2403100775193798,160,1.4883720930232558,0,26,3.730769230769231,,,,,,
5,2026,North Texas,American Athletic,377,61,0.28019999731155437,105.635398986456,0.48010610079575594,1.3267510955924169,0.6470588235294118,0.18478260869565216,3.008695652173913,554,1.108695652173913,204,1.2717391304347827,234,39,4.487179487179487,,,,,,,335,60,0.1319734553370061,44.21110753789705,0.43582089552238806,1.2194330404996205,0.6875,0.18032786885245902,2.6579234972677597,486,0.9180327868852459,168,1.284153005464481,0,30,4.366666666666667,,,,,,
5,2026,Northwestern,Big Ten,258,46,0.28858030463766776,74.45371859651827,0.4883720930232558,1.2601102727368148,0.75,0.1895424836601307,3.1065359477124184,475,1.3660130718954249,209,1.9869281045751634,304,27,4.666666666666667,,,,,,,287,46,0.0663375134018414,19.038866346328483,0.4425087108013937,1.0934431464507535,0.64,0.16535433070866143,3.237007874015748,411,0.952755905511811,121,1.5748031496062993,0,22,2.7272727272727275,,,,,,
5,2026,Notre Dame,FBS Independents,336,51,0.3185159595963034,107.02136242435795,0.5238095238095238,1.0895594623675577,0.7777777777777778,0.13736263736263737,3.1945054945054947,581,0.8571428571428571,156,0.5934065934065934,108,36,5.166666666666667,,,,,,,276,51,-0.06554166715966883,-18.089500136068597,0.34782608695652173,1.2017144459947056,0.7333333333333333,0.23134328358208955,2.452238805970149,329,0.6268656716417911,84,0.20149253731343283,0,19,2.473684210526316,,,,,,
5,2026,Ohio,Mid-American,320,51,0.16784465161607284,53.71028851714331,0.446875,1.152658092601954,0.7931034482758621,0.1164021164021164,3.469312169312169,656,1.17989417989418,223,0.9894179894179894,187,31,3.870967741935484,,,,,,,325,49,0.20437939909962946,66.42330470737957,0.4276923076923077,1.3022918502326009,0.6785714285714286,0.19889502762430938,2.7535911602209944,498,0.9723756906077348,176,0.8674033149171271,0,27,4.333333333333333,,,,,,
5,2026,Ohio State,Big Ten,345,56,0.3527675325581018,121.70479873254511,0.5159420289855072,1.313927098245284,0.7931034482758621,0.17142857142857143,3.1405714285714286,550,1.0285714285714287,180,0.8514285714285714,149,33,4.909090909090909,,,,,,,323,57,-0.08182601968381716,-26.429804357872943,0.3622291021671827,1.1903355887490543,0.7,0.2013888888888889,2.649305555555556,382,1.1041666666666667,159,0.5972222222222222,0,21,3.0,,,,,,
5,2026,Oklahoma,SEC,255,47,-0.04522904063238055,-11.53340536125704,0.39215686274509803,1.1117720724855946,0.46153846153846156,0.2230769230769231,2.603076923076923,338,0.8,104,0.9307692307692308,121,18,3.388888888888889,,,,,,,227,48,-0.18217213262775817,-41.353074106501104,0.3039647577092511,1.2353158782344913,0.5833333333333334,0.1937984496124031,2.3635658914728683,305,0.7596899224806202,98,1.2093023255813953,0,24,2.0833333333333335,,,,,,
5,2026,Oklahoma State,Big 12,320,51,0.16143210183441845,51.6582725870139,0.490625,1.108175371954534,0.64,0.17177914110429449,3.2263803680981593,526,1.2883435582822087,210,1.3251533742331287,216,36,3.75,,,,,,,252,48,-0.02973431120798791,-7.493046424412953,0.373015873015873,1.1584523445777564,0.6111111111111112,0.16666666666666666,3.0819444444444444,444,0.9513888888888888,137,0.8819444444444444,0,24,3.0,,,,,,
5,2026,Old Dominion,Sun Belt,303,65,-0.14674001830439876,-44.46222554623282,0.297029702970297,1.3340868395896117,0.36363636363636365,0.3227848101265823,1.6037974683544305,253,1.1139240506329113,176,1.3037974683544304,206,28,2.5,,,,,,,369,65,0.020839481556737514,7.689768694436142,0.35772357723577236,1.2432160158682048,0.6363636363636364,0.21393034825870647,2.5562189054726367,514,0.8606965174129353,173,0.9552238805970149,0,36,3.75,,,,,,
5,2026,Ole Miss,SEC,276,45,0.25167168162516396,69.46138412854526,0.5181159420289855,1.1622157256130825,0.76,0.17543859649122806,2.9350877192982456,335,1.0789473684210527,123,0.5789473684210527,66,28,4.75,,,,,,,276,45,0.2245004693490552,61.962129540339234,0.47101449275362317,1.1445332345829773,0.8181818181818182,0.21739130434782608,2.9,467,0.9751552795031055,157,1.3664596273291925,0,27,4.0,,,,,,
5,2026,Oregon,Big Ten,289,49,0.3282973751105438,94.87794140694716,0.47750865051903113,1.4144341938067029,0.8095238095238095,0.12213740458015267,3.3595419847328243,440,1.0458015267175573,137,0.8702290076335878,114,35,5.0285714285714285,,,,,,,268,51,-0.003303296529835803,-0.8852834699959953,0.373134328358209,1.2391364139667749,0.75,0.18487394957983194,2.6848739495798317,320,0.6890756302521008,82,0.907563025210084,0,24,3.3333333333333335,,,,,,
5,2026,Oregon State,Pac-12,342,58,0.2995528294061624,102.44706765690755,0.4824561403508772,1.3251229929985109,0.875,0.109375,3.34140625,428,0.9140625,117,0.953125,122,36,4.805555555555555,,,,,,,344,58,0.0921309016992446,31.69303018454014,0.4273255813953488,1.0901750455843946,0.7666666666666667,0.14792899408284024,3.045562130177515,515,0.9644970414201184,163,1.14792899408284,0,32,3.5625,,,,,,
5,2026,Penn State,Big Ten,340,61,0.1793708394206884,60.98608540303406,0.4235294117647059,1.2396701513874513,0.76,0.15428571428571428,2.766857142857143,484,0.9428571428571428,165,0.8514285714285714,149,33,4.03030303030303,,,,,,,311,62,-0.02435717918121634,-7.575082725358282,0.36977491961414793,1.1750688322104939,0.6666666666666666,0.21637426900584794,2.8666666666666667,490,1.0994152046783625,188,1.543859649122807,0,20,3.7,,,,,,
5,2026,Pittsburgh,ACC,354,60,0.25597811429056405,90.61625245885968,0.4604519774011299,1.2931798988478906,0.6666666666666666,0.1927710843373494,3.1373493975903615,521,1.2108433734939759,201,1.2650602409638554,210,38,4.2631578947368425,,,,,,,315,62,-0.054166733554855906,-17.06252106977961,0.3142857142857143,1.4503054011498506,0.5882352941176471,0.3046875,1.75,224,0.7578125,97,0.3984375,0,23,2.5217391304347827,,,,,,
5,2026,Purdue,Big Ten,348,53,0.2477751606899769,86.22575592011196,0.46264367816091956,1.2109351995310158,0.75,0.1761006289308176,2.807547169811321,446,0.8301886792452831,132,0.44654088050314467,71,34,3.5588235294117645,,,,,,,324,51,0.29735516399800965,96.34307313535513,0.4845679012345679,1.373773066139777,0.782608695652174,0.14545454545454545,3.3454545454545457,552,1.3393939393939394,221,1.5696969696969696,0,31,4.741935483870968,,,,,,
5,2026,Rice,American Athletic,316,51,0.030310358355768938,9.578073240422984,0.4208860759493671,1.1421056893350185,0.7894736842105263,0.16379310344827586,3.127586206896552,726,1.1163793103448276,259,1.5172413793103448,352,25,3.32,,,,,,,334,51,0.11521647636715344,38.482303106629246,0.4161676646706587,1.3139271315578964,0.6818181818181818,0.1978021978021978,2.7296703296703297,497,1.0494505494505495,191,1.6373626373626373,0,32,3.84375,,,,,,
5,2026,Rutgers,Big Ten,331,57,0.10675643332771091,35.33637943147231,0.4471299093655589,1.3411331691357313,0.6216216216216216,0.19047619047619047,2.8875,485,0.8690476190476191,146,0.8630952380952381,145,28,4.071428571428571,,,,,,,310,57,0.2339741202054639,72.53197726369382,0.4612903225806452,1.2377619741535941,0.75,0.18404907975460122,3.2239263803680984,526,1.50920245398773,246,1.9631901840490797,0,32,4.125,,,,,,
5,2026,Sacramento State,Mid-American,349,61,-0.06098685135369554,-21.284411122439742,0.4183381088825215,1.0051274745930112,0.75,0.25170068027210885,2.691156462585034,396,1.0204081632653061,150,0.9591836734693877,141,29,2.5517241379310347,,,,,,,303,61,0.12514837779536842,37.91995847199663,0.35973597359735976,1.4167688855611527,0.5,0.18012422360248448,2.9118012422360247,469,0.9254658385093167,149,1.4720496894409938,0,28,3.8214285714285716,,,,,,
5,2026,Sam Houston,Conference USA,280,54,0.10163077593628513,28.456617262159835,0.4392857142857143,1.282968570198587,0.6111111111111112,0.21052631578947367,2.799122807017544,319,1.1052631578947367,126,0.5175438596491229,59,24,3.4583333333333335,,,,,,,263,53,0.06525042675854816,17.160862237498165,0.38783269961977185,1.2587754686703159,0.7368421052631579,0.20279720279720279,3.074825174825175,440,1.3146853146853148,188,1.867132867132867,0,24,2.875,,,,,,
5,2026,San Diego State,Pac-12,321,61,-0.09291811670302239,-29.826715461670187,0.34890965732087226,1.1252652274378747,0.52,0.21052631578947367,2.975438596491228,509,1.0,171,0.8421052631578947,144,30,3.2,,,,,,,398,65,0.08749382220190041,34.822541236356365,0.45226130653266333,1.072339731148351,0.8076923076923077,0.1152073732718894,3.2714285714285714,710,0.7880184331797235,171,0.423963133640553,0,39,3.3076923076923075,,,,,,
5,2026,San José State,Mountain West,346,63,0.09623683526198572,33.297945000647054,0.3901734104046243,1.1892301410960842,0.6111111111111112,0.19875776397515527,3.0291925465838507,488,1.0124223602484472,163,0.577639751552795,93,31,3.3548387096774195,,,,,,,352,64,0.05637714937308157,19.844756579324713,0.4318181818181818,1.0959029279156265,0.8076923076923077,0.17006802721088435,2.980952380952381,438,1.0068027210884354,148,0.7619047619047619,0,36,3.111111111111111,,,,,,
5,2026,SMU,ACC,346,60,0.21833020987828303,75.54225261788594,0.4884393063583815,1.2675413699762985,0.6538461538461539,0.20606060606060606,2.7484848484848485,454,0.9030303030303031,149,1.2363636363636363,204,39,3.8205128205128207,,,,,,,320,59,0.044840551952483446,14.348976624794702,0.36875,1.3789948556170148,0.4166666666666667,0.23178807947019867,2.6145695364238413,395,1.1721854304635762,177,1.880794701986755,0,25,3.56,,,,,,
5,2026,South Alabama,Sun Belt,375,57,0.21185124790877016,79.44421796578881,0.43466666666666665,1.3160344980638308,0.8125,0.1232876712328767,3.223287671232877,706,1.0684931506849316,234,0.8721461187214612,191,35,4.2,,,,,,,287,56,0.26506944834601925,76.07493167530752,0.4843205574912892,1.4211273298973608,0.6363636363636364,0.18382352941176472,3.115441176470588,424,1.3235294117647058,180,2.9926470588235294,0,32,4.40625,,,,,,
5,2026,South Carolina,SEC,373,60,0.19812679781448891,73.90129558480436,0.47989276139410186,1.1931386921260039,0.75,0.13297872340425532,3.6728723404255317,691,1.303191489361702,245,2.372340425531915,446,33,4.333333333333333,,,,,,,313,62,0.160850831861413,50.34631037262227,0.3961661341853035,1.3678475922941087,0.6666666666666666,0.2198581560283688,2.508510638297872,354,0.7659574468085106,108,0.9290780141843972,0,25,4.52,,,,,,
5,2026,Southern Miss,Sun Belt,286,50,0.06280413822537298,17.96198353245667,0.43006993006993005,1.1245900900724308,0.8421052631578947,0.08955223880597014,3.582089552238806,480,1.1343283582089552,152,0.4701492537313433,63,22,4.090909090909091,,,,,,,298,52,0.12290830591227378,36.626675161857584,0.40604026845637586,1.2731007532289613,0.7058823529411765,0.18023255813953487,3.1965116279069767,550,1.1453488372093024,197,1.6453488372093024,0,25,2.96,,,,,,
5,2026,South Florida,American Athletic,301,52,0.1834236908545824,55.2105309472293,0.49169435215946844,1.1092339260214026,0.8636363636363636,0.1951219512195122,3.0115853658536587,494,1.25,205,1.3841463414634145,227,28,4.5,,,,,,,313,49,-0.0062744571590847625,-1.9639050907935305,0.3961661341853035,0.9931799199856048,0.5625,0.2529411764705882,2.611764705882353,444,0.9235294117647059,157,0.9117647058823529,0,22,3.0454545454545454,,,,,,
5,2026,Stanford,ACC,342,60,0.07233810278985586,24.739631154130706,0.38011695906432746,1.1992883780015684,0.8,0.2097902097902098,2.693006993006993,385,0.6783216783216783,97,0.5454545454545454,78,26,3.0,,,,,,,354,59,0.3320488709980463,117.5453003333084,0.4887005649717514,1.339608011587625,0.85,0.14457831325301204,3.3939759036144577,563,1.2710843373493976,211,1.2108433734939759,0,37,5.162162162162162,,,,,,
5,2026,Syracuse,ACC,326,50,0.08320228496221774,27.123944897682986,0.4263803680981595,1.306302925438216,0.8148148148148148,0.18064516129032257,2.9612903225806453,459,1.064516129032258,165,1.0580645161290323,164,33,3.6363636363636362,,,,,,,260,49,-0.053401472576454515,-13.884382869878173,0.38461538461538464,1.1873533845992175,0.7692307692307693,0.22580645161290322,2.6806451612903226,332,1.1774193548387097,146,1.7419354838709677,0,24,3.0,,,,,,
5,2026,TCU,Big 12,336,55,0.12913420645622942,43.38909336929308,0.44642857142857145,1.2394240374983039,0.7619047619047619,0.18125,2.9225,468,1.0375,166,0.9,144,34,3.323529411764706,,,,,,,286,56,-0.10484208548089873,-29.984836447537035,0.35664335664335667,0.9577801478395354,0.5909090909090909,0.2119205298013245,2.6278145695364237,397,0.8874172185430463,134,0.423841059602649,0,19,3.4210526315789473,,,,,,
5,2026,Temple,American Athletic,297,48,0.20703602036585217,61.48969804865809,0.4175084175084175,1.2917401977974126,0.6956521739130435,0.1702127659574468,3.3271276595744683,626,1.2234042553191489,230,1.6914893617021276,318,27,3.259259259259259,,,,,,,335,51,0.16842239390697863,56.421501958837844,0.44776119402985076,1.1526783441041537,0.8,0.12290502793296089,2.853072625698324,511,0.994413407821229,178,0.4972067039106145,0,35,3.342857142857143,,,,,,
5,2026,Tennessee,SEC,355,61,0.19763150648266598,70.15918480134643,0.4507042253521127,1.1735087874198797,0.8461538461538461,0.13270142180094788,3.5488151658767775,749,1.3270142180094786,280,1.6824644549763033,355,33,4.696969696969697,,,,,,,323,61,-0.09254757384478383,-29.89286635186518,0.3653250773993808,1.0970504166324393,0.6875,0.1888111888111888,3.1293706293706296,448,1.3216783216783217,189,1.2517482517482517,0,28,2.25,,,,,,
5,2026,Texas,SEC,290,44,0.11041318508798613,32.01982367551597,0.45517241379310347,1.1433060036315155,0.75,0.1830065359477124,2.8176470588235296,431,1.1699346405228759,179,0.5816993464052288,89,28,4.25,,,,,,,260,46,-0.055642245301324424,-14.46698377834435,0.35,1.0937901963041747,0.7333333333333333,0.1984126984126984,2.553968253968254,322,0.9365079365079365,118,0.8888888888888888,0,21,2.1904761904761907,,,,,,
5,2026,Texas A&M,SEC,369,58,0.07193851274487857,26.545311202860194,0.4363143631436314,1.077032130816005,0.8275862068965517,0.16494845360824742,3.162886597938144,614,1.1443298969072164,222,1.0103092783505154,196,32,4.46875,,,,,,,273,58,-0.008292762480787353,-2.2639241572549476,0.3772893772893773,1.273137862267963,0.6875,0.1875,2.8159722222222223,406,0.9166666666666666,132,0.9027777777777778,0,23,2.8260869565217392,,,,,,
5,2026,Texas State,Pac-12,395,60,0.24063587932289154,95.05117233254217,0.4911392405063291,1.2745044848415739,0.6666666666666666,0.13617021276595745,3.18468085106383,748,1.0340425531914894,243,2.0425531914893615,480,37,3.1621621621621623,,,,,,,374,57,0.10847615754283114,40.570082921018845,0.446524064171123,1.2015805078197601,0.56,0.25,2.619871794871795,409,0.9294871794871795,145,0.7243589743589743,0,35,3.942857142857143,,,,,,
5,2026,Texas Tech,Big 12,341,62,0.19226705948270684,65.56306728360303,0.46920821114369504,1.1530906961158112,0.7142857142857143,0.19889502762430938,3.139226519337017,568,1.2320441988950277,223,1.3149171270718232,238,35,4.2,,,,,,,359,64,-0.05752785840048082,-20.652501165772616,0.362116991643454,1.2936720518556029,0.625,0.208955223880597,2.779850746268657,373,0.9626865671641791,129,0.40298507462686567,0,26,2.3461538461538463,,,,,,
5,2026,Toledo,Mid-American,351,59,0.25003807788526183,87.76336533772691,0.43874643874643876,1.4827572295579163,0.7307692307692307,0.16129032258064516,3.2053763440860217,596,1.0268817204301075,191,1.5268817204301075,284,39,4.333333333333333,,,,,,,350,62,-0.011159133180555522,-3.9056966131944324,0.3342857142857143,1.3419657613367493,0.42857142857142855,0.21764705882352942,2.652941176470588,451,0.7941176470588235,135,1.0529411764705883,0,29,2.9655172413793105,,,,,,
5,2026,Troy,Sun Belt,292,52,0.02316723069395238,6.764831362634094,0.3801369863013699,1.3132704234201762,0.631578947368421,0.23809523809523808,2.673469387755102,393,1.1496598639455782,169,1.380952380952381,203,24,2.9583333333333335,,,,,,,242,51,0.03576781868285299,8.655812121250422,0.371900826446281,1.3182035990042773,0.6,0.25892857142857145,2.34375,263,1.0,112,1.6607142857142858,0,24,3.0,,,,,,
5,2026,Tulane,American Athletic,245,46,0.10278927336162157,25.183371973597286,0.34285714285714286,1.5134249575371927,0.75,0.21774193548387097,2.5725806451612905,319,1.032258064516129,128,2.7661290322580645,343,19,2.473684210526316,,,,,,,283,47,0.17148641914456647,48.53065661791231,0.3957597173144876,1.3057172965646036,0.7692307692307693,0.16233766233766234,3.0863636363636364,475,1.1493506493506493,177,1.3311688311688312,0,26,3.3076923076923075,,,,,,
5,2026,Tulsa,American Athletic,338,61,0.13100959412793867,44.28124281524327,0.40532544378698226,1.155259041149958,0.8421052631578947,0.11976047904191617,3.316766467065868,554,1.0838323353293413,181,1.5029940119760479,251,29,3.689655172413793,,,,,,,392,64,-0.02148201137807833,-8.420948460206706,0.3877551020408163,1.145573552335219,0.5769230769230769,0.2057142857142857,2.6737142857142855,468,0.9542857142857143,167,0.8114285714285714,0,31,2.935483870967742,,,,,,
5,2026,UAB,American Athletic,335,51,0.09214818134855955,30.86964075176745,0.4388059701492537,1.1588443919793634,0.7333333333333333,0.15577889447236182,3.2100502512562814,639,0.9899497487437185,197,0.8090452261306532,161,27,2.888888888888889,,,,,,,305,53,0.017936873057365254,5.470746282496402,0.43278688524590164,1.0334161607822656,0.7142857142857143,0.13541666666666666,3.402083333333333,653,1.15625,222,0.9479166666666666,0,25,3.84,,,,,,
5,2026,UCF,Big 12,288,59,0.1086384016244808,31.28785966785047,0.40625,1.2929894870526575,0.7222222222222222,0.19047619047619047,2.9591836734693877,435,1.346938775510204,198,2.2448979591836733,330,29,4.862068965517241,,,,,,,367,62,-0.035582763956646765,-13.058874372089363,0.3760217983651226,1.1247617471115103,0.6666666666666666,0.2154696132596685,2.453038674033149,444,0.6574585635359116,119,0.8950276243093923,0,32,2.5,,,,,,
5,2026,UCLA,Big Ten,265,52,0.28712715890422885,76.08869710962064,0.49433962264150944,1.253304393370694,0.8421052631578947,0.09554140127388536,3.9745222929936306,624,1.5668789808917196,246,2.445859872611465,384,35,4.3428571428571425,,,,,,,275,52,-0.12710062509096473,-34.952671900015304,0.32727272727272727,1.3466484258816014,0.8333333333333334,0.25,2.36484375,303,0.8359375,107,0.234375,0,18,3.0,,,,,,
5,2026,UConn,FBS Independents,337,61,0.20529016780677542,69.18278655088332,0.4362017804154303,1.411935753177003,0.6875,0.17543859649122806,3.154970760233918,540,1.198830409356725,205,1.6023391812865497,274,32,4.34375,,,,,,,378,62,0.0622378524623147,23.525908230754954,0.4126984126984127,1.2551638888858083,0.68,0.17682926829268292,2.8091463414634146,461,0.6707317073170732,110,0.35365853658536583,0,32,3.0,,,,,,
5,2026,UL Monroe,Sun Belt,340,61,0.0029423876669080248,1.0004118067487284,0.4176470588235294,1.1598902416432224,0.6071428571428571,0.16352201257861634,2.9144654088050315,463,0.9937106918238994,158,1.0,159,29,3.1724137931034484,,,,,,,362,57,0.3222966853824893,116.67140010846111,0.5082872928176796,1.243331348251348,0.8,0.1553398058252427,3.4101941747572817,703,1.1990291262135921,247,1.6067961165048543,0,37,4.324324324324325,,,,,,
5,2026,UNLV,Mountain West,343,63,0.07252573419289297,24.87632682816229,0.36151603498542273,1.331059441848359,0.6842105263157895,0.14444444444444443,3.133888888888889,564,1.0777777777777777,194,1.6555555555555557,298,27,3.2962962962962963,,,,,,,350,63,0.04498009596690349,15.743033588416223,0.38571428571428573,1.2599343755813022,0.6666666666666666,0.14864864864864866,3.4864864864864864,516,1.2905405405405406,191,1.0743243243243243,0,30,3.2333333333333334,,,,,,
5,2026,USC,Big Ten,432,60,0.2863827091510192,123.7173303532403,0.5185185185185185,1.1868292749781917,0.7837837837837838,0.1784037558685446,3.1460093896713617,670,1.1408450704225352,243,0.6995305164319249,149,41,4.536585365853658,,,,,,,355,62,0.16233192769375,57.62783433128125,0.4140845070422535,1.3406837462495018,0.7727272727272727,0.16666666666666666,2.7797619047619047,467,0.9345238095238095,157,1.2202380952380951,0,31,4.225806451612903,,,,,,
5,2026,Utah,Big 12,274,47,0.3282820760821432,89.94928884650724,0.5072992700729927,1.3213183801964539,0.7391304347826086,0.19463087248322147,3.4791946308724833,518,1.4026845637583893,209,1.6979865771812082,253,32,4.96875,,,,,,,270,46,-0.07358512467946862,-19.867983663456528,0.31851851851851853,1.3365530299488966,0.5,0.2037037037037037,2.6324074074074075,284,0.8981481481481481,97,0.4537037037037037,0,18,2.2777777777777777,,,,,,
5,2026,Utah State,Pac-12,323,59,-0.07070341411860125,-22.8372027603082,0.35294117647058826,1.3761044142506353,0.38461538461538464,0.21232876712328766,3.058904109589041,447,1.0684931506849316,156,1.6095890410958904,235,28,1.9642857142857142,,,,,,,357,58,0.07376004416003278,26.3323357651317,0.41456582633053224,1.1824887287132193,0.76,0.18787878787878787,2.7545454545454544,455,0.9393939393939394,155,1.2424242424242424,0,33,3.4242424242424243,,,,,,
5,2026,UTEP,Mountain West,280,59,-0.20522517666638987,-57.46304946658916,0.35,1.2136778337608793,0.5333333333333333,0.2422360248447205,2.5521739130434784,411,1.0559006211180124,170,1.7267080745341614,278,23,1.173913043478261,,,,,,,321,54,0.26261092886382387,84.29810816528746,0.4766355140186916,1.2386156308523038,0.6923076923076923,0.19444444444444445,3.0283333333333333,545,0.9833333333333333,177,1.0,0,36,4.361111111111111,,,,,,
5,2026,UTSA,American Athletic,326,58,0.21632858928172913,70.5231201058437,0.450920245398773,1.166977048870797,0.84,0.1901840490797546,2.957055214723926,482,1.0552147239263805,172,1.6319018404907975,266,31,3.2580645161290325,,,,,,,385,59,0.04362596711705123,16.795997340064726,0.412987012987013,1.1531900556468915,0.6666666666666666,0.1625615763546798,3.037931034482759,617,0.9655172413793104,196,1.3103448275862069,0,35,3.3714285714285714,,,,,,
5,2026,Vanderbilt,SEC,322,53,0.09344068359228011,30.087900116714195,0.40372670807453415,1.2446868144799181,0.7916666666666666,0.15384615384615385,3.0403846153846152,474,0.9935897435897436,155,0.5,78,28,3.0357142857142856,,,,,,,323,56,0.07035176595239959,22.723620402625066,0.3993808049535604,1.2791264780239027,0.7692307692307693,0.1830065359477124,2.6882352941176473,411,1.0130718954248366,155,1.3006535947712419,0,28,3.5357142857142856,,,,,,
5,2026,Virginia,ACC,367,61,0.16979327315657375,62.314131248462566,0.43869209809264303,1.1734302837570465,0.8148148148148148,0.14948453608247422,3.286082474226804,638,1.0824742268041236,210,0.8350515463917526,162,35,4.057142857142857,,,,,,,309,62,-0.04290357864928362,-13.257205802628638,0.36893203883495146,1.011422255734704,0.7142857142857143,0.16470588235294117,3.191764705882353,543,1.0,170,0.9352941176470588,0,20,3.75,,,,,,
5,2026,Virginia Tech,ACC,391,62,0.217082606973294,84.87929932655796,0.4680306905370844,1.271876825862607,0.75,0.20967741935483872,2.77258064516129,516,1.0161290322580645,189,1.032258064516129,192,37,4.54054054054054,,,,,,,298,63,-0.00816472526222577,-2.4330881281432797,0.3221476510067114,1.3721250323751388,0.625,0.3716216216216216,1.247972972972973,185,0.8783783783783784,130,1.2364864864864864,0,31,3.0,,,,,,
5,2026,Wake Forest,ACC,329,54,0.3347962943848511,110.14798085261602,0.48632218844984804,1.2831346269236084,0.625,0.14556962025316456,3.3373417721518988,527,1.2151898734177216,192,1.0506329113924051,166,36,4.25,,,,,,,367,58,0.10041178671574263,36.851125724677544,0.44141689373297005,1.0417141096810443,0.7272727272727273,0.21084337349397592,2.7885542168674697,463,0.8012048192771084,133,0.572289156626506,0,29,3.1379310344827585,,,,,,
5,2026,Washington,Big Ten,319,60,0.12668615882561424,40.41288466537094,0.43260188087774293,1.2096458561467123,0.6428571428571429,0.18181818181818182,3.012121212121212,398,0.9393939393939394,124,1.2575757575757576,166,32,3.9375,,,,,,,327,59,-0.07677452629418921,-25.105270098199874,0.363914373088685,1.1673011981046566,0.5,0.2909090909090909,2.360606060606061,390,0.8303030303030303,137,0.8545454545454545,0,28,2.857142857142857,,,,,,
5,2026,Washington State,Pac-12,305,59,-0.11592064980892366,-35.35579819172172,0.3377049180327869,1.231132289039642,0.5714285714285714,0.23776223776223776,2.727972027972028,390,1.2307692307692308,176,1.3706293706293706,196,19,3.210526315789474,,,,,,,337,64,0.03435979528180634,11.579251009968738,0.4065281899109792,1.1993253032943043,0.6842105263157895,0.19642857142857142,2.8261904761904764,475,1.0595238095238095,178,1.4285714285714286,0,35,3.1714285714285713,,,,,,
5,2026,Western Kentucky,Conference USA,360,65,-0.03886287222477797,-13.99063400092007,0.36666666666666664,1.2530885714496178,0.7083333333333334,0.2392638036809816,2.617791411042945,427,0.9386503067484663,153,0.5337423312883436,87,23,3.4347826086956523,,,,,,,319,62,0.23606474955156106,75.30465510694798,0.4263322884012539,1.480395983250906,0.8571428571428571,0.14619883040935672,3.4321637426900584,587,1.2514619883040936,214,2.2339181286549707,0,34,4.588235294117647,,,,,,
5,2026,Western Michigan,Mid-American,306,52,0.09762499706401234,29.873249101587778,0.4150326797385621,1.1014797123387798,0.7916666666666666,0.1569767441860465,2.941279069767442,506,1.0232558139534884,176,0.8372093023255814,144,27,4.296296296296297,,,,,,,337,51,0.09418363351263272,31.739884493757227,0.456973293768546,1.0354164939129222,0.6944444444444444,0.17010309278350516,3.0231958762886597,587,0.9072164948453608,176,0.4329896907216495,0,25,3.32,,,,,,
5,2026,West Virginia,Big 12,360,64,0.2165375910516298,77.95353277858673,0.45,1.2914490134589587,0.6896551724137931,0.13740458015267176,3.320992366412214,870,1.1374045801526718,298,1.7290076335877862,453,35,4.3428571428571425,,,,,,,358,63,0.17031012414693264,60.97102444460189,0.4553072625698324,1.2093386559190282,0.7083333333333334,0.20765027322404372,2.955737704918033,541,1.103825136612022,202,1.3989071038251366,0,34,3.823529411764706,,,,,,
5,2026,Wisconsin,Big Ten,310,53,0.16741978821948492,51.900134348040325,0.4,1.467420917286766,0.631578947368421,0.13836477987421383,3.0446540880503146,484,0.8553459119496856,136,1.2138364779874213,193,28,3.4642857142857144,,,,,,,338,55,-0.11588769802646642,-39.17004193294565,0.34615384615384615,0.963886622092534,0.7083333333333334,0.10857142857142857,2.9057142857142857,509,0.7028571428571428,123,0.24,0,23,3.0,,,,,,
5,2026,Wyoming,Mountain West,292,52,0.07605474124086305,22.20798444233201,0.4315068493150685,1.0610855193264854,0.9166666666666666,0.13664596273291926,3.4490683229813666,555,1.236024844720497,199,0.8012422360248447,129,25,2.84,,,,,,,332,50,0.14137171610820295,46.93540974792339,0.4578313253012048,1.0685369265412408,0.9090909090909091,0.15508021390374332,3.327807486631016,622,1.3422459893048129,251,1.0909090909090908,0,29,3.2758620689655173,,,,,,
6,2026,Air Force,Mountain West,307,43,0.18971824112530677,58.24350002546918,0.4527687296416938,1.085243554507675,0.8235294117647058,0.10040160642570281,3.527710843373494,878,1.0923694779116466,272,0.5381526104417671,134,22,4.363636363636363,,,,,,,222,43,0.0006029415712754172,0.13385302882314262,0.3333333333333333,1.3897746329707197,0.7272727272727273,0.20512820512820512,2.9316239316239314,343,1.0085470085470085,118,1.0427350427350428,0,15,3.6,,,,,,
6,2026,Akron,Mid-American,330,58,0.05222248894007808,17.233421350225765,0.4303030303030303,1.0399541429770673,0.8125,0.13513513513513514,3.6925675675675675,547,1.3986486486486487,207,0.7905405405405406,117,26,3.6923076923076925,,,,,,,308,58,0.2827673338122517,87.09233881417353,0.4448051948051948,1.386492219418027,0.75,0.16770186335403728,3.212422360248447,517,1.1366459627329193,183,1.8074534161490683,0,29,4.103448275862069,,,,,,
6,2026,Alabama,SEC,330,58,0.3494682643119571,115.32452722294585,0.5121212121212121,1.3078783174963176,0.7894736842105263,0.18232044198895028,3.1635359116022097,573,1.2486187845303867,226,1.447513812154696,262,35,5.685714285714286,,,,,,,320,62,-0.11274465468829108,-36.07828950025314,0.34375,1.3655835365468805,0.5714285714285714,0.2602739726027397,2.0349315068493152,297,0.7191780821917808,105,0.726027397260274,0,21,3.9047619047619047,,,,,,
6,2026,App State,Sun Belt,288,48,0.2375017412396011,68.40050147700512,0.4548611111111111,1.3124452763172334,0.6666666666666666,0.23880597014925373,2.576865671641791,345,1.0223880597014925,137,1.0970149253731343,147,36,3.694444444444444,,,,,,,272,47,0.0798890370195323,21.729818069312785,0.4227941176470588,1.1322274576006577,0.8421052631578947,0.2265625,2.6203125,335,0.9375,120,0.7421875,0,22,3.7272727272727275,,,,,,
6,2026,Arizona,Big 12,359,56,0.21743295500558424,78.05843084700474,0.4958217270194986,1.1557671315348004,0.8333333333333334,0.14743589743589744,3.4743589743589745,542,1.3974358974358974,218,1.0064102564102564,157,35,4.428571428571429,,,,,,,306,52,-0.013422587107005477,-4.107311654743676,0.3431372549019608,1.4606626941184857,0.9166666666666666,0.2288135593220339,2.6601694915254237,314,0.9661016949152542,114,0.7372881355932204,0,22,2.5,,,,,,
6,2026,Arizona State,Big 12,276,52,0.024659338805448065,6.805977510303666,0.4166666666666667,1.259955996194931,0.7777777777777778,0.1865671641791045,2.8261194029850745,379,1.1343283582089552,152,1.1865671641791045,159,27,3.3703703703703702,,,,,,,271,53,0.14003066315793194,37.94830971579956,0.3800738007380074,1.378069480544152,0.6923076923076923,0.1484375,2.9359375,376,0.90625,116,1.515625,0,29,3.413793103448276,,,,,,
6,2026,Arkansas,SEC,353,55,0.014615737343640571,5.159355282305122,0.41076487252124644,1.114178386286564,0.8095238095238095,0.1891891891891892,2.6554054054054053,393,0.7905405405405406,117,0.35135135135135137,52,30,3.2666666666666666,,,,,,,300,55,0.1668779958231954,50.06339874695862,0.4266666666666667,1.1053925131519704,0.84,0.15432098765432098,3.1592592592592594,512,1.117283950617284,181,1.0987654320987654,0,28,5.071428571428571,,,,,,
6,2026,Arkansas State,Sun Belt,290,48,0.15435089780757824,44.76176036419769,0.4724137931034483,1.1530071131547588,0.72,0.15753424657534246,3.3205479452054796,485,1.1575342465753424,169,0.9452054794520548,138,28,3.5357142857142856,,,,,,,321,52,0.18821781787355665,60.417919537411684,0.4766355140186916,1.1621420996246188,0.8076923076923077,0.12698412698412698,3.5185185185185186,665,1.253968253968254,237,1.2962962962962963,0,27,3.555555555555556,,,,,,
6,2026,Army,American Athletic,273,39,0.3311863092976259,90.41386243825187,0.5311355311355311,1.0918335183515915,0.9090909090909091,0.11483253588516747,3.650239234449761,763,1.3588516746411483,284,1.9138755980861244,400,28,4.214285714285714,,,,,,,220,39,0.22961578403420732,50.515472487525614,0.45,1.301004915029064,0.8181818181818182,0.19491525423728814,3.2152542372881356,379,1.2372881355932204,146,1.7542372881355932,0,19,2.6842105263157894,,,,,,
6,2026,Auburn,SEC,351,58,0.07426725688615962,26.06780716704203,0.42165242165242167,1.2584932896651677,0.7894736842105263,0.1566265060240964,3.3210843373493977,551,1.283132530120482,213,1.6686746987951806,277,31,3.774193548387097,,,,,,,385,60,0.008064570863361042,3.1048597823940014,0.38441558441558443,1.1752586854877087,0.7333333333333333,0.16923076923076924,2.7974358974358973,546,0.7230769230769231,141,0.8051282051282052,0,29,3.2413793103448274,,,,,,
6,2026,Ball State,Mid-American,307,58,0.047172685931662274,14.482014581020318,0.34527687296416937,1.4363157126396162,0.8333333333333334,0.22627737226277372,2.5963503649635036,356,0.9854014598540146,135,1.8613138686131387,255,21,3.5714285714285716,,,,,,,357,57,0.2921916377446789,104.31241467485036,0.4425770308123249,1.428600696175892,0.8076923076923077,0.1746031746031746,3.1544973544973547,596,1.1481481481481481,217,2.232804232804233,0,34,4.647058823529412,,,,,,
6,2026,Baylor,Big 12,411,69,0.15562686752271615,63.96264255183633,0.40145985401459855,1.3701917102541488,0.7619047619047619,0.16494845360824742,2.9515463917525775,573,0.8608247422680413,167,1.1237113402061856,218,38,3.763157894736842,,,,,,,364,65,-0.10525188140842594,-38.31168483266704,0.34065934065934067,1.077126629774228,0.4,0.24183006535947713,2.656862745098039,407,0.9215686274509803,141,0.5294117647058824,0,31,2.129032258064516,,,,,,
6,2026,Boise State,Pac-12,351,54,0.30154374676769247,105.84185511546005,0.4928774928774929,1.1920806398454544,0.7777777777777778,0.13942307692307693,3.4514423076923078,718,1.0192307692307692,212,1.3653846153846154,284,34,4.4411764705882355,,,,,,,279,57,0.00016288970095104882,0.045446226565342626,0.34767025089605735,1.666236224041167,0.75,0.2719298245614035,2.587719298245614,295,0.9122807017543859,104,2.236842105263158,0,31,2.6129032258064515,,,,,,
6,2026,Boston College,ACC,327,58,0.0005698653913700051,0.18634598297799168,0.39143730886850153,1.25219600985962,0.6363636363636364,0.2619047619047619,2.743452380952381,461,1.3452380952380951,226,1.3095238095238095,220,27,2.888888888888889,,,,,,,340,57,0.015808108191269665,5.3747567850316855,0.38823529411764707,1.261554106826239,0.6521739130434783,0.22702702702702704,2.7605405405405405,511,1.037837837837838,192,1.1135135135135135,0,31,3.4193548387096775,,,,,,
6,2026,Bowling Green,Mid-American,290,54,-0.06237071160118072,-18.087506364342406,0.3689655172413793,0.982845120641303,0.7857142857142857,0.24489795918367346,2.3945578231292517,352,0.6054421768707483,89,0.3741496598639456,55,22,1.6363636363636365,,,,,,,303,52,0.18440166953372372,55.87370586871829,0.46864686468646866,1.2830482776813854,0.75,0.15254237288135594,3.458757062146893,612,1.423728813559322,252,2.5932203389830506,0,32,4.03125,,,,,,
6,2026,Buffalo,Mid-American,374,65,0.014172854761825417,5.300647680922705,0.3502673796791444,1.1880248750634237,0.7142857142857143,0.18592964824120603,2.751758793969849,548,0.7336683417085427,146,0.7487437185929648,149,25,3.8,,,,,,,337,64,0.11598996202712794,39.088617203142114,0.3857566765578635,1.3193711945481517,0.7142857142857143,0.17682926829268292,3.0792682926829267,505,1.1402439024390243,187,1.2682926829268293,0,33,3.606060606060606,,,,,,
6,2026,BYU,Big 12,250,45,0.32352678634331045,80.88169658582761,0.528,1.1472433179063248,0.8695652173913043,0.14473684210526316,3.6927631578947366,561,1.5328947368421053,233,1.5723684210526316,239,26,5.461538461538462,,,,,,,244,43,-0.06793588222124998,-16.576355261984993,0.36885245901639346,1.1950330643027196,0.6666666666666666,0.23529411764705882,2.4,245,0.7058823529411765,72,0.5686274509803921,0,16,3.4375,,,,,,
6,2026,California,ACC,361,64,-0.0070991946517639185,-2.5628092692867748,0.3850415512465374,1.288248073552838,0.5555555555555556,0.2116788321167883,2.8043795620437955,384,0.9562043795620438,131,0.49635036496350365,68,32,2.65625,,,,,,,330,65,0.04203683004000962,13.872153913203174,0.3484848484848485,1.4449035695527903,0.8947368421052632,0.15757575757575756,3.0787878787878786,508,1.0363636363636364,171,2.212121212121212,0,31,2.967741935483871,,,,,,
6,2026,Central Michigan,Mid-American,290,53,0.09572343476685843,27.759796082388945,0.38275862068965516,1.2632918595683693,0.8518518518518519,0.1256544502617801,3.385340314136126,647,1.1570680628272252,221,1.2460732984293195,238,21,3.619047619047619,,,,,,,332,52,0.16821088622233427,55.846014225814976,0.45481927710843373,1.1495314442945435,0.9,0.13855421686746988,3.616265060240964,600,1.3373493975903614,222,0.8132530120481928,0,34,3.2941176470588234,,,,,,
6,2026,Charlotte,American Athletic,281,57,-0.0878920711402916,-24.697671990421938,0.35231316725978645,1.1111331706326537,0.5714285714285714,0.272,2.276,285,0.976,122,1.664,208,19,1.9473684210526316,,,,,,,375,61,0.20575570858428463,77.15839071910673,0.496,1.1780845220352005,0.8235294117647058,0.21359223300970873,3.038349514563107,626,1.1213592233009708,231,1.1359223300970873,0,36,4.472222222222222,,,,,,
6,2026,Cincinnati,Big 12,326,56,0.2863787170739628,93.35946176611186,0.46319018404907975,1.3495867001687005,0.8148148148148148,0.13186813186813187,3.585714285714286,653,1.5,273,2.0164835164835164,367,35,4.6571428571428575,,,,,,,349,55,0.13158544957937254,45.92332190320102,0.4297994269340974,1.196923356954575,0.6842105263157895,0.19463087248322147,3.2328859060402686,482,1.25503355704698,187,1.1610738255033557,0,26,4.1923076923076925,,,,,,
6,2026,Clemson,ACC,335,62,-0.03833493827455361,-12.842204321975458,0.35522388059701493,1.207169147952001,0.75,0.20382165605095542,2.754777070063694,433,1.0063694267515924,158,1.394904458598726,219,28,2.7857142857142856,,,,,,,352,57,0.07384620573076232,25.99386441722834,0.4289772727272727,1.1831448637607025,0.72,0.11515151515151516,3.5521212121212122,586,1.3151515151515152,217,0.8303030303030303,0,32,2.75,,,,,,
6,2026,Coastal Carolina,Sun Belt,329,59,0.13752196083555834,45.2447251148987,0.4133738601823708,1.312318500297294,0.7,0.14743589743589744,3.5307692307692307,551,1.3782051282051282,215,0.9551282051282052,149,29,3.5517241379310347,,,,,,,323,64,0.12268168496333691,39.62618424315782,0.44891640866873067,1.0093446728648696,0.7692307692307693,0.14893617021276595,3.1074468085106384,584,0.898936170212766,169,1.5053191489361701,0,33,3.3333333333333335,,,,,,
6,2026,Colorado,Big 12,375,64,-0.010760721294546124,-4.035270485454796,0.3973333333333333,1.1675250292896484,0.6,0.1638418079096045,2.9649717514124294,525,0.903954802259887,160,0.7401129943502824,131,28,2.0714285714285716,,,,,,,347,64,-0.021893994071816733,-7.597215942920406,0.3688760806916426,1.197213420432267,0.5714285714285714,0.31213872832369943,2.3959537572254335,415,1.1040462427745665,191,0.9075144508670521,0,39,2.923076923076923,,,,,,
6,2026,Colorado State,Pac-12,339,59,0.2411794017479778,81.75981719256448,0.44837758112094395,1.432260358328696,0.7931034482758621,0.20408163265306123,2.701360544217687,397,0.9931972789115646,146,2.5986394557823127,382,30,4.833333333333333,,,,,,,322,60,0.2298617843505109,74.01549456086451,0.515527950310559,1.1448771777826547,0.92,0.1497326203208556,3.4566844919786095,646,1.3636363636363635,255,2.160427807486631,0,36,4.388888888888889,,,,,,
6,2026,Delaware,Conference USA,325,63,-0.0025046689855712672,-0.8140174203106619,0.37846153846153846,1.2632388705474216,0.6190476190476191,0.20863309352517986,2.7820143884892086,387,1.0,139,0.5179856115107914,72,23,3.4347826086956523,,,,,,,365,62,0.08972367580291629,32.749141668064446,0.4,1.2797294160324562,0.8823529411764706,0.1569767441860465,2.96453488372093,510,1.0232558139534884,176,0.9418604651162791,0,33,2.8181818181818183,,,,,,
6,2026,Duke,ACC,280,47,0.294948176306143,82.58548936572004,0.44642857142857145,1.3269095790530947,0.75,0.16071428571428573,3.322619047619048,558,1.4226190476190477,239,1.5178571428571428,255,31,4.67741935483871,,,,,,,235,46,-0.06413435416773869,-15.07157322941859,0.35319148936170214,1.0706329307840854,0.7,0.1717171717171717,2.6232323232323234,260,0.5151515151515151,51,0.5656565656565656,0,17,2.588235294117647,,,,,,
6,2026,East Carolina,American Athletic,242,51,0.05628616909617197,13.621252921273616,0.40082644628099173,1.1660351080207183,0.7272727272727273,0.19658119658119658,2.430769230769231,284,0.8803418803418803,103,1.6752136752136753,196,21,3.238095238095238,,,,,,,288,53,-0.017745757539749944,-5.110778171447984,0.3541666666666667,1.3129262260057688,0.5833333333333334,0.2909090909090909,2.2515151515151515,372,1.0121212121212122,167,0.7515151515151515,0,26,2.8461538461538463,,,,,,
6,2026,Eastern Michigan,Mid-American,397,65,0.047622989128286934,18.906326683929912,0.4005037783375315,1.1468021069975862,0.7428571428571429,0.17613636363636365,3.003409090909091,529,1.0568181818181819,186,0.7840909090909091,138,34,3.735294117647059,,,,,,,384,64,0.10405361291592363,39.956587359714675,0.421875,1.2203536072643906,0.7407407407407407,0.19444444444444445,2.971111111111111,535,1.0222222222222221,184,0.85,0,37,3.324324324324324,,,,,,
6,2026,Florida,SEC,350,57,0.3395795597998296,118.85284592994037,0.4857142857142857,1.2939867665656408,0.8620689655172413,0.15897435897435896,3.04,593,1.0615384615384615,207,1.882051282051282,367,34,5.352941176470588,,,,,,,357,62,0.046482641117666264,16.594302879006854,0.41456582633053224,1.235758542465533,0.7619047619047619,0.14482758620689656,2.803448275862069,407,0.8137931034482758,118,1.2551724137931033,0,29,4.103448275862069,,,,,,
6,2026,Florida Atlantic,American Athletic,384,56,0.17747308455048416,68.14966446738592,0.4479166666666667,1.2051373036578137,0.7714285714285715,0.16184971098265896,2.893063583815029,501,0.7341040462427746,127,0.5317919075144508,92,32,4.40625,,,,,,,331,60,0.1837780427180047,60.83053213965956,0.3957703927492447,1.46477869497932,0.7619047619047619,0.19653179190751446,2.765895953757225,479,0.9595375722543352,166,1.5953757225433527,0,25,4.12,,,,,,
6,2026,Florida International,Conference USA,294,43,0.009160633238520852,2.6932261721251303,0.391156462585034,1.2069907538933642,0.7894736842105263,0.18045112781954886,2.8263157894736843,376,0.8646616541353384,115,0.3082706766917293,41,24,2.5,,,,,,,249,41,-0.003786046049119338,-0.9427254662307151,0.3373493975903614,1.1588398912972853,0.6666666666666666,0.2184873949579832,2.23109243697479,266,0.7563025210084033,90,0.24369747899159663,0,21,2.761904761904762,,,,,,
6,2026,Florida State,ACC,315,56,0.26420271427961606,83.22385499807906,0.44761904761904764,1.43816619411799,0.625,0.1388888888888889,3.408888888888889,614,1.2166666666666668,219,1.6555555555555557,298,32,4.9375,,,,,,,349,55,0.11286304651208463,39.38920323271754,0.4040114613180516,1.2817364285016135,0.8333333333333334,0.1910828025477707,2.972611464968153,467,0.9554140127388535,150,0.9044585987261147,0,27,3.0,,,,,,
6,2026,Fresno State,Pac-12,317,62,0.10743725206232169,34.05760890375598,0.3785488958990536,1.3274177590344092,0.47058823529411764,0.2654320987654321,2.508641975308642,406,0.9259259259259259,150,1.6975308641975309,275,32,3.65625,,,,,,,331,60,-0.0714219849208217,-23.640677008791982,0.40483383685800606,1.1152939919395106,0.6363636363636364,0.2147239263803681,2.884662576687117,470,1.0061349693251533,164,1.2760736196319018,0,22,2.909090909090909,,,,,,
6,2026,Georgia,SEC,311,62,0.43563847438019077,135.48356553223934,0.5434083601286174,1.265978648377438,0.8333333333333334,0.11949685534591195,3.5955974842767295,572,1.3270440251572326,211,2.389937106918239,380,35,5.742857142857143,,,,,,,316,62,-0.09595725576085787,-30.322492820431087,0.3322784810126582,1.1855324986260802,0.6153846153846154,0.20863309352517986,2.1884892086330936,304,0.5179856115107914,72,0.7338129496402878,0,19,2.8947368421052633,,,,,,
6,2026,Georgia Southern,Sun Belt,344,59,0.12762930909269696,43.904482327887756,0.42151162790697677,1.1994950612670616,0.7142857142857143,0.17037037037037037,2.9955555555555557,404,1.0074074074074073,136,1.2296296296296296,166,29,3.793103448275862,,,,,,,322,57,0.08016587533105617,25.813411856600084,0.38198757763975155,1.1040599333990364,0.6842105263157895,0.20625,2.833125,453,1.04375,167,0.7,0,29,3.6206896551724137,,,,,,
6,2026,Georgia State,Sun Belt,357,63,0.23679524083731357,84.53590097892094,0.47058823529411764,1.2868309319416285,0.65,0.17766497461928935,3.268020304568528,644,1.1928934010152283,235,1.4314720812182742,282,35,4.6,,,,,,,306,59,-0.04754557124723901,-14.548944801655137,0.35294117647058826,1.1976256827600864,1.0,0.24113475177304963,2.7560283687943263,389,1.2765957446808511,180,1.4680851063829787,0,27,2.740740740740741,,,,,,
6,2026,Georgia Tech,ACC,260,42,0.14134452188810442,36.74957569090715,0.4423076923076923,1.2208778751676495,0.7058823529411765,0.20161290322580644,3.074193548387097,381,1.1129032258064515,138,1.153225806451613,143,28,3.392857142857143,,,,,,,281,44,0.1552695286200172,43.630737542224836,0.4128113879003559,1.2672318275370569,0.6842105263157895,0.17058823529411765,2.906470588235294,494,0.9647058823529412,164,0.8176470588235294,0,26,3.6538461538461537,,,,,,
6,2026,Hawai'i,Mountain West,362,57,0.03656794262500406,13.23759523025147,0.38950276243093923,1.1419161557005864,0.7647058823529411,0.175,3.16,379,1.225,147,1.3083333333333333,157,27,2.814814814814815,,,,,,,331,56,0.20252387017107337,67.03540102662528,0.4471299093655589,1.1941015317991748,0.75,0.13559322033898305,3.2519774011299436,576,1.1242937853107344,199,1.033898305084746,0,28,3.6785714285714284,,,,,,
6,2026,Houston,Big 12,358,54,0.34508764798193314,123.54137797753206,0.5614525139664804,1.0493213576761087,0.8205128205128205,0.1073170731707317,3.7009756097560977,759,1.3073170731707318,268,1.1268292682926828,231,40,4.65,,,,,,,307,56,0.09389749142056716,28.82652986611412,0.3745928338762215,1.4241213276147087,0.5882352941176471,0.23076923076923078,2.3213675213675216,272,0.6153846153846154,72,0.717948717948718,0,19,4.947368421052632,,,,,,
6,2026,Illinois,Big Ten,312,47,0.24208224324437366,75.52965989224458,0.4967948717948718,1.2978250849853328,0.7058823529411765,0.11428571428571428,3.4571428571428573,484,1.1928571428571428,167,1.5357142857142858,215,33,3.8181818181818183,,,,,,,336,48,0.21266469420471257,71.45533725278342,0.44642857142857145,1.2695353038281467,0.75,0.2138728323699422,2.6144508670520232,452,0.9421965317919075,163,0.4624277456647399,0,29,3.7241379310344827,,,,,,
6,2026,Indiana,Big Ten,316,54,0.4446190066767257,140.49960610984533,0.5189873417721519,1.3713292715915317,0.7241379310344828,0.12105263157894737,3.5957894736842104,683,1.4052631578947368,267,2.3947368421052633,455,38,5.2631578947368425,,,,,,,294,55,-0.09191655569146918,-27.023467373291943,0.29591836734693877,1.4672212893523198,0.42105263157894735,0.2553191489361702,2.1609929078014183,305,0.7092198581560284,100,0.6312056737588653,0,15,3.1333333333333333,,,,,,
6,2026,Iowa,Big Ten,317,57,0.12795833470760848,40.56279210231189,0.42586750788643535,1.2496216027265061,0.5789473684210527,0.1476510067114094,3.263758389261745,486,1.2818791946308725,191,2.0738255033557045,309,30,3.7333333333333334,,,,,,,317,60,-0.06356294591887149,-20.149453856282264,0.3438485804416404,1.093350764369813,0.7647058823529411,0.1901840490797546,2.7006134969325153,440,0.5705521472392638,93,0.2883435582822086,0,18,2.7777777777777777,,,,,,
6,2026,Iowa State,Big 12,319,60,0.17086678384556256,54.506504046734456,0.4106583072100313,1.3242277382918588,0.631578947368421,0.19786096256684493,3.023529411764706,565,1.1283422459893049,211,1.6737967914438503,313,30,4.9,,,,,,,307,63,0.04634553454396122,14.228079104996095,0.38762214983713356,1.237662222615276,0.6666666666666666,0.1871345029239766,2.8461988304093566,487,1.0,171,1.4736842105263157,0,27,2.888888888888889,,,,,,
6,2026,Jacksonville State,Conference USA,308,48,0.2039256783625617,62.809108935669,0.4805194805194805,1.1919700680154681,0.8148148148148148,0.17575757575757575,3.1224242424242425,515,1.2,198,1.0363636363636364,171,28,3.2857142857142856,,,,,,,324,47,0.038705259371239004,12.540504036281437,0.4228395061728395,1.0462276584798134,0.84,0.1711229946524064,2.9149732620320856,545,0.9411764705882353,176,1.0427807486631016,0,24,3.5,,,,,,
6,2026,James Madison,Sun Belt,335,61,0.3271741244075479,109.60333167652854,0.48955223880597015,1.224186777978688,0.72,0.1348314606741573,3.3820224719101124,602,1.2134831460674158,216,2.2808988764044944,406,38,4.657894736842105,,,,,,,369,66,-0.09527398619431632,-35.15610090570272,0.3224932249322493,1.287012172817662,0.75,0.1746987951807229,2.610240963855422,433,0.7409638554216867,123,0.3614457831325301,0,29,2.5517241379310347,,,,,,
6,2026,Kansas,Big 12,305,49,0.29522931846073586,90.04494213052443,0.5016393442622951,1.3175015450606857,0.6666666666666666,0.08379888268156424,3.7368715083798882,669,1.3743016759776536,246,1.089385474860335,195,34,3.8529411764705883,,,,,,,238,51,-0.14047589281545378,-33.433262490078,0.2815126050420168,1.2771864784234672,0.75,0.2755905511811024,2.063779527559055,262,0.5905511811023622,75,0.8976377952755905,0,23,2.9565217391304346,,,,,,
6,2026,Kansas State,Big 12,296,45,0.3066555233089882,90.77003489946051,0.5135135135135135,1.2147288981652262,0.7619047619047619,0.13333333333333333,3.398,510,1.34,201,2.2866666666666666,343,27,4.962962962962963,,,,,,,223,45,-0.03939382867070738,-8.784823793567744,0.30493273542600896,1.4953268179868437,0.4166666666666667,0.2558139534883721,2.5108527131782945,324,1.3488372093023255,174,1.4341085271317828,0,14,3.857142857142857,,,,,,
6,2026,Kennesaw State,Conference USA,272,45,0.09684077719214801,26.34069139626426,0.45955882352941174,1.0511684298734412,0.8181818181818182,0.19696969696969696,3.3136363636363635,437,1.303030303030303,172,1.1136363636363635,147,18,4.166666666666667,,,,,,,251,44,0.15108840921895164,37.92319071395686,0.4262948207171315,1.089390254669204,0.8571428571428571,0.19148936170212766,3.1602836879432625,446,1.24822695035461,176,0.8439716312056738,0,23,3.8260869565217392,,,,,,
6,2026,Kent State,Mid-American,314,55,-0.0365380161160959,-11.472937060454115,0.3343949044585987,1.2671318962969498,0.55,0.20958083832335328,2.701197604790419,451,0.8263473053892215,138,0.6107784431137725,102,26,2.5,,,,,,,304,57,0.14703400968854735,44.69833894531839,0.47368421052631576,1.1654506890287342,0.7692307692307693,0.16049382716049382,3.169753086419753,514,1.1419753086419753,185,0.9506172839506173,0,29,4.620689655172414,,,,,,
6,2026,Kentucky,SEC,330,60,0.22484143633521556,74.19767399062113,0.5121212121212121,1.1461220148425448,0.75,0.15384615384615385,3.404733727810651,575,1.2603550295857988,213,1.4970414201183433,253,32,4.5,,,,,,,367,58,0.030200984886286936,11.083761453267305,0.4332425068119891,1.159961023534726,0.7391304347826086,0.16352201257861634,2.943396226415094,468,0.9433962264150944,150,1.0440251572327044,0,32,3.75,,,,,,
6,2026,Liberty,Conference USA,337,59,0.12547268785434154,42.2842958069131,0.4599406528189911,1.1374117300614055,0.8076923076923077,0.12682926829268293,3.2829268292682925,673,1.2682926829268293,260,1.4585365853658536,299,36,3.4722222222222223,,,,,,,308,57,-0.0022766873366758035,-0.7012196996961475,0.35064935064935066,1.3588518323430672,0.6666666666666666,0.2108843537414966,3.0306122448979593,446,1.1564625850340136,170,1.4149659863945578,0,24,2.7916666666666665,,,,,,
6,2026,Louisiana,Sun Belt,338,55,0.16329468108561884,55.19360220693917,0.4526627218934911,1.1097734056633246,0.8095238095238095,0.1650485436893204,3.2451456310679614,669,1.2621359223300972,260,1.2184466019417477,251,35,3.8,,,,,,,297,53,-0.10494057975007327,-31.16735218577176,0.4006734006734007,1.0224919838022442,0.4666666666666667,0.24060150375939848,2.7203007518796993,362,0.8646616541353384,115,0.47368421052631576,0,16,4.3125,,,,,,
6,2026,Louisiana Tech,Sun Belt,251,51,0.09060547715327524,22.741974765472087,0.3705179282868526,1.443268514258173,0.6363636363636364,0.2230769230769231,2.753846153846154,358,0.9153846153846154,119,1.6846153846153846,219,27,4.111111111111111,,,,,,,290,52,0.0484579889638856,14.052816799526823,0.3793103448275862,1.3030928192975675,0.7368421052631579,0.21764705882352942,2.302941176470588,392,0.8764705882352941,149,1.388235294117647,0,24,3.6666666666666665,,,,,,
6,2026,Louisville,ACC,324,62,0.3260486315572566,105.63975662455114,0.49691358024691357,1.37743517803795,0.6363636363636364,0.20481927710843373,2.8656626506024097,476,1.2590361445783134,209,2.5903614457831323,430,34,4.235294117647059,,,,,,,372,62,0.1425504018159328,53.028749475527,0.40053763440860213,1.2798779623064211,0.5757575757575758,0.11578947368421053,2.9442105263157896,559,0.8736842105263158,166,0.6421052631578947,0,36,3.444444444444444,,,,,,
6,2026,LSU,SEC,420,64,0.28097857715094726,118.01100240339785,0.5023809523809524,1.2435065014509394,0.7297297297297297,0.13973799126637554,3.2026200873362445,733,1.2314410480349345,282,1.314410480349345,301,43,4.4186046511627906,,,,,,,290,66,-0.16235973673317633,-47.08432365262114,0.29310344827586204,1.216171394832916,0.7272727272727273,0.25196850393700787,2.0866141732283463,265,0.7795275590551181,99,0.7637795275590551,0,14,3.857142857142857,,,,,,
6,2026,Marshall,Sun Belt,350,60,0.12849115563797564,44.971904473291474,0.4342857142857143,1.1834858669155768,0.6666666666666666,0.19161676646706588,3.135928143712575,524,1.1437125748502994,191,0.8083832335329342,135,35,2.6,,,,,,,335,54,0.35852669859489944,120.10644402929131,0.48656716417910445,1.3011503637511914,0.7368421052631579,0.13125,3.434375,550,1.08125,173,1.9375,0,29,4.379310344827586,,,,,,
6,2026,Maryland,Big Ten,364,66,0.07255543353442674,26.410177806531333,0.4230769230769231,1.282057527887611,0.7142857142857143,0.20945945945945946,2.9567567567567568,438,1.1689189189189189,173,1.4121621621621623,209,37,3.027027027027027,,,,,,,322,61,0.07057874019000061,22.726354341180198,0.40372670807453415,1.2039554365903475,0.7222222222222222,0.2037037037037037,2.6141975308641974,424,1.0123456790123457,164,1.3518518518518519,0,28,4.464285714285714,,,,,,
6,2026,Massachusetts,Mid-American,272,52,0.2367344362538589,64.39176666104962,0.45955882352941174,1.1980788820894672,0.625,0.15625,3.435625,550,1.2625,202,1.3375,214,32,3.71875,,,,,,,344,56,-0.04051921128097611,-13.938608680655783,0.4011627906976744,1.0581493850981634,0.6666666666666666,0.21518987341772153,2.768987341772152,438,0.6962025316455697,110,0.3037974683544304,0,26,2.6153846153846154,,,,,,
6,2026,Memphis,American Athletic,345,57,0.28057312664760786,96.79772869342472,0.4985507246376812,1.3097473937049489,0.8095238095238095,0.1414141414141414,3.529292929292929,699,1.3131313131313131,260,2.212121212121212,438,32,4.9375,,,,,,,313,56,0.1528152522961895,47.83117396870731,0.402555910543131,1.4104491794551026,0.8421052631578947,0.14193548387096774,3.1658064516129034,491,1.2580645161290323,195,2.129032258064516,0,28,3.2142857142857144,,,,,,
6,2026,Miami,ACC,344,58,0.4203429235440915,144.59796569916747,0.561046511627907,1.2584052626118398,0.7894736842105263,0.10919540229885058,3.8942528735632185,678,1.4482758620689655,252,1.9942528735632183,347,41,4.975609756097561,,,,,,,303,56,-0.055940835208166846,-16.950073068074555,0.3432343234323432,1.1931011606079558,0.5833333333333334,0.24489795918367346,2.2877551020408164,224,0.6020408163265306,59,0.3163265306122449,0,20,2.15,,,,,,
6,2026,Miami (OH),Mid-American,296,51,0.19282021335120111,57.07478315195553,0.4189189189189189,1.3887675052528525,0.6923076923076923,0.18309859154929578,3.0140845070422535,428,0.9788732394366197,139,0.8873239436619719,126,28,3.75,,,,,,,318,53,0.17378111037100785,55.2623930979805,0.4591194968553459,1.2628420508940832,0.8095238095238095,0.2204724409448819,2.747244094488189,349,0.968503937007874,123,1.1732283464566928,0,26,4.269230769230769,,,,,,
6,2026,Michigan,Big Ten,297,51,0.09201113733312004,27.32730778793665,0.42424242424242425,1.1458666743720982,0.75,0.1317365269461078,3.1610778443113774,528,0.8203592814371258,137,0.437125748502994,73,29,3.0689655172413794,,,,,,,307,55,-0.11495592551028512,-35.29146913165753,0.3257328990228013,1.1422151068439668,0.6666666666666666,0.2236024844720497,2.481366459627329,400,0.7453416149068323,120,0.30434782608695654,0,27,1.9259259259259258,,,,,,
6,2026,Michigan State,Big Ten,345,50,-0.05011743180528575,-17.290513972823586,0.4260869565217391,1.0122697677474677,0.7037037037037037,0.18478260869565216,2.9027173913043476,534,0.8097826086956522,149,0.4782608695652174,88,30,3.0,,,,,,,296,50,0.17571281192815832,52.010992330734865,0.40202702702702703,1.3404679196879485,0.6818181818181818,0.21818181818181817,2.9006060606060604,479,1.0,165,1.1151515151515152,0,24,3.7083333333333335,,,,,,
6,2026,Middle Tennessee,Conference USA,290,50,0.0984624971409787,28.55412417088382,0.38620689655172413,1.2003296816665974,0.7333333333333333,0.175,3.254166666666667,391,1.35,162,1.1,132,24,3.8333333333333335,,,,,,,324,53,0.215439255478276,69.80231877496142,0.5061728395061729,1.1214751430067802,0.75,0.13917525773195877,3.577319587628866,694,1.3969072164948455,271,1.3505154639175259,0,34,3.5,,,,,,
6,2026,Minnesota,Big Ten,332,58,0.0622293198819209,20.66013420079774,0.45180722891566266,1.071185076908685,0.6363636363636364,0.23717948717948717,2.380128205128205,371,0.7628205128205128,119,1.1666666666666667,182,40,3.125,,,,,,,281,58,-0.012774176934030103,-3.5895437184624592,0.3701067615658363,1.1653606456651586,0.6111111111111112,0.25,2.7588235294117647,375,1.0,136,0.5220588235294118,0,21,3.9523809523809526,,,,,,
6,2026,Mississippi State,SEC,360,60,0.2752330671414623,99.08390417092642,0.48055555555555557,1.3182207311418692,0.7727272727272727,0.2215909090909091,3.0329545454545457,534,1.2215909090909092,215,1.5738636363636365,277,35,4.6,,,,,,,355,57,0.09409259051206775,33.40286963178405,0.4112676056338028,1.1633233220586756,0.625,0.13725490196078433,3.130718954248366,479,0.8431372549019608,129,0.5490196078431373,0,31,4.032258064516129,,,,,,
6,2026,Missouri,SEC,348,64,0.2377194027875097,82.72635217005337,0.4396551724137931,1.306297909586232,0.75,0.18888888888888888,2.893333333333333,521,0.8722222222222222,157,1.3222222222222222,238,43,3.813953488372093,,,,,,,336,61,0.0007385540747612602,0.24815416911978344,0.3541666666666667,1.3791373171375807,0.7142857142857143,0.2611464968152866,2.347770700636943,369,0.9872611464968153,155,0.7006369426751592,0,22,3.2727272727272725,,,,,,
6,2026,Missouri State,Conference USA,247,42,0.10104536714618226,24.958205685107018,0.4008097165991903,1.2292095221793706,0.7142857142857143,0.16030534351145037,2.9938931297709925,392,0.9541984732824428,125,0.8625954198473282,113,19,4.368421052631579,,,,,,,296,45,0.22746053974840863,67.32831976552896,0.5168918918918919,1.0234936916528945,0.8695652173913043,0.15950920245398773,3.3319018404907976,543,1.245398773006135,203,1.165644171779141,0,32,3.96875,,,,,,
6,2026,Navy,American Athletic,256,43,0.16834683368329506,43.096789422923536,0.46875,1.1502601508636117,0.96,0.11052631578947368,3.718947368421053,707,1.2842105263157895,244,1.5578947368421052,296,20,4.3,,,,,,,253,43,0.06779733872170056,17.152726696590243,0.37549407114624506,1.3253997134015298,0.8823529411764706,0.2054794520547945,2.6404109589041096,386,0.6643835616438356,97,0.3150684931506849,0,17,3.6470588235294117,,,,,,
6,2026,NC State,ACC,367,61,0.23086747138012037,84.72836199650418,0.4659400544959128,1.2509902820927428,0.8620689655172413,0.13756613756613756,3.1582010582010582,597,1.0158730158730158,192,1.582010582010582,299,38,4.2368421052631575,,,,,,,297,61,0.14103109757907178,41.886235980984324,0.41414141414141414,1.3038358104597854,0.68,0.20279720279720279,2.8846153846153846,413,1.1608391608391608,166,1.5664335664335665,0,28,3.5714285714285716,,,,,,
6,2026,Nebraska,Big Ten,358,55,0.3683272685394712,131.8611621371307,0.49441340782122906,1.3812361272051612,0.7307692307692307,0.14583333333333334,3.4541666666666666,663,1.3958333333333333,268,1.828125,351,34,5.205882352941177,,,,,,,305,60,-0.05442242541376125,-16.598839751197183,0.35081967213114756,1.302525378479021,0.8,0.16551724137931034,2.9710344827586206,431,0.9655172413793104,140,0.8689655172413793,0,25,2.24,,,,,,
6,2026,Nevada,Mountain West,256,45,0.09346339458213704,23.926629013027082,0.4140625,1.2947367406781387,0.64,0.19718309859154928,3.2359154929577465,460,1.352112676056338,192,1.6056338028169015,228,22,4.045454545454546,,,,,,,304,47,0.14912307920175932,45.33341607733483,0.42105263157894735,1.120475603033139,0.625,0.14594594594594595,3.271891891891892,605,1.0864864864864865,201,0.6378378378378379,0,25,3.24,,,,,,
6,2026,New Mexico,Mountain West,331,58,0.19095419775573078,63.20583945714688,0.43202416918429004,1.2600191315487879,0.8461538461538461,0.1320754716981132,3.2740566037735848,694,1.1273584905660377,239,1.2877358490566038,273,41,4.195121951219512,,,,,,,291,61,-0.17724573329870952,-51.578508389924465,0.3127147766323024,1.458420513732193,0.5384615384615384,0.2465753424657534,2.0883561643835615,305,0.910958904109589,133,1.1575342465753424,0,15,1.6,,,,,,
6,2026,New Mexico State,Conference USA,333,58,0.09032356356537821,30.077746667270944,0.42042042042042044,1.4266604571936459,0.7,0.16447368421052633,3.0631578947368423,466,1.2171052631578947,185,1.5592105263157896,237,29,3.655172413793103,,,,,,,340,60,0.07674571607938381,26.093543466990496,0.40294117647058825,1.2276199554222154,0.8333333333333334,0.1949685534591195,3.0044025157232706,478,1.0,159,1.4150943396226414,0,31,4.064516129032258,,,,,,
6,2026,North Carolina,ACC,233,39,0.12978442357527237,30.239770693038462,0.4592274678111588,1.1127271002628332,0.7777777777777778,0.15454545454545454,3.7209090909090907,409,1.4545454545454546,160,0.6636363636363637,73,20,4.45,,,,,,,284,42,0.06086003873840658,17.284251001707467,0.43661971830985913,1.0187963489594314,0.8636363636363636,0.11188811188811189,3.260839160839161,466,0.8811188811188811,126,0.9230769230769231,0,24,3.375,,,,,,
6,2026,North Dakota State,Mountain West,330,52,0.16783493464288166,55.38552843215094,0.42424242424242425,1.306751352806306,0.75,0.19072164948453607,2.9829896907216495,579,1.0824742268041236,210,0.9123711340206185,177,30,4.166666666666667,,,,,,,291,54,-0.18178815740013113,-52.90035380343816,0.3745704467353952,1.0015863297820013,0.7083333333333334,0.16875,2.720625,435,0.80625,129,0.4125,0,19,1.631578947368421,,,,,,
6,2026,Northern Illinois,Mountain West,265,46,-0.1206541817533527,-31.973358164638466,0.3622641509433962,1.1902069954238734,0.7647058823529411,0.20952380952380953,2.56,269,0.9428571428571428,99,0.780952380952381,82,22,1.5454545454545454,,,,,,,268,45,0.15856388977800073,42.49512246050419,0.44402985074626866,1.3225028869796787,0.5789473684210527,0.20155038759689922,2.902325581395349,374,1.2403100775193798,160,1.4883720930232558,0,26,3.730769230769231,,,,,,
6,2026,North Texas,American Athletic,377,61,0.28019999731155437,105.635398986456,0.48010610079575594,1.3267510955924169,0.6470588235294118,0.18478260869565216,3.008695652173913,554,1.108695652173913,204,1.2717391304347827,234,39,4.487179487179487,,,,,,,335,60,0.1319734553370061,44.21110753789705,0.43582089552238806,1.2194330404996205,0.6875,0.18032786885245902,2.6579234972677597,486,0.9180327868852459,168,1.284153005464481,0,30,4.366666666666667,,,,,,
6,2026,Northwestern,Big Ten,258,46,0.28858030463766776,74.45371859651827,0.4883720930232558,1.2601102727368148,0.75,0.1895424836601307,3.1065359477124184,475,1.3660130718954249,209,1.9869281045751634,304,27,4.666666666666667,,,,,,,287,46,0.0663375134018414,19.038866346328483,0.4425087108013937,1.0934431464507535,0.64,0.16535433070866143,3.237007874015748,411,0.952755905511811,121,1.5748031496062993,0,22,2.7272727272727275,,,,,,
6,2026,Notre Dame,FBS Independents,336,51,0.3185159595963034,107.02136242435795,0.5238095238095238,1.0895594623675577,0.7777777777777778,0.13736263736263737,3.1945054945054947,581,0.8571428571428571,156,0.5934065934065934,108,36,5.166666666666667,,,,,,,276,51,-0.06554166715966883,-18.089500136068597,0.34782608695652173,1.2017144459947056,0.7333333333333333,0.23134328358208955,2.452238805970149,329,0.6268656716417911,84,0.20149253731343283,0,19,2.473684210526316,,,,,,
6,2026,Ohio,Mid-American,320,51,0.16784465161607284,53.71028851714331,0.446875,1.152658092601954,0.7931034482758621,0.1164021164021164,3.469312169312169,656,1.17989417989418,223,0.9894179894179894,187,31,3.870967741935484,,,,,,,325,49,0.20437939909962946,66.42330470737957,0.4276923076923077,1.3022918502326009,0.6785714285714286,0.19889502762430938,2.7535911602209944,498,0.9723756906077348,176,0.8674033149171271,0,27,4.333333333333333,,,,,,
6,2026,Ohio State,Big Ten,345,56,0.3527675325581018,121.70479873254511,0.5159420289855072,1.313927098245284,0.7931034482758621,0.17142857142857143,3.1405714285714286,550,1.0285714285714287,180,0.8514285714285714,149,33,4.909090909090909,,,,,,,323,57,-0.08182601968381716,-26.429804357872943,0.3622291021671827,1.1903355887490543,0.7,0.2013888888888889,2.649305555555556,382,1.1041666666666667,159,0.5972222222222222,0,21,3.0,,,,,,
6,2026,Oklahoma,SEC,255,47,-0.04522904063238055,-11.53340536125704,0.39215686274509803,1.1117720724855946,0.46153846153846156,0.2230769230769231,2.603076923076923,338,0.8,104,0.9307692307692308,121,18,3.388888888888889,,,,,,,227,48,-0.18217213262775817,-41.353074106501104,0.3039647577092511,1.2353158782344913,0.5833333333333334,0.1937984496124031,2.3635658914728683,305,0.7596899224806202,98,1.2093023255813953,0,24,2.0833333333333335,,,,,,
6,2026,Oklahoma State,Big 12,320,51,0.16143210183441845,51.6582725870139,0.490625,1.108175371954534,0.64,0.17177914110429449,3.2263803680981593,526,1.2883435582822087,210,1.3251533742331287,216,36,3.75,,,,,,,252,48,-0.02973431120798791,-7.493046424412953,0.373015873015873,1.1584523445777564,0.6111111111111112,0.16666666666666666,3.0819444444444444,444,0.9513888888888888,137,0.8819444444444444,0,24,3.0,,,,,,
6,2026,Old Dominion,Sun Belt,303,65,-0.14674001830439876,-44.46222554623282,0.297029702970297,1.3340868395896117,0.36363636363636365,0.3227848101265823,1.6037974683544305,253,1.1139240506329113,176,1.3037974683544304,206,28,2.5,,,,,,,369,65,0.020839481556737514,7.689768694436142,0.35772357723577236,1.2432160158682048,0.6363636363636364,0.21393034825870647,2.5562189054726367,514,0.8606965174129353,173,0.9552238805970149,0,36,3.75,,,,,,
6,2026,Ole Miss,SEC,276,45,0.25167168162516396,69.46138412854526,0.5181159420289855,1.1622157256130825,0.76,0.17543859649122806,2.9350877192982456,335,1.0789473684210527,123,0.5789473684210527,66,28,4.75,,,,,,,276,45,0.2245004693490552,61.962129540339234,0.47101449275362317,1.1445332345829773,0.8181818181818182,0.21739130434782608,2.9,467,0.9751552795031055,157,1.3664596273291925,0,27,4.0,,,,,,
6,2026,Oregon,Big Ten,289,49,0.3282973751105438,94.87794140694716,0.47750865051903113,1.4144341938067029,0.8095238095238095,0.12213740458015267,3.3595419847328243,440,1.0458015267175573,137,0.8702290076335878,114,35,5.0285714285714285,,,,,,,268,51,-0.003303296529835803,-0.8852834699959953,0.373134328358209,1.2391364139667749,0.75,0.18487394957983194,2.6848739495798317,320,0.6890756302521008,82,0.907563025210084,0,24,3.3333333333333335,,,,,,
6,2026,Oregon State,Pac-12,342,58,0.2995528294061624,102.44706765690755,0.4824561403508772,1.3251229929985109,0.875,0.109375,3.34140625,428,0.9140625,117,0.953125,122,36,4.805555555555555,,,,,,,344,58,0.0921309016992446,31.69303018454014,0.4273255813953488,1.0901750455843946,0.7666666666666667,0.14792899408284024,3.045562130177515,515,0.9644970414201184,163,1.14792899408284,0,32,3.5625,,,,,,
6,2026,Penn State,Big Ten,340,61,0.1793708394206884,60.98608540303406,0.4235294117647059,1.2396701513874513,0.76,0.15428571428571428,2.766857142857143,484,0.9428571428571428,165,0.8514285714285714,149,33,4.03030303030303,,,,,,,311,62,-0.02435717918121634,-7.575082725358282,0.36977491961414793,1.1750688322104939,0.6666666666666666,0.21637426900584794,2.8666666666666667,490,1.0994152046783625,188,1.543859649122807,0,20,3.7,,,,,,
6,2026,Pittsburgh,ACC,354,60,0.25597811429056405,90.61625245885968,0.4604519774011299,1.2931798988478906,0.6666666666666666,0.1927710843373494,3.1373493975903615,521,1.2108433734939759,201,1.2650602409638554,210,38,4.2631578947368425,,,,,,,315,62,-0.054166733554855906,-17.06252106977961,0.3142857142857143,1.4503054011498506,0.5882352941176471,0.3046875,1.75,224,0.7578125,97,0.3984375,0,23,2.5217391304347827,,,,,,
6,2026,Purdue,Big Ten,348,53,0.2477751606899769,86.22575592011196,0.46264367816091956,1.2109351995310158,0.75,0.1761006289308176,2.807547169811321,446,0.8301886792452831,132,0.44654088050314467,71,34,3.5588235294117645,,,,,,,324,51,0.29735516399800965,96.34307313535513,0.4845679012345679,1.373773066139777,0.782608695652174,0.14545454545454545,3.3454545454545457,552,1.3393939393939394,221,1.5696969696969696,0,31,4.741935483870968,,,,,,
6,2026,Rice,American Athletic,316,51,0.030310358355768938,9.578073240422984,0.4208860759493671,1.1421056893350185,0.7894736842105263,0.16379310344827586,3.127586206896552,726,1.1163793103448276,259,1.5172413793103448,352,25,3.32,,,,,,,334,51,0.11521647636715344,38.482303106629246,0.4161676646706587,1.3139271315578964,0.6818181818181818,0.1978021978021978,2.7296703296703297,497,1.0494505494505495,191,1.6373626373626373,0,32,3.84375,,,,,,
6,2026,Rutgers,Big Ten,331,57,0.10675643332771091,35.33637943147231,0.4471299093655589,1.3411331691357313,0.6216216216216216,0.19047619047619047,2.8875,485,0.8690476190476191,146,0.8630952380952381,145,28,4.071428571428571,,,,,,,310,57,0.2339741202054639,72.53197726369382,0.4612903225806452,1.2377619741535941,0.75,0.18404907975460122,3.2239263803680984,526,1.50920245398773,246,1.9631901840490797,0,32,4.125,,,,,,
6,2026,Sacramento State,Mid-American,349,61,-0.06098685135369554,-21.284411122439742,0.4183381088825215,1.0051274745930112,0.75,0.25170068027210885,2.691156462585034,396,1.0204081632653061,150,0.9591836734693877,141,29,2.5517241379310347,,,,,,,303,61,0.12514837779536842,37.91995847199663,0.35973597359735976,1.4167688855611527,0.5,0.18012422360248448,2.9118012422360247,469,0.9254658385093167,149,1.4720496894409938,0,28,3.8214285714285716,,,,,,
6,2026,Sam Houston,Conference USA,280,54,0.10163077593628513,28.456617262159835,0.4392857142857143,1.282968570198587,0.6111111111111112,0.21052631578947367,2.799122807017544,319,1.1052631578947367,126,0.5175438596491229,59,24,3.4583333333333335,,,,,,,263,53,0.06525042675854816,17.160862237498165,0.38783269961977185,1.2587754686703159,0.7368421052631579,0.20279720279720279,3.074825174825175,440,1.3146853146853148,188,1.867132867132867,0,24,2.875,,,,,,
6,2026,San Diego State,Pac-12,321,61,-0.09291811670302239,-29.826715461670187,0.34890965732087226,1.1252652274378747,0.52,0.21052631578947367,2.975438596491228,509,1.0,171,0.8421052631578947,144,30,3.2,,,,,,,398,65,0.08749382220190041,34.822541236356365,0.45226130653266333,1.072339731148351,0.8076923076923077,0.1152073732718894,3.2714285714285714,710,0.7880184331797235,171,0.423963133640553,0,39,3.3076923076923075,,,,,,
6,2026,San José State,Mountain West,346,63,0.09623683526198572,33.297945000647054,0.3901734104046243,1.1892301410960842,0.6111111111111112,0.19875776397515527,3.0291925465838507,488,1.0124223602484472,163,0.577639751552795,93,31,3.3548387096774195,,,,,,,352,64,0.05637714937308157,19.844756579324713,0.4318181818181818,1.0959029279156265,0.8076923076923077,0.17006802721088435,2.980952380952381,438,1.0068027210884354,148,0.7619047619047619,0,36,3.111111111111111,,,,,,
6,2026,SMU,ACC,346,60,0.21833020987828303,75.54225261788594,0.4884393063583815,1.2675413699762985,0.6538461538461539,0.20606060606060606,2.7484848484848485,454,0.9030303030303031,149,1.2363636363636363,204,39,3.8205128205128207,,,,,,,320,59,0.044840551952483446,14.348976624794702,0.36875,1.3789948556170148,0.4166666666666667,0.23178807947019867,2.6145695364238413,395,1.1721854304635762,177,1.880794701986755,0,25,3.56,,,,,,
6,2026,South Alabama,Sun Belt,375,57,0.21185124790877016,79.44421796578881,0.43466666666666665,1.3160344980638308,0.8125,0.1232876712328767,3.223287671232877,706,1.0684931506849316,234,0.8721461187214612,191,35,4.2,,,,,,,287,56,0.26506944834601925,76.07493167530752,0.4843205574912892,1.4211273298973608,0.6363636363636364,0.18382352941176472,3.115441176470588,424,1.3235294117647058,180,2.9926470588235294,0,32,4.40625,,,,,,
6,2026,South Carolina,SEC,373,60,0.19812679781448891,73.90129558480436,0.47989276139410186,1.1931386921260039,0.75,0.13297872340425532,3.6728723404255317,691,1.303191489361702,245,2.372340425531915,446,33,4.333333333333333,,,,,,,313,62,0.160850831861413,50.34631037262227,0.3961661341853035,1.3678475922941087,0.6666666666666666,0.2198581560283688,2.508510638297872,354,0.7659574468085106,108,0.9290780141843972,0,25,4.52,,,,,,
6,2026,Southern Miss,Sun Belt,286,50,0.06280413822537298,17.96198353245667,0.43006993006993005,1.1245900900724308,0.8421052631578947,0.08955223880597014,3.582089552238806,480,1.1343283582089552,152,0.4701492537313433,63,22,4.090909090909091,,,,,,,298,52,0.12290830591227378,36.626675161857584,0.40604026845637586,1.2731007532289613,0.7058823529411765,0.18023255813953487,3.1965116279069767,550,1.1453488372093024,197,1.6453488372093024,0,25,2.96,,,,,,
6,2026,South Florida,American Athletic,301,52,0.1834236908545824,55.2105309472293,0.49169435215946844,1.1092339260214026,0.8636363636363636,0.1951219512195122,3.0115853658536587,494,1.25,205,1.3841463414634145,227,28,4.5,,,,,,,313,49,-0.0062744571590847625,-1.9639050907935305,0.3961661341853035,0.9931799199856048,0.5625,0.2529411764705882,2.611764705882353,444,0.9235294117647059,157,0.9117647058823529,0,22,3.0454545454545454,,,,,,
6,2026,Stanford,ACC,342,60,0.07233810278985586,24.739631154130706,0.38011695906432746,1.1992883780015684,0.8,0.2097902097902098,2.693006993006993,385,0.6783216783216783,97,0.5454545454545454,78,26,3.0,,,,,,,354,59,0.3320488709980463,117.5453003333084,0.4887005649717514,1.339608011587625,0.85,0.14457831325301204,3.3939759036144577,563,1.2710843373493976,211,1.2108433734939759,0,37,5.162162162162162,,,,,,
6,2026,Syracuse,ACC,326,50,0.08320228496221774,27.123944897682986,0.4263803680981595,1.306302925438216,0.8148148148148148,0.18064516129032257,2.9612903225806453,459,1.064516129032258,165,1.0580645161290323,164,33,3.6363636363636362,,,,,,,260,49,-0.053401472576454515,-13.884382869878173,0.38461538461538464,1.1873533845992175,0.7692307692307693,0.22580645161290322,2.6806451612903226,332,1.1774193548387097,146,1.7419354838709677,0,24,3.0,,,,,,
6,2026,TCU,Big 12,336,55,0.12913420645622942,43.38909336929308,0.44642857142857145,1.2394240374983039,0.7619047619047619,0.18125,2.9225,468,1.0375,166,0.9,144,34,3.323529411764706,,,,,,,286,56,-0.10484208548089873,-29.984836447537035,0.35664335664335667,0.9577801478395354,0.5909090909090909,0.2119205298013245,2.6278145695364237,397,0.8874172185430463,134,0.423841059602649,0,19,3.4210526315789473,,,,,,
6,2026,Temple,American Athletic,297,48,0.20703602036585217,61.48969804865809,0.4175084175084175,1.2917401977974126,0.6956521739130435,0.1702127659574468,3.3271276595744683,626,1.2234042553191489,230,1.6914893617021276,318,27,3.259259259259259,,,,,,,335,51,0.16842239390697863,56.421501958837844,0.44776119402985076,1.1526783441041537,0.8,0.12290502793296089,2.853072625698324,511,0.994413407821229,178,0.4972067039106145,0,35,3.342857142857143,,,,,,
6,2026,Tennessee,SEC,355,61,0.19763150648266598,70.15918480134643,0.4507042253521127,1.1735087874198797,0.8461538461538461,0.13270142180094788,3.5488151658767775,749,1.3270142180094786,280,1.6824644549763033,355,33,4.696969696969697,,,,,,,323,61,-0.09254757384478383,-29.89286635186518,0.3653250773993808,1.0970504166324393,0.6875,0.1888111888111888,3.1293706293706296,448,1.3216783216783217,189,1.2517482517482517,0,28,2.25,,,,,,
6,2026,Texas,SEC,290,44,0.11041318508798613,32.01982367551597,0.45517241379310347,1.1433060036315155,0.75,0.1830065359477124,2.8176470588235296,431,1.1699346405228759,179,0.5816993464052288,89,28,4.25,,,,,,,260,46,-0.055642245301324424,-14.46698377834435,0.35,1.0937901963041747,0.7333333333333333,0.1984126984126984,2.553968253968254,322,0.9365079365079365,118,0.8888888888888888,0,21,2.1904761904761907,,,,,,
6,2026,Texas A&M,SEC,369,58,0.07193851274487857,26.545311202860194,0.4363143631436314,1.077032130816005,0.8275862068965517,0.16494845360824742,3.162886597938144,614,1.1443298969072164,222,1.0103092783505154,196,32,4.46875,,,,,,,273,58,-0.008292762480787353,-2.2639241572549476,0.3772893772893773,1.273137862267963,0.6875,0.1875,2.8159722222222223,406,0.9166666666666666,132,0.9027777777777778,0,23,2.8260869565217392,,,,,,
6,2026,Texas State,Pac-12,395,60,0.24063587932289154,95.05117233254217,0.4911392405063291,1.2745044848415739,0.6666666666666666,0.13617021276595745,3.18468085106383,748,1.0340425531914894,243,2.0425531914893615,480,37,3.1621621621621623,,,,,,,374,57,0.10847615754283114,40.570082921018845,0.446524064171123,1.2015805078197601,0.56,0.25,2.619871794871795,409,0.9294871794871795,145,0.7243589743589743,0,35,3.942857142857143,,,,,,
6,2026,Texas Tech,Big 12,341,62,0.19226705948270684,65.56306728360303,0.46920821114369504,1.1530906961158112,0.7142857142857143,0.19889502762430938,3.139226519337017,568,1.2320441988950277,223,1.3149171270718232,238,35,4.2,,,,,,,359,64,-0.05752785840048082,-20.652501165772616,0.362116991643454,1.2936720518556029,0.625,0.208955223880597,2.779850746268657,373,0.9626865671641791,129,0.40298507462686567,0,26,2.3461538461538463,,,,,,
6,2026,Toledo,Mid-American,351,59,0.25003807788526183,87.76336533772691,0.43874643874643876,1.4827572295579163,0.7307692307692307,0.16129032258064516,3.2053763440860217,596,1.0268817204301075,191,1.5268817204301075,284,39,4.333333333333333,,,,,,,350,62,-0.011159133180555522,-3.9056966131944324,0.3342857142857143,1.3419657613367493,0.42857142857142855,0.21764705882352942,2.652941176470588,451,0.7941176470588235,135,1.0529411764705883,0,29,2.9655172413793105,,,,,,
6,2026,Troy,Sun Belt,292,52,0.02316723069395238,6.764831362634094,0.3801369863013699,1.3132704234201762,0.631578947368421,0.23809523809523808,2.673469387755102,393,1.1496598639455782,169,1.380952380952381,203,24,2.9583333333333335,,,,,,,242,51,0.03576781868285299,8.655812121250422,0.371900826446281,1.3182035990042773,0.6,0.25892857142857145,2.34375,263,1.0,112,1.6607142857142858,0,24,3.0,,,,,,
6,2026,Tulane,American Athletic,245,46,0.10278927336162157,25.183371973597286,0.34285714285714286,1.5134249575371927,0.75,0.21774193548387097,2.5725806451612905,319,1.032258064516129,128,2.7661290322580645,343,19,2.473684210526316,,,,,,,283,47,0.17148641914456647,48.53065661791231,0.3957597173144876,1.3057172965646036,0.7692307692307693,0.16233766233766234,3.0863636363636364,475,1.1493506493506493,177,1.3311688311688312,0,26,3.3076923076923075,,,,,,
6,2026,Tulsa,American Athletic,338,61,0.13100959412793867,44.28124281524327,0.40532544378698226,1.155259041149958,0.8421052631578947,0.11976047904191617,3.316766467065868,554,1.0838323353293413,181,1.5029940119760479,251,29,3.689655172413793,,,,,,,392,64,-0.02148201137807833,-8.420948460206706,0.3877551020408163,1.145573552335219,0.5769230769230769,0.2057142857142857,2.6737142857142855,468,0.9542857142857143,167,0.8114285714285714,0,31,2.935483870967742,,,,,,
6,2026,UAB,American Athletic,335,51,0.09214818134855955,30.86964075176745,0.4388059701492537,1.1588443919793634,0.7333333333333333,0.15577889447236182,3.2100502512562814,639,0.9899497487437185,197,0.8090452261306532,161,27,2.888888888888889,,,,,,,305,53,0.017936873057365254,5.470746282496402,0.43278688524590164,1.0334161607822656,0.7142857142857143,0.13541666666666666,3.402083333333333,653,1.15625,222,0.9479166666666666,0,25,3.84,,,,,,
6,2026,UCF,Big 12,288,59,0.1086384016244808,31.28785966785047,0.40625,1.2929894870526575,0.7222222222222222,0.19047619047619047,2.9591836734693877,435,1.346938775510204,198,2.2448979591836733,330,29,4.862068965517241,,,,,,,367,62,-0.035582763956646765,-13.058874372089363,0.3760217983651226,1.1247617471115103,0.6666666666666666,0.2154696132596685,2.453038674033149,444,0.6574585635359116,119,0.8950276243093923,0,32,2.5,,,,,,
6,2026,UCLA,Big Ten,265,52,0.28712715890422885,76.08869710962064,0.49433962264150944,1.253304393370694,0.8421052631578947,0.09554140127388536,3.9745222929936306,624,1.5668789808917196,246,2.445859872611465,384,35,4.3428571428571425,,,,,,,275,52,-0.12710062509096473,-34.952671900015304,0.32727272727272727,1.3466484258816014,0.8333333333333334,0.25,2.36484375,303,0.8359375,107,0.234375,0,18,3.0,,,,,,
6,2026,UConn,FBS Independents,337,61,0.20529016780677542,69.18278655088332,0.4362017804154303,1.411935753177003,0.6875,0.17543859649122806,3.154970760233918,540,1.198830409356725,205,1.6023391812865497,274,32,4.34375,,,,,,,378,62,0.0622378524623147,23.525908230754954,0.4126984126984127,1.2551638888858083,0.68,0.17682926829268292,2.8091463414634146,461,0.6707317073170732,110,0.35365853658536583,0,32,3.0,,,,,,
6,2026,UL Monroe,Sun Belt,340,61,0.0029423876669080248,1.0004118067487284,0.4176470588235294,1.1598902416432224,0.6071428571428571,0.16352201257861634,2.9144654088050315,463,0.9937106918238994,158,1.0,159,29,3.1724137931034484,,,,,,,362,57,0.3222966853824893,116.67140010846111,0.5082872928176796,1.243331348251348,0.8,0.1553398058252427,3.4101941747572817,703,1.1990291262135921,247,1.6067961165048543,0,37,4.324324324324325,,,,,,
6,2026,UNLV,Mountain West,343,63,0.07252573419289297,24.87632682816229,0.36151603498542273,1.331059441848359,0.6842105263157895,0.14444444444444443,3.133888888888889,564,1.0777777777777777,194,1.6555555555555557,298,27,3.2962962962962963,,,,,,,350,63,0.04498009596690349,15.743033588416223,0.38571428571428573,1.2599343755813022,0.6666666666666666,0.14864864864864866,3.4864864864864864,516,1.2905405405405406,191,1.0743243243243243,0,30,3.2333333333333334,,,,,,
6,2026,USC,Big Ten,432,60,0.2863827091510192,123.7173303532403,0.5185185185185185,1.1868292749781917,0.7837837837837838,0.1784037558685446,3.1460093896713617,670,1.1408450704225352,243,0.6995305164319249,149,41,4.536585365853658,,,,,,,355,62,0.16233192769375,57.62783433128125,0.4140845070422535,1.3406837462495018,0.7727272727272727,0.16666666666666666,2.7797619047619047,467,0.9345238095238095,157,1.2202380952380951,0,31,4.225806451612903,,,,,,
6,2026,Utah,Big 12,274,47,0.3282820760821432,89.94928884650724,0.5072992700729927,1.3213183801964539,0.7391304347826086,0.19463087248322147,3.4791946308724833,518,1.4026845637583893,209,1.6979865771812082,253,32,4.96875,,,,,,,270,46,-0.07358512467946862,-19.867983663456528,0.31851851851851853,1.3365530299488966,0.5,0.2037037037037037,2.6324074074074075,284,0.8981481481481481,97,0.4537037037037037,0,18,2.2777777777777777,,,,,,
6,2026,Utah State,Pac-12,323,59,-0.07070341411860125,-22.8372027603082,0.35294117647058826,1.3761044142506353,0.38461538461538464,0.21232876712328766,3.058904109589041,447,1.0684931506849316,156,1.6095890410958904,235,28,1.9642857142857142,,,,,,,357,58,0.07376004416003278,26.3323357651317,0.41456582633053224,1.1824887287132193,0.76,0.18787878787878787,2.7545454545454544,455,0.9393939393939394,155,1.2424242424242424,0,33,3.4242424242424243,,,,,,
6,2026,UTEP,Mountain West,280,59,-0.20522517666638987,-57.46304946658916,0.35,1.2136778337608793,0.5333333333333333,0.2422360248447205,2.5521739130434784,411,1.0559006211180124,170,1.7267080745341614,278,23,1.173913043478261,,,,,,,321,54,0.26261092886382387,84.29810816528746,0.4766355140186916,1.2386156308523038,0.6923076923076923,0.19444444444444445,3.0283333333333333,545,0.9833333333333333,177,1.0,0,36,4.361111111111111,,,,,,
6,2026,UTSA,American Athletic,326,58,0.21632858928172913,70.5231201058437,0.450920245398773,1.166977048870797,0.84,0.1901840490797546,2.957055214723926,482,1.0552147239263805,172,1.6319018404907975,266,31,3.2580645161290325,,,,,,,385,59,0.04362596711705123,16.795997340064726,0.412987012987013,1.1531900556468915,0.6666666666666666,0.1625615763546798,3.037931034482759,617,0.9655172413793104,196,1.3103448275862069,0,35,3.3714285714285714,,,,,,
6,2026,Vanderbilt,SEC,322,53,0.09344068359228011,30.087900116714195,0.40372670807453415,1.2446868144799181,0.7916666666666666,0.15384615384615385,3.0403846153846152,474,0.9935897435897436,155,0.5,78,28,3.0357142857142856,,,,,,,323,56,0.07035176595239959,22.723620402625066,0.3993808049535604,1.2791264780239027,0.7692307692307693,0.1830065359477124,2.6882352941176473,411,1.0130718954248366,155,1.3006535947712419,0,28,3.5357142857142856,,,,,,
6,2026,Virginia,ACC,367,61,0.16979327315657375,62.314131248462566,0.43869209809264303,1.1734302837570465,0.8148148148148148,0.14948453608247422,3.286082474226804,638,1.0824742268041236,210,0.8350515463917526,162,35,4.057142857142857,,,,,,,309,62,-0.04290357864928362,-13.257205802628638,0.36893203883495146,1.011422255734704,0.7142857142857143,0.16470588235294117,3.191764705882353,543,1.0,170,0.9352941176470588,0,20,3.75,,,,,,
6,2026,Virginia Tech,ACC,391,62,0.217082606973294,84.87929932655796,0.4680306905370844,1.271876825862607,0.75,0.20967741935483872,2.77258064516129,516,1.0161290322580645,189,1.032258064516129,192,37,4.54054054054054,,,,,,,298,63,-0.00816472526222577,-2.4330881281432797,0.3221476510067114,1.3721250323751388,0.625,0.3716216216216216,1.247972972972973,185,0.8783783783783784,130,1.2364864864864864,0,31,3.0,,,,,,
6,2026,Wake Forest,ACC,329,54,0.3347962943848511,110.14798085261602,0.48632218844984804,1.2831346269236084,0.625,0.14556962025316456,3.3373417721518988,527,1.2151898734177216,192,1.0506329113924051,166,36,4.25,,,,,,,367,58,0.10041178671574263,36.851125724677544,0.44141689373297005,1.0417141096810443,0.7272727272727273,0.21084337349397592,2.7885542168674697,463,0.8012048192771084,133,0.572289156626506,0,29,3.1379310344827585,,,,,,
6,2026,Washington,Big Ten,319,60,0.12668615882561424,40.41288466537094,0.43260188087774293,1.2096458561467123,0.6428571428571429,0.18181818181818182,3.012121212121212,398,0.9393939393939394,124,1.2575757575757576,166,32,3.9375,,,,,,,327,59,-0.07677452629418921,-25.105270098199874,0.363914373088685,1.1673011981046566,0.5,0.2909090909090909,2.360606060606061,390,0.8303030303030303,137,0.8545454545454545,0,28,2.857142857142857,,,,,,
6,2026,Washington State,Pac-12,305,59,-0.11592064980892366,-35.35579819172172,0.3377049180327869,1.231132289039642,0.5714285714285714,0.23776223776223776,2.727972027972028,390,1.2307692307692308,176,1.3706293706293706,196,19,3.210526315789474,,,,,,,337,64,0.03435979528180634,11.579251009968738,0.4065281899109792,1.1993253032943043,0.6842105263157895,0.19642857142857142,2.8261904761904764,475,1.0595238095238095,178,1.4285714285714286,0,35,3.1714285714285713,,,,,,
6,2026,Western Kentucky,Conference USA,360,65,-0.03886287222477797,-13.99063400092007,0.36666666666666664,1.2530885714496178,0.7083333333333334,0.2392638036809816,2.617791411042945,427,0.9386503067484663,153,0.5337423312883436,87,23,3.4347826086956523,,,,,,,319,62,0.23606474955156106,75.30465510694798,0.4263322884012539,1.480395983250906,0.8571428571428571,0.14619883040935672,3.4321637426900584,587,1.2514619883040936,214,2.2339181286549707,0,34,4.588235294117647,,,,,,
6,2026,Western Michigan,Mid-American,306,52,0.09762499706401234,29.873249101587778,0.4150326797385621,1.1014797123387798,0.7916666666666666,0.1569767441860465,2.941279069767442,506,1.0232558139534884,176,0.8372093023255814,144,27,4.296296296296297,,,,,,,337,51,0.09418363351263272,31.739884493757227,0.456973293768546,1.0354164939129222,0.6944444444444444,0.17010309278350516,3.0231958762886597,587,0.9072164948453608,176,0.4329896907216495,0,25,3.32,,,,,,
6,2026,West Virginia,Big 12,360,64,0.2165375910516298,77.95353277858673,0.45,1.2914490134589587,0.6896551724137931,0.13740458015267176,3.320992366412214,870,1.1374045801526718,298,1.7290076335877862,453,35,4.3428571428571425,,,,,,,358,63,0.17031012414693264,60.97102444460189,0.4553072625698324,1.2093386559190282,0.7083333333333334,0.20765027322404372,2.955737704918033,541,1.103825136612022,202,1.3989071038251366,0,34,3.823529411764706,,,,,,
6,2026,Wisconsin,Big Ten,310,53,0.16741978821948492,51.900134348040325,0.4,1.467420917286766,0.631578947368421,0.13836477987421383,3.0446540880503146,484,0.8553459119496856,136,1.2138364779874213,193,28,3.4642857142857144,,,,,,,338,55,-0.11588769802646642,-39.17004193294565,0.34615384615384615,0.963886622092534,0.7083333333333334,0.10857142857142857,2.9057142857142857,509,0.7028571428571428,123,0.24,0,23,3.0,,,,,,
6,2026,Wyoming,Mountain West,292,52,0.07605474124086305,22.20798444233201,0.4315068493150685,1.0610855193264854,0.9166666666666666,0.13664596273291926,3.4490683229813666,555,1.236024844720497,199,0.8012422360248447,129,25,2.84,,,,,,,332,50,0.14137171610820295,46.93540974792339,0.4578313253012048,1.0685369265412408,0.9090909090909091,0.15508021390374332,3.327807486631016,622,1.3422459893048129,251,1.0909090909090908,0,29,3.2758620689655173,,,,,,
