id,season,week,season_type,start_date,completed,neutral_site,conference_game,venue_id,venue,home_id,home_team,home_conference,home_points,away_id,away_team,away_conference,away_points
401896383,2026,1,regular,2026-08-27T04:00:00.000Z,False,False,False,3774,Jayne Stadium,2413,Morehead State,Pioneer,,2477,Ohio Dominican,Great Midwest Athletic,
401867894,2026,1,regular,2026-08-27T22:00:00.000Z,False,False,False,844,Stambaugh Stadium,2754,Youngstown State,MVFC,,2385,Mercyhurst,NEC,
401866532,2026,1,regular,2026-08-27T22:00:00.000Z,False,False,True,3781,Johnny Unitas Stadium,119,Towson,CAA,,311,Maine,CAA,
401866615,2026,1,regular,2026-08-27T22:00:00.000Z,False,False,False,3613,Alumni Stadium,2169,Delaware State,MEAC,,2619,Stony Brook,CAA,
401868060,2026,1,regular,2026-08-27T23:00:00.000Z,False,False,False,3742,Governors Stadium,2046,Austin Peay,UAC,,2241,Gardner-Webb,Big South-OVC,
401868204,2026,1,regular,2026-08-27T23:00:00.000Z,False,False,False,3746,Hanson Field,2710,Western Illinois,Big South-OVC,,2471,Northwestern (IA),,
401868169,2026,1,regular,2026-08-27T23:00:00.000Z,False,False,True,3749,Hunter Stadium,2815,Lindenwood,Big South-OVC,,2127,Charleston Southern,Big South-OVC,
401866614,2026,1,regular,2026-08-27T23:00:00.000Z,False,False,False,3894,Rhodes Stadium,2210,Elon,CAA,,2249,Glenville State,Mountain East,
401867865,2026,1,regular,2026-08-27T23:00:00.000Z,False,False,False,3909,Roy Stewart Stadium,93,Murray State,MVFC,,2197,Eastern Illinois,Big South-OVC,
401868273,2026,1,regular,2026-08-27T23:00:00.000Z,False,False,False,3627,Bailey Memorial Stadium,2506,Presbyterian,Pioneer,,2842,UVA Wise,South Atlantic,
401868240,2026,1,regular,2026-08-27T23:00:00.000Z,False,False,False,5888,University Stadium (GA),2698,West Georgia,UAC,,236,Chattanooga,Southern,
401896384,2026,1,regular,2026-08-27T23:00:00.000Z,False,False,False,3897,Richardson Stadium,2166,Davidson,Pioneer,,2148,Concord University,Mountain East,
401874035,2026,1,regular,2026-08-27T23:00:00.000Z,False,False,False,10803,Pen-Air Field,110242,West Florida,UAC,,79,Southern Illinois,MVFC,
401868962,2026,1,regular,2026-08-27T23:00:00.000Z,False,False,False,3779,Manning Field at John L. Guidry Stadium,2447,Nicholls,Southland,,2400,Mississippi Valley State,SWAC,
401868315,2026,1,regular,2026-08-27T23:00:00.000Z,False,False,True,3944,Strawberry Stadium,2545,SE Louisiana,Southland,,2277,Houston Christian,Southland,
401868279,2026,1,regular,2026-08-27T23:00:00.000Z,False,False,False,5116,O'Shaughnessy Stadium,2900,St. Thomas (MN),Pioneer,,2851,Winona State,Northern Sun,
401868254,2026,1,regular,2026-08-27T23:30:00.000Z,False,False,False,3701,Drake Stadium,2181,Drake,Pioneer,,613,South Dakota Mines,Rocky Mountain,
401868070,2026,1,regular,2026-08-27T23:30:00.000Z,False,False,False,3748,Graham Stadium,2630,UT Martin,Big South-OVC,,2110,Central Arkansas,UAC,
401869128,2026,1,regular,2026-08-28T00:00:00.000Z,False,False,False,3963,Harry Turpin Stadium,2466,Northwestern State,Southland,,2347,Louisiana College,,
401867874,2026,1,regular,2026-08-28T00:00:00.000Z,False,False,False,3605,Alerus Center,155,North Dakota,MVFC,,2341,Long Island University,NEC,
401866617,2026,1,regular,2026-08-28T04:00:00.000Z,False,False,False,6048,Duane Stadium,2771,Merrimack,FCS Independents,,227,Rhode Island,CAA,
401868261,2026,1,regular,2026-08-28T22:00:00.000Z,False,False,False,6058,Ralph F. DellaCamera Stadium,2441,New Haven,NEC,,2368,Marist,Pioneer,
401868040,2026,1,regular,2026-08-28T22:00:00.000Z,False,False,True,717,Villanova Stadium,222,Villanova,Patriot,,2729,William & Mary,Patriot,
401866616,2026,1,regular,2026-08-28T23:00:00.000Z,False,False,True,4419,Bob Ford Field,399,UAlbany,CAA,,160,New Hampshire,CAA,
401868073,2026,1,regular,2026-08-29T02:00:00.000Z,False,False,True,1027,Alex G. Spanos Stadium,13,Cal Poly,Big Sky,,70,Idaho,Big Sky,
401869156,2026,1,regular,2026-08-29T04:00:00.000Z,False,False,False,3453,SeatGeek Stadium,2130,Chicago State,FCS Independents,,127991,Roosevelt,GLIAC,
401867916,2026,1,regular,2026-08-29T04:00:00.000Z,False,False,True,3979,Wagner College Stadium,2681,Wagner,NEC,,2523,Robert Morris,NEC,
401868049,2026,1,regular,2026-08-29T04:00:00.000Z,False,False,False,3882,Provost Umphrey Stadium,2320,Lamar,Southland,,2000,Abilene Christian,UAC,
401868792,2026,1,regular,2026-08-29T16:00:00.000Z,False,False,False,3988,Welcome Stadium,2168,Dayton,Pioneer,,2986,Fairmont State,Mountain East,
401856766,2026,1,regular,2026-08-29T16:00:00.000Z,False,True,False,3504,Aviva Stadium,2628,TCU,Big 12,,153,North Carolina,ACC,
401868209,2026,1,regular,2026-08-29T17:00:00.000Z,False,False,False,3664,Butler Bowl,2086,Butler,Pioneer,,2245,Georgetown College Kentucky,,
401868288,2026,1,regular,2026-08-29T17:00:00.000Z,False,False,False,3655,Brown Field,2674,Valparaiso,Pioneer,,102071,Lawrence Tech,,
401867882,2026,1,regular,2026-08-29T18:00:00.000Z,False,False,False,1905,DakotaDome,233,South Dakota,MVFC,,2115,Central Connecticut,NEC,
401864494,2026,1,regular,2026-08-29T19:00:00.000Z,False,False,False,477,Los Angeles Memorial Coliseum,30,USC,Big Ten,,23,San José State,Mountain West,
401868324,2026,1,regular,2026-08-29T19:00:00.000Z,False,True,True,3803,Legion Field,2011,Alabama State,SWAC,,2582,Southern,SWAC,
401868154,2026,1,regular,2026-08-29T19:00:00.000Z,False,False,True,4765,Hillsboro Stadium,2502,Portland State,Big Sky,,302,UC Davis,Big Sky,
401858202,2026,1,regular,2026-08-29T19:30:00.000Z,False,False,True,3923,Scott Stadium,258,Virginia,ACC,,152,NC State,ACC,
401868022,2026,1,regular,2026-08-29T19:30:00.000Z,False,False,True,3722,Fitton Field,107,Holy Cross,Patriot,,2329,Lehigh,Patriot,
401868084,2026,1,regular,2026-08-29T21:00:00.000Z,False,False,True,2023,Walkup Skydome,2464,Northern Arizona,Big Sky,,331,Eastern Washington,Big Sky,
401866620,2026,1,regular,2026-08-29T21:30:00.000Z,False,False,False,5400,William B. Greene Jr. Stadium,2193,East Tennessee State,Southern,,2097,Campbell,CAA,
401864577,2026,1,regular,2026-08-29T21:30:00.000Z,False,False,False,3714,Fargodome,2449,North Dakota State,Mountain West,,55,Jacksonville State,Conference USA,
401868007,2026,1,regular,2026-08-29T22:00:00.000Z,False,False,True,150,Jack Coffey Field,2230,Fordham,Patriot,,2142,Colgate,Patriot,
401868101,2026,1,regular,2026-08-29T22:00:00.000Z,False,False,False,1930,Holt Arena,304,Idaho State,Big Sky,,2678,VMI,Southern,
401868394,2026,1,regular,2026-08-29T22:00:00.000Z,False,False,True,3737,Gibbs Stadium,2747,Wofford,Southern,,2643,The Citadel,Southern,
401867855,2026,1,regular,2026-08-29T22:00:00.000Z,False,False,False,3829,Memorial Stadium,282,Indiana State,MVFC,,2546,Southeast Missouri State,Big South-OVC,
401867982,2026,1,regular,2026-08-29T22:00:00.000Z,False,False,False,3864,Oliver C. Dawson Stadium,2569,South Carolina State,MEAC,,2542,Savannah St,SIAC,
401867972,2026,1,regular,2026-08-29T22:00:00.000Z,False,False,False,3991,"William Dick"""" Price Stadium""""",2450,Norfolk State,MEAC,,2736,Winston-Salem,CIAA,
401867988,2026,1,regular,2026-08-29T22:00:00.000Z,False,False,True,2068,E. Claiborne Robins Stadium,257,Richmond,Patriot,,2083,Bucknell,Patriot,
401866613,2026,1,regular,2026-08-29T22:00:00.000Z,False,False,False,3620,Armstrong Stadium,2261,Hampton,CAA,,2355,Virginia University Of Lynchburg,,
401866618,2026,1,regular,2026-08-29T22:00:00.000Z,False,False,False,3603,Aggie Stadium,2448,North Carolina A&T,CAA,,2415,Morgan State,MEAC,
401866619,2026,1,regular,2026-08-29T22:00:00.000Z,False,False,False,6075,W.B. Mason Stadium,284,Stonehill,NEC,,2803,Bryant,CAA,
401866408,2026,1,regular,2026-08-29T22:30:00.000Z,False,False,True,3912,Rynearson Stadium,2199,Eastern Michigan,Mid-American,,16,Sacramento State,Mid-American,
401868952,2026,1,regular,2026-08-29T23:00:00.000Z,False,False,False,3902,Eddie Robinson Stadium,2755,Grambling,SWAC,,2805,Clark Atlanta,SIAC,
401896385,2026,1,regular,2026-08-29T23:00:00.000Z,False,False,False,3771,Jack Spinks Stadium,2016,Alcorn State,SWAC,,2396,Miles College,SIAC,
401891332,2026,1,regular,2026-08-29T23:00:00.000Z,False,False,False,3744,Hancock Stadium,2287,Illinois State,MVFC,,2595,St Francis Illinois,,
401858201,2026,1,regular,2026-08-29T23:00:00.000Z,False,False,False,3940,Stanford Stadium,24,Stanford,ACC,,62,Hawai'i,Mountain West,
401864570,2026,1,regular,2026-08-29T23:00:00.000Z,False,False,False,3697,Doak Campbell Stadium,52,Florida State,ACC,,166,New Mexico State,Conference USA,
401874042,2026,1,regular,2026-08-29T23:00:00.000Z,False,False,False,4417,Five Star Stadium at the Moye Complex,2382,Mercer,Southern,,2837,East Texas A&M,Southland,
401872615,2026,1,regular,2026-08-29T23:00:00.000Z,False,False,False,5237,Dana J. Dykhouse Stadium,2571,South Dakota State,MVFC,,56,Stetson,Pioneer,
401868948,2026,1,regular,2026-08-29T23:00:00.000Z,False,False,False,3650,Bragg Memorial Stadium,50,Florida A&M,SWAC,,2013,Albany State GA,SIAC,
401868934,2026,1,regular,2026-08-29T23:00:00.000Z,False,True,False,3983,War Memorial Stadium (AR),2029,Arkansas-Pine Bluff,SWAC,,60,Morehouse College,SIAC,
401868373,2026,1,regular,2026-08-29T23:00:00.000Z,False,False,False,3868,Paladin Stadium,231,Furman,Southern,,129469,Anderson (Sc),South Atlantic,
401868305,2026,1,regular,2026-08-29T23:00:00.000Z,False,False,True,3686,Cowboy Stadium,2377,McNeese,Southland,,2617,Stephen F. Austin,Southland,
401868149,2026,1,regular,2026-08-29T23:00:00.000Z,False,True,False,11559,Joe Davis Stadium,2453,North Alabama,UAC,,2535,Samford,Southern,
401868139,2026,1,regular,2026-08-29T23:00:00.000Z,False,False,False,3704,E. J. Whitmire Stadium,2717,Western Carolina,Southern,,2198,Eastern Kentucky,UAC,
401868016,2026,1,regular,2026-08-29T23:00:00.000Z,False,False,True,3847,Cooper Field,46,Georgetown,Patriot,,322,Lafayette,Patriot,
401867977,2026,1,regular,2026-08-29T23:00:00.000Z,False,False,False,3631,BBVA Compass Stadium,2640,Texas Southern,SWAC,,2428,North Carolina Central,MEAC,
401866621,2026,1,regular,2026-08-29T23:00:00.000Z,False,False,False,3962,Tucker Stadium,2635,Tennessee Tech,Southern,,2405,Monmouth,CAA,
401867935,2026,1,regular,2026-08-29T23:30:00.000Z,False,True,False,4246,Center Parc Stadium,47,Howard,MEAC,,2010,Alabama A&M,SWAC,
401868245,2026,1,regular,2026-08-30T00:00:00.000Z,False,False,False,6006,Robert and Janet Vackar Stadium,292,UT Rio Grande Valley,Southland,,110243,UT Permian Basin,Lone Star,
401868194,2026,1,regular,2026-08-30T00:30:00.000Z,False,False,False,3810,Nissan Stadium,2634,Tennessee State,Big South-OVC,,2296,Jackson State,SWAC,
401868110,2026,1,regular,2026-08-30T01:00:00.000Z,False,False,True,3987,Washington-Grizzly Stadium,149,Montana,Big Sky,,253,Southern Utah,Big Sky,
401868235,2026,1,regular,2026-08-30T01:00:00.000Z,False,False,False,3827,"Memorial Stadium (Stephenville, TX)",2627,Tarleton State,UAC,,2504,Prairie View A&M,SWAC,
401868129,2026,1,regular,2026-08-30T01:00:00.000Z,False,False,True,3856,Nottingham Field,2458,Northern Colorado,Big Sky,,2692,Weber State,Big Sky,
401862693,2026,1,regular,2026-08-30T02:00:00.000Z,False,False,False,6501,Allegiant Stadium,2439,UNLV,Mountain West,,235,Memphis,American Athletic,
401868118,2026,1,regular,2026-08-30T02:00:00.000Z,False,False,True,3745,Greater Zion Stadium,3101,Utah Tech,Big Sky,,147,Montana State,Big Sky,
401868269,2026,1,regular,2026-09-03T04:00:00.000Z,False,False,False,3774,Jayne Stadium,2413,Morehead State,Pioneer,,3077,Kentucky Christian,,
401867889,2026,1,regular,2026-09-03T04:00:00.000Z,False,False,False,3925,Seibert Stadium,2535,Samford,Southern,,79,Southern Illinois,MVFC,
401858423,2026,1,regular,2026-09-03T22:00:00.000Z,False,False,False,6577,SHI Stadium,164,Rutgers,Big Ten,,113,Massachusetts,Mid-American,
401866409,2026,1,regular,2026-09-03T23:00:00.000Z,False,False,False,3965,UB Stadium,2084,Buffalo,Mid-American,,399,UAlbany,CAA,
401864425,2026,1,regular,2026-09-03T23:00:00.000Z,False,False,False,4899,Fifth Third Stadium,338,Kennesaw State,Conference USA,,2698,West Georgia,UAC,
401866622,2026,1,regular,2026-09-03T23:00:00.000Z,False,False,False,3788,Kenneth P. LaValle Stadium,2619,Stony Brook,CAA,,2815,Lindenwood,Big South-OVC,
401873393,2026,1,regular,2026-09-03T23:00:00.000Z,False,False,False,3945,Strong Stadium,266,Beloit,Midwest,,2524,Rockford,NACC,
401864424,2026,1,regular,2026-09-03T23:00:00.000Z,False,False,False,3695,Delaware Stadium,48,Delaware,Conference USA,,2771,Merrimack,FCS Independents,
401856767,2026,1,regular,2026-09-03T23:00:00.000Z,False,False,False,3652,FBC Mortgage Stadium,2116,UCF,Big 12,,2065,Bethune-Cookman,SWAC,
401858204,2026,1,regular,2026-09-03T23:00:00.000Z,False,False,False,3630,Allegacy Federal Credit Union Stadium,154,Wake Forest,ACC,,2006,Akron,Mid-American,
401856776,2026,1,regular,2026-09-04T00:00:00.000Z,False,False,False,721,Bobby Dodd Stadium,59,Georgia Tech,ACC,,38,Colorado,Big 12,
401856663,2026,1,regular,2026-09-04T00:00:00.000Z,False,False,False,3838,Memorial Stadium,142,Missouri,SEC,,2029,Arkansas-Pine Bluff,SWAC,
401858422,2026,1,regular,2026-09-04T00:00:00.000Z,False,False,False,3953,Huntington Bank Stadium,135,Minnesota,Big Ten,,2197,Eastern Illinois,Big South-OVC,
401858424,2026,1,regular,2026-09-04T01:00:00.000Z,False,False,False,3832,"Memorial Stadium (Champaign, IL)",356,Illinois,Big Ten,,5,UAB,American Athletic,
401856768,2026,1,regular,2026-09-04T01:00:00.000Z,False,False,False,587,Rice-Eccles Stadium,254,Utah,Big 12,,70,Idaho,Big Sky,
401864495,2026,1,regular,2026-09-04T22:30:00.000Z,False,False,False,3912,Rynearson Stadium,2199,Eastern Michigan,Mid-American,,23,San José State,Mountain West,
401858435,2026,1,regular,2026-09-04T23:00:00.000Z,False,False,False,3907,Ross-Ade Stadium,2509,Purdue,Big Ten,,282,Indiana State,MVFC,
401868262,2026,1,regular,2026-09-04T23:00:00.000Z,False,False,False,36,Leonidoff Field,2368,Marist,Pioneer,,112334,Franklin Pierce,Northeast 10,
401866623,2026,1,regular,2026-09-04T23:00:00.000Z,False,False,False,4246,Center Parc Stadium,2247,Georgia State,Sun Belt,,2448,North Carolina A&T,CAA,
401856769,2026,1,regular,2026-09-05T00:00:00.000Z,False,False,False,3833,Memorial Stadium,2305,Kansas,Big 12,,2341,Long Island University,NEC,
401856664,2026,1,regular,2026-09-05T00:00:00.000Z,False,False,False,3835,"Memorial Stadium (Norman, OK)",201,Oklahoma,SEC,,2638,UTEP,Mountain West,
401858429,2026,1,regular,2026-09-05T00:00:00.000Z,False,False,False,3936,Spartan Stadium,127,Michigan State,Big Ten,,2649,Toledo,Mid-American,
401858436,2026,1,regular,2026-09-05T01:00:00.000Z,False,False,False,477,Los Angeles Memorial Coliseum,30,USC,Big Ten,,278,Fresno State,Pac-12,
401858206,2026,1,regular,2026-09-05T01:00:00.000Z,False,False,True,3940,Stanford Stadium,24,Stanford,ACC,,2390,Miami,ACC,
401867924,2026,1,regular,2026-09-05T04:00:00.000Z,False,False,True,6058,Ralph F. DellaCamera Stadium,2441,New Haven,NEC,,284,Stonehill,NEC,
401867928,2026,1,regular,2026-09-05T04:00:00.000Z,False,False,False,3979,Wagner College Stadium,2681,Wagner,NEC,,2583,Southern Connecticut State,Northeast 10,
401869127,2026,1,regular,2026-09-05T04:00:00.000Z,False,False,False,3990,William H. Greene Stadium,47,Howard,MEAC,,257,Richmond,Patriot,
401868284,2026,1,regular,2026-09-05T15:00:00.000Z,False,False,False,4416,Spec Martin Municipal Stadium,56,Stetson,Pioneer,,2691,Webber International,,
401858430,2026,1,regular,2026-09-05T16:00:00.000Z,False,False,False,3834,"Memorial Stadium (Lincoln, NE)",158,Nebraska,Big Ten,,195,Ohio,Mid-American,
401868345,2026,1,regular,2026-09-05T16:00:00.000Z,False,False,False,5400,William B. Greene Jr. Stadium,2193,East Tennessee State,Southern,,2839,Greeneville,South Atlantic,
401856780,2026,1,regular,2026-09-05T16:00:00.000Z,False,False,False,3842,Milan Puskar Stadium,277,West Virginia,Big 12,,324,Coastal Carolina,Sun Belt,
401866410,2026,1,regular,2026-09-05T16:00:00.000Z,False,False,False,3700,Doyt L. Perry Stadium,189,Bowling Green,Mid-American,,2627,Tarleton State,UAC,
401869960,2026,1,regular,2026-09-05T16:00:00.000Z,False,False,False,3651,Bridgeforth Stadium,256,James Madison,Sun Belt,,2335,Liberty,Conference USA,
401858425,2026,1,regular,2026-09-05T16:00:00.000Z,False,False,False,3830,"Memorial Stadium (Bloomington, IN)",84,Indiana,Big Ten,,249,North Texas,American Athletic,
401856634,2026,1,regular,2026-09-05T16:00:00.000Z,False,False,False,3657,Bryant-Denny Stadium,333,Alabama,SEC,,151,East Carolina,American Athletic,
401861962,2026,1,regular,2026-09-05T16:00:00.000Z,False,False,False,3892,Pratt & Whitney Stadium,41,UConn,FBS Independents,,322,Lafayette,Patriot,
401856778,2026,1,regular,2026-09-05T16:00:00.000Z,False,False,False,4728,TDECU Stadium,248,Houston,Big 12,,204,Oregon State,Pac-12,
401858208,2026,1,regular,2026-09-05T16:00:00.000Z,False,False,False,1964,JMA Wireless Dome,183,Syracuse,ACC,,160,New Hampshire,CAA,
401858207,2026,1,regular,2026-09-05T16:00:00.000Z,False,False,False,3752,Acrisure Stadium,221,Pittsburgh,ACC,,193,Miami (OH),Mid-American,
401862701,2026,1,regular,2026-09-05T16:00:00.000Z,False,False,False,3841,Michie Stadium,349,Army,American Athletic,,2803,Bryant,CAA,
401858432,2026,1,regular,2026-09-05T16:30:00.000Z,False,False,False,3861,Ohio Stadium,194,Ohio State,Big Ten,,2050,Ball State,Mid-American,
401868017,2026,1,regular,2026-09-05T16:30:00.000Z,False,False,True,3847,Cooper Field,46,Georgetown,Patriot,,2329,Lehigh,Patriot,
401856665,2026,1,regular,2026-09-05T16:45:00.000Z,False,False,False,3994,Williams-Brice Stadium,2579,South Carolina,SEC,,2309,Kent State,Mid-American,
401873403,2026,1,regular,2026-09-05T17:00:00.000Z,False,False,False,5905,Kean Alumni Stadium,2871,Kean,New Jersey,,3110,SUNY Morrisville,Empire 8,
401864496,2026,1,regular,2026-09-05T17:00:00.000Z,False,False,False,3713,Falcon Stadium,2005,Air Force,Mountain West,,2184,Duquesne,NEC,
401856659,2026,1,regular,2026-09-05T17:00:00.000Z,False,False,False,3683,Kroger Field,96,Kentucky,SEC,,2754,Youngstown State,MVFC,
401856779,2026,1,regular,2026-09-05T17:00:00.000Z,False,False,False,3772,Jack Trice Stadium,66,Iowa State,Big 12,,2546,Southeast Missouri State,Big South-OVC,
401868000,2026,1,regular,2026-09-05T17:00:00.000Z,False,False,True,3617,Andy Kerr Stadium,2142,Colgate,Patriot,,107,Holy Cross,Patriot,
401873228,2026,1,regular,2026-09-05T17:00:00.000Z,False,False,True,6104,Baker Stadium,2508,Puget Sound,Northwest,,2333,Lewis & Clark College,Northwest,
401868186,2026,1,regular,2026-09-05T17:30:00.000Z,False,False,False,3737,Gibbs Stadium,2747,Wofford,Southern,,2241,Gardner-Webb,Big South-OVC,
401862698,2026,1,regular,2026-09-05T18:00:00.000Z,False,False,False,3806,Lincoln Financial Field,218,Temple,American Athletic,,227,Rhode Island,CAA,
401866624,2026,1,regular,2026-09-05T18:00:00.000Z,False,False,True,5389,Kessler Stadium,2405,Monmouth,CAA,,2529,Sacred Heart,CAA,
401856658,2026,1,regular,2026-09-05T19:00:00.000Z,False,False,False,3917,Sanford Stadium,61,Georgia,SEC,,2634,Tennessee State,Big South-OVC,
401868111,2026,1,regular,2026-09-05T19:00:00.000Z,False,False,False,3987,Washington-Grizzly Stadium,149,Montana,Big Sky,,2181,Drake,Pioneer,
401862696,2026,1,regular,2026-09-05T19:30:00.000Z,False,False,False,3852,Navy-Marine Corps Memorial Stadium,2426,Navy,American Athletic,,119,Towson,CAA,
401858434,2026,1,regular,2026-09-05T19:30:00.000Z,False,False,False,3632,Beaver Stadium,213,Penn State,Big Ten,,276,Marshall,Sun Belt,
401858433,2026,1,regular,2026-09-05T19:30:00.000Z,False,False,False,3626,Autzen Stadium,2483,Oregon,Big Ten,,68,Boise State,Pac-12,
401856667,2026,1,regular,2026-09-05T19:30:00.000Z,False,False,False,3910,DKR-Texas Memorial Stadium,251,Texas,SEC,,326,Texas State,Pac-12,
401856636,2026,1,regular,2026-09-05T19:30:00.000Z,False,True,False,5348,Mercedes-Benz Stadium,2,Auburn,SEC,,239,Baylor,Big 12,
401856777,2026,1,regular,2026-09-05T19:30:00.000Z,False,False,False,3854,Nippert Stadium,2132,Cincinnati,Big 12,,103,Boston College,ACC,
401866625,2026,1,regular,2026-09-05T19:30:00.000Z,False,False,False,3629,Barker-Lane Stadium,2097,Campbell,CAA,,2717,Western Carolina,Southern,
401858209,2026,1,regular,2026-09-05T19:30:00.000Z,False,False,False,3982,Wallace Wade Stadium,150,Duke,ACC,,2655,Tulane,American Athletic,
401866627,2026,1,regular,2026-09-05T19:30:00.000Z,False,False,False,3792,Kidd Brewer Stadium,2026,App State,Sun Belt,,311,Maine,CAA,
401864499,2026,1,regular,2026-09-05T19:30:00.000Z,False,False,False,3714,Fargodome,2449,North Dakota State,Mountain West,,2230,Fordham,Patriot,
401862700,2026,1,regular,2026-09-05T19:30:00.000Z,False,False,False,3604,Alamodome,2636,UTSA,American Athletic,,292,UT Rio Grande Valley,Southland,
401862694,2026,1,regular,2026-09-05T19:30:00.000Z,False,False,False,4418,Jerry Richardson Stadium,2429,Charlotte,American Athletic,,2643,The Citadel,Southern,
401856666,2026,1,regular,2026-09-05T19:30:00.000Z,False,False,False,3853,Neyland Stadium,2633,Tennessee,SEC,,231,Furman,Southern,
401856772,2026,1,regular,2026-09-05T19:45:00.000Z,False,False,False,3674,Chapman Stadium,202,Tulsa,American Athletic,,197,Oklahoma State,Big 12,
401867875,2026,1,regular,2026-09-05T20:00:00.000Z,False,False,False,3605,Alerus Center,155,North Dakota,MVFC,,2900,St. Thomas (MN),Pioneer,
401856635,2026,1,regular,2026-09-05T20:15:00.000Z,False,False,False,3887,Razorback Stadium,8,Arkansas,SEC,,2453,North Alabama,UAC,
401858426,2026,1,regular,2026-09-05T20:15:00.000Z,False,False,False,3793,Kinnick Stadium,2294,Iowa,Big Ten,,2459,Northern Illinois,Mountain West,
401868356,2026,1,regular,2026-09-05T21:00:00.000Z,False,False,False,3815,M. M. Roberts Stadium,2572,Southern Miss,Sun Belt,,2016,Alcorn State,SWAC,
401868274,2026,1,regular,2026-09-05T22:00:00.000Z,False,False,False,4417,Five Star Stadium at the Moye Complex,2382,Mercer,Southern,,2506,Presbyterian,Pioneer,
401867692,2026,1,regular,2026-09-05T22:00:00.000Z,False,False,False,3998,Zable Stadium,2729,William & Mary,Patriot,,2169,Delaware State,MEAC,
401867989,2026,1,regular,2026-09-05T22:00:00.000Z,False,False,True,3676,Christy Mathewson-Memorial Stadium,2083,Bucknell,Patriot,,222,Villanova,Patriot,
401867978,2026,1,regular,2026-09-05T22:00:00.000Z,False,False,False,3862,O'Kelly-Riddick Stadium,2428,North Carolina Central,MEAC,,2207,Elizabeth City State,CIAA,
401867917,2026,1,regular,2026-09-05T22:00:00.000Z,False,False,False,3777,Joe Walton Stadium,2523,Robert Morris,NEC,,2707,West Virginia State,Mountain East,
401868336,2026,1,regular,2026-09-05T22:00:00.000Z,False,False,True,3720,Finley Stadium,236,Chattanooga,Southern,,2635,Tennessee Tech,Southern,
401867973,2026,1,regular,2026-09-05T22:00:00.000Z,False,False,False,3918,S.B. Ballard Stadium,295,Old Dominion,Sun Belt,,2450,Norfolk State,MEAC,
401860878,2026,1,regular,2026-09-05T22:00:00.000Z,False,False,False,5388,Canvas Stadium,36,Colorado State,Pac-12,,2751,Wyoming,Mountain West,
401866626,2026,1,regular,2026-09-05T22:00:00.000Z,False,False,False,3897,Richardson Stadium,2166,Davidson,Pioneer,,2210,Elon,CAA,
401868325,2026,1,regular,2026-09-05T22:00:00.000Z,False,False,False,4582,Hornet Stadium,2011,Alabama State,SWAC,,2323,Lane College,SIAC,
401868140,2026,1,regular,2026-09-05T23:00:00.000Z,False,False,False,3662,AmFirst Stadium,55,Jacksonville State,Conference USA,,2198,Eastern Kentucky,UAC,
401870763,2026,1,regular,2026-09-05T23:00:00.000Z,False,False,False,3975,Veterans Memorial Stadium (AL),2653,Troy,Sun Belt,,2534,Sam Houston,Conference USA,
401868316,2026,1,regular,2026-09-05T23:00:00.000Z,False,False,False,6526,Hancock Whitney Stadium,6,South Alabama,Sun Belt,,2545,SE Louisiana,Southland,
401868170,2026,1,regular,2026-09-05T23:00:00.000Z,False,False,False,3608,Allen E. Paulson Stadium,290,Georgia Southern,Sun Belt,,2127,Charleston Southern,Big South-OVC,
401867866,2026,1,regular,2026-09-05T23:00:00.000Z,False,False,False,3725,"Johnny ""Red"" Floyd Stadium",2393,Middle Tennessee,Conference USA,,93,Murray State,MVFC,
401862695,2026,1,regular,2026-09-05T23:00:00.000Z,False,False,False,3805,Simmons Bank Liberty Stadium,235,Memphis,American Athletic,,2032,Arkansas State,Sun Belt,
401860880,2026,1,regular,2026-09-05T23:00:00.000Z,False,False,False,3905,Maverik Stadium,328,Utah State,Pac-12,,304,Idaho State,Big Sky,
401856668,2026,1,regular,2026-09-05T23:00:00.000Z,False,False,False,3795,Kyle Field,245,Texas A&M,SEC,,2623,Missouri State,Conference USA,
401862699,2026,1,regular,2026-09-05T23:00:00.000Z,False,False,False,3886,Raymond James Stadium,58,South Florida,American Athletic,,2229,Florida International,Conference USA,
401862697,2026,1,regular,2026-09-05T23:00:00.000Z,False,False,False,3895,Rice Stadium,242,Rice,American Athletic,,2277,Houston Christian,Southland,
401856771,2026,1,regular,2026-09-05T23:00:00.000Z,False,False,False,3636,Bill Snyder Family Stadium,2306,Kansas State,Big 12,,2447,Nicholls,Southland,
401856669,2026,1,regular,2026-09-05T23:00:00.000Z,False,False,False,3973,FirstBank Stadium,238,Vanderbilt,SEC,,2046,Austin Peay,UAC,
401867684,2026,1,regular,2026-09-05T23:00:00.000Z,False,False,False,3748,Graham Stadium,2630,UT Martin,Big South-OVC,,2130,Chicago State,FCS Independents,
401867845,2026,1,regular,2026-09-05T23:00:00.000Z,False,False,False,3746,Hanson Field,2710,Western Illinois,Big South-OVC,,2287,Illinois State,MVFC,
401868071,2026,1,regular,2026-09-05T23:00:00.000Z,False,False,True,3711,Estes Stadium,2110,Central Arkansas,UAC,,110242,West Florida,UAC,
401868085,2026,1,regular,2026-09-05T23:00:00.000Z,False,False,False,3906,Roos Field,331,Eastern Washington,Big Sky,,2460,Northern Iowa,MVFC,
401868297,2026,1,regular,2026-09-05T23:00:00.000Z,False,False,False,3809,Louis Crews Stadium,2010,Alabama A&M,SWAC,,2396,Miles College,SIAC,
401868953,2026,1,regular,2026-09-05T23:00:00.000Z,False,False,False,3902,Eddie Robinson Stadium,2755,Grambling,SWAC,,2119,Central State (OH),SIAC,
401868958,2026,1,regular,2026-09-05T23:00:00.000Z,False,False,False,3976,Mississippi Veterans Memorial Stadium,2296,Jackson State,SWAC,,2206,Edward Waters,SIAC,
401868970,2026,1,regular,2026-09-05T23:00:00.000Z,False,False,False,3599,Ace W. Mumford Stadium,2582,Southern,SWAC,,2310,Kentucky State,SIAC,
401869136,2026,1,regular,2026-09-05T23:00:00.000Z,False,False,False,3686,Cowboy Stadium,2377,McNeese,Southland,,102626,Texas Wesleyan,,
401856770,2026,1,regular,2026-09-05T23:00:00.000Z,False,False,False,3784,Jones AT&T Stadium,2641,Texas Tech,Big 12,,2000,Abilene Christian,UAC,
401858428,2026,1,regular,2026-09-05T23:30:00.000Z,False,False,False,3558,Michigan Stadium,130,Michigan,Big Ten,,2711,Western Michigan,Mid-American,
401858211,2026,1,regular,2026-09-05T23:30:00.000Z,False,False,False,3799,Lane Stadium,259,Virginia Tech,ACC,,2678,VMI,Southern,
401856660,2026,1,regular,2026-09-05T23:30:00.000Z,False,False,False,3958,Tiger Stadium (LA),99,LSU,SEC,,228,Clemson,ACC,
401856662,2026,1,regular,2026-09-05T23:30:00.000Z,False,False,False,3693,Davis Wade Stadium,344,Mississippi State,SEC,,2433,UL Monroe,Sun Belt,
401869129,2026,1,regular,2026-09-05T23:30:00.000Z,False,False,False,3776,Joe Aillet Stadium,2348,Louisiana Tech,Sun Belt,,2466,Northwestern State,Southland,
401856637,2026,1,regular,2026-09-05T23:45:00.000Z,False,False,False,3634,Ben Hill Griffin Stadium,57,Florida,SEC,,2226,Florida Atlantic,American Athletic,
401858431,2026,1,regular,2026-09-06T00:00:00.000Z,False,False,False,5960,Lanny and Sharon Martin Stadium,77,Northwestern,Big Ten,,2571,South Dakota State,MVFC,
401869142,2026,1,regular,2026-09-06T00:00:00.000Z,False,False,False,3666,Cajun Field,309,Louisiana,Sun Belt,,2320,Lamar,Southland,
401867883,2026,1,regular,2026-09-06T00:00:00.000Z,False,False,False,3856,Nottingham Field,2458,Northern Colorado,Big Sky,,233,South Dakota,MVFC,
401868074,2026,1,regular,2026-09-06T00:00:00.000Z,False,False,False,1027,Alex G. Spanos Stadium,13,Cal Poly,Big Sky,,2120,Central Washington,Lone Star,
401856775,2026,1,regular,2026-09-06T00:00:00.000Z,False,False,False,3801,LaVell Edwards Stadium,252,BYU,Big 12,,3101,Utah Tech,Big Sky,
401868158,2026,1,regular,2026-09-06T00:00:00.000Z,False,False,True,3706,Eccles Coliseum,253,Southern Utah,Big Sky,,2692,Weber State,Big Sky,
401868306,2026,1,regular,2026-09-06T00:00:00.000Z,False,False,True,3756,Homer Bryce Stadium,2617,Stephen F. Austin,Southland,,2837,East Texas A&M,Southland,
401858427,2026,1,regular,2026-09-06T00:00:00.000Z,False,False,False,3665,SECU Stadium,120,Maryland,Big Ten,,2261,Hampton,CAA,
401868119,2026,1,regular,2026-09-06T00:30:00.000Z,False,False,False,3643,Bobcat Stadium,147,Montana State,Big Sky,,2086,Butler,Pioneer,
401870790,2026,1,regular,2026-09-06T01:00:00.000Z,False,False,False,3601,Aggie Memorial Stadium,166,New Mexico State,Conference USA,,2385,Mercyhurst,NEC,
401856774,2026,1,regular,2026-09-06T01:00:00.000Z,False,False,False,3947,Mountain America Stadium,9,Arizona State,Big 12,,2415,Morgan State,MEAC,
401856773,2026,1,regular,2026-09-06T01:30:00.000Z,False,False,False,3619,Arizona Stadium,12,Arizona,Big 12,,2464,Northern Arizona,Big Sky,
401860879,2026,1,regular,2026-09-06T01:30:00.000Z,False,False,False,7311,Snapdragon Stadium,21,San Diego State,Pac-12,,2502,Portland State,Big Sky,
401866411,2026,1,regular,2026-09-06T02:00:00.000Z,False,False,False,3757,Hornet Stadium,16,Sacramento State,Mid-American,,2400,Mississippi Valley State,SWAC,
401868163,2026,1,regular,2026-09-06T02:00:00.000Z,False,False,False,716,Torero Stadium,301,San Diego,Pioneer,,302,UC Davis,Big Sky,
401864497,2026,1,regular,2026-09-06T02:00:00.000Z,False,False,True,7220,Clarence T.C. Ching Athletics Complex,62,Hawai'i,Mountain West,,2439,UNLV,Mountain West,
401864498,2026,1,regular,2026-09-06T02:00:00.000Z,False,False,False,3971,University Stadium (NM),167,New Mexico,Mountain West,,2117,Central Michigan,Mid-American,
401858210,2026,1,regular,2026-09-06T02:30:00.000Z,False,False,False,3831,California Memorial Stadium,25,California,ACC,,26,UCLA,Big Ten,
401864432,2026,1,regular,2026-09-06T02:30:00.000Z,False,False,False,3816,Mackay Stadium,2440,Nevada,Mountain West,,98,Western Kentucky,Conference USA,
401868967,2026,1,regular,2026-09-06T16:00:00.000Z,False,False,True,5238,Panther Stadium,2504,Prairie View A&M,SWAC,,2640,Texas Southern,SWAC,
401867939,2026,1,regular,2026-09-06T19:00:00.000Z,False,True,False,3948,Hard Rock Stadium,50,Florida A&M,SWAC,,2569,South Carolina State,MEAC,
401858437,2026,1,regular,2026-09-06T20:00:00.000Z,False,False,False,3765,Husky Stadium,264,Washington,Big Ten,,265,Washington State,Pac-12,
401856661,2026,1,regular,2026-09-06T23:30:00.000Z,False,True,False,3810,Nissan Stadium,145,Ole Miss,SEC,,97,Louisville,ACC,
401858438,2026,1,regular,2026-09-06T23:30:00.000Z,False,True,False,3798,Lambeau Field,87,Notre Dame,FBS Independents,,275,Wisconsin,Big Ten,
401858212,2026,1,regular,2026-09-07T23:30:00.000Z,False,False,True,3697,Doak Campbell Stadium,52,Florida State,ACC,,2567,SMU,ACC,
401858213,2026,2,regular,2026-09-11T00:00:00.000Z,False,False,False,3948,Hard Rock Stadium,2390,Miami,ACC,,50,Florida A&M,SWAC,
401858215,2026,2,regular,2026-09-11T23:00:00.000Z,False,False,False,3873,L&N Federal Credit Union Stadium,97,Louisville,ACC,,222,Villanova,Patriot,
401858220,2026,2,regular,2026-09-11T23:00:00.000Z,False,False,False,3923,Scott Stadium,258,Virginia,ACC,,2450,Norfolk State,MEAC,
401858222,2026,2,regular,2026-09-11T23:00:00.000Z,False,False,False,3670,Carter-Finley Stadium,152,NC State,ACC,,257,Richmond,Patriot,
401858214,2026,2,regular,2026-09-11T23:30:00.000Z,False,False,False,3615,"Alumni Stadium (Chestnut Hill, MA)",103,Boston College,ACC,,164,Rutgers,Big Ten,
401856678,2026,2,regular,2026-09-12T00:00:00.000Z,False,False,False,3833,Memorial Stadium,2305,Kansas,Big 12,,142,Missouri,SEC,
401864504,2026,2,regular,2026-09-12T04:00:00.000Z,False,False,False,3935,CEFCU Stadium,23,San José State,Mountain West,,13,Cal Poly,Big Sky,
401868093,2026,2,regular,2026-09-12T04:00:00.000Z,False,False,False,3791,Kibbie Dome,70,Idaho,Big Sky,,2320,Lamar,Southland,
401856671,2026,2,regular,2026-09-12T04:00:00.000Z,False,False,False,3785,Jordan-Hare Stadium,2,Auburn,SEC,,2572,Southern Miss,Sun Belt,
401864578,2026,2,regular,2026-09-12T04:00:00.000Z,False,False,False,7220,Clarence T.C. Ching Athletics Complex,62,Hawai'i,Mountain West,,166,New Mexico State,Conference USA,
401865252,2026,2,regular,2026-09-12T04:00:00.000Z,False,False,False,3971,University Stadium (NM),167,New Mexico,Mountain West,,2385,Mercyhurst,NEC,
401866632,2026,2,regular,2026-09-12T04:00:00.000Z,False,False,False,11553,Shark Stadium,2341,Long Island University,NEC,,399,UAlbany,CAA,
401867685,2026,2,regular,2026-09-12T04:00:00.000Z,False,False,False,3453,SeatGeek Stadium,2130,Chicago State,FCS Independents,,3077,Kentucky Christian,,
401866416,2026,2,regular,2026-09-12T16:00:00.000Z,False,False,False,3696,Dix Stadium,2309,Kent State,Mid-American,,2747,Wofford,Southern,
401856683,2026,2,regular,2026-09-12T16:00:00.000Z,False,False,False,3795,Kyle Field,245,Texas A&M,SEC,,9,Arizona State,Big 12,
401858221,2026,2,regular,2026-09-12T16:00:00.000Z,False,False,False,3799,Lane Stadium,259,Virginia Tech,ACC,,295,Old Dominion,Sun Belt,
401858224,2026,2,regular,2026-09-12T16:00:00.000Z,False,False,False,3907,Ross-Ade Stadium,2509,Purdue,Big Ten,,154,Wake Forest,ACC,
401858442,2026,2,regular,2026-09-12T16:00:00.000Z,False,False,False,3806,Lincoln Financial Field,218,Temple,American Athletic,,213,Penn State,Big Ten,
401862702,2026,2,regular,2026-09-12T16:00:00.000Z,False,False,True,3841,Michie Stadium,349,Army,American Athletic,,58,South Florida,American Athletic,
401856781,2026,2,regular,2026-09-12T16:00:00.000Z,False,False,False,3636,Bill Snyder Family Stadium,2306,Kansas State,Big 12,,265,Washington State,Pac-12,
401856782,2026,2,regular,2026-09-12T16:00:00.000Z,False,False,False,3646,Boone Pickens Stadium,197,Oklahoma State,Big 12,,2483,Oregon,Big Ten,
401858218,2026,2,regular,2026-09-12T16:00:00.000Z,False,False,False,3787,Kenan Stadium,153,North Carolina,ACC,,2193,East Tennessee State,Southern,
401870822,2026,2,regular,2026-09-12T16:00:00.000Z,False,False,False,3897,Richardson Stadium,2166,Davidson,Pioneer,,2175,Dickinson (PA),Centennial,
401868227,2026,2,regular,2026-09-12T16:00:00.000Z,False,False,False,3988,Welcome Stadium,2168,Dayton,Pioneer,,2646,Thomas More College,Great Midwest Athletic,
401866628,2026,2,regular,2026-09-12T16:00:00.000Z,False,False,True,11488,Centreville Bank Stadium,227,Rhode Island,CAA,,2210,Elon,CAA,
401858439,2026,2,regular,2026-09-12T16:00:00.000Z,False,False,False,3830,"Memorial Stadium (Bloomington, IN)",84,Indiana,Big Ten,,47,Howard,MEAC,
401864571,2026,2,regular,2026-09-12T16:00:00.000Z,False,False,False,3699,Dowdy-Ficklen Stadium,151,East Carolina,American Athletic,,2026,App State,Sun Belt,
401856679,2026,2,regular,2026-09-12T16:00:00.000Z,False,False,False,3558,Michigan Stadium,130,Michigan,Big Ten,,201,Oklahoma,SEC,
401868028,2026,2,regular,2026-09-12T16:30:00.000Z,False,False,False,3721,Fisher Field,322,Lafayette,Patriot,,2368,Marist,Pioneer,
401856673,2026,2,regular,2026-09-12T16:45:00.000Z,False,False,False,3917,Sanford Stadium,61,Georgia,SEC,,98,Western Kentucky,Conference USA,
401873229,2026,2,regular,2026-09-12T17:00:00.000Z,False,False,True,6104,Baker Stadium,2508,Puget Sound,Northwest,,2333,Lewis & Clark College,Northwest,
401873394,2026,2,regular,2026-09-12T17:00:00.000Z,False,False,False,6110,Sam Greeley Field,2524,Rockford,NACC,,72,Elmhurst,CCIW,
401866417,2026,2,regular,2026-09-12T17:00:00.000Z,False,False,False,3996,Yager Stadium,193,Miami (OH),Mid-American,,107,Holy Cross,Patriot,
401866415,2026,2,regular,2026-09-12T17:00:00.000Z,False,False,False,3786,Kelly/Shorts Stadium,2117,Central Michigan,Mid-American,,2142,Colgate,Patriot,
401873404,2026,2,regular,2026-09-12T17:00:00.000Z,False,False,False,5905,Kean Alumni Stadium,2871,Kean,New Jersey,,2951,SUNY Maritime,NEWMAC,
401856791,2026,2,regular,2026-09-12T17:00:00.000Z,False,False,False,3842,Milan Puskar Stadium,277,West Virginia,Big 12,,2630,UT Martin,Big South-OVC,
401867990,2026,2,regular,2026-09-12T17:30:00.000Z,False,False,False,3597,Alumni Memorial Field,2678,VMI,Southern,,2083,Bucknell,Patriot,
401867884,2026,2,regular,2026-09-12T18:00:00.000Z,False,False,False,1905,DakotaDome,233,South Dakota,MVFC,,331,Eastern Washington,Big Sky,
401868255,2026,2,regular,2026-09-12T18:00:00.000Z,False,False,False,3967,UNI-Dome,2460,Northern Iowa,MVFC,,2181,Drake,Pioneer,
401866413,2026,2,regular,2026-09-12T18:00:00.000Z,False,False,False,3919,Scheumann Stadium,2050,Ball State,Mid-American,,2619,Stony Brook,CAA,
401867895,2026,2,regular,2026-09-12T18:00:00.000Z,False,False,False,844,Stambaugh Stadium,2754,Youngstown State,MVFC,,2184,Duquesne,NEC,
401868033,2026,2,regular,2026-09-12T18:00:00.000Z,False,False,True,3741,Goodman Stadium,2329,Lehigh,Patriot,,2729,William & Mary,Patriot,
401868280,2026,2,regular,2026-09-12T18:00:00.000Z,False,False,False,5116,O'Shaughnessy Stadium,2900,St. Thomas (MN),Pioneer,,128,Northern Michigan,GLIAC,
401867953,2026,2,regular,2026-09-12T19:00:00.000Z,False,False,False,3613,Alumni Stadium,2169,Delaware State,MEAC,,2075,Bowie State,CIAA,
401868112,2026,2,regular,2026-09-12T19:00:00.000Z,False,False,True,3987,Washington-Grizzly Stadium,149,Montana,Big Sky,,3101,Utah Tech,Big Sky,
401856677,2026,2,regular,2026-09-12T19:30:00.000Z,False,False,False,3953,Huntington Bank Stadium,135,Minnesota,Big Ten,,344,Mississippi State,SEC,
401856785,2026,2,regular,2026-09-12T19:30:00.000Z,False,False,False,3726,Folsom Field,38,Colorado,Big 12,,2692,Weber State,Big Sky,
401866412,2026,2,regular,2026-09-12T19:30:00.000Z,False,False,False,3768,InfoCision Stadium,2006,Akron,Mid-American,,2523,Robert Morris,NEC,
401866419,2026,2,regular,2026-09-12T19:30:00.000Z,False,False,False,3739,Glass Bowl,2649,Toledo,Mid-American,,2115,Central Connecticut,NEC,
401866420,2026,2,regular,2026-09-12T19:30:00.000Z,False,False,False,3985,Warren McGuirk Alumni Stadium,113,Massachusetts,Mid-American,,2529,Sacred Heart,CAA,
401867929,2026,2,regular,2026-09-12T19:30:00.000Z,False,False,False,3651,Bridgeforth Stadium,256,James Madison,Sun Belt,,2681,Wagner,NEC,
401862708,2026,2,regular,2026-09-12T19:30:00.000Z,False,False,False,7221,Protective Stadium,5,UAB,American Athletic,,2433,UL Monroe,Sun Belt,
401856674,2026,2,regular,2026-09-12T19:30:00.000Z,False,False,True,3683,Kroger Field,96,Kentucky,SEC,,333,Alabama,SEC,
401856790,2026,2,regular,2026-09-12T19:30:00.000Z,False,False,False,3752,Acrisure Stadium,221,Pittsburgh,ACC,,2116,UCF,Big 12,
401856810,2026,2,regular,2026-09-12T19:30:00.000Z,False,False,True,3801,LaVell Edwards Stadium,252,BYU,Big 12,,12,Arizona,Big 12,
401858216,2026,2,regular,2026-09-12T19:30:00.000Z,False,False,True,1964,JMA Wireless Dome,183,Syracuse,ACC,,25,California,ACC,
401858217,2026,2,regular,2026-09-12T19:30:00.000Z,False,False,False,3832,"Memorial Stadium (Champaign, IL)",356,Illinois,Big Ten,,150,Duke,ACC,
401858440,2026,2,regular,2026-09-12T19:30:00.000Z,False,False,False,3936,Spartan Stadium,127,Michigan State,Big Ten,,2199,Eastern Michigan,Mid-American,
401858444,2026,2,regular,2026-09-12T19:30:00.000Z,False,False,False,3892,Pratt & Whitney Stadium,41,UConn,FBS Independents,,120,Maryland,Big Ten,
401858446,2026,2,regular,2026-09-12T19:30:00.000Z,False,False,False,3765,Husky Stadium,264,Washington,Big Ten,,328,Utah State,Pac-12,
401859184,2026,2,regular,2026-09-12T19:30:00.000Z,False,False,False,3855,Notre Dame Stadium,87,Notre Dame,FBS Independents,,242,Rice,American Athletic,
401860884,2026,2,regular,2026-09-12T19:30:00.000Z,False,False,False,3644,Bobcat Stadium (TX),326,Texas State,Pac-12,,2636,UTSA,American Athletic,
401862705,2026,2,regular,2026-09-12T19:45:00.000Z,False,False,False,3825,DATCU Stadium,249,North Texas,American Athletic,,2439,UNLV,Mountain West,
401868963,2026,2,regular,2026-09-12T20:00:00.000Z,False,True,False,3933,Soldier Field,2400,Mississippi Valley State,SWAC,,2339,Lincoln (PA),CIAA,
401868285,2026,2,regular,2026-09-12T20:00:00.000Z,False,False,False,3850,Municipal Stadium,2065,Bethune-Cookman,SWAC,,56,Stetson,Pioneer,
401864506,2026,2,regular,2026-09-12T20:00:00.000Z,False,False,False,3984,War Memorial Stadium,2751,Wyoming,Mountain West,,2458,Northern Colorado,Big Sky,
401858223,2026,2,regular,2026-09-12T20:00:00.000Z,False,False,False,3735,Gerald J. Ford Stadium,2567,SMU,ACC,,302,UC Davis,Big Sky,
401868326,2026,2,regular,2026-09-12T20:00:00.000Z,False,False,False,3975,Veterans Memorial Stadium (AL),2653,Troy,Sun Belt,,2011,Alabama State,SWAC,
401856684,2026,2,regular,2026-09-12T20:15:00.000Z,False,False,False,3973,FirstBank Stadium,238,Vanderbilt,SEC,,48,Delaware,Conference USA,
401866630,2026,2,regular,2026-09-12T21:00:00.000Z,False,False,False,3607,Alfond Stadium,311,Maine,CAA,,2771,Merrimack,FCS Independents,
401868061,2026,2,regular,2026-09-12T21:00:00.000Z,False,False,False,3742,Governors Stadium,2046,Austin Peay,UAC,,2413,Morehead State,Pioneer,
401856672,2026,2,regular,2026-09-12T21:30:00.000Z,False,False,False,3634,Ben Hill Griffin Stadium,57,Florida,SEC,,2097,Campbell,CAA,
401868210,2026,2,regular,2026-09-12T22:00:00.000Z,False,False,False,3664,Butler Bowl,2086,Butler,Pioneer,,2233,Franklin,Heartland,
401868187,2026,2,regular,2026-09-12T22:00:00.000Z,False,False,False,3992,Williams Stadium (VA),2335,Liberty,Conference USA,,2241,Gardner-Webb,Big South-OVC,
401866418,2026,2,regular,2026-09-12T22:00:00.000Z,False,False,False,3876,Peden Stadium,195,Ohio,Mid-American,,55,Jacksonville State,Conference USA,
401866414,2026,2,regular,2026-09-12T22:00:00.000Z,False,False,False,2031,Pitbull Stadium,2229,Florida International,Conference USA,,2084,Buffalo,Mid-American,
401860881,2026,2,regular,2026-09-12T22:00:00.000Z,False,False,False,3653,Albertsons Stadium,68,Boise State,Pac-12,,235,Memphis,American Athletic,
401867966,2026,2,regular,2026-09-12T22:00:00.000Z,False,False,False,3762,Hughes Stadium,2415,Morgan State,MEAC,,2355,Virginia University Of Lynchburg,,
401866633,2026,2,regular,2026-09-12T22:00:00.000Z,False,False,False,3862,O'Kelly-Riddick Stadium,2428,North Carolina Central,MEAC,,2448,North Carolina A&T,CAA,
401866631,2026,2,regular,2026-09-12T22:00:00.000Z,False,False,False,3688,Wildcat Stadium,160,New Hampshire,CAA,,284,Stonehill,NEC,
401868102,2026,2,regular,2026-09-12T22:00:00.000Z,False,False,False,1930,Holt Arena,304,Idaho State,Big Sky,,301,San Diego,Pioneer,
401868141,2026,2,regular,2026-09-12T22:00:00.000Z,False,False,False,3908,Roy Kidd Stadium,2198,Eastern Kentucky,UAC,,236,Chattanooga,Southern,
401868171,2026,2,regular,2026-09-12T22:00:00.000Z,False,False,False,3782,Johnson Hagood Stadium,2643,The Citadel,Southern,,2127,Charleston Southern,Big South-OVC,
401868374,2026,2,regular,2026-09-12T22:00:00.000Z,False,False,True,4417,Five Star Stadium at the Moye Complex,2382,Mercer,Southern,,231,Furman,Southern,
401866629,2026,2,regular,2026-09-12T22:00:00.000Z,False,False,True,3620,Armstrong Stadium,2261,Hampton,CAA,,2803,Bryant,CAA,
401867983,2026,2,regular,2026-09-12T22:00:00.000Z,False,False,False,3864,Oliver C. Dawson Stadium,2569,South Carolina State,MEAC,,330,Virginia St,CIAA,
401866421,2026,2,regular,2026-09-12T22:30:00.000Z,False,False,False,3980,Waldo Stadium,2711,Western Michigan,Mid-American,,2405,Monmouth,CAA,
401868072,2026,2,regular,2026-09-12T23:00:00.000Z,False,False,False,3711,Estes Stadium,2110,Central Arkansas,UAC,,2122,Central Oklahoma,Mid America,
401864503,2026,2,regular,2026-09-12T23:00:00.000Z,False,False,False,3764,Huskie Stadium,2459,Northern Illinois,Mountain West,,2287,Illinois State,MVFC,
401856680,2026,2,regular,2026-09-12T23:00:00.000Z,False,False,False,3994,Williams-Brice Stadium,2579,South Carolina,SEC,,119,Towson,CAA,
401856681,2026,2,regular,2026-09-12T23:00:00.000Z,False,False,False,721,Bobby Dodd Stadium,59,Georgia Tech,ACC,,2633,Tennessee,SEC,
401856786,2026,2,regular,2026-09-12T23:00:00.000Z,False,False,False,3854,Nippert Stadium,2132,Cincinnati,Big 12,,2717,Western Carolina,Southern,
401856787,2026,2,regular,2026-09-12T23:00:00.000Z,False,False,False,4728,TDECU Stadium,248,Houston,Big 12,,2582,Southern,SWAC,
401858441,2026,2,regular,2026-09-12T23:00:00.000Z,False,False,False,3834,"Memorial Stadium (Lincoln, NE)",158,Nebraska,Big Ten,,189,Bowling Green,Mid-American,
401860882,2026,2,regular,2026-09-12T23:00:00.000Z,False,False,False,5388,Canvas Stadium,36,Colorado State,Pac-12,,253,Southern Utah,Big Sky,
401864575,2026,2,regular,2026-09-12T23:00:00.000Z,False,False,False,4729,Yulman Stadium,2655,Tulane,American Athletic,,6,South Alabama,Sun Belt,
401868241,2026,2,regular,2026-09-12T23:00:00.000Z,False,False,False,3625,Centennial Bank Stadium,2032,Arkansas State,Sun Belt,,2698,West Georgia,UAC,
401869955,2026,2,regular,2026-09-12T23:00:00.000Z,False,False,False,4899,Fifth Third Stadium,338,Kennesaw State,Conference USA,,2247,Georgia State,Sun Belt,
401871045,2026,2,regular,2026-09-12T23:00:00.000Z,False,False,False,3775,Joan C. Edwards Stadium,276,Marshall,Sun Belt,,2393,Middle Tennessee,Conference USA,
401871046,2026,2,regular,2026-09-12T23:00:00.000Z,False,False,False,3878,Plaster Sports Complex,2623,Missouri State,Conference USA,,2815,Lindenwood,Big South-OVC,
401867856,2026,2,regular,2026-09-12T23:00:00.000Z,False,False,False,3858,O'Brien Stadium,2197,Eastern Illinois,Big South-OVC,,282,Indiana State,MVFC,
401867867,2026,2,regular,2026-09-12T23:00:00.000Z,False,False,False,3909,Roy Stewart Stadium,93,Murray State,MVFC,,2674,Valparaiso,Pioneer,
401867890,2026,2,regular,2026-09-12T23:00:00.000Z,False,False,False,3913,Saluki Stadium,79,Southern Illinois,MVFC,,2546,Southeast Missouri State,Big South-OVC,
401868123,2026,2,regular,2026-09-12T23:00:00.000Z,False,False,False,2023,Walkup Skydome,2464,Northern Arizona,Big Sky,,2916,Incarnate Word,Southland,
401868150,2026,2,regular,2026-09-12T23:00:00.000Z,False,False,False,3944,Strawberry Stadium,2545,SE Louisiana,Southland,,2453,North Alabama,UAC,
401868195,2026,2,regular,2026-09-12T23:00:00.000Z,False,False,False,3809,Louis Crews Stadium,2010,Alabama A&M,SWAC,,2634,Tennessee State,Big South-OVC,
401868236,2026,2,regular,2026-09-12T23:00:00.000Z,False,False,False,3686,Cowboy Stadium,2377,McNeese,Southland,,2627,Tarleton State,UAC,
401868246,2026,2,regular,2026-09-12T23:00:00.000Z,False,False,True,3779,Manning Field at John L. Guidry Stadium,2447,Nicholls,Southland,,292,UT Rio Grande Valley,Southland,
401868355,2026,2,regular,2026-09-12T23:00:00.000Z,False,True,True,3805,Simmons Bank Liberty Stadium,2016,Alcorn State,SWAC,,2029,Arkansas-Pine Bluff,SWAC,
401868386,2026,2,regular,2026-09-12T23:00:00.000Z,False,False,True,3962,Tucker Stadium,2635,Tennessee Tech,Southern,,2535,Samford,Southern,
401869130,2026,2,regular,2026-09-12T23:00:00.000Z,False,False,True,4762,Memorial Stadium (Commerce TX),2837,East Texas A&M,Southland,,2466,Northwestern State,Southland,
401869150,2026,2,regular,2026-09-12T23:00:00.000Z,False,False,False,4424,Husky Stadium,2277,Houston Christian,Southland,,124386,Little Rock,,
401872616,2026,2,regular,2026-09-12T23:00:00.000Z,False,False,False,5237,Dana J. Dykhouse Stadium,2571,South Dakota State,MVFC,,2441,New Haven,NEC,
401862707,2026,2,regular,2026-09-12T23:00:00.000Z,False,False,False,3647,Elliott T. Bowers Stadium,2534,Sam Houston,Conference USA,,202,Tulsa,American Athletic,
401858443,2026,2,regular,2026-09-12T23:15:00.000Z,False,False,False,1056,Rose Bowl,26,UCLA,Big Ten,,21,San Diego State,Pac-12,
401858447,2026,2,regular,2026-09-12T23:15:00.000Z,False,False,False,347,Camp Randall Stadium,275,Wisconsin,Big Ten,,2710,Western Illinois,Big South-OVC,
401856783,2026,2,regular,2026-09-12T23:30:00.000Z,False,False,False,3893,Reser Stadium,204,Oregon State,Pac-12,,2641,Texas Tech,Big 12,
401867796,2026,2,regular,2026-09-12T23:30:00.000Z,False,False,False,3958,Tiger Stadium (LA),99,LSU,SEC,,2348,Louisiana Tech,Sun Belt,
401862703,2026,2,regular,2026-09-12T23:30:00.000Z,False,False,True,3715,FAU Stadium,2226,Florida Atlantic,American Athletic,,2426,Navy,American Athletic,
401858219,2026,2,regular,2026-09-12T23:30:00.000Z,False,False,False,3836,"Memorial Stadium (Clemson, SC)",228,Clemson,ACC,,290,Georgia Southern,Sun Belt,
401868008,2026,2,regular,2026-09-12T23:30:00.000Z,False,False,False,3654,Brooks Stadium (SC),324,Coastal Carolina,Sun Belt,,2230,Fordham,Patriot,
401856788,2026,2,regular,2026-09-12T23:30:00.000Z,False,False,False,3793,Kinnick Stadium,2294,Iowa,Big Ten,,66,Iowa State,Big 12,
401856682,2026,2,regular,2026-09-12T23:30:00.000Z,False,False,False,3910,DKR-Texas Memorial Stadium,251,Texas,SEC,,194,Ohio State,Big Ten,
401856676,2026,2,regular,2026-09-12T23:45:00.000Z,False,False,False,3974,Vaught-Hemingway Stadium,145,Ole Miss,SEC,,2429,Charlotte,American Athletic,
401856784,2026,2,regular,2026-09-13T00:00:00.000Z,False,False,False,4727,McLane Stadium,239,Baylor,Big 12,,2504,Prairie View A&M,SWAC,
401856789,2026,2,regular,2026-09-13T00:00:00.000Z,False,False,False,3616,Amon G. Carter Stadium,2628,TCU,Big 12,,2755,Grambling,SWAC,
401868050,2026,2,regular,2026-09-13T00:00:00.000Z,False,False,False,5440,Wildcat Stadium (TX),2000,Abilene Christian,UAC,,2617,Stephen F. Austin,Southland,
401864505,2026,2,regular,2026-09-13T01:00:00.000Z,False,False,False,3946,Sun Bowl,2638,UTEP,Mountain West,,2640,Texas Southern,SWAC,
401867876,2026,2,regular,2026-09-13T02:00:00.000Z,False,False,False,4765,Hillsboro Stadium,2502,Portland State,Big Sky,,155,North Dakota,MVFC,
401864502,2026,2,regular,2026-09-13T02:00:00.000Z,False,False,True,3713,Falcon Stadium,2005,Air Force,Mountain West,,2449,North Dakota State,Mountain West,
401856670,2026,2,regular,2026-09-13T02:15:00.000Z,False,False,False,587,Rice-Eccles Stadium,254,Utah,Big 12,,8,Arkansas,SEC,
401864500,2026,2,regular,2026-09-13T02:30:00.000Z,False,False,False,3816,Mackay Stadium,2440,Nevada,Mountain West,,147,Montana State,Big Sky,
401860883,2026,2,regular,2026-09-13T02:30:00.000Z,False,False,False,3660,Valley Children's Stadium,278,Fresno State,Pac-12,,16,Sacramento State,Mid-American,
401858445,2026,2,regular,2026-09-13T03:00:00.000Z,False,False,False,477,Los Angeles Memorial Coliseum,30,USC,Big Ten,,309,Louisiana,Sun Belt,
401858225,2026,3,regular,2026-09-17T23:30:00.000Z,False,False,True,3752,Acrisure Stadium,221,Pittsburgh,ACC,,183,Syracuse,ACC,
401858226,2026,3,regular,2026-09-18T23:30:00.000Z,False,False,True,3630,Allegacy Federal Credit Union Stadium,154,Wake Forest,ACC,,2390,Miami,ACC,
401856811,2026,3,regular,2026-09-19T00:00:00.000Z,False,False,True,3784,Jones AT&T Stadium,2641,Texas Tech,Big 12,,248,Houston,Big 12,
401858455,2026,3,regular,2026-09-19T02:30:00.000Z,False,False,False,3626,Autzen Stadium,2483,Oregon,Big Ten,,2502,Portland State,Big Sky,
401873620,2026,3,regular,2026-09-19T04:00:00.000Z,False,False,False,4428,Saxon Stadium,2385,Mercyhurst,NEC,,2249,Glenville State,Mountain East,
401868051,2026,3,regular,2026-09-19T04:00:00.000Z,False,False,False,3791,Kibbie Dome,70,Idaho,Big Sky,,2000,Abilene Christian,UAC,
401867908,2026,3,regular,2026-09-19T04:00:00.000Z,False,False,False,11553,Shark Stadium,2341,Long Island University,NEC,,222,Villanova,Patriot,
401867805,2026,3,regular,2026-09-19T04:00:00.000Z,False,False,False,6058,Ralph F. DellaCamera Stadium,2441,New Haven,NEC,,225,Brown,Ivy,
401869940,2026,3,regular,2026-09-19T15:30:00.000Z,False,False,False,3695,Delaware Stadium,48,Delaware,Conference USA,,324,Coastal Carolina,Sun Belt,
401867834,2026,3,regular,2026-09-19T16:00:00.000Z,False,False,False,3741,Goodman Stadium,2329,Lehigh,Patriot,,159,Dartmouth,Ivy,
401858454,2026,3,regular,2026-09-19T16:00:00.000Z,False,False,False,3861,Ohio Stadium,194,Ohio State,Big Ten,,2309,Kent State,Mid-American,
401858456,2026,3,regular,2026-09-19T16:00:00.000Z,False,False,False,3632,Beaver Stadium,213,Penn State,Big Ten,,2084,Buffalo,Mid-American,
401856686,2026,3,regular,2026-09-19T16:00:00.000Z,False,False,True,3887,Razorback Stadium,8,Arkansas,SEC,,61,Georgia,SEC,
401856798,2026,3,regular,2026-09-19T16:00:00.000Z,False,False,False,3772,Jack Trice Stadium,66,Iowa State,Big 12,,189,Bowling Green,Mid-American,
401856792,2026,3,regular,2026-09-19T16:00:00.000Z,False,False,False,3636,Bill Snyder Family Stadium,2306,Kansas State,Big 12,,2655,Tulane,American Athletic,
401867817,2026,3,regular,2026-09-19T16:00:00.000Z,False,False,False,3802,Lawrence A. Wien Stadium,171,Columbia,Ivy,,322,Lafayette,Patriot,
401858229,2026,3,regular,2026-09-19T16:00:00.000Z,False,False,True,3836,"Memorial Stadium (Clemson, SC)",228,Clemson,ACC,,153,North Carolina,ACC,
401858228,2026,3,regular,2026-09-19T16:00:00.000Z,False,False,False,721,Bobby Dodd Stadium,59,Georgia Tech,ACC,,2382,Mercer,Southern,
401856812,2026,3,regular,2026-09-19T16:00:00.000Z,False,True,True,2455,Wembley Stadium,2305,Kansas,Big 12,,9,Arizona State,Big 12,
401858451,2026,3,regular,2026-09-19T16:00:00.000Z,False,False,False,3953,Huntington Bank Stadium,135,Minnesota,Big Ten,,2006,Akron,Mid-American,
401868242,2026,3,regular,2026-09-19T16:00:00.000Z,False,False,False,5400,William B. Greene Jr. Stadium,2193,East Tennessee State,Southern,,2698,West Georgia,UAC,
401858460,2026,3,regular,2026-09-19T16:30:00.000Z,False,False,False,347,Camp Randall Stadium,275,Wisconsin,Big Ten,,2199,Eastern Michigan,Mid-American,
401856695,2026,3,regular,2026-09-19T16:45:00.000Z,False,False,False,3973,FirstBank Stadium,238,Vanderbilt,SEC,,152,NC State,ACC,
401856689,2026,3,regular,2026-09-19T16:45:00.000Z,False,False,False,3838,Memorial Stadium,142,Missouri,SEC,,2653,Troy,Sun Belt,
401867686,2026,3,regular,2026-09-19T17:00:00.000Z,False,False,False,3664,Butler Bowl,2086,Butler,Pioneer,,2130,Chicago State,FCS Independents,
401867826,2026,3,regular,2026-09-19T17:00:00.000Z,False,False,False,3617,Andy Kerr Stadium,2142,Colgate,Patriot,,172,Cornell,Ivy,
401867857,2026,3,regular,2026-09-19T17:00:00.000Z,False,False,False,3829,Memorial Stadium,282,Indiana State,MVFC,,2674,Valparaiso,Pioneer,
401868397,2026,3,regular,2026-09-19T17:00:00.000Z,False,False,False,3897,Richardson Stadium,2166,Davidson,Pioneer,,2678,VMI,Southern,
401873395,2026,3,regular,2026-09-19T17:00:00.000Z,False,False,True,5826,Concordia Stadium,2151,Concordia University Chicago,NACC,,2524,Rockford,NACC,
401873230,2026,3,regular,2026-09-19T17:00:00.000Z,False,False,False,5811,William Rolland Stadium,2094,California Lutheran University,So. Cal.,,2508,Puget Sound,Northwest,
401864508,2026,3,regular,2026-09-19T17:00:00.000Z,False,False,False,3786,Kelly/Shorts Stadium,2117,Central Michigan,Mid-American,,2751,Wyoming,Mountain West,
401866638,2026,3,regular,2026-09-19T17:00:00.000Z,False,False,False,3661,Bulldog Stadium,2803,Bryant,CAA,,163,Princeton,Ivy,
401866639,2026,3,regular,2026-09-19T17:00:00.000Z,False,False,False,3688,Wildcat Stadium,160,New Hampshire,CAA,,108,Harvard,Ivy,
401868023,2026,3,regular,2026-09-19T18:00:00.000Z,False,False,False,3722,Fitton Field,107,Holy Cross,Patriot,,43,Yale,Ivy,
401858227,2026,3,regular,2026-09-19T18:00:00.000Z,False,False,False,3615,"Alumni Stadium (Chestnut Hill, MA)",103,Boston College,ACC,,311,Maine,CAA,
401858448,2026,3,regular,2026-09-19T18:00:00.000Z,False,False,False,3832,"Memorial Stadium (Champaign, IL)",356,Illinois,Big Ten,,79,Southern Illinois,MVFC,
401868159,2026,3,regular,2026-09-19T18:00:00.000Z,False,False,False,5116,O'Shaughnessy Stadium,2900,St. Thomas (MN),Pioneer,,253,Southern Utah,Big Sky,
401866634,2026,3,regular,2026-09-19T18:30:00.000Z,False,False,True,3788,Kenneth P. LaValle Stadium,2619,Stony Brook,CAA,,227,Rhode Island,CAA,
401868275,2026,3,regular,2026-09-19T18:30:00.000Z,False,False,False,3704,E. J. Whitmire Stadium,2717,Western Carolina,Southern,,2506,Presbyterian,Pioneer,
401867898,2026,3,regular,2026-09-19T19:00:00.000Z,False,False,False,3643,Bobcat Stadium,147,Montana State,Big Sky,,2115,Central Connecticut,NEC,
401867991,2026,3,regular,2026-09-19T19:00:00.000Z,False,False,False,3676,Christy Mathewson-Memorial Stadium,2083,Bucknell,Patriot,,219,Pennsylvania,Ivy,
401867846,2026,3,regular,2026-09-19T19:00:00.000Z,False,False,False,3744,Hancock Stadium,2287,Illinois State,MVFC,,2197,Eastern Illinois,Big South-OVC,
401862774,2026,3,regular,2026-09-19T19:00:00.000Z,False,False,False,3739,Glass Bowl,2649,Toledo,Mid-American,,218,Temple,American Athletic,
401866635,2026,3,regular,2026-09-19T19:30:00.000Z,False,False,True,4419,Bob Ford Field,399,UAlbany,CAA,,2405,Monmouth,CAA,
401858457,2026,3,regular,2026-09-19T19:30:00.000Z,False,False,True,6577,SHI Stadium,164,Rutgers,Big Ten,,30,USC,Big Ten,
401858450,2026,3,regular,2026-09-19T19:30:00.000Z,False,False,False,3558,Michigan Stadium,130,Michigan,Big Ten,,2638,UTEP,Mountain West,
401858230,2026,3,regular,2026-09-19T19:30:00.000Z,False,False,True,3873,L&N Federal Credit Union Stadium,97,Louisville,ACC,,2567,SMU,ACC,
401858233,2026,3,regular,2026-09-19T19:30:00.000Z,False,False,False,3831,California Memorial Stadium,25,California,ACC,,2681,Wagner,NEC,
401868018,2026,3,regular,2026-09-19T19:30:00.000Z,False,False,True,2068,E. Claiborne Robins Stadium,257,Richmond,Patriot,,46,Georgetown,Patriot,
401856797,2026,3,regular,2026-09-19T19:30:00.000Z,False,False,False,7173,TQL Stadium,2132,Cincinnati,Big 12,,193,Miami (OH),Mid-American,
401856685,2026,3,regular,2026-09-19T19:30:00.000Z,False,False,False,3657,Bryant-Denny Stadium,333,Alabama,SEC,,52,Florida State,ACC,
401856694,2026,3,regular,2026-09-19T19:30:00.000Z,False,False,True,3795,Kyle Field,245,Texas A&M,SEC,,96,Kentucky,SEC,
401856801,2026,3,regular,2026-09-19T19:30:00.000Z,False,False,False,587,Rice-Eccles Stadium,254,Utah,Big 12,,328,Utah State,Pac-12,
401860890,2026,3,regular,2026-09-19T19:30:00.000Z,False,False,False,3820,Gesa Field,265,Washington State,Pac-12,,2184,Duquesne,NEC,
401866424,2026,3,regular,2026-09-19T19:30:00.000Z,False,False,False,3985,Warren McGuirk Alumni Stadium,113,Massachusetts,Mid-American,,284,Stonehill,NEC,
401868942,2026,3,regular,2026-09-19T20:00:00.000Z,False,False,False,3850,Municipal Stadium,2065,Bethune-Cookman,SWAC,,2355,Virginia University Of Lynchburg,,
401858471,2026,3,regular,2026-09-19T20:00:00.000Z,False,False,False,3793,Kinnick Stadium,2294,Iowa,Big Ten,,2460,Northern Iowa,MVFC,
401866422,2026,3,regular,2026-09-19T20:00:00.000Z,False,False,False,3992,Williams Stadium (VA),2335,Liberty,Conference USA,,2050,Ball State,Mid-American,
401867804,2026,3,regular,2026-09-19T20:00:00.000Z,False,False,False,4727,McLane Stadium,239,Baylor,Big 12,,2348,Louisiana Tech,Sun Belt,
401858449,2026,3,regular,2026-09-19T20:00:00.000Z,False,False,False,3830,"Memorial Stadium (Bloomington, IN)",84,Indiana,Big Ten,,98,Western Kentucky,Conference USA,
401858231,2026,3,regular,2026-09-19T20:00:00.000Z,False,False,True,3982,Wallace Wade Stadium,150,Duke,ACC,,24,Stanford,ACC,
401866641,2026,3,regular,2026-09-19T20:00:00.000Z,False,False,False,3991,"William Dick"""" Price Stadium""""",2450,Norfolk State,MEAC,,2261,Hampton,CAA,
401856691,2026,3,regular,2026-09-19T20:15:00.000Z,False,False,True,3994,Williams-Brice Stadium,2579,South Carolina,SEC,,344,Mississippi State,SEC,
401868317,2026,3,regular,2026-09-19T20:30:00.000Z,False,False,False,3817,Malone Stadium,2433,UL Monroe,Sun Belt,,2545,SE Louisiana,Southland,
401868935,2026,3,regular,2026-09-19T21:00:00.000Z,False,False,False,3740,Golden Lion Stadium,2029,Arkansas-Pine Bluff,SWAC,,2119,Central State (OH),SIAC,
401862710,2026,3,regular,2026-09-19T22:00:00.000Z,False,False,False,3918,S.B. Ballard Stadium,295,Old Dominion,Sun Belt,,151,East Carolina,American Athletic,
401868337,2026,3,regular,2026-09-19T22:00:00.000Z,False,False,True,3720,Finley Stadium,236,Chattanooga,Southern,,2747,Wofford,Southern,
401868172,2026,3,regular,2026-09-19T22:00:00.000Z,False,False,False,3658,Buccaneer Field,2127,Charleston Southern,Big South-OVC,,3179,Point University,,
401866640,2026,3,regular,2026-09-19T22:00:00.000Z,False,False,False,3781,Johnny Unitas Stadium,119,Towson,CAA,,2415,Morgan State,MEAC,
401868009,2026,3,regular,2026-09-19T22:00:00.000Z,False,False,True,3998,Zable Stadium,2729,William & Mary,Patriot,,2230,Fordham,Patriot,
401867979,2026,3,regular,2026-09-19T22:00:00.000Z,False,False,False,3710,Ernest W. Spangler Stadium,2241,Gardner-Webb,Big South-OVC,,2428,North Carolina Central,MEAC,
401866637,2026,3,regular,2026-09-19T22:00:00.000Z,False,False,True,3894,Rhodes Stadium,2210,Elon,CAA,,2529,Sacred Heart,CAA,
401866636,2026,3,regular,2026-09-19T22:00:00.000Z,False,False,True,3629,Barker-Lane Stadium,2097,Campbell,CAA,,2448,North Carolina A&T,CAA,
401868142,2026,3,regular,2026-09-19T22:00:00.000Z,False,False,False,3908,Roy Kidd Stadium,2198,Eastern Kentucky,UAC,,2168,Dayton,Pioneer,
401864574,2026,3,regular,2026-09-19T22:00:00.000Z,False,False,False,3792,Kidd Brewer Stadium,2026,App State,Sun Belt,,2429,Charlotte,American Athletic,
401862771,2026,3,regular,2026-09-19T22:00:00.000Z,False,False,False,3715,FAU Stadium,2226,Florida Atlantic,American Athletic,,2229,Florida International,Conference USA,
401871047,2026,3,regular,2026-09-19T22:30:00.000Z,False,False,False,3878,Plaster Sports Complex,2623,Missouri State,Conference USA,,276,Marshall,Sun Belt,
401868971,2026,3,regular,2026-09-19T23:00:00.000Z,False,False,False,3599,Ace W. Mumford Stadium,2582,Southern,SWAC,,2347,Louisiana College,,
401856687,2026,3,regular,2026-09-19T23:00:00.000Z,False,False,True,3785,Jordan-Hare Stadium,2,Auburn,SEC,,57,Florida,SEC,
401856800,2026,3,regular,2026-09-19T23:00:00.000Z,False,False,False,3652,FBC Mortgage Stadium,2116,UCF,Big 12,,2247,Georgia State,Sun Belt,
401861963,2026,3,regular,2026-09-19T23:00:00.000Z,False,False,False,3815,M. M. Roberts Stadium,2572,Southern Miss,Sun Belt,,41,UConn,FBS Independents,
401862773,2026,3,regular,2026-09-19T23:00:00.000Z,False,False,False,3895,Rice Stadium,242,Rice,American Athletic,,2711,Western Michigan,Mid-American,
401864443,2026,3,regular,2026-09-19T23:00:00.000Z,False,False,False,3725,"Johnny ""Red"" Floyd Stadium",2393,Middle Tennessee,Conference USA,,2440,Nevada,Mountain West,
401866423,2026,3,regular,2026-09-19T23:00:00.000Z,False,False,False,6526,Hancock Whitney Stadium,6,South Alabama,Sun Belt,,195,Ohio,Mid-American,
401869948,2026,3,regular,2026-09-19T23:00:00.000Z,False,False,False,3662,AmFirst Stadium,55,Jacksonville State,Conference USA,,290,Georgia Southern,Sun Belt,
401862772,2026,3,regular,2026-09-19T23:00:00.000Z,False,False,False,3805,Simmons Bank Liberty Stadium,235,Memphis,American Athletic,,2630,UT Martin,Big South-OVC,
401862777,2026,3,regular,2026-09-19T23:00:00.000Z,False,False,False,3886,Raymond James Stadium,58,South Florida,American Athletic,,2169,Delaware State,MEAC,
401867896,2026,3,regular,2026-09-19T23:00:00.000Z,False,False,True,5237,Dana J. Dykhouse Stadium,2571,South Dakota State,MVFC,,2754,Youngstown State,MVFC,
401867984,2026,3,regular,2026-09-19T23:00:00.000Z,False,False,False,3868,Paladin Stadium,231,Furman,Southern,,2569,South Carolina State,MEAC,
401868062,2026,3,regular,2026-09-19T23:00:00.000Z,False,False,True,10803,Pen-Air Field,110242,West Florida,UAC,,2046,Austin Peay,UAC,
401868133,2026,3,regular,2026-09-19T23:00:00.000Z,False,False,False,7003,Houck Field,2546,Southeast Missouri State,Big South-OVC,,2110,Central Arkansas,UAC,
401868151,2026,3,regular,2026-09-19T23:00:00.000Z,False,False,False,4133,Braly Municipal Stadium,2453,North Alabama,UAC,,2016,Alcorn State,SWAC,
401868196,2026,3,regular,2026-09-19T23:00:00.000Z,False,False,False,3650,Bragg Memorial Stadium,50,Florida A&M,SWAC,,2634,Tennessee State,Big South-OVC,
401868205,2026,3,regular,2026-09-19T23:00:00.000Z,False,False,False,3746,Hanson Field,2710,Western Illinois,Big South-OVC,,2413,Morehead State,Pioneer,
401868237,2026,3,regular,2026-09-19T23:00:00.000Z,False,False,False,3827,"Memorial Stadium (Stephenville, TX)",2627,Tarleton State,UAC,,2771,Merrimack,FCS Independents,
401856803,2026,3,regular,2026-09-19T23:00:00.000Z,False,False,False,3646,Boone Pickens Stadium,197,Oklahoma State,Big 12,,93,Murray State,MVFC,
401869147,2026,3,regular,2026-09-19T23:00:00.000Z,False,False,True,3734,Gayle and Tom Benson Stadium,2916,Incarnate Word,Southland,,2277,Houston Christian,Southland,
401870764,2026,3,regular,2026-09-19T23:00:00.000Z,False,False,False,3647,Elliott T. Bowers Stadium,2534,Sam Houston,Conference USA,,2447,Nicholls,Southland,
401868298,2026,3,regular,2026-09-19T23:00:00.000Z,False,False,False,3809,Louis Crews Stadium,2010,Alabama A&M,SWAC,,2075,Bowie State,CIAA,
401868959,2026,3,regular,2026-09-19T23:00:00.000Z,False,False,False,3976,Mississippi Veterans Memorial Stadium,2296,Jackson State,SWAC,,2657,Tuskegee,SIAC,
401868964,2026,3,regular,2026-09-19T23:00:00.000Z,False,False,False,3896,Rice-Totten Field,2400,Mississippi Valley State,SWAC,,2170,Delta State,Gulf South,
401858452,2026,3,regular,2026-09-19T23:15:00.000Z,False,False,False,3834,"Memorial Stadium (Lincoln, NE)",158,Nebraska,Big Ten,,155,North Dakota,MVFC,
401858459,2026,3,regular,2026-09-19T23:15:00.000Z,False,False,False,3765,Husky Stadium,264,Washington,Big Ten,,331,Eastern Washington,Big Sky,
401858232,2026,3,regular,2026-09-19T23:30:00.000Z,False,False,False,3665,SECU Stadium,120,Maryland,Big Ten,,259,Virginia Tech,ACC,
401856802,2026,3,regular,2026-09-19T23:30:00.000Z,False,True,False,3628,Bank of America Stadium,258,Virginia,ACC,,277,West Virginia,Big 12,
401856688,2026,3,regular,2026-09-19T23:30:00.000Z,False,False,True,3974,Vaught-Hemingway Stadium,145,Ole Miss,SEC,,99,LSU,SEC,
401856795,2026,3,regular,2026-09-19T23:30:00.000Z,False,False,False,5388,Canvas Stadium,36,Colorado State,Pac-12,,252,BYU,Big 12,
401858453,2026,3,regular,2026-09-19T23:30:00.000Z,False,False,False,3855,Notre Dame Stadium,87,Notre Dame,FBS Independents,,127,Michigan State,Big Ten,
401856796,2026,3,regular,2026-09-19T23:30:00.000Z,False,False,False,5960,Lanny and Sharon Martin Stadium,77,Northwestern,Big Ten,,38,Colorado,Big 12,
401856690,2026,3,regular,2026-09-19T23:30:00.000Z,False,False,False,3835,"Memorial Stadium (Norman, OK)",201,Oklahoma,SEC,,167,New Mexico,Mountain West,
401856692,2026,3,regular,2026-09-19T23:45:00.000Z,False,False,False,3853,Neyland Stadium,2633,Tennessee,SEC,,338,Kennesaw State,Conference USA,
401856799,2026,3,regular,2026-09-20T00:00:00.000Z,False,False,False,3616,Amon G. Carter Stadium,2628,TCU,Big 12,,2032,Arkansas State,Sun Belt,
401856693,2026,3,regular,2026-09-20T00:00:00.000Z,False,False,False,3910,DKR-Texas Memorial Stadium,251,Texas,SEC,,2636,UTSA,American Athletic,
401868130,2026,3,regular,2026-09-20T00:00:00.000Z,False,False,False,3856,Nottingham Field,2458,Northern Colorado,Big Sky,,196,Northeastern State,Independent DII,
401862776,2026,3,regular,2026-09-20T00:00:00.000Z,False,False,False,3666,Cajun Field,309,Louisiana,Sun Belt,,5,UAB,American Athletic,
401862775,2026,3,regular,2026-09-20T00:00:00.000Z,False,False,False,3674,Chapman Stadium,202,Tulsa,American Athletic,,2837,East Texas A&M,Southland,
401868124,2026,3,regular,2026-09-20T00:00:00.000Z,False,False,True,3745,Greater Zion Stadium,3101,Utah Tech,Big Sky,,2464,Northern Arizona,Big Sky,
401868168,2026,3,regular,2026-09-20T00:00:00.000Z,False,False,False,3942,Stewart Stadium,2692,Weber State,Big Sky,,2466,Northwestern State,Southland,
401868247,2026,3,regular,2026-09-20T00:00:00.000Z,False,False,True,6006,Robert and Janet Vackar Stadium,292,UT Rio Grande Valley,Southland,,2377,McNeese,Southland,
401868075,2026,3,regular,2026-09-20T00:00:00.000Z,False,False,False,1027,Alex G. Spanos Stadium,13,Cal Poly,Big Sky,,301,San Diego,Pioneer,
401868307,2026,3,regular,2026-09-20T00:00:00.000Z,False,False,False,5238,Panther Stadium,2504,Prairie View A&M,SWAC,,2617,Stephen F. Austin,Southland,
401860885,2026,3,regular,2026-09-20T02:00:00.000Z,False,False,False,3653,Albertsons Stadium,68,Boise State,Pac-12,,233,South Dakota,MVFC,
401868164,2026,3,regular,2026-09-20T02:00:00.000Z,False,False,False,3602,Aggie Stadium,302,UC Davis,Big Sky,,56,Stetson,Pioneer,
401860889,2026,3,regular,2026-09-20T02:00:00.000Z,False,False,False,3644,Bobcat Stadium (TX),326,Texas State,Pac-12,,249,North Texas,American Athletic,
401860887,2026,3,regular,2026-09-20T02:00:00.000Z,False,False,False,7311,Snapdragon Stadium,21,San Diego State,Pac-12,,256,James Madison,Sun Belt,
401856793,2026,3,regular,2026-09-20T02:30:00.000Z,False,False,False,3619,Arizona Stadium,12,Arizona,Big 12,,2459,Northern Illinois,Mountain West,
401864507,2026,3,regular,2026-09-20T02:30:00.000Z,False,False,False,3757,Hornet Stadium,16,Sacramento State,Mid-American,,2449,North Dakota State,Mountain West,
401860886,2026,3,regular,2026-09-20T03:00:00.000Z,False,False,False,3893,Reser Stadium,204,Oregon State,Pac-12,,149,Montana,Big Sky,
401860888,2026,3,regular,2026-09-20T03:00:00.000Z,False,False,False,3935,CEFCU Stadium,23,San José State,Mountain West,,278,Fresno State,Pac-12,
401858458,2026,3,regular,2026-09-20T03:00:00.000Z,False,False,True,1056,Rose Bowl,26,UCLA,Big Ten,,2509,Purdue,Big Ten,
401869941,2026,4,regular,2026-09-24T23:30:00.000Z,False,False,False,3654,Brooks Stadium (SC),324,Coastal Carolina,Sun Belt,,2335,Liberty,Conference USA,
401862779,2026,4,regular,2026-09-25T20:00:00.000Z,False,False,True,3806,Lincoln Financial Field,218,Temple,American Athletic,,349,Army,American Athletic,
401867806,2026,4,regular,2026-09-25T23:00:00.000Z,False,False,True,3656,Brown Stadium,225,Brown,Ivy,,108,Harvard,Ivy,
401862778,2026,4,regular,2026-09-25T23:00:00.000Z,False,False,True,7221,Protective Stadium,5,UAB,American Athletic,,2426,Navy,American Athletic,
401858468,2026,4,regular,2026-09-25T23:00:00.000Z,False,False,False,6577,SHI Stadium,164,Rutgers,Big Ten,,47,Howard,MEAC,
401858461,2026,4,regular,2026-09-26T00:00:00.000Z,False,False,True,3830,"Memorial Stadium (Bloomington, IN)",84,Indiana,Big Ten,,77,Northwestern,Big Ten,
401858234,2026,4,regular,2026-09-26T02:30:00.000Z,False,False,True,3831,California Memorial Stadium,25,California,ACC,,228,Clemson,ACC,
401858237,2026,4,regular,2026-09-26T04:00:00.000Z,False,False,False,3697,Doak Campbell Stadium,52,Florida State,ACC,,2110,Central Arkansas,UAC,
401873405,2026,4,regular,2026-09-26T04:00:00.000Z,False,False,False,6142,Westside Athletic Complex,2843,Western Connecticut St,Landmark Conference,,2871,Kean,New Jersey,
401858239,2026,4,regular,2026-09-26T04:00:00.000Z,False,False,False,3923,Scott Stadium,258,Virginia,ACC,,48,Delaware,Conference USA,
401856814,2026,4,regular,2026-09-26T04:00:00.000Z,False,False,True,3854,Nippert Stadium,2132,Cincinnati,Big 12,,2306,Kansas State,Big 12,
401858241,2026,4,regular,2026-09-26T04:00:00.000Z,False,False,False,3735,Gerald J. Ford Stadium,2567,SMU,ACC,,2623,Missouri State,Conference USA,
401858242,2026,4,regular,2026-09-26T04:00:00.000Z,False,False,True,3615,"Alumni Stadium (Chestnut Hill, MA)",103,Boston College,ACC,,259,Virginia Tech,ACC,
401858243,2026,4,regular,2026-09-26T04:00:00.000Z,False,False,True,3873,L&N Federal Credit Union Stadium,97,Louisville,ACC,,154,Wake Forest,ACC,
401858462,2026,4,regular,2026-09-26T04:00:00.000Z,False,False,True,3665,SECU Stadium,120,Maryland,Big Ten,,26,UCLA,Big Ten,
401858463,2026,4,regular,2026-09-26T04:00:00.000Z,False,False,True,3558,Michigan Stadium,130,Michigan,Big Ten,,2294,Iowa,Big Ten,
401858464,2026,4,regular,2026-09-26T04:00:00.000Z,False,False,True,3936,Spartan Stadium,127,Michigan State,Big Ten,,158,Nebraska,Big Ten,
401858465,2026,4,regular,2026-09-26T04:00:00.000Z,False,False,True,3861,Ohio Stadium,194,Ohio State,Big Ten,,356,Illinois,Big Ten,
401858466,2026,4,regular,2026-09-26T04:00:00.000Z,False,False,True,3632,Beaver Stadium,213,Penn State,Big Ten,,275,Wisconsin,Big Ten,
401858467,2026,4,regular,2026-09-26T04:00:00.000Z,False,False,False,3907,Ross-Ade Stadium,2509,Purdue,Big Ten,,87,Notre Dame,FBS Independents,
401858469,2026,4,regular,2026-09-26T04:00:00.000Z,False,False,True,477,Los Angeles Memorial Coliseum,30,USC,Big Ten,,2483,Oregon,Big Ten,
401858470,2026,4,regular,2026-09-26T04:00:00.000Z,False,False,True,3765,Husky Stadium,264,Washington,Big Ten,,135,Minnesota,Big Ten,
401856696,2026,4,regular,2026-09-26T04:00:00.000Z,False,False,True,3657,Bryant-Denny Stadium,333,Alabama,SEC,,2579,South Carolina,SEC,
401864511,2026,4,regular,2026-09-26T04:00:00.000Z,False,False,False,4246,Center Parc Stadium,2247,Georgia State,Sun Belt,,2459,Northern Illinois,Mountain West,
401856815,2026,4,regular,2026-09-26T04:00:00.000Z,False,False,True,3652,FBC Mortgage Stadium,2116,UCF,Big 12,,2628,TCU,Big 12,
401856816,2026,4,regular,2026-09-26T04:00:00.000Z,False,False,True,3772,Jack Trice Stadium,66,Iowa State,Big 12,,254,Utah,Big 12,
401856881,2026,4,regular,2026-09-26T04:00:00.000Z,False,False,True,3842,Milan Puskar Stadium,277,West Virginia,Big 12,,197,Oklahoma State,Big 12,
401856699,2026,4,regular,2026-09-26T04:00:00.000Z,False,False,True,3634,Ben Hill Griffin Stadium,57,Florida,SEC,,145,Ole Miss,SEC,
401856806,2026,4,regular,2026-09-26T04:00:00.000Z,False,False,False,3608,Allen E. Paulson Stadium,290,Georgia Southern,Sun Belt,,248,Houston,Big 12,
401856813,2026,4,regular,2026-09-26T04:00:00.000Z,False,False,True,4727,McLane Stadium,239,Baylor,Big 12,,38,Colorado,Big 12,
401872618,2026,4,regular,2026-09-26T04:00:00.000Z,False,False,False,6048,Duane Stadium,2771,Merrimack,FCS Independents,,2441,New Haven,NEC,
401868387,2026,4,regular,2026-09-26T04:00:00.000Z,False,False,True,3925,Seibert Stadium,2535,Samford,Southern,,2678,VMI,Southern,
401868034,2026,4,regular,2026-09-26T04:00:00.000Z,False,False,False,3730,Franklin Field,219,Pennsylvania,Ivy,,2329,Lehigh,Patriot,
401867687,2026,4,regular,2026-09-26T04:00:00.000Z,False,False,False,3453,SeatGeek Stadium,2130,Chicago State,FCS Independents,,2450,Norfolk State,MEAC,
401866647,2026,4,regular,2026-09-26T04:00:00.000Z,False,False,False,3826,Memorial Field,159,Dartmouth,Ivy,,2405,Monmouth,CAA,
401856698,2026,4,regular,2026-09-26T04:00:00.000Z,False,False,True,3785,Jordan-Hare Stadium,2,Auburn,SEC,,238,Vanderbilt,SEC,
401856700,2026,4,regular,2026-09-26T04:00:00.000Z,False,False,True,3917,Sanford Stadium,61,Georgia,SEC,,201,Oklahoma,SEC,
401856702,2026,4,regular,2026-09-26T04:00:00.000Z,False,False,True,3958,Tiger Stadium (LA),99,LSU,SEC,,245,Texas A&M,SEC,
401856703,2026,4,regular,2026-09-26T04:00:00.000Z,False,False,True,3693,Davis Wade Stadium,344,Mississippi State,SEC,,142,Missouri,SEC,
401856805,2026,4,regular,2026-09-26T04:00:00.000Z,False,False,False,3784,Jones AT&T Stadium,2641,Texas Tech,Big 12,,2534,Sam Houston,Conference USA,
401860893,2026,4,regular,2026-09-26T04:00:00.000Z,False,False,False,3739,Glass Bowl,2649,Toledo,Mid-American,,21,San Diego State,Pac-12,
401860896,2026,4,regular,2026-09-26T04:00:00.000Z,False,False,False,3604,Alamodome,2636,UTSA,American Athletic,,36,Colorado State,Pac-12,
401860897,2026,4,regular,2026-09-26T04:00:00.000Z,False,False,False,3980,Waldo Stadium,2711,Western Michigan,Mid-American,,68,Boise State,Pac-12,
401861970,2026,4,regular,2026-09-26T04:00:00.000Z,False,False,False,3996,Yager Stadium,193,Miami (OH),Mid-American,,41,UConn,FBS Independents,
401862780,2026,4,regular,2026-09-26T04:00:00.000Z,False,False,False,4418,Jerry Richardson Stadium,2429,Charlotte,American Athletic,,309,Louisiana,Sun Belt,
401862782,2026,4,regular,2026-09-26T04:00:00.000Z,False,False,False,3817,Malone Stadium,2433,UL Monroe,Sun Belt,,2226,Florida Atlantic,American Athletic,
401862784,2026,4,regular,2026-09-26T04:00:00.000Z,False,False,False,4729,Yulman Stadium,2655,Tulane,American Athletic,,2572,Southern Miss,Sun Belt,
401862785,2026,4,regular,2026-09-26T04:00:00.000Z,False,False,False,3700,Doyt L. Perry Stadium,189,Bowling Green,Mid-American,,58,South Florida,American Athletic,
401864509,2026,4,regular,2026-09-26T04:00:00.000Z,False,False,True,3816,Mackay Stadium,2440,Nevada,Mountain West,,2005,Air Force,Mountain West,
401864512,2026,4,regular,2026-09-26T04:00:00.000Z,False,False,False,3768,InfoCision Stadium,2006,Akron,Mid-American,,2439,UNLV,Mountain West,
401864572,2026,4,regular,2026-09-26T04:00:00.000Z,False,False,False,3670,Carter-Finley Stadium,152,NC State,ACC,,2026,App State,Sun Belt,
401866425,2026,4,regular,2026-09-26T04:00:00.000Z,False,False,True,3696,Dix Stadium,2309,Kent State,Mid-American,,2050,Ball State,Mid-American,
401866429,2026,4,regular,2026-09-26T04:00:00.000Z,False,False,True,3757,Hornet Stadium,16,Sacramento State,Mid-American,,113,Massachusetts,Mid-American,
401869931,2026,4,regular,2026-09-26T04:00:00.000Z,False,False,False,3625,Centennial Bank Stadium,2032,Arkansas State,Sun Belt,,338,Kennesaw State,Conference USA,
401869961,2026,4,regular,2026-09-26T04:00:00.000Z,False,False,True,3918,S.B. Ballard Stadium,295,Old Dominion,Sun Belt,,256,James Madison,Sun Belt,
401870839,2026,4,regular,2026-09-26T16:00:00.000Z,False,False,False,3623,Arthur J. Rooney Athletic Field,2184,Duquesne,NEC,,131239,University of Rio Grande,,
401868263,2026,4,regular,2026-09-26T16:00:00.000Z,False,False,True,36,Leonidoff Field,2368,Marist,Pioneer,,2506,Presbyterian,Pioneer,
401866642,2026,4,regular,2026-09-26T16:00:00.000Z,False,False,True,3668,Campus Field,2529,Sacred Heart,CAA,,160,New Hampshire,CAA,
401858236,2026,4,regular,2026-09-26T16:00:00.000Z,False,False,False,3752,Acrisure Stadium,221,Pittsburgh,ACC,,2083,Bucknell,Patriot,
401856704,2026,4,regular,2026-09-26T16:00:00.000Z,False,False,True,3853,Neyland Stadium,2633,Tennessee,SEC,,251,Texas,SEC,
401867818,2026,4,regular,2026-09-26T16:30:00.000Z,False,False,False,3847,Cooper Field,46,Georgetown,Patriot,,171,Columbia,Ivy,
401868024,2026,4,regular,2026-09-26T16:30:00.000Z,False,False,True,3721,Fisher Field,322,Lafayette,Patriot,,107,Holy Cross,Patriot,
401864576,2026,4,regular,2026-09-26T16:45:00.000Z,False,False,False,3683,Kroger Field,96,Kentucky,SEC,,6,South Alabama,Sun Belt,
401867858,2026,4,regular,2026-09-26T17:00:00.000Z,False,False,True,3829,Memorial Stadium,282,Indiana State,MVFC,,155,North Dakota,MVFC,
401868211,2026,4,regular,2026-09-26T17:00:00.000Z,False,False,True,3655,Brown Field,2674,Valparaiso,Pioneer,,2086,Butler,Pioneer,
401868219,2026,4,regular,2026-09-26T17:00:00.000Z,False,False,True,3897,Richardson Stadium,2166,Davidson,Pioneer,,2181,Drake,Pioneer,
401867827,2026,4,regular,2026-09-26T17:00:00.000Z,False,False,True,3921,Schoellkopf Field,172,Cornell,Ivy,,43,Yale,Ivy,
401873396,2026,4,regular,2026-09-26T17:00:00.000Z,False,False,True,6110,Sam Greeley Field,2524,Rockford,NACC,,2044,Aurora,NACC,
401866427,2026,4,regular,2026-09-26T17:00:00.000Z,False,False,False,3912,Rynearson Stadium,2199,Eastern Michigan,Mid-American,,2815,Lindenwood,Big South-OVC,
401866648,2026,4,regular,2026-09-26T17:00:00.000Z,False,False,False,150,Jack Coffey Field,2230,Fordham,Patriot,,2619,Stony Brook,CAA,
401868390,2026,4,regular,2026-09-26T17:30:00.000Z,False,False,True,3737,Gibbs Stadium,2747,Wofford,Southern,,2635,Tennessee Tech,Southern,
401868338,2026,4,regular,2026-09-26T18:00:00.000Z,False,False,True,3782,Johnson Hagood Stadium,2643,The Citadel,Southern,,236,Chattanooga,Southern,
401867885,2026,4,regular,2026-09-26T18:00:00.000Z,False,False,True,844,Stambaugh Stadium,2754,Youngstown State,MVFC,,233,South Dakota,MVFC,
401868037,2026,4,regular,2026-09-26T18:00:00.000Z,False,False,False,2068,E. Claiborne Robins Stadium,257,Richmond,Patriot,,231,Furman,Southern,
401868281,2026,4,regular,2026-09-26T18:00:00.000Z,False,False,True,5116,O'Shaughnessy Stadium,2900,St. Thomas (MN),Pioneer,,301,San Diego,Pioneer,
401868063,2026,4,regular,2026-09-26T18:00:00.000Z,False,False,False,3742,Governors Stadium,2046,Austin Peay,UAC,,2630,UT Martin,Big South-OVC,
401866643,2026,4,regular,2026-09-26T18:00:00.000Z,False,False,True,3894,Rhodes Stadium,2210,Elon,CAA,,311,Maine,CAA,
401868001,2026,4,regular,2026-09-26T18:30:00.000Z,False,False,True,717,Villanova Stadium,222,Villanova,Patriot,,2142,Colgate,Patriot,
401864510,2026,4,regular,2026-09-26T19:00:00.000Z,False,False,True,3984,War Memorial Stadium,2751,Wyoming,Mountain West,,62,Hawai'i,Mountain West,
401866646,2026,4,regular,2026-09-26T19:00:00.000Z,False,False,False,3881,Princeton University Stadium,163,Princeton,Ivy,,399,UAlbany,CAA,
401858244,2026,4,regular,2026-09-26T19:30:00.000Z,False,False,False,3982,Wallace Wade Stadium,150,Duke,ACC,,2729,William & Mary,Patriot,
401868188,2026,4,regular,2026-09-26T19:30:00.000Z,False,False,False,3775,Joan C. Edwards Stadium,276,Marshall,Sun Belt,,2241,Gardner-Webb,Big South-OVC,
401866428,2026,4,regular,2026-09-26T19:30:00.000Z,False,False,False,3876,Peden Stadium,195,Ohio,Mid-American,,284,Stonehill,NEC,
401866426,2026,4,regular,2026-09-26T19:30:00.000Z,False,False,False,3965,UB Stadium,2084,Buffalo,Mid-American,,2523,Robert Morris,NEC,
401864579,2026,4,regular,2026-09-26T19:30:00.000Z,False,False,False,3601,Aggie Memorial Stadium,166,New Mexico State,Conference USA,,167,New Mexico,Mountain West,
401868346,2026,4,regular,2026-09-26T19:30:00.000Z,False,False,True,5400,William B. Greene Jr. Stadium,2193,East Tennessee State,Southern,,2717,Western Carolina,Southern,
401862781,2026,4,regular,2026-09-26T20:00:00.000Z,False,False,False,3699,Dowdy-Ficklen Stadium,151,East Carolina,American Athletic,,2428,North Carolina Central,MEAC,
401866644,2026,4,regular,2026-09-26T20:00:00.000Z,False,False,True,3603,Aggie Stadium,2448,North Carolina A&T,CAA,,227,Rhode Island,CAA,
401868206,2026,4,regular,2026-09-26T20:00:00.000Z,False,False,False,4133,Braly Municipal Stadium,2453,North Alabama,UAC,,2710,Western Illinois,Big South-OVC,
401868358,2026,4,regular,2026-09-26T20:00:00.000Z,False,False,True,3771,Jack Spinks Stadium,2016,Alcorn State,SWAC,,2640,Texas Southern,SWAC,
401869143,2026,4,regular,2026-09-26T20:00:00.000Z,False,False,True,3779,Manning Field at John L. Guidry Stadium,2447,Nicholls,Southland,,2320,Lamar,Southland,
401867847,2026,4,regular,2026-09-26T21:00:00.000Z,False,False,True,3967,UNI-Dome,2460,Northern Iowa,MVFC,,2287,Illinois State,MVFC,
401866645,2026,4,regular,2026-09-26T22:00:00.000Z,False,False,True,3620,Armstrong Stadium,2261,Hampton,CAA,,2097,Campbell,CAA,
401867909,2026,4,regular,2026-09-26T22:00:00.000Z,False,False,False,2031,Pitbull Stadium,2229,Florida International,Conference USA,,2341,Long Island University,NEC,
401868308,2026,4,regular,2026-09-26T22:00:00.000Z,False,False,False,3756,Homer Bryce Stadium,2617,Stephen F. Austin,Southland,,196,Northeastern State,Independent DII,
401868243,2026,4,regular,2026-09-26T22:00:00.000Z,False,False,False,5888,University Stadium (GA),2698,West Georgia,UAC,,2232,Fort Valley State,SIAC,
401868327,2026,4,regular,2026-09-26T22:00:00.000Z,False,False,True,4582,Hornet Stadium,2011,Alabama State,SWAC,,2400,Mississippi Valley State,SWAC,
401860892,2026,4,regular,2026-09-26T22:00:00.000Z,False,False,False,3644,Bobcat Stadium (TX),326,Texas State,Pac-12,,2916,Incarnate Word,Southland,
401866649,2026,4,regular,2026-09-26T22:00:00.000Z,False,False,False,3613,Alumni Stadium,2169,Delaware State,MEAC,,119,Towson,CAA,
401858238,2026,4,regular,2026-09-26T22:30:00.000Z,False,False,False,3948,Hard Rock Stadium,2390,Miami,ACC,,2117,Central Michigan,Mid-American,
401868076,2026,4,regular,2026-09-26T23:00:00.000Z,False,False,True,3906,Roos Field,331,Eastern Washington,Big Sky,,13,Cal Poly,Big Sky,
401871048,2026,4,regular,2026-09-26T23:00:00.000Z,False,False,True,3662,AmFirst Stadium,55,Jacksonville State,Conference USA,,2393,Middle Tennessee,Conference USA,
401867868,2026,4,regular,2026-09-26T23:00:00.000Z,False,False,True,3909,Roy Stewart Stadium,93,Murray State,MVFC,,79,Southern Illinois,MVFC,
401867985,2026,4,regular,2026-09-26T23:00:00.000Z,False,False,False,3850,Municipal Stadium,2065,Bethune-Cookman,SWAC,,2569,South Carolina State,MEAC,
401868179,2026,4,regular,2026-09-26T23:00:00.000Z,False,False,False,5237,Dana J. Dykhouse Stadium,2571,South Dakota State,MVFC,,2197,Eastern Illinois,Big South-OVC,
401868299,2026,4,regular,2026-09-26T23:00:00.000Z,False,False,True,3650,Bragg Memorial Stadium,50,Florida A&M,SWAC,,2010,Alabama A&M,SWAC,
401868318,2026,4,regular,2026-09-26T23:00:00.000Z,False,False,True,3963,Harry Turpin Stadium,2466,Northwestern State,Southland,,2545,SE Louisiana,Southland,
401868954,2026,4,regular,2026-09-26T23:00:00.000Z,False,True,True,499,Cotton Bowl,2755,Grambling,SWAC,,2504,Prairie View A&M,SWAC,
401868960,2026,4,regular,2026-09-26T23:00:00.000Z,False,False,True,3976,Mississippi Veterans Memorial Stadium,2296,Jackson State,SWAC,,2582,Southern,SWAC,
401869137,2026,4,regular,2026-09-26T23:00:00.000Z,False,False,True,3686,Cowboy Stadium,2377,McNeese,Southland,,2837,East Texas A&M,Southland,
401870745,2026,4,regular,2026-09-26T23:00:00.000Z,False,False,False,3796,Houchens Industries-L.T. Smith Stadium,98,Western Kentucky,Conference USA,,2385,Mercyhurst,NEC,
401871472,2026,4,regular,2026-09-26T23:00:00.000Z,False,False,False,7003,Houck Field,2546,Southeast Missouri State,Big South-OVC,,110242,West Florida,UAC,
401862783,2026,4,regular,2026-09-26T23:30:00.000Z,False,False,False,3825,DATCU Stadium,249,North Texas,American Athletic,,2277,Houston Christian,Southland,
401860894,2026,4,regular,2026-09-26T23:30:00.000Z,False,False,False,3905,Maverik Stadium,328,Utah State,Pac-12,,2653,Troy,Sun Belt,
401856804,2026,4,regular,2026-09-26T23:30:00.000Z,False,False,False,3820,Gesa Field,265,Washington State,Pac-12,,12,Arizona,Big 12,
401856697,2026,4,regular,2026-09-27T00:00:00.000Z,False,False,False,3887,Razorback Stadium,8,Arkansas,SEC,,202,Tulsa,American Athletic,
401868155,2026,4,regular,2026-09-27T00:00:00.000Z,False,False,True,3942,Stewart Stadium,2692,Weber State,Big Sky,,2502,Portland State,Big Sky,
401868131,2026,4,regular,2026-09-27T00:00:00.000Z,False,False,True,3856,Nottingham Field,2458,Northern Colorado,Big Sky,,3101,Utah Tech,Big Sky,
401868052,2026,4,regular,2026-09-27T00:00:00.000Z,False,False,False,5440,Wildcat Stadium (TX),2000,Abilene Christian,UAC,,2382,Mercer,Southern,
401868103,2026,4,regular,2026-09-27T00:00:00.000Z,False,False,True,3706,Eccles Coliseum,253,Southern Utah,Big Sky,,304,Idaho State,Big Sky,
401860895,2026,4,regular,2026-09-27T01:00:00.000Z,False,False,False,3946,Sun Bowl,2638,UTEP,Mountain West,,204,Oregon State,Pac-12,
401868113,2026,4,regular,2026-09-27T02:00:00.000Z,False,False,True,3602,Aggie Stadium,302,UC Davis,Big Sky,,149,Montana,Big Sky,
401860891,2026,4,regular,2026-09-27T02:00:00.000Z,False,False,False,3660,Valley Children's Stadium,278,Fresno State,Pac-12,,242,Rice,American Athletic,
401868120,2026,4,regular,2026-09-27T02:30:00.000Z,False,False,True,3643,Bobcat Stadium,147,Montana State,Big Sky,,2464,Northern Arizona,Big Sky,
401858240,2026,4,regular,2026-09-27T02:30:00.000Z,False,False,True,3940,Stanford Stadium,24,Stanford,ACC,,59,Georgia Tech,ACC,
401871049,2026,5,regular,2026-10-02T00:00:00.000Z,False,False,True,3601,Aggie Memorial Stadium,166,New Mexico State,Conference USA,,98,Western Kentucky,Conference USA,
401862786,2026,5,regular,2026-10-02T01:00:00.000Z,False,False,True,3674,Chapman Stadium,202,Tulsa,American Athletic,,249,North Texas,American Athletic,
401871050,2026,5,regular,2026-10-02T23:00:00.000Z,False,False,True,3695,Delaware Stadium,48,Delaware,Conference USA,,2335,Liberty,Conference USA,
401858245,2026,5,regular,2026-10-02T23:00:00.000Z,False,False,True,3799,Lane Stadium,259,Virginia Tech,ACC,,221,Pittsburgh,ACC,
401858476,2026,5,regular,2026-10-03T00:00:00.000Z,False,False,True,11823,Ryan Field,77,Northwestern,Big Ten,,213,Penn State,Big Ten,
401868094,2026,5,regular,2026-10-03T02:30:00.000Z,False,False,True,3791,Kibbie Dome,70,Idaho,Big Sky,,147,Montana State,Big Sky,
401856817,2026,5,regular,2026-10-03T04:00:00.000Z,False,False,True,3947,Mountain America Stadium,9,Arizona State,Big 12,,239,Baylor,Big 12,
401856818,2026,5,regular,2026-10-03T04:00:00.000Z,False,False,True,3616,Amon G. Carter Stadium,2628,TCU,Big 12,,252,BYU,Big 12,
401856819,2026,5,regular,2026-10-03T04:00:00.000Z,False,False,True,4728,TDECU Stadium,248,Houston,Big 12,,2116,UCF,Big 12,
401856820,2026,5,regular,2026-10-03T04:00:00.000Z,False,False,True,3619,Arizona Stadium,12,Arizona,Big 12,,2132,Cincinnati,Big 12,
401856821,2026,5,regular,2026-10-03T04:00:00.000Z,False,False,True,3726,Folsom Field,38,Colorado,Big 12,,2641,Texas Tech,Big 12,
401856822,2026,5,regular,2026-10-03T04:00:00.000Z,False,False,True,3772,Jack Trice Stadium,66,Iowa State,Big 12,,277,West Virginia,Big 12,
401858246,2026,5,regular,2026-10-03T04:00:00.000Z,False,False,True,3735,Gerald J. Ford Stadium,2567,SMU,ACC,,103,Boston College,ACC,
401858248,2026,5,regular,2026-10-03T04:00:00.000Z,False,False,True,3670,Carter-Finley Stadium,152,NC State,ACC,,97,Louisville,ACC,
401858249,2026,5,regular,2026-10-03T04:00:00.000Z,False,False,True,3836,"Memorial Stadium (Clemson, SC)",228,Clemson,ACC,,2390,Miami,ACC,
401858250,2026,5,regular,2026-10-03T04:00:00.000Z,False,False,False,3787,Kenan Stadium,153,North Carolina,ACC,,87,Notre Dame,FBS Independents,
401858251,2026,5,regular,2026-10-03T04:00:00.000Z,False,False,True,3630,Allegacy Federal Credit Union Stadium,154,Wake Forest,ACC,,24,Stanford,ACC,
401858253,2026,5,regular,2026-10-03T04:00:00.000Z,False,False,True,3697,Doak Campbell Stadium,52,Florida State,ACC,,258,Virginia,ACC,
401858472,2026,5,regular,2026-10-03T04:00:00.000Z,False,False,True,3832,"Memorial Stadium (Champaign, IL)",356,Illinois,Big Ten,,2509,Purdue,Big Ten,
401858473,2026,5,regular,2026-10-03T04:00:00.000Z,False,False,True,3793,Kinnick Stadium,2294,Iowa,Big Ten,,194,Ohio State,Big Ten,
401858478,2026,5,regular,2026-10-03T04:00:00.000Z,False,False,True,477,Los Angeles Memorial Coliseum,30,USC,Big Ten,,264,Washington,Big Ten,
401858479,2026,5,regular,2026-10-03T04:00:00.000Z,False,False,True,347,Camp Randall Stadium,275,Wisconsin,Big Ten,,127,Michigan State,Big Ten,
401856707,2026,5,regular,2026-10-03T04:00:00.000Z,False,False,True,3693,Davis Wade Stadium,344,Mississippi State,SEC,,333,Alabama,SEC,
401862788,2026,5,regular,2026-10-03T04:00:00.000Z,False,False,True,3895,Rice Stadium,242,Rice,American Athletic,,2636,UTSA,American Athletic,
401862787,2026,5,regular,2026-10-03T04:00:00.000Z,False,False,True,4418,Jerry Richardson Stadium,2429,Charlotte,American Athletic,,235,Memphis,American Athletic,
401856708,2026,5,regular,2026-10-03T04:00:00.000Z,False,False,True,3838,Memorial Stadium,142,Missouri,SEC,,57,Florida,SEC,
401856709,2026,5,regular,2026-10-03T04:00:00.000Z,False,False,True,3994,Williams-Brice Stadium,2579,South Carolina,SEC,,96,Kentucky,SEC,
401856710,2026,5,regular,2026-10-03T04:00:00.000Z,False,False,True,3853,Neyland Stadium,2633,Tennessee,SEC,,2,Auburn,SEC,
401856711,2026,5,regular,2026-10-03T04:00:00.000Z,False,False,True,3795,Kyle Field,245,Texas A&M,SEC,,8,Arkansas,SEC,
401856807,2026,5,regular,2026-10-03T04:00:00.000Z,False,False,False,3833,Memorial Stadium,2305,Kansas,Big 12,,2393,Middle Tennessee,Conference USA,
401862792,2026,5,regular,2026-10-03T04:00:00.000Z,False,False,True,3886,Raymond James Stadium,58,South Florida,American Athletic,,218,Temple,American Athletic,
401864513,2026,5,regular,2026-10-03T04:00:00.000Z,False,False,True,7220,Clarence T.C. Ching Athletics Complex,62,Hawai'i,Mountain West,,23,San José State,Mountain West,
401864514,2026,5,regular,2026-10-03T04:00:00.000Z,False,False,True,3971,University Stadium (NM),167,New Mexico,Mountain West,,2638,UTEP,Mountain West,
401856705,2026,5,regular,2026-10-03T04:00:00.000Z,False,False,True,3917,Sanford Stadium,61,Georgia,SEC,,238,Vanderbilt,SEC,
401858474,2026,5,regular,2026-10-03T04:00:00.000Z,False,False,True,3953,Huntington Bank Stadium,135,Minnesota,Big Ten,,130,Michigan,Big Ten,
401858475,2026,5,regular,2026-10-03T04:00:00.000Z,False,False,True,3834,"Memorial Stadium (Lincoln, NE)",158,Nebraska,Big Ten,,120,Maryland,Big Ten,
401866430,2026,5,regular,2026-10-03T04:00:00.000Z,False,False,True,3786,Kelly/Shorts Stadium,2117,Central Michigan,Mid-American,,2006,Akron,Mid-American,
401866431,2026,5,regular,2026-10-03T04:00:00.000Z,False,False,True,3919,Scheumann Stadium,2050,Ball State,Mid-American,,2649,Toledo,Mid-American,
401866432,2026,5,regular,2026-10-03T04:00:00.000Z,False,False,True,3965,UB Stadium,2084,Buffalo,Mid-American,,2711,Western Michigan,Mid-American,
401866433,2026,5,regular,2026-10-03T04:00:00.000Z,False,False,True,3985,Warren McGuirk Alumni Stadium,113,Massachusetts,Mid-American,,2199,Eastern Michigan,Mid-American,
401866434,2026,5,regular,2026-10-03T04:00:00.000Z,False,False,True,3696,Dix Stadium,2309,Kent State,Mid-American,,195,Ohio,Mid-American,
401866477,2026,5,regular,2026-10-03T04:00:00.000Z,False,False,True,3996,Yager Stadium,193,Miami (OH),Mid-American,,189,Bowling Green,Mid-American,
401869842,2026,5,regular,2026-10-03T04:00:00.000Z,False,False,False,3776,Joe Aillet Stadium,2348,Louisiana Tech,Sun Belt,,349,Army,American Athletic,
401869932,2026,5,regular,2026-10-03T04:00:00.000Z,False,False,True,3666,Cajun Field,309,Louisiana,Sun Belt,,2032,Arkansas State,Sun Belt,
401869942,2026,5,regular,2026-10-03T04:00:00.000Z,False,False,True,3654,Brooks Stadium (SC),324,Coastal Carolina,Sun Belt,,290,Georgia Southern,Sun Belt,
401869956,2026,5,regular,2026-10-03T04:00:00.000Z,False,False,True,4246,Center Parc Stadium,2247,Georgia State,Sun Belt,,295,Old Dominion,Sun Belt,
401869962,2026,5,regular,2026-10-03T04:00:00.000Z,False,False,True,3651,Bridgeforth Stadium,256,James Madison,Sun Belt,,276,Marshall,Sun Belt,
401871089,2026,5,regular,2026-10-03T04:00:00.000Z,False,False,True,6526,Hancock Whitney Stadium,6,South Alabama,Sun Belt,,2433,UL Monroe,Sun Belt,
401867835,2026,5,regular,2026-10-03T04:00:00.000Z,False,False,True,3826,Memorial Field,159,Dartmouth,Ivy,,219,Pennsylvania,Ivy,
401867899,2026,5,regular,2026-10-03T04:00:00.000Z,False,False,True,3624,Arute Field,2115,Central Connecticut,NEC,,2681,Wagner,NEC,
401867910,2026,5,regular,2026-10-03T04:00:00.000Z,False,False,True,11553,Shark Stadium,2341,Long Island University,NEC,,2385,Mercyhurst,NEC,
401868270,2026,5,regular,2026-10-03T04:00:00.000Z,False,False,True,3774,Jayne Stadium,2413,Morehead State,Pioneer,,2674,Valparaiso,Pioneer,
401870840,2026,5,regular,2026-10-03T04:00:00.000Z,False,False,False,3997,Yale Bowl,43,Yale,Ivy,,2771,Merrimack,FCS Independents,
401873406,2026,5,regular,2026-10-03T04:00:00.000Z,False,False,True,6085,Sprague Field,2818,Montclair State,New Jersey,,2871,Kean,New Jersey,
401866654,2026,5,regular,2026-10-03T16:00:00.000Z,False,False,False,11488,Centreville Bank Stadium,227,Rhode Island,CAA,,225,Brown,Ivy,
401867819,2026,5,regular,2026-10-03T16:00:00.000Z,False,False,True,3802,Lawrence A. Wien Stadium,171,Columbia,Ivy,,163,Princeton,Ivy,
401868010,2026,5,regular,2026-10-03T16:00:00.000Z,False,False,True,3741,Goodman Stadium,2329,Lehigh,Patriot,,2230,Fordham,Patriot,
401862791,2026,5,regular,2026-10-03T16:00:00.000Z,False,False,False,3713,Falcon Stadium,2005,Air Force,Mountain West,,2426,Navy,American Athletic,
401858252,2026,5,regular,2026-10-03T16:00:00.000Z,False,False,False,3892,Pratt & Whitney Stadium,41,UConn,FBS Independents,,183,Syracuse,ACC,
401868029,2026,5,regular,2026-10-03T16:30:00.000Z,False,False,True,3721,Fisher Field,322,Lafayette,Patriot,,257,Richmond,Patriot,
401867828,2026,5,regular,2026-10-03T16:30:00.000Z,False,False,False,3847,Cooper Field,46,Georgetown,Patriot,,172,Cornell,Ivy,
401866650,2026,5,regular,2026-10-03T17:00:00.000Z,False,False,True,3688,Wildcat Stadium,160,New Hampshire,CAA,,2210,Elon,CAA,
401867967,2026,5,regular,2026-10-03T17:00:00.000Z,False,False,False,717,Villanova Stadium,222,Villanova,Patriot,,2415,Morgan State,MEAC,
401868276,2026,5,regular,2026-10-03T17:00:00.000Z,False,False,True,3627,Bailey Memorial Stadium,2506,Presbyterian,Pioneer,,2900,St. Thomas (MN),Pioneer,
401868264,2026,5,regular,2026-10-03T17:00:00.000Z,False,False,True,4416,Spec Martin Municipal Stadium,56,Stetson,Pioneer,,2368,Marist,Pioneer,
401868228,2026,5,regular,2026-10-03T17:00:00.000Z,False,False,True,3701,Drake Stadium,2181,Drake,Pioneer,,2168,Dayton,Pioneer,
401873397,2026,5,regular,2026-10-03T17:00:00.000Z,False,False,True,6110,Sam Greeley Field,2524,Rockford,NACC,,2832,St. Norbert,NACC,
401873231,2026,5,regular,2026-10-03T17:00:00.000Z,False,False,True,6104,Baker Stadium,2508,Puget Sound,Northwest,,2333,Lewis & Clark College,Northwest,
401866651,2026,5,regular,2026-10-03T17:00:00.000Z,False,False,True,5389,Kessler Stadium,2405,Monmouth,CAA,,119,Towson,CAA,
401868381,2026,5,regular,2026-10-03T17:30:00.000Z,False,False,True,3597,Alumni Memorial Field,2678,VMI,Southern,,2382,Mercer,Southern,
401867918,2026,5,regular,2026-10-03T18:00:00.000Z,False,False,False,3777,Joe Walton Stadium,2523,Robert Morris,NEC,,2450,Norfolk State,MEAC,
401868375,2026,5,regular,2026-10-03T18:00:00.000Z,False,False,True,3868,Paladin Stadium,231,Furman,Southern,,2747,Wofford,Southern,
401867869,2026,5,regular,2026-10-03T18:00:00.000Z,False,False,True,3605,Alerus Center,155,North Dakota,MVFC,,93,Murray State,MVFC,
401867986,2026,5,regular,2026-10-03T18:00:00.000Z,False,False,False,3864,Oliver C. Dawson Stadium,2569,South Carolina State,MEAC,,2643,The Citadel,Southern,
401868359,2026,5,regular,2026-10-03T19:00:00.000Z,False,False,True,3902,Eddie Robinson Stadium,2755,Grambling,SWAC,,2016,Alcorn State,SWAC,
401866656,2026,5,regular,2026-10-03T19:00:00.000Z,False,True,False,6274,Audi Field,2261,Hampton,CAA,,47,Howard,MEAC,
401867859,2026,5,regular,2026-10-03T19:00:00.000Z,False,False,True,1905,DakotaDome,233,South Dakota,MVFC,,282,Indiana State,MVFC,
401868965,2026,5,regular,2026-10-03T19:00:00.000Z,False,False,True,3896,Rice-Totten Field,2400,Mississippi Valley State,SWAC,,2504,Prairie View A&M,SWAC,
401864515,2026,5,regular,2026-10-03T19:30:00.000Z,False,False,True,3714,Fargodome,2449,North Dakota State,Mountain West,,2751,Wyoming,Mountain West,
401858247,2026,5,regular,2026-10-03T19:30:00.000Z,False,False,False,6501,Allegiant Stadium,2439,UNLV,Mountain West,,25,California,ACC,
401862793,2026,5,regular,2026-10-03T19:30:00.000Z,False,False,False,7221,Protective Stadium,5,UAB,American Athletic,,2535,Samford,Southern,
401866652,2026,5,regular,2026-10-03T19:30:00.000Z,False,False,True,3607,Alfond Stadium,311,Maine,CAA,,2529,Sacred Heart,CAA,
401866655,2026,5,regular,2026-10-03T19:30:00.000Z,False,False,False,4419,Bob Ford Field,399,UAlbany,CAA,,2169,Delaware State,MEAC,
401868025,2026,5,regular,2026-10-03T19:30:00.000Z,False,False,True,3998,Zable Stadium,2729,William & Mary,Patriot,,107,Holy Cross,Patriot,
401868339,2026,5,regular,2026-10-03T19:30:00.000Z,False,False,True,5400,William B. Greene Jr. Stadium,2193,East Tennessee State,Southern,,236,Chattanooga,Southern,
401868220,2026,5,regular,2026-10-03T20:00:00.000Z,False,False,True,716,Torero Stadium,301,San Diego,Pioneer,,2166,Davidson,Pioneer,
401868328,2026,5,regular,2026-10-03T20:00:00.000Z,False,False,True,3850,Municipal Stadium,2065,Bethune-Cookman,SWAC,,2011,Alabama State,SWAC,
401869131,2026,5,regular,2026-10-03T20:00:00.000Z,False,False,True,3882,Provost Umphrey Stadium,2320,Lamar,Southland,,2466,Northwestern State,Southland,
401868114,2026,5,regular,2026-10-03T20:00:00.000Z,False,False,True,3987,Washington-Grizzly Stadium,149,Montana,Big Sky,,2458,Northern Colorado,Big Sky,
401868197,2026,5,regular,2026-10-03T20:00:00.000Z,False,False,True,3746,Hanson Field,2710,Western Illinois,Big South-OVC,,2634,Tennessee State,Big South-OVC,
401868064,2026,5,regular,2026-10-03T21:00:00.000Z,False,False,False,3742,Governors Stadium,2046,Austin Peay,UAC,,2441,New Haven,NEC,
401868295,2026,5,regular,2026-10-03T21:00:00.000Z,False,True,True,3797,Ladd Peebles Stadium,2296,Jackson State,SWAC,,2010,Alabama A&M,SWAC,
401867891,2026,5,regular,2026-10-03T21:00:00.000Z,False,False,True,3913,Saluki Stadium,79,Southern Illinois,MVFC,,2754,Youngstown State,MVFC,
401860899,2026,5,regular,2026-10-03T22:00:00.000Z,False,False,True,5388,Canvas Stadium,36,Colorado State,Pac-12,,204,Oregon State,Pac-12,
401862790,2026,5,regular,2026-10-03T22:00:00.000Z,False,False,False,3715,FAU Stadium,2226,Florida Atlantic,American Athletic,,2640,Texas Southern,SWAC,
401866653,2026,5,regular,2026-10-03T22:00:00.000Z,False,False,True,3661,Bulldog Stadium,2803,Bryant,CAA,,2448,North Carolina A&T,CAA,
401866657,2026,5,regular,2026-10-03T22:00:00.000Z,False,False,False,3862,O'Kelly-Riddick Stadium,2428,North Carolina Central,MEAC,,2097,Campbell,CAA,
401868143,2026,5,regular,2026-10-03T22:00:00.000Z,False,False,True,3908,Roy Kidd Stadium,2198,Eastern Kentucky,UAC,,2453,North Alabama,UAC,
401868173,2026,5,regular,2026-10-03T22:00:00.000Z,False,False,True,3658,Buccaneer Field,2127,Charleston Southern,Big South-OVC,,2241,Gardner-Webb,Big South-OVC,
401868309,2026,5,regular,2026-10-03T22:00:00.000Z,False,False,True,3756,Homer Bryce Stadium,2617,Stephen F. Austin,Southland,,2916,Incarnate Word,Southland,
401868391,2026,5,regular,2026-10-03T22:00:00.000Z,False,False,True,3704,E. J. Whitmire Stadium,2717,Western Carolina,Southern,,2635,Tennessee Tech,Southern,
401868248,2026,5,regular,2026-10-03T23:00:00.000Z,False,False,True,4762,Memorial Stadium (Commerce TX),2837,East Texas A&M,Southland,,292,UT Rio Grande Valley,Southland,
401869151,2026,5,regular,2026-10-03T23:00:00.000Z,False,False,True,4424,Husky Stadium,2277,Houston Christian,Southland,,2447,Nicholls,Southland,
401867848,2026,5,regular,2026-10-03T23:00:00.000Z,False,False,True,3744,Hancock Stadium,2287,Illinois State,MVFC,,2571,South Dakota State,MVFC,
401868936,2026,5,regular,2026-10-03T23:00:00.000Z,False,False,True,3599,Ace W. Mumford Stadium,2582,Southern,SWAC,,2029,Arkansas-Pine Bluff,SWAC,
401867688,2026,5,regular,2026-10-03T23:00:00.000Z,False,False,False,3827,"Memorial Stadium (Stephenville, TX)",2627,Tarleton State,UAC,,2130,Chicago State,FCS Independents,
401867840,2026,5,regular,2026-10-03T23:00:00.000Z,False,False,False,3750,Harvard Stadium,108,Harvard,Ivy,,2142,Colgate,Patriot,
401860898,2026,5,regular,2026-10-03T23:30:00.000Z,False,False,True,3653,Albertsons Stadium,68,Boise State,Pac-12,,328,Utah State,Pac-12,
401856706,2026,5,regular,2026-10-03T23:45:00.000Z,False,False,False,3958,Tiger Stadium (LA),99,LSU,SEC,,2377,McNeese,Southland,
401868104,2026,5,regular,2026-10-04T00:00:00.000Z,False,False,True,1930,Holt Arena,304,Idaho State,Big Sky,,2464,Northern Arizona,Big Sky,
401858477,2026,5,regular,2026-10-04T00:00:00.000Z,False,False,True,6577,SHI Stadium,164,Rutgers,Big Ten,,84,Indiana,Big Ten,
401868053,2026,5,regular,2026-10-04T00:00:00.000Z,False,False,True,5440,Wildcat Stadium (TX),2000,Abilene Christian,UAC,,110242,West Florida,UAC,
401868160,2026,5,regular,2026-10-04T00:00:00.000Z,False,False,True,3745,Greater Zion Stadium,3101,Utah Tech,Big Sky,,253,Southern Utah,Big Sky,
401868077,2026,5,regular,2026-10-04T00:00:00.000Z,False,False,True,1027,Alex G. Spanos Stadium,13,Cal Poly,Big Sky,,2692,Weber State,Big Sky,
401860921,2026,5,regular,2026-10-04T01:30:00.000Z,False,False,True,3820,Gesa Field,265,Washington State,Pac-12,,278,Fresno State,Pac-12,
401868086,2026,5,regular,2026-10-04T02:30:00.000Z,False,False,True,3602,Aggie Stadium,302,UC Davis,Big Sky,,331,Eastern Washington,Big Sky,
401860900,2026,5,regular,2026-10-04T02:30:00.000Z,False,False,True,7311,Snapdragon Stadium,21,San Diego State,Pac-12,,326,Texas State,Pac-12,
401871090,2026,6,regular,2026-10-07T00:00:00.000Z,False,False,True,3975,Veterans Memorial Stadium (AL),2653,Troy,Sun Belt,,2572,Southern Miss,Sun Belt,
401871051,2026,6,regular,2026-10-07T23:00:00.000Z,False,False,True,4899,Fifth Third Stadium,338,Kennesaw State,Conference USA,,55,Jacksonville State,Conference USA,
401871066,2026,6,regular,2026-10-07T23:30:00.000Z,False,False,True,2031,Pitbull Stadium,2229,Florida International,Conference USA,,166,New Mexico State,Conference USA,
401871052,2026,6,regular,2026-10-08T23:00:00.000Z,False,False,True,3796,Houchens Industries-L.T. Smith Stadium,98,Western Kentucky,Conference USA,,2623,Missouri State,Conference USA,
401870766,2026,6,regular,2026-10-08T23:00:00.000Z,False,False,True,3992,Williams Stadium (VA),2335,Liberty,Conference USA,,2534,Sam Houston,Conference USA,
401869933,2026,6,regular,2026-10-08T23:30:00.000Z,False,False,True,3625,Centennial Bank Stadium,2032,Arkansas State,Sun Belt,,6,South Alabama,Sun Belt,
401862794,2026,6,regular,2026-10-08T23:30:00.000Z,False,False,True,3604,Alamodome,2636,UTSA,American Athletic,,58,South Florida,American Athletic,
401868265,2026,6,regular,2026-10-09T23:00:00.000Z,False,False,False,36,Leonidoff Field,2368,Marist,Pioneer,,171,Columbia,Ivy,
401858254,2026,6,regular,2026-10-09T23:00:00.000Z,False,False,True,3873,L&N Federal Credit Union Stadium,97,Louisville,ACC,,52,Florida State,ACC,
401858487,2026,6,regular,2026-10-10T01:00:00.000Z,False,False,True,3765,Husky Stadium,264,Washington,Big Ten,,2294,Iowa,Big Ten,
401860922,2026,6,regular,2026-10-10T01:00:00.000Z,False,False,True,3905,Maverik Stadium,328,Utah State,Pac-12,,265,Washington State,Pac-12,
401864519,2026,6,regular,2026-10-10T01:00:00.000Z,False,False,True,3935,CEFCU Stadium,23,San José State,Mountain West,,2751,Wyoming,Mountain West,
401856826,2026,6,regular,2026-10-10T02:15:00.000Z,False,False,True,3801,LaVell Edwards Stadium,252,BYU,Big 12,,66,Iowa State,Big 12,
401866437,2026,6,regular,2026-10-10T04:00:00.000Z,False,False,True,3739,Glass Bowl,2649,Toledo,Mid-American,,2084,Buffalo,Mid-American,
401866438,2026,6,regular,2026-10-10T04:00:00.000Z,False,False,True,3876,Peden Stadium,195,Ohio,Mid-American,,2117,Central Michigan,Mid-American,
401856712,2026,6,regular,2026-10-10T04:00:00.000Z,False,False,True,3657,Bryant-Denny Stadium,333,Alabama,SEC,,61,Georgia,SEC,
401856713,2026,6,regular,2026-10-10T04:00:00.000Z,False,False,True,3887,Razorback Stadium,8,Arkansas,SEC,,2633,Tennessee,SEC,
401856714,2026,6,regular,2026-10-10T04:00:00.000Z,False,False,True,3634,Ben Hill Griffin Stadium,57,Florida,SEC,,2579,South Carolina,SEC,
401856715,2026,6,regular,2026-10-10T04:00:00.000Z,False,False,True,3683,Kroger Field,96,Kentucky,SEC,,99,LSU,SEC,
401856716,2026,6,regular,2026-10-10T04:00:00.000Z,False,False,True,3838,Memorial Stadium,142,Missouri,SEC,,245,Texas A&M,SEC,
401856718,2026,6,regular,2026-10-10T04:00:00.000Z,False,False,True,3973,FirstBank Stadium,238,Vanderbilt,SEC,,145,Ole Miss,SEC,
401856808,2026,6,regular,2026-10-10T04:00:00.000Z,False,False,False,3947,Mountain America Stadium,9,Arizona State,Big 12,,62,Hawai'i,Mountain West,
401856823,2026,6,regular,2026-10-10T04:00:00.000Z,False,False,True,3842,Milan Puskar Stadium,277,West Virginia,Big 12,,12,Arizona,Big 12,
401856824,2026,6,regular,2026-10-10T04:00:00.000Z,False,False,True,3646,Boone Pickens Stadium,197,Oklahoma State,Big 12,,2116,UCF,Big 12,
401856825,2026,6,regular,2026-10-10T04:00:00.000Z,False,False,True,3636,Bill Snyder Family Stadium,2306,Kansas State,Big 12,,248,Houston,Big 12,
401856827,2026,6,regular,2026-10-10T04:00:00.000Z,False,False,True,587,Rice-Eccles Stadium,254,Utah,Big 12,,2305,Kansas,Big 12,
401858255,2026,6,regular,2026-10-10T04:00:00.000Z,False,False,True,721,Bobby Dodd Stadium,59,Georgia Tech,ACC,,150,Duke,ACC,
401858485,2026,6,regular,2026-10-10T04:00:00.000Z,False,False,True,3632,Beaver Stadium,213,Penn State,Big Ten,,30,USC,Big Ten,
401858486,2026,6,regular,2026-10-10T04:00:00.000Z,False,False,True,3907,Ross-Ade Stadium,2509,Purdue,Big Ten,,135,Minnesota,Big Ten,
401861964,2026,6,regular,2026-10-10T04:00:00.000Z,False,False,False,3806,Lincoln Financial Field,218,Temple,American Athletic,,41,UConn,FBS Independents,
401862796,2026,6,regular,2026-10-10T04:00:00.000Z,False,False,True,3825,DATCU Stadium,249,North Texas,American Athletic,,2429,Charlotte,American Athletic,
401862797,2026,6,regular,2026-10-10T04:00:00.000Z,False,False,True,3699,Dowdy-Ficklen Stadium,151,East Carolina,American Athletic,,242,Rice,American Athletic,
401866439,2026,6,regular,2026-10-10T04:00:00.000Z,False,False,True,3980,Waldo Stadium,2711,Western Michigan,Mid-American,,2309,Kent State,Mid-American,
401866440,2026,6,regular,2026-10-10T04:00:00.000Z,False,False,True,3985,Warren McGuirk Alumni Stadium,113,Massachusetts,Mid-American,,193,Miami (OH),Mid-American,
401869843,2026,6,regular,2026-10-10T04:00:00.000Z,False,False,True,3792,Kidd Brewer Stadium,2026,App State,Sun Belt,,295,Old Dominion,Sun Belt,
401869943,2026,6,regular,2026-10-10T04:00:00.000Z,False,False,True,3775,Joan C. Edwards Stadium,276,Marshall,Sun Belt,,324,Coastal Carolina,Sun Belt,
401869949,2026,6,regular,2026-10-10T04:00:00.000Z,False,False,True,3608,Allen E. Paulson Stadium,290,Georgia Southern,Sun Belt,,256,James Madison,Sun Belt,
401869965,2026,6,regular,2026-10-10T04:00:00.000Z,False,False,True,3776,Joe Aillet Stadium,2348,Louisiana Tech,Sun Belt,,309,Louisiana,Sun Belt,
401867907,2026,6,regular,2026-10-10T04:00:00.000Z,False,False,False,3624,Arute Field,2115,Central Connecticut,NEC,,2022,American International,Northeast 10,
401858256,2026,6,regular,2026-10-10T04:00:00.000Z,False,False,True,3752,Acrisure Stadium,221,Pittsburgh,ACC,,153,North Carolina,ACC,
401869144,2026,6,regular,2026-10-10T04:00:00.000Z,False,False,True,3882,Provost Umphrey Stadium,2320,Lamar,Southland,,2916,Incarnate Word,Southland,
401868966,2026,6,regular,2026-10-10T04:00:00.000Z,False,False,True,3631,BBVA Compass Stadium,2640,Texas Southern,SWAC,,2400,Mississippi Valley State,SWAC,
401867930,2026,6,regular,2026-10-10T04:00:00.000Z,False,False,False,3979,Wagner College Stadium,2681,Wagner,NEC,,163,Princeton,Ivy,
401867960,2026,6,regular,2026-10-10T04:00:00.000Z,False,False,False,3730,Franklin Field,219,Pennsylvania,Ivy,,47,Howard,MEAC,
401858258,2026,6,regular,2026-10-10T04:00:00.000Z,False,False,True,3923,Scott Stadium,258,Virginia,ACC,,183,Syracuse,ACC,
401858259,2026,6,regular,2026-10-10T04:00:00.000Z,False,False,True,3831,California Memorial Stadium,25,California,ACC,,259,Virginia Tech,ACC,
401858260,2026,6,regular,2026-10-10T04:00:00.000Z,False,False,True,3670,Carter-Finley Stadium,152,NC State,ACC,,154,Wake Forest,ACC,
401858480,2026,6,regular,2026-10-10T04:00:00.000Z,False,False,True,3936,Spartan Stadium,127,Michigan State,Big Ten,,356,Illinois,Big Ten,
401858481,2026,6,regular,2026-10-10T04:00:00.000Z,False,False,True,3834,"Memorial Stadium (Lincoln, NE)",158,Nebraska,Big Ten,,84,Indiana,Big Ten,
401858482,2026,6,regular,2026-10-10T04:00:00.000Z,False,False,False,11823,Ryan Field,77,Northwestern,Big Ten,,2050,Ball State,Mid-American,
401858483,2026,6,regular,2026-10-10T04:00:00.000Z,False,False,True,3861,Ohio Stadium,194,Ohio State,Big Ten,,120,Maryland,Big Ten,
401858484,2026,6,regular,2026-10-10T04:00:00.000Z,False,False,True,3626,Autzen Stadium,2483,Oregon,Big Ten,,26,UCLA,Big Ten,
401862798,2026,6,regular,2026-10-10T04:00:00.000Z,False,False,True,3805,Simmons Bank Liberty Stadium,235,Memphis,American Athletic,,5,UAB,American Athletic,
401864517,2026,6,regular,2026-10-10T04:00:00.000Z,False,False,True,3946,Sun Bowl,2638,UTEP,Mountain West,,2440,Nevada,Mountain West,
401866435,2026,6,regular,2026-10-10T04:00:00.000Z,False,False,True,3768,InfoCision Stadium,2006,Akron,Mid-American,,2199,Eastern Michigan,Mid-American,
401866436,2026,6,regular,2026-10-10T04:00:00.000Z,False,False,True,3700,Doyt L. Perry Stadium,189,Bowling Green,Mid-American,,16,Sacramento State,Mid-American,
401868229,2026,6,regular,2026-10-10T16:00:00.000Z,False,False,True,3988,Welcome Stadium,2168,Dayton,Pioneer,,2413,Morehead State,Pioneer,
401862795,2026,6,regular,2026-10-10T16:00:00.000Z,False,False,True,3841,Michie Stadium,349,Army,American Athletic,,2655,Tulane,American Athletic,
401866658,2026,6,regular,2026-10-10T16:00:00.000Z,False,False,True,3603,Aggie Stadium,2448,North Carolina A&T,CAA,,160,New Hampshire,CAA,
401866660,2026,6,regular,2026-10-10T16:00:00.000Z,False,False,False,3668,Campus Field,2529,Sacred Heart,CAA,,284,Stonehill,NEC,
401866662,2026,6,regular,2026-10-10T16:00:00.000Z,False,False,False,3656,Brown Stadium,225,Brown,Ivy,,2803,Bryant,CAA,
401867836,2026,6,regular,2026-10-10T16:00:00.000Z,False,False,True,3997,Yale Bowl,43,Yale,Ivy,,159,Dartmouth,Ivy,
401867919,2026,6,regular,2026-10-10T16:00:00.000Z,False,False,False,3762,Hughes Stadium,2415,Morgan State,MEAC,,2523,Robert Morris,NEC,
401867992,2026,6,regular,2026-10-10T16:30:00.000Z,False,False,True,3847,Cooper Field,46,Georgetown,Patriot,,2083,Bucknell,Patriot,
401868256,2026,6,regular,2026-10-10T17:00:00.000Z,False,False,True,3655,Brown Field,2674,Valparaiso,Pioneer,,2181,Drake,Pioneer,
401868340,2026,6,regular,2026-10-10T17:00:00.000Z,False,False,True,3720,Finley Stadium,236,Chattanooga,Southern,,2535,Samford,Southern,
401873407,2026,6,regular,2026-10-10T17:00:00.000Z,False,False,True,5905,Kean Alumni Stadium,2871,Kean,New Jersey,,3112,Christopher Newport,New Jersey,
401873232,2026,6,regular,2026-10-10T17:00:00.000Z,False,False,True,6102,Sparks Stadium,2486,Pacific Lutheran,Northwest,,2508,Puget Sound,Northwest,
401867954,2026,6,regular,2026-10-10T17:00:00.000Z,False,False,False,3613,Alumni Stadium,2169,Delaware State,MEAC,,112334,Franklin Pierce,Northeast 10,
401867829,2026,6,regular,2026-10-10T17:00:00.000Z,False,False,True,3921,Schoellkopf Field,172,Cornell,Ivy,,108,Harvard,Ivy,
401867860,2026,6,regular,2026-10-10T17:00:00.000Z,False,False,True,3829,Memorial Stadium,282,Indiana State,MVFC,,2754,Youngstown State,MVFC,
401867911,2026,6,regular,2026-10-10T17:00:00.000Z,False,False,True,3623,Arthur J. Rooney Athletic Field,2184,Duquesne,NEC,,2341,Long Island University,NEC,
401868212,2026,6,regular,2026-10-10T17:00:00.000Z,False,False,True,3664,Butler Bowl,2086,Butler,Pioneer,,301,San Diego,Pioneer,
401867980,2026,6,regular,2026-10-10T17:00:00.000Z,False,False,False,3862,O'Kelly-Riddick Stadium,2428,North Carolina Central,MEAC,,2729,William & Mary,Patriot,
401867974,2026,6,regular,2026-10-10T18:00:00.000Z,False,False,False,3991,"William Dick"""" Price Stadium""""",2450,Norfolk State,MEAC,,2355,Virginia University Of Lynchburg,,
401868347,2026,6,regular,2026-10-10T18:00:00.000Z,False,False,True,3782,Johnson Hagood Stadium,2643,The Citadel,Southern,,2193,East Tennessee State,Southern,
401871473,2026,6,regular,2026-10-10T18:00:00.000Z,False,False,True,3749,Hunter Stadium,2815,Lindenwood,Big South-OVC,,2546,Southeast Missouri State,Big South-OVC,
401866661,2026,6,regular,2026-10-10T18:00:00.000Z,False,False,False,3894,Rhodes Stadium,2210,Elon,CAA,,2747,Wofford,Southern,
401867886,2026,6,regular,2026-10-10T18:00:00.000Z,False,False,True,1905,DakotaDome,233,South Dakota,MVFC,,79,Southern Illinois,MVFC,
401868282,2026,6,regular,2026-10-10T18:00:00.000Z,False,False,True,5116,O'Shaughnessy Stadium,2900,St. Thomas (MN),Pioneer,,56,Stetson,Pioneer,
401868095,2026,6,regular,2026-10-10T19:00:00.000Z,False,False,True,3942,Stewart Stadium,2692,Weber State,Big Sky,,70,Idaho,Big Sky,
401868382,2026,6,regular,2026-10-10T19:00:00.000Z,False,False,True,4417,Five Star Stadium at the Moye Complex,2382,Mercer,Southern,,2717,Western Carolina,Southern,
401868968,2026,6,regular,2026-10-10T19:00:00.000Z,False,False,True,5238,Panther Stadium,2504,Prairie View A&M,SWAC,,2582,Southern,SWAC,
401868360,2026,6,regular,2026-10-10T19:00:00.000Z,False,False,False,3771,Jack Spinks Stadium,2016,Alcorn State,SWAC,,124386,Little Rock,,
401868011,2026,6,regular,2026-10-10T19:30:00.000Z,False,False,True,150,Jack Coffey Field,2230,Fordham,Patriot,,257,Richmond,Patriot,
401856717,2026,6,regular,2026-10-10T19:30:00.000Z,False,True,True,499,Cotton Bowl,201,Oklahoma,SEC,,251,Texas,SEC,
401858257,2026,6,regular,2026-10-10T19:30:00.000Z,False,False,False,3855,Notre Dame Stadium,87,Notre Dame,FBS Independents,,24,Stanford,ACC,
401868180,2026,6,regular,2026-10-10T19:30:00.000Z,False,False,True,3710,Ernest W. Spangler Stadium,2241,Gardner-Webb,Big South-OVC,,2197,Eastern Illinois,Big South-OVC,
401868198,2026,6,regular,2026-10-10T19:30:00.000Z,False,False,True,3810,Nissan Stadium,2634,Tennessee State,Big South-OVC,,2630,UT Martin,Big South-OVC,
401868376,2026,6,regular,2026-10-10T19:30:00.000Z,False,False,True,3962,Tucker Stadium,2635,Tennessee Tech,Southern,,231,Furman,Southern,
401862799,2026,6,regular,2026-10-10T19:30:00.000Z,False,False,True,3852,Navy-Marine Corps Memorial Stadium,2426,Navy,American Athletic,,202,Tulsa,American Athletic,
401868329,2026,6,regular,2026-10-10T20:00:00.000Z,False,False,True,4582,Hornet Stadium,2011,Alabama State,SWAC,,50,Florida A&M,SWAC,
401866659,2026,6,regular,2026-10-10T20:00:00.000Z,False,False,True,3781,Johnny Unitas Stadium,119,Towson,CAA,,2619,Stony Brook,CAA,
401868156,2026,6,regular,2026-10-10T20:00:00.000Z,False,False,True,4765,Hillsboro Stadium,2502,Portland State,Big Sky,,3101,Utah Tech,Big Sky,
401874036,2026,6,regular,2026-10-10T21:00:00.000Z,False,False,False,10803,Pen-Air Field,110242,West Florida,UAC,,196,Northeastern State,Independent DII,
401868115,2026,6,regular,2026-10-10T21:00:00.000Z,False,False,True,2023,Walkup Skydome,2464,Northern Arizona,Big Sky,,149,Montana,Big Sky,
401868955,2026,6,regular,2026-10-10T21:00:00.000Z,False,False,True,3902,Eddie Robinson Stadium,2755,Grambling,SWAC,,2296,Jackson State,SWAC,
401867877,2026,6,regular,2026-10-10T21:00:00.000Z,False,False,True,3967,UNI-Dome,2460,Northern Iowa,MVFC,,155,North Dakota,MVFC,
401868221,2026,6,regular,2026-10-10T21:30:00.000Z,False,False,True,3627,Bailey Memorial Stadium,2506,Presbyterian,Pioneer,,2166,Davidson,Pioneer,
401860902,2026,6,regular,2026-10-10T22:00:00.000Z,False,False,True,3893,Reser Stadium,204,Oregon State,Pac-12,,21,San Diego State,Pac-12,
401867987,2026,6,regular,2026-10-10T22:00:00.000Z,False,False,False,3658,Buccaneer Field,2127,Charleston Southern,Big South-OVC,,2569,South Carolina State,MEAC,
401868078,2026,6,regular,2026-10-10T22:00:00.000Z,False,False,True,1930,Holt Arena,304,Idaho State,Big Sky,,13,Cal Poly,Big Sky,
401868144,2026,6,regular,2026-10-10T22:00:00.000Z,False,False,True,3908,Roy Kidd Stadium,2198,Eastern Kentucky,UAC,,2698,West Georgia,UAC,
401868300,2026,6,regular,2026-10-10T23:00:00.000Z,False,False,True,3809,Louis Crews Stadium,2010,Alabama A&M,SWAC,,2065,Bethune-Cookman,SWAC,
401868087,2026,6,regular,2026-10-10T23:00:00.000Z,False,False,True,3906,Roos Field,331,Eastern Washington,Big Sky,,2458,Northern Colorado,Big Sky,
401864518,2026,6,regular,2026-10-10T23:00:00.000Z,False,False,True,6501,Allegiant Stadium,2439,UNLV,Mountain West,,2449,North Dakota State,Mountain West,
401868065,2026,6,regular,2026-10-10T23:00:00.000Z,False,False,True,3742,Governors Stadium,2046,Austin Peay,UAC,,2627,Tarleton State,UAC,
401864516,2026,6,regular,2026-10-10T23:30:00.000Z,False,False,True,3764,Huskie Stadium,2459,Northern Illinois,Mountain West,,2005,Air Force,Mountain West,
401868054,2026,6,regular,2026-10-11T00:00:00.000Z,False,False,True,5440,Wildcat Stadium (TX),2000,Abilene Christian,UAC,,2110,Central Arkansas,UAC,
401868249,2026,6,regular,2026-10-11T00:00:00.000Z,False,False,True,6006,Robert and Janet Vackar Stadium,292,UT Rio Grande Valley,Southland,,2545,SE Louisiana,Southland,
401860901,2026,6,regular,2026-10-11T02:30:00.000Z,False,False,True,3660,Valley Children's Stadium,278,Fresno State,Pac-12,,68,Boise State,Pac-12,
401871067,2026,7,regular,2026-10-13T23:00:00.000Z,False,False,True,3725,"Johnny ""Red"" Floyd Stadium",2393,Middle Tennessee,Conference USA,,48,Delaware,Conference USA,
401871053,2026,7,regular,2026-10-14T00:00:00.000Z,False,False,True,3662,AmFirst Stadium,55,Jacksonville State,Conference USA,,2229,Florida International,Conference USA,
401871054,2026,7,regular,2026-10-14T23:30:00.000Z,False,False,True,3878,Plaster Sports Complex,2623,Missouri State,Conference USA,,338,Kennesaw State,Conference USA,
401871068,2026,7,regular,2026-10-15T00:00:00.000Z,False,False,True,3647,Elliott T. Bowers Stadium,2534,Sam Houston,Conference USA,,98,Western Kentucky,Conference USA,
401869950,2026,7,regular,2026-10-15T23:30:00.000Z,False,False,True,3918,S.B. Ballard Stadium,295,Old Dominion,Sun Belt,,290,Georgia Southern,Sun Belt,
401862800,2026,7,regular,2026-10-15T23:30:00.000Z,False,False,True,7221,Protective Stadium,5,UAB,American Athletic,,151,East Carolina,American Athletic,
401860923,2026,7,regular,2026-10-16T00:00:00.000Z,False,False,True,3644,Bobcat Stadium (TX),326,Texas State,Pac-12,,36,Colorado State,Pac-12,
401867821,2026,7,regular,2026-10-16T23:00:00.000Z,False,False,True,3730,Franklin Field,219,Pennsylvania,Ivy,,171,Columbia,Ivy,
401862801,2026,7,regular,2026-10-16T23:30:00.000Z,False,False,True,4729,Yulman Stadium,2655,Tulane,American Athletic,,235,Memphis,American Athletic,
401869844,2026,7,regular,2026-10-17T00:00:00.000Z,False,False,True,3654,Brooks Stadium (SC),324,Coastal Carolina,Sun Belt,,2026,App State,Sun Belt,
401858493,2026,7,regular,2026-10-17T00:00:00.000Z,False,False,True,3907,Ross-Ade Stadium,2509,Purdue,Big Ten,,264,Washington,Big Ten,
401862806,2026,7,regular,2026-10-17T04:00:00.000Z,False,False,False,3886,Raymond James Stadium,58,South Florida,American Athletic,,2309,Kent State,Mid-American,
401858488,2026,7,regular,2026-10-17T04:00:00.000Z,False,False,True,3830,"Memorial Stadium (Bloomington, IN)",84,Indiana,Big Ten,,194,Ohio State,Big Ten,
401864521,2026,7,regular,2026-10-17T04:00:00.000Z,False,False,True,7220,Clarence T.C. Ching Athletics Complex,62,Hawai'i,Mountain West,,167,New Mexico,Mountain West,
401864523,2026,7,regular,2026-10-17T04:00:00.000Z,False,False,True,3946,Sun Bowl,2638,UTEP,Mountain West,,23,San José State,Mountain West,
401856831,2026,7,regular,2026-10-17T04:00:00.000Z,False,False,True,4728,TDECU Stadium,248,Houston,Big 12,,197,Oklahoma State,Big 12,
401868383,2026,7,regular,2026-10-17T04:00:00.000Z,False,False,True,3925,Seibert Stadium,2535,Samford,Southern,,2382,Mercer,Southern,
401858490,2026,7,regular,2026-10-17T04:00:00.000Z,False,False,True,3558,Michigan Stadium,130,Michigan,Big Ten,,213,Penn State,Big Ten,
401858491,2026,7,regular,2026-10-17T04:00:00.000Z,False,False,True,3936,Spartan Stadium,127,Michigan State,Big Ten,,77,Northwestern,Big Ten,
401858492,2026,7,regular,2026-10-17T04:00:00.000Z,False,False,True,3626,Autzen Stadium,2483,Oregon,Big Ten,,158,Nebraska,Big Ten,
401858494,2026,7,regular,2026-10-17T04:00:00.000Z,False,False,True,1056,Rose Bowl,26,UCLA,Big Ten,,275,Wisconsin,Big Ten,
401873408,2026,7,regular,2026-10-17T04:00:00.000Z,False,False,True,6112,Richard Wackar Stadium,2827,Rowan,New Jersey,,2871,Kean,New Jersey,
401867961,2026,7,regular,2026-10-17T04:00:00.000Z,False,False,False,3990,William H. Greene Stadium,47,Howard,MEAC,,60,Morehouse College,SIAC,
401862803,2026,7,regular,2026-10-17T04:00:00.000Z,False,False,True,3806,Lincoln Financial Field,218,Temple,American Athletic,,2429,Charlotte,American Athletic,
401862804,2026,7,regular,2026-10-17T04:00:00.000Z,False,False,True,3604,Alamodome,2636,UTSA,American Athletic,,2426,Navy,American Athletic,
401862805,2026,7,regular,2026-10-17T04:00:00.000Z,False,False,True,3895,Rice Stadium,242,Rice,American Athletic,,202,Tulsa,American Athletic,
401858269,2026,7,regular,2026-10-17T04:00:00.000Z,False,False,True,3831,California Memorial Stadium,25,California,ACC,,154,Wake Forest,ACC,
401867837,2026,7,regular,2026-10-17T04:00:00.000Z,False,False,False,3826,Memorial Field,159,Dartmouth,Ivy,,2771,Merrimack,FCS Independents,
401867849,2026,7,regular,2026-10-17T04:00:00.000Z,False,False,True,3913,Saluki Stadium,79,Southern Illinois,MVFC,,2287,Illinois State,MVFC,
401867901,2026,7,regular,2026-10-17T04:00:00.000Z,False,False,True,4428,Saxon Stadium,2385,Mercyhurst,NEC,,2115,Central Connecticut,NEC,
401867912,2026,7,regular,2026-10-17T04:00:00.000Z,False,False,True,3979,Wagner College Stadium,2681,Wagner,NEC,,2341,Long Island University,NEC,
401868972,2026,7,regular,2026-10-17T04:00:00.000Z,False,False,True,3631,BBVA Compass Stadium,2640,Texas Southern,SWAC,,2582,Southern,SWAC,
401856719,2026,7,regular,2026-10-17T04:00:00.000Z,False,False,True,3917,Sanford Stadium,61,Georgia,SEC,,2,Auburn,SEC,
401856720,2026,7,regular,2026-10-17T04:00:00.000Z,False,False,True,3958,Tiger Stadium (LA),99,LSU,SEC,,344,Mississippi State,SEC,
401856721,2026,7,regular,2026-10-17T04:00:00.000Z,False,False,True,3974,Vaught-Hemingway Stadium,145,Ole Miss,SEC,,142,Missouri,SEC,
401856722,2026,7,regular,2026-10-17T04:00:00.000Z,False,False,True,3835,"Memorial Stadium (Norman, OK)",201,Oklahoma,SEC,,96,Kentucky,SEC,
401856723,2026,7,regular,2026-10-17T04:00:00.000Z,False,False,True,3853,Neyland Stadium,2633,Tennessee,SEC,,333,Alabama,SEC,
401856724,2026,7,regular,2026-10-17T04:00:00.000Z,False,False,True,3910,DKR-Texas Memorial Stadium,251,Texas,SEC,,57,Florida,SEC,
401856726,2026,7,regular,2026-10-17T04:00:00.000Z,False,False,True,3973,FirstBank Stadium,238,Vanderbilt,SEC,,8,Arkansas,SEC,
401856809,2026,7,regular,2026-10-17T04:00:00.000Z,False,False,False,3801,LaVell Edwards Stadium,252,BYU,Big 12,,87,Notre Dame,FBS Independents,
401856828,2026,7,regular,2026-10-17T04:00:00.000Z,False,False,True,3784,Jones AT&T Stadium,2641,Texas Tech,Big 12,,9,Arizona State,Big 12,
401856829,2026,7,regular,2026-10-17T04:00:00.000Z,False,False,True,3842,Milan Puskar Stadium,277,West Virginia,Big 12,,2132,Cincinnati,Big 12,
401856830,2026,7,regular,2026-10-17T04:00:00.000Z,False,False,True,3636,Bill Snyder Family Stadium,2306,Kansas State,Big 12,,2305,Kansas,Big 12,
401856832,2026,7,regular,2026-10-17T04:00:00.000Z,False,False,True,4727,McLane Stadium,239,Baylor,Big 12,,2628,TCU,Big 12,
401856833,2026,7,regular,2026-10-17T04:00:00.000Z,False,False,True,3726,Folsom Field,38,Colorado,Big 12,,254,Utah,Big 12,
401858261,2026,7,regular,2026-10-17T04:00:00.000Z,False,False,False,3836,"Memorial Stadium (Clemson, SC)",228,Clemson,ACC,,2127,Charleston Southern,Big South-OVC,
401858263,2026,7,regular,2026-10-17T04:00:00.000Z,False,False,True,3948,Hard Rock Stadium,2390,Miami,ACC,,52,Florida State,ACC,
401858264,2026,7,regular,2026-10-17T04:00:00.000Z,False,False,True,3799,Lane Stadium,259,Virginia Tech,ACC,,59,Georgia Tech,ACC,
401858265,2026,7,regular,2026-10-17T04:00:00.000Z,False,False,True,1964,JMA Wireless Dome,183,Syracuse,ACC,,97,Louisville,ACC,
401858266,2026,7,regular,2026-10-17T04:00:00.000Z,False,False,True,3982,Wallace Wade Stadium,150,Duke,ACC,,153,North Carolina,ACC,
401858267,2026,7,regular,2026-10-17T04:00:00.000Z,False,False,True,3615,"Alumni Stadium (Chestnut Hill, MA)",103,Boston College,ACC,,221,Pittsburgh,ACC,
401858268,2026,7,regular,2026-10-17T04:00:00.000Z,False,False,True,3735,Gerald J. Ford Stadium,2567,SMU,ACC,,258,Virginia,ACC,
401866441,2026,7,regular,2026-10-17T04:00:00.000Z,False,False,True,3700,Doyt L. Perry Stadium,189,Bowling Green,Mid-American,,2050,Ball State,Mid-American,
401866442,2026,7,regular,2026-10-17T04:00:00.000Z,False,False,True,3965,UB Stadium,2084,Buffalo,Mid-American,,113,Massachusetts,Mid-American,
401866443,2026,7,regular,2026-10-17T04:00:00.000Z,False,False,True,3786,Kelly/Shorts Stadium,2117,Central Michigan,Mid-American,,2711,Western Michigan,Mid-American,
401866444,2026,7,regular,2026-10-17T04:00:00.000Z,False,False,True,3912,Rynearson Stadium,2199,Eastern Michigan,Mid-American,,2649,Toledo,Mid-American,
401866445,2026,7,regular,2026-10-17T04:00:00.000Z,False,False,True,3757,Hornet Stadium,16,Sacramento State,Mid-American,,195,Ohio,Mid-American,
401866478,2026,7,regular,2026-10-17T04:00:00.000Z,False,False,True,3996,Yager Stadium,193,Miami (OH),Mid-American,,2006,Akron,Mid-American,
401869934,2026,7,regular,2026-10-17T04:00:00.000Z,False,False,True,3815,M. M. Roberts Stadium,2572,Southern Miss,Sun Belt,,2032,Arkansas State,Sun Belt,
401869957,2026,7,regular,2026-10-17T04:00:00.000Z,False,False,True,3651,Bridgeforth Stadium,256,James Madison,Sun Belt,,2247,Georgia State,Sun Belt,
401869966,2026,7,regular,2026-10-17T04:00:00.000Z,False,False,True,3666,Cajun Field,309,Louisiana,Sun Belt,,2653,Troy,Sun Belt,
401871091,2026,7,regular,2026-10-17T04:00:00.000Z,False,False,True,3817,Malone Stadium,2433,UL Monroe,Sun Belt,,2348,Louisiana Tech,Sun Belt,
401858489,2026,7,regular,2026-10-17T04:00:00.000Z,False,False,True,3665,SECU Stadium,120,Maryland,Big Ten,,164,Rutgers,Big Ten,
401866669,2026,7,regular,2026-10-17T04:00:00.000Z,False,False,False,3997,Yale Bowl,43,Yale,Ivy,,227,Rhode Island,CAA,
401867920,2026,7,regular,2026-10-17T16:00:00.000Z,False,False,True,3777,Joe Walton Stadium,2523,Robert Morris,NEC,,2441,New Haven,NEC,
401862802,2026,7,regular,2026-10-17T16:00:00.000Z,False,False,True,3841,Michie Stadium,349,Army,American Athletic,,2226,Florida Atlantic,American Athletic,
401866663,2026,7,regular,2026-10-17T16:00:00.000Z,False,False,True,3668,Campus Field,2529,Sacred Heart,CAA,,2261,Hampton,CAA,
401866668,2026,7,regular,2026-10-17T16:00:00.000Z,False,False,False,3603,Aggie Stadium,2448,North Carolina A&T,CAA,,2130,Chicago State,FCS Independents,
401867807,2026,7,regular,2026-10-17T16:00:00.000Z,False,False,True,3881,Princeton University Stadium,163,Princeton,Ivy,,225,Brown,Ivy,
401867841,2026,7,regular,2026-10-17T17:00:00.000Z,False,False,False,3750,Harvard Stadium,108,Harvard,Ivy,,107,Holy Cross,Patriot,
401856725,2026,7,regular,2026-10-17T17:00:00.000Z,False,False,False,3795,Kyle Field,245,Texas A&M,SEC,,2643,The Citadel,Southern,
401866664,2026,7,regular,2026-10-17T17:00:00.000Z,False,False,True,3607,Alfond Stadium,311,Maine,CAA,,2803,Bryant,CAA,
401866665,2026,7,regular,2026-10-17T17:00:00.000Z,False,False,True,3688,Wildcat Stadium,160,New Hampshire,CAA,,2405,Monmouth,CAA,
401867925,2026,7,regular,2026-10-17T17:00:00.000Z,False,False,True,6075,W.B. Mason Stadium,284,Stonehill,NEC,,2184,Duquesne,NEC,
401868002,2026,7,regular,2026-10-17T17:00:00.000Z,False,False,True,3617,Andy Kerr Stadium,2142,Colgate,Patriot,,46,Georgetown,Patriot,
401868213,2026,7,regular,2026-10-17T17:00:00.000Z,False,False,True,3664,Butler Bowl,2086,Butler,Pioneer,,2168,Dayton,Pioneer,
401868222,2026,7,regular,2026-10-17T17:00:00.000Z,False,False,True,3897,Richardson Stadium,2166,Davidson,Pioneer,,2413,Morehead State,Pioneer,
401868257,2026,7,regular,2026-10-17T17:00:00.000Z,False,False,True,3701,Drake Stadium,2181,Drake,Pioneer,,2368,Marist,Pioneer,
401869132,2026,7,regular,2026-10-17T17:00:00.000Z,False,False,True,3963,Harry Turpin Stadium,2466,Northwestern State,Southland,,2377,McNeese,Southland,
401873233,2026,7,regular,2026-10-17T17:00:00.000Z,False,False,True,6149,McCulloch Stadium,2930,Willamette,Northwest,,2508,Puget Sound,Northwest,
401873398,2026,7,regular,2026-10-17T17:00:00.000Z,False,False,True,6110,Sam Greeley Field,2524,Rockford,NACC,,409,Concordia-Wisconsin,NACC,
401868398,2026,7,regular,2026-10-17T17:30:00.000Z,False,False,True,3737,Gibbs Stadium,2747,Wofford,Southern,,2678,VMI,Southern,
401867830,2026,7,regular,2026-10-17T18:00:00.000Z,False,False,False,3921,Schoellkopf Field,172,Cornell,Ivy,,2329,Lehigh,Patriot,
401868277,2026,7,regular,2026-10-17T18:00:00.000Z,False,False,True,4416,Spec Martin Municipal Stadium,56,Stetson,Pioneer,,2506,Presbyterian,Pioneer,
401867878,2026,7,regular,2026-10-17T18:00:00.000Z,False,False,True,3605,Alerus Center,155,North Dakota,MVFC,,2571,South Dakota State,MVFC,
401868066,2026,7,regular,2026-10-17T18:00:00.000Z,False,False,True,5888,University Stadium (GA),2698,West Georgia,UAC,,2046,Austin Peay,UAC,
401866666,2026,7,regular,2026-10-17T18:30:00.000Z,False,False,True,3788,Kenneth P. LaValle Stadium,2619,Stony Brook,CAA,,399,UAlbany,CAA,
401868145,2026,7,regular,2026-10-17T18:30:00.000Z,False,False,False,3962,Tucker Stadium,2635,Tennessee Tech,Southern,,2198,Eastern Kentucky,UAC,
401868207,2026,7,regular,2026-10-17T19:00:00.000Z,False,False,True,7003,Houck Field,2546,Southeast Missouri State,Big South-OVC,,2710,Western Illinois,Big South-OVC,
401868301,2026,7,regular,2026-10-17T19:00:00.000Z,False,False,True,3809,Louis Crews Stadium,2010,Alabama A&M,SWAC,,2755,Grambling,SWAC,
401868330,2026,7,regular,2026-10-17T19:00:00.000Z,False,False,True,3740,Golden Lion Stadium,2029,Arkansas-Pine Bluff,SWAC,,2011,Alabama State,SWAC,
401868943,2026,7,regular,2026-10-17T19:00:00.000Z,False,False,True,3896,Rice-Totten Field,2400,Mississippi Valley State,SWAC,,2065,Bethune-Cookman,SWAC,
401868361,2026,7,regular,2026-10-17T19:00:00.000Z,False,False,True,5238,Panther Stadium,2504,Prairie View A&M,SWAC,,2016,Alcorn State,SWAC,
401868949,2026,7,regular,2026-10-17T19:00:00.000Z,False,False,True,3976,Mississippi Veterans Memorial Stadium,2296,Jackson State,SWAC,,50,Florida A&M,SWAC,
401867993,2026,7,regular,2026-10-17T19:00:00.000Z,False,False,True,3676,Christy Mathewson-Memorial Stadium,2083,Bucknell,Patriot,,322,Lafayette,Patriot,
401868096,2026,7,regular,2026-10-17T19:00:00.000Z,False,False,True,3987,Washington-Grizzly Stadium,149,Montana,Big Sky,,70,Idaho,Big Sky,
401868105,2026,7,regular,2026-10-17T19:00:00.000Z,False,False,True,3942,Stewart Stadium,2692,Weber State,Big Sky,,304,Idaho State,Big Sky,
401868181,2026,7,regular,2026-10-17T19:00:00.000Z,False,False,True,3858,O'Brien Stadium,2197,Eastern Illinois,Big South-OVC,,2815,Lindenwood,Big South-OVC,
401868189,2026,7,regular,2026-10-17T19:00:00.000Z,False,False,True,3748,Graham Stadium,2630,UT Martin,Big South-OVC,,2241,Gardner-Webb,Big South-OVC,
401866667,2026,7,regular,2026-10-17T19:30:00.000Z,False,False,True,3629,Barker-Lane Stadium,2097,Campbell,CAA,,119,Towson,CAA,
401868012,2026,7,regular,2026-10-17T19:30:00.000Z,False,False,True,150,Jack Coffey Field,2230,Fordham,Patriot,,222,Villanova,Patriot,
401864524,2026,7,regular,2026-10-17T19:30:00.000Z,False,False,True,3713,Falcon Stadium,2005,Air Force,Mountain West,,2439,UNLV,Mountain West,
401864522,2026,7,regular,2026-10-17T19:30:00.000Z,False,False,True,3984,War Memorial Stadium,2751,Wyoming,Mountain West,,2459,Northern Illinois,Mountain West,
401868310,2026,7,regular,2026-10-17T20:00:00.000Z,False,False,True,3779,Manning Field at John L. Guidry Stadium,2447,Nicholls,Southland,,2617,Stephen F. Austin,Southland,
401868289,2026,7,regular,2026-10-17T20:00:00.000Z,False,False,True,716,Torero Stadium,301,San Diego,Pioneer,,2674,Valparaiso,Pioneer,
401868319,2026,7,regular,2026-10-17T21:00:00.000Z,False,False,True,3944,Strawberry Stadium,2545,SE Louisiana,Southland,,2320,Lamar,Southland,
401874037,2026,7,regular,2026-10-17T21:00:00.000Z,False,False,False,10803,Pen-Air Field,110242,West Florida,UAC,,2695,West Alabama,Gulf South,
401867870,2026,7,regular,2026-10-17T21:00:00.000Z,False,False,True,3909,Roy Stewart Stadium,93,Murray State,MVFC,,233,South Dakota,MVFC,
401860903,2026,7,regular,2026-10-17T22:00:00.000Z,False,False,True,3893,Reser Stadium,204,Oregon State,Pac-12,,265,Washington State,Pac-12,
401867897,2026,7,regular,2026-10-17T22:00:00.000Z,False,False,True,844,Stambaugh Stadium,2754,Youngstown State,MVFC,,2460,Northern Iowa,MVFC,
401867968,2026,7,regular,2026-10-17T22:30:00.000Z,False,False,False,3810,Nissan Stadium,2634,Tennessee State,Big South-OVC,,2415,Morgan State,MEAC,
401869152,2026,7,regular,2026-10-17T23:00:00.000Z,False,False,True,4424,Husky Stadium,2277,Houston Christian,Southland,,2837,East Texas A&M,Southland,
401868055,2026,7,regular,2026-10-17T23:00:00.000Z,False,False,True,4133,Braly Municipal Stadium,2453,North Alabama,UAC,,2000,Abilene Christian,UAC,
401868088,2026,7,regular,2026-10-17T23:00:00.000Z,False,False,True,3906,Roos Field,331,Eastern Washington,Big Sky,,147,Montana State,Big Sky,
401868125,2026,7,regular,2026-10-17T23:00:00.000Z,False,False,True,2023,Walkup Skydome,2464,Northern Arizona,Big Sky,,2502,Portland State,Big Sky,
401868134,2026,7,regular,2026-10-17T23:00:00.000Z,False,False,True,3827,"Memorial Stadium (Stephenville, TX)",2627,Tarleton State,UAC,,2110,Central Arkansas,UAC,
401868250,2026,7,regular,2026-10-17T23:00:00.000Z,False,False,True,3734,Gayle and Tom Benson Stadium,2916,Incarnate Word,Southland,,292,UT Rio Grande Valley,Southland,
401864520,2026,7,regular,2026-10-17T23:00:00.000Z,False,False,True,3714,Fargodome,2449,North Dakota State,Mountain West,,2440,Nevada,Mountain West,
401858262,2026,7,regular,2026-10-17T23:30:00.000Z,False,False,False,3940,Stanford Stadium,24,Stanford,ACC,,2210,Elon,CAA,
401868079,2026,7,regular,2026-10-18T00:00:00.000Z,False,False,True,3856,Nottingham Field,2458,Northern Colorado,Big Sky,,13,Cal Poly,Big Sky,
401868161,2026,7,regular,2026-10-18T00:00:00.000Z,False,False,True,3706,Eccles Coliseum,253,Southern Utah,Big Sky,,302,UC Davis,Big Sky,
401860904,2026,7,regular,2026-10-18T02:30:00.000Z,False,False,True,7311,Snapdragon Stadium,21,San Diego State,Pac-12,,278,Fresno State,Pac-12,
401871055,2026,8,regular,2026-10-20T23:00:00.000Z,False,False,True,2031,Pitbull Stadium,2229,Florida International,Conference USA,,2393,Middle Tennessee,Conference USA,
401871069,2026,8,regular,2026-10-20T23:00:00.000Z,False,False,True,3695,Delaware Stadium,48,Delaware,Conference USA,,2623,Missouri State,Conference USA,
401871092,2026,8,regular,2026-10-20T23:30:00.000Z,False,False,True,3775,Joan C. Edwards Stadium,276,Marshall,Sun Belt,,6,South Alabama,Sun Belt,
401871070,2026,8,regular,2026-10-22T00:00:00.000Z,False,False,True,3647,Elliott T. Bowers Stadium,2534,Sam Houston,Conference USA,,166,New Mexico State,Conference USA,
401869845,2026,8,regular,2026-10-22T23:00:00.000Z,False,False,True,3792,Kidd Brewer Stadium,2026,App State,Sun Belt,,256,James Madison,Sun Belt,
401871056,2026,8,regular,2026-10-22T23:00:00.000Z,False,False,True,4899,Fifth Third Stadium,338,Kennesaw State,Conference USA,,2335,Liberty,Conference USA,
401862807,2026,8,regular,2026-10-22T23:30:00.000Z,False,False,True,3805,Simmons Bank Liberty Stadium,235,Memphis,American Athletic,,151,East Carolina,American Athletic,
401861965,2026,8,regular,2026-10-23T22:00:00.000Z,False,False,False,3892,Pratt & Whitney Stadium,41,UConn,FBS Independents,,113,Massachusetts,Mid-American,
401858271,2026,8,regular,2026-10-23T23:00:00.000Z,False,False,True,3923,Scott Stadium,258,Virginia,ACC,,150,Duke,ACC,
401870841,2026,8,regular,2026-10-23T23:00:00.000Z,False,False,True,3730,Franklin Field,219,Pennsylvania,Ivy,,43,Yale,Ivy,
401862808,2026,8,regular,2026-10-24T00:30:00.000Z,False,False,True,3674,Chapman Stadium,202,Tulsa,American Athletic,,349,Army,American Athletic,
401864525,2026,8,regular,2026-10-24T01:00:00.000Z,False,False,True,3984,War Memorial Stadium,2751,Wyoming,Mountain West,,2005,Air Force,Mountain West,
401858272,2026,8,regular,2026-10-24T02:30:00.000Z,False,False,True,3940,Stanford Stadium,24,Stanford,ACC,,152,NC State,ACC,
401867913,2026,8,regular,2026-10-24T04:00:00.000Z,False,False,True,11553,Shark Stadium,2341,Long Island University,NEC,,284,Stonehill,NEC,
401858276,2026,8,regular,2026-10-24T04:00:00.000Z,False,False,True,3836,"Memorial Stadium (Clemson, SC)",228,Clemson,ACC,,259,Virginia Tech,ACC,
401858275,2026,8,regular,2026-10-24T04:00:00.000Z,False,False,True,3787,Kenan Stadium,153,North Carolina,ACC,,183,Syracuse,ACC,
401858274,2026,8,regular,2026-10-24T04:00:00.000Z,False,False,True,3948,Hard Rock Stadium,2390,Miami,ACC,,221,Pittsburgh,ACC,
401858273,2026,8,regular,2026-10-24T04:00:00.000Z,False,False,True,721,Bobby Dodd Stadium,59,Georgia Tech,ACC,,103,Boston College,ACC,
401862811,2026,8,regular,2026-10-24T04:00:00.000Z,False,False,True,4729,Yulman Stadium,2655,Tulane,American Athletic,,2636,UTSA,American Athletic,
401866450,2026,8,regular,2026-10-24T04:00:00.000Z,False,False,True,3739,Glass Bowl,2649,Toledo,Mid-American,,2711,Western Michigan,Mid-American,
401866476,2026,8,regular,2026-10-24T04:00:00.000Z,False,False,True,3786,Kelly/Shorts Stadium,2117,Central Michigan,Mid-American,,193,Miami (OH),Mid-American,
401869935,2026,8,regular,2026-10-24T04:00:00.000Z,False,False,True,3625,Centennial Bank Stadium,2032,Arkansas State,Sun Belt,,2247,Georgia State,Sun Belt,
401869967,2026,8,regular,2026-10-24T04:00:00.000Z,False,False,True,3815,M. M. Roberts Stadium,2572,Southern Miss,Sun Belt,,309,Louisiana,Sun Belt,
401871093,2026,8,regular,2026-10-24T04:00:00.000Z,False,False,True,3776,Joe Aillet Stadium,2348,Louisiana Tech,Sun Belt,,295,Old Dominion,Sun Belt,
401856838,2026,8,regular,2026-10-24T04:00:00.000Z,False,False,True,3619,Arizona Stadium,12,Arizona,Big 12,,66,Iowa State,Big 12,
401856839,2026,8,regular,2026-10-24T04:00:00.000Z,False,False,True,3947,Mountain America Stadium,9,Arizona State,Big 12,,2306,Kansas State,Big 12,
401856840,2026,8,regular,2026-10-24T04:00:00.000Z,False,False,True,3854,Nippert Stadium,2132,Cincinnati,Big 12,,2641,Texas Tech,Big 12,
401856841,2026,8,regular,2026-10-24T04:00:00.000Z,False,False,True,3616,Amon G. Carter Stadium,2628,TCU,Big 12,,277,West Virginia,Big 12,
401858270,2026,8,regular,2026-10-24T04:00:00.000Z,False,False,True,3735,Gerald J. Ford Stadium,2567,SMU,ACC,,25,California,ACC,
401858497,2026,8,regular,2026-10-24T04:00:00.000Z,False,False,True,3953,Huntington Bank Stadium,135,Minnesota,Big Ten,,2294,Iowa,Big Ten,
401858498,2026,8,regular,2026-10-24T04:00:00.000Z,False,False,True,11823,Ryan Field,77,Northwestern,Big Ten,,164,Rutgers,Big Ten,
401858499,2026,8,regular,2026-10-24T04:00:00.000Z,False,False,True,1056,Rose Bowl,26,UCLA,Big Ten,,127,Michigan State,Big Ten,
401858500,2026,8,regular,2026-10-24T04:00:00.000Z,False,False,True,347,Camp Randall Stadium,275,Wisconsin,Big Ten,,30,USC,Big Ten,
401862809,2026,8,regular,2026-10-24T04:00:00.000Z,False,False,True,3715,FAU Stadium,2226,Florida Atlantic,American Athletic,,242,Rice,American Athletic,
401871094,2026,8,regular,2026-10-24T04:00:00.000Z,False,False,True,3975,Veterans Memorial Stadium (AL),2653,Troy,Sun Belt,,2433,UL Monroe,Sun Belt,
401858496,2026,8,regular,2026-10-24T04:00:00.000Z,False,False,True,3558,Michigan Stadium,130,Michigan,Big Ten,,84,Indiana,Big Ten,
401858495,2026,8,regular,2026-10-24T04:00:00.000Z,False,False,True,3832,"Memorial Stadium (Champaign, IL)",356,Illinois,Big Ten,,2483,Oregon,Big Ten,
401869145,2026,8,regular,2026-10-24T04:00:00.000Z,False,False,True,3882,Provost Umphrey Stadium,2320,Lamar,Southland,,2277,Houston Christian,Southland,
401868271,2026,8,regular,2026-10-24T04:00:00.000Z,False,False,True,3774,Jayne Stadium,2413,Morehead State,Pioneer,,56,Stetson,Pioneer,
401867962,2026,8,regular,2026-10-24T04:00:00.000Z,False,False,True,3762,Hughes Stadium,2415,Morgan State,MEAC,,47,Howard,MEAC,
401866449,2026,8,regular,2026-10-24T04:00:00.000Z,False,False,True,3876,Peden Stadium,195,Ohio,Mid-American,,2199,Eastern Michigan,Mid-American,
401866448,2026,8,regular,2026-10-24T04:00:00.000Z,False,False,True,3965,UB Stadium,2084,Buffalo,Mid-American,,189,Bowling Green,Mid-American,
401866447,2026,8,regular,2026-10-24T04:00:00.000Z,False,False,True,3919,Scheumann Stadium,2050,Ball State,Mid-American,,16,Sacramento State,Mid-American,
401866446,2026,8,regular,2026-10-24T04:00:00.000Z,False,False,True,3696,Dix Stadium,2309,Kent State,Mid-American,,2006,Akron,Mid-American,
401864528,2026,8,regular,2026-10-24T04:00:00.000Z,False,False,True,3816,Mackay Stadium,2440,Nevada,Mountain West,,23,San José State,Mountain West,
401864527,2026,8,regular,2026-10-24T04:00:00.000Z,False,False,True,3971,University Stadium (NM),167,New Mexico,Mountain West,,2449,North Dakota State,Mountain West,
401856727,2026,8,regular,2026-10-24T04:00:00.000Z,False,False,True,3657,Bryant-Denny Stadium,333,Alabama,SEC,,245,Texas A&M,SEC,
401856729,2026,8,regular,2026-10-24T04:00:00.000Z,False,False,True,3683,Kroger Field,96,Kentucky,SEC,,238,Vanderbilt,SEC,
401856730,2026,8,regular,2026-10-24T04:00:00.000Z,False,False,True,3693,Davis Wade Stadium,344,Mississippi State,SEC,,201,Oklahoma,SEC,
401856731,2026,8,regular,2026-10-24T04:00:00.000Z,False,False,True,3994,Williams-Brice Stadium,2579,South Carolina,SEC,,2633,Tennessee,SEC,
401856732,2026,8,regular,2026-10-24T04:00:00.000Z,False,False,True,3910,DKR-Texas Memorial Stadium,251,Texas,SEC,,145,Ole Miss,SEC,
401856834,2026,8,regular,2026-10-24T04:00:00.000Z,False,False,True,3833,Memorial Stadium,2305,Kansas,Big 12,,239,Baylor,Big 12,
401856835,2026,8,regular,2026-10-24T04:00:00.000Z,False,False,True,3652,FBC Mortgage Stadium,2116,UCF,Big 12,,252,BYU,Big 12,
401856836,2026,8,regular,2026-10-24T04:00:00.000Z,False,False,True,3646,Boone Pickens Stadium,197,Oklahoma State,Big 12,,38,Colorado,Big 12,
401856837,2026,8,regular,2026-10-24T04:00:00.000Z,False,False,True,587,Rice-Eccles Stadium,254,Utah,Big 12,,248,Houston,Big 12,
401866674,2026,8,regular,2026-10-24T04:00:00.000Z,False,False,False,6048,Duane Stadium,2771,Merrimack,FCS Independents,,160,New Hampshire,CAA,
401864526,2026,8,regular,2026-10-24T04:00:00.000Z,False,False,True,3764,Huskie Stadium,2459,Northern Illinois,Mountain West,,62,Hawai'i,Mountain West,
401866670,2026,8,regular,2026-10-24T16:00:00.000Z,False,False,True,11488,Centreville Bank Stadium,227,Rhode Island,CAA,,399,UAlbany,CAA,
401856728,2026,8,regular,2026-10-24T16:00:00.000Z,False,False,True,3785,Jordan-Hare Stadium,2,Auburn,SEC,,99,LSU,SEC,
401867808,2026,8,regular,2026-10-24T16:00:00.000Z,False,False,True,3656,Brown Stadium,225,Brown,Ivy,,172,Cornell,Ivy,
401867902,2026,8,regular,2026-10-24T16:00:00.000Z,False,False,True,3624,Arute Field,2115,Central Connecticut,NEC,,2441,New Haven,NEC,
401867931,2026,8,regular,2026-10-24T16:00:00.000Z,False,False,True,3623,Arthur J. Rooney Athletic Field,2184,Duquesne,NEC,,2681,Wagner,NEC,
401868230,2026,8,regular,2026-10-24T16:00:00.000Z,False,False,True,3988,Welcome Stadium,2168,Dayton,Pioneer,,301,San Diego,Pioneer,
401868266,2026,8,regular,2026-10-24T16:00:00.000Z,False,False,True,36,Leonidoff Field,2368,Marist,Pioneer,,2900,St. Thomas (MN),Pioneer,
401868278,2026,8,regular,2026-10-24T16:00:00.000Z,False,False,True,3655,Brown Field,2674,Valparaiso,Pioneer,,2506,Presbyterian,Pioneer,
401868214,2026,8,regular,2026-10-24T17:00:00.000Z,False,False,True,3701,Drake Stadium,2181,Drake,Pioneer,,2086,Butler,Pioneer,
401868944,2026,8,regular,2026-10-24T17:00:00.000Z,False,False,True,3850,Municipal Stadium,2065,Bethune-Cookman,SWAC,,2296,Jackson State,SWAC,
401873409,2026,8,regular,2026-10-24T17:00:00.000Z,False,False,True,5905,Kean Alumni Stadium,2871,Kean,New Jersey,,2970,William Paterson,New Jersey,
401873399,2026,8,regular,2026-10-24T17:00:00.000Z,False,False,True,5913,Warrior Field at Raabe Stadium,2741,Wisconsin-Lutheran,NACC,,2524,Rockford,NACC,
401866671,2026,8,regular,2026-10-24T17:00:00.000Z,False,False,True,3607,Alfond Stadium,311,Maine,CAA,,2097,Campbell,CAA,
401867994,2026,8,regular,2026-10-24T17:00:00.000Z,False,False,True,3722,Fitton Field,107,Holy Cross,Patriot,,2083,Bucknell,Patriot,
401868013,2026,8,regular,2026-10-24T17:00:00.000Z,False,False,True,150,Jack Coffey Field,2230,Fordham,Patriot,,322,Lafayette,Patriot,
401867975,2026,8,regular,2026-10-24T17:30:00.000Z,False,False,True,3864,Oliver C. Dawson Stadium,2569,South Carolina State,MEAC,,2450,Norfolk State,MEAC,
401873234,2026,8,regular,2026-10-24T17:30:00.000Z,False,False,True,6104,Baker Stadium,2508,Puget Sound,Northwest,,415,NEWBERG,Northwest,
401867822,2026,8,regular,2026-10-24T17:30:00.000Z,False,False,True,3802,Lawrence A. Wien Stadium,171,Columbia,Ivy,,159,Dartmouth,Ivy,
401868348,2026,8,regular,2026-10-24T17:30:00.000Z,False,False,True,3597,Alumni Memorial Field,2678,VMI,Southern,,2193,East Tennessee State,Southern,
401868392,2026,8,regular,2026-10-24T18:00:00.000Z,False,False,True,3782,Johnson Hagood Stadium,2643,The Citadel,Southern,,2635,Tennessee Tech,Southern,
401866672,2026,8,regular,2026-10-24T18:00:00.000Z,False,False,True,3661,Bulldog Stadium,2803,Bryant,CAA,,2619,Stony Brook,CAA,
401866673,2026,8,regular,2026-10-24T18:00:00.000Z,False,False,True,3620,Armstrong Stadium,2261,Hampton,CAA,,2405,Monmouth,CAA,
401867879,2026,8,regular,2026-10-24T18:00:00.000Z,False,False,True,1905,DakotaDome,233,South Dakota,MVFC,,155,North Dakota,MVFC,
401867892,2026,8,regular,2026-10-24T18:00:00.000Z,False,False,True,3913,Saluki Stadium,79,Southern Illinois,MVFC,,2460,Northern Iowa,MVFC,
401867921,2026,8,regular,2026-10-24T18:00:00.000Z,False,False,True,3777,Joe Walton Stadium,2523,Robert Morris,NEC,,2385,Mercyhurst,NEC,
401868003,2026,8,regular,2026-10-24T18:00:00.000Z,False,False,True,2068,E. Claiborne Robins Stadium,257,Richmond,Patriot,,2142,Colgate,Patriot,
401868238,2026,8,regular,2026-10-24T18:00:00.000Z,False,False,True,5888,University Stadium (GA),2698,West Georgia,UAC,,2627,Tarleton State,UAC,
401868377,2026,8,regular,2026-10-24T18:00:00.000Z,False,False,True,3868,Paladin Stadium,231,Furman,Southern,,2535,Samford,Southern,
401868341,2026,8,regular,2026-10-24T18:30:00.000Z,False,False,True,3704,E. J. Whitmire Stadium,2717,Western Carolina,Southern,,236,Chattanooga,Southern,
401869133,2026,8,regular,2026-10-24T19:00:00.000Z,False,False,True,3963,Harry Turpin Stadium,2466,Northwestern State,Southland,,2447,Nicholls,Southland,
401867689,2026,8,regular,2026-10-24T19:00:00.000Z,False,False,False,3749,Hunter Stadium,2815,Lindenwood,Big South-OVC,,2130,Chicago State,FCS Independents,
401867842,2026,8,regular,2026-10-24T19:00:00.000Z,False,False,True,3750,Harvard Stadium,108,Harvard,Ivy,,163,Princeton,Ivy,
401867850,2026,8,regular,2026-10-24T19:00:00.000Z,False,False,True,3744,Hancock Stadium,2287,Illinois State,MVFC,,282,Indiana State,MVFC,
401867871,2026,8,regular,2026-10-24T19:00:00.000Z,False,False,True,5237,Dana J. Dykhouse Stadium,2571,South Dakota State,MVFC,,93,Murray State,MVFC,
401868121,2026,8,regular,2026-10-24T19:00:00.000Z,False,False,True,3643,Bobcat Stadium,147,Montana State,Big Sky,,2692,Weber State,Big Sky,
401868146,2026,8,regular,2026-10-24T19:00:00.000Z,False,False,True,3908,Roy Kidd Stadium,2198,Eastern Kentucky,UAC,,110242,West Florida,UAC,
401868182,2026,8,regular,2026-10-24T19:00:00.000Z,False,False,True,3858,O'Brien Stadium,2197,Eastern Illinois,Big South-OVC,,2546,Southeast Missouri State,Big South-OVC,
401868937,2026,8,regular,2026-10-24T19:00:00.000Z,False,False,True,3650,Bragg Memorial Stadium,50,Florida A&M,SWAC,,2029,Arkansas-Pine Bluff,SWAC,
401868019,2026,8,regular,2026-10-24T19:30:00.000Z,False,False,True,3998,Zable Stadium,2729,William & Mary,Patriot,,46,Georgetown,Patriot,
401862810,2026,8,regular,2026-10-24T19:30:00.000Z,False,False,True,3852,Navy-Marine Corps Memorial Stadium,2426,Navy,American Athletic,,249,North Texas,American Athletic,
401868035,2026,8,regular,2026-10-24T19:30:00.000Z,False,False,True,717,Villanova Stadium,222,Villanova,Patriot,,2329,Lehigh,Patriot,
401868174,2026,8,regular,2026-10-24T19:30:00.000Z,False,False,True,3810,Nissan Stadium,2634,Tennessee State,Big South-OVC,,2127,Charleston Southern,Big South-OVC,
401868201,2026,8,regular,2026-10-24T20:00:00.000Z,False,False,True,3746,Hanson Field,2710,Western Illinois,Big South-OVC,,2630,UT Martin,Big South-OVC,
401868080,2026,8,regular,2026-10-24T21:00:00.000Z,False,False,True,1027,Alex G. Spanos Stadium,13,Cal Poly,Big Sky,,3101,Utah Tech,Big Sky,
401867955,2026,8,regular,2026-10-24T21:00:00.000Z,False,False,True,3613,Alumni Stadium,2169,Delaware State,MEAC,,2428,North Carolina Central,MEAC,
401868097,2026,8,regular,2026-10-24T21:00:00.000Z,False,False,True,3791,Kibbie Dome,70,Idaho,Big Sky,,253,Southern Utah,Big Sky,
401868135,2026,8,regular,2026-10-24T21:00:00.000Z,False,False,False,3711,Estes Stadium,2110,Central Arkansas,UAC,,292,UT Rio Grande Valley,Southland,
401869138,2026,8,regular,2026-10-24T21:00:00.000Z,False,False,True,3734,Gayle and Tom Benson Stadium,2916,Incarnate Word,Southland,,2377,McNeese,Southland,
401868106,2026,8,regular,2026-10-24T22:00:00.000Z,False,False,True,1930,Holt Arena,304,Idaho State,Big Sky,,2502,Portland State,Big Sky,
401868311,2026,8,regular,2026-10-24T22:00:00.000Z,False,False,True,3756,Homer Bryce Stadium,2617,Stephen F. Austin,Southland,,2545,SE Louisiana,Southland,
401860907,2026,8,regular,2026-10-24T22:00:00.000Z,False,False,True,3820,Gesa Field,265,Washington State,Pac-12,,68,Boise State,Pac-12,
401868132,2026,8,regular,2026-10-24T23:00:00.000Z,False,False,True,3602,Aggie Stadium,302,UC Davis,Big Sky,,2458,Northern Colorado,Big Sky,
401868067,2026,8,regular,2026-10-24T23:00:00.000Z,False,False,True,4133,Braly Municipal Stadium,2453,North Alabama,UAC,,2046,Austin Peay,UAC,
401868969,2026,8,regular,2026-10-24T23:00:00.000Z,False,False,False,4762,Memorial Stadium (Commerce TX),2837,East Texas A&M,Southland,,2504,Prairie View A&M,SWAC,
401860906,2026,8,regular,2026-10-24T23:30:00.000Z,False,False,True,3644,Bobcat Stadium (TX),326,Texas State,Pac-12,,328,Utah State,Pac-12,
401860905,2026,8,regular,2026-10-25T01:30:00.000Z,False,False,True,5388,Canvas Stadium,36,Colorado State,Pac-12,,21,San Diego State,Pac-12,
401871071,2026,9,regular,2026-10-27T23:00:00.000Z,False,False,True,3796,Houchens Industries-L.T. Smith Stadium,98,Western Kentucky,Conference USA,,48,Delaware,Conference USA,
401871072,2026,9,regular,2026-10-28T00:00:00.000Z,False,False,True,3878,Plaster Sports Complex,2623,Missouri State,Conference USA,,2534,Sam Houston,Conference USA,
401871058,2026,9,regular,2026-10-28T23:00:00.000Z,False,False,True,3725,"Johnny ""Red"" Floyd Stadium",2393,Middle Tennessee,Conference USA,,338,Kennesaw State,Conference USA,
401871057,2026,9,regular,2026-10-29T00:00:00.000Z,False,False,True,3601,Aggie Memorial Stadium,166,New Mexico State,Conference USA,,55,Jacksonville State,Conference USA,
401867969,2026,9,regular,2026-10-29T23:00:00.000Z,False,False,True,3762,Hughes Stadium,2415,Morgan State,MEAC,,2569,South Carolina State,MEAC,
401862812,2026,9,regular,2026-10-29T23:30:00.000Z,False,False,True,3825,DATCU Stadium,249,North Texas,American Athletic,,2226,Florida Atlantic,American Athletic,
401869963,2026,9,regular,2026-10-29T23:30:00.000Z,False,False,True,3651,Bridgeforth Stadium,256,James Madison,Sun Belt,,2653,Troy,Sun Belt,
401862813,2026,9,regular,2026-10-30T23:00:00.000Z,False,False,True,4418,Jerry Richardson Stadium,2429,Charlotte,American Athletic,,2655,Tulane,American Athletic,
401867838,2026,9,regular,2026-10-30T23:00:00.000Z,False,False,True,3826,Memorial Field,159,Dartmouth,Ivy,,108,Harvard,Ivy,
401856844,2026,9,regular,2026-10-30T23:30:00.000Z,False,False,True,3652,FBC Mortgage Stadium,2116,UCF,Big 12,,239,Baylor,Big 12,
401866451,2026,9,regular,2026-10-31T02:30:00.000Z,False,False,True,3757,Hornet Stadium,16,Sacramento State,Mid-American,,2309,Kent State,Mid-American,
401862815,2026,9,regular,2026-10-31T04:00:00.000Z,False,False,True,3699,Dowdy-Ficklen Stadium,151,East Carolina,American Athletic,,218,Temple,American Athletic,
401858506,2026,9,regular,2026-10-31T04:00:00.000Z,False,False,True,3632,Beaver Stadium,213,Penn State,Big Ten,,2509,Purdue,Big Ten,
401856736,2026,9,regular,2026-10-31T04:00:00.000Z,False,False,True,3835,"Memorial Stadium (Norman, OK)",201,Oklahoma,SEC,,2579,South Carolina,SEC,
401858508,2026,9,regular,2026-10-31T04:00:00.000Z,False,False,False,1056,Rose Bowl,26,UCLA,Big Ten,,2440,Nevada,Mountain West,
401858509,2026,9,regular,2026-10-31T04:00:00.000Z,False,False,True,477,Los Angeles Memorial Coliseum,30,USC,Big Ten,,194,Ohio State,Big Ten,
401871095,2026,9,regular,2026-10-31T04:00:00.000Z,False,False,True,3817,Malone Stadium,2433,UL Monroe,Sun Belt,,2572,Southern Miss,Sun Belt,
401871096,2026,9,regular,2026-10-31T04:00:00.000Z,False,False,True,3918,S.B. Ballard Stadium,295,Old Dominion,Sun Belt,,276,Marshall,Sun Belt,
401871097,2026,9,regular,2026-10-31T04:00:00.000Z,False,False,True,6526,Hancock Whitney Stadium,6,South Alabama,Sun Belt,,2348,Louisiana Tech,Sun Belt,
401858502,2026,9,regular,2026-10-31T04:00:00.000Z,False,False,True,3793,Kinnick Stadium,2294,Iowa,Big Ten,,275,Wisconsin,Big Ten,
401858503,2026,9,regular,2026-10-31T04:00:00.000Z,False,False,True,3665,SECU Stadium,120,Maryland,Big Ten,,356,Illinois,Big Ten,
401858504,2026,9,regular,2026-10-31T04:00:00.000Z,False,False,True,3834,"Memorial Stadium (Lincoln, NE)",158,Nebraska,Big Ten,,264,Washington,Big Ten,
401856733,2026,9,regular,2026-10-31T04:00:00.000Z,False,False,True,3887,Razorback Stadium,8,Arkansas,SEC,,142,Missouri,SEC,
401858501,2026,9,regular,2026-10-31T04:00:00.000Z,False,False,True,3830,"Memorial Stadium (Bloomington, IN)",84,Indiana,Big Ten,,135,Minnesota,Big Ten,
401856735,2026,9,regular,2026-10-31T04:00:00.000Z,False,False,True,3974,Vaught-Hemingway Stadium,145,Ole Miss,SEC,,2,Auburn,SEC,
401858277,2026,9,regular,2026-10-31T04:00:00.000Z,False,False,True,3670,Carter-Finley Stadium,152,NC State,ACC,,25,California,ACC,
401858278,2026,9,regular,2026-10-31T04:00:00.000Z,False,False,True,1964,JMA Wireless Dome,183,Syracuse,ACC,,2567,SMU,ACC,
401858281,2026,9,regular,2026-10-31T04:00:00.000Z,False,False,True,3752,Acrisure Stadium,221,Pittsburgh,ACC,,59,Georgia Tech,ACC,
401858282,2026,9,regular,2026-10-31T04:00:00.000Z,False,False,True,3787,Kenan Stadium,153,North Carolina,ACC,,2390,Miami,ACC,
401858283,2026,9,regular,2026-10-31T04:00:00.000Z,False,False,True,3873,L&N Federal Credit Union Stadium,97,Louisville,ACC,,24,Stanford,ACC,
401858284,2026,9,regular,2026-10-31T04:00:00.000Z,False,False,True,3630,Allegacy Federal Credit Union Stadium,154,Wake Forest,ACC,,258,Virginia,ACC,
401858505,2026,9,regular,2026-10-31T04:00:00.000Z,False,False,True,3626,Autzen Stadium,2483,Oregon,Big Ten,,77,Northwestern,Big Ten,
401860924,2026,9,regular,2026-10-31T04:00:00.000Z,False,False,True,3660,Valley Children's Stadium,278,Fresno State,Pac-12,,204,Oregon State,Pac-12,
401862816,2026,9,regular,2026-10-31T04:00:00.000Z,False,False,True,3886,Raymond James Stadium,58,South Florida,American Athletic,,5,UAB,American Athletic,
401864529,2026,9,regular,2026-10-31T04:00:00.000Z,False,False,True,3935,CEFCU Stadium,23,San José State,Mountain West,,167,New Mexico,Mountain West,
401869846,2026,9,regular,2026-10-31T04:00:00.000Z,False,False,True,3608,Allen E. Paulson Stadium,290,Georgia Southern,Sun Belt,,2026,App State,Sun Belt,
401869944,2026,9,regular,2026-10-31T04:00:00.000Z,False,False,True,4246,Center Parc Stadium,2247,Georgia State,Sun Belt,,324,Coastal Carolina,Sun Belt,
401858507,2026,9,regular,2026-10-31T04:00:00.000Z,False,False,True,6577,SHI Stadium,164,Rutgers,Big Ten,,130,Michigan,Big Ten,
401856737,2026,9,regular,2026-10-31T04:00:00.000Z,False,False,True,3910,DKR-Texas Memorial Stadium,251,Texas,SEC,,344,Mississippi State,SEC,
401856842,2026,9,regular,2026-10-31T04:00:00.000Z,False,False,True,3784,Jones AT&T Stadium,2641,Texas Tech,Big 12,,12,Arizona,Big 12,
401856843,2026,9,regular,2026-10-31T04:00:00.000Z,False,False,True,3801,LaVell Edwards Stadium,252,BYU,Big 12,,9,Arizona State,Big 12,
401856845,2026,9,regular,2026-10-31T04:00:00.000Z,False,False,True,3616,Amon G. Carter Stadium,2628,TCU,Big 12,,2305,Kansas,Big 12,
401856846,2026,9,regular,2026-10-31T04:00:00.000Z,False,False,True,3726,Folsom Field,38,Colorado,Big 12,,2306,Kansas State,Big 12,
401856847,2026,9,regular,2026-10-31T04:00:00.000Z,False,False,True,3772,Jack Trice Stadium,66,Iowa State,Big 12,,197,Oklahoma State,Big 12,
401856848,2026,9,regular,2026-10-31T04:00:00.000Z,False,False,True,3854,Nippert Stadium,2132,Cincinnati,Big 12,,254,Utah,Big 12,
401858279,2026,9,regular,2026-10-31T04:00:00.000Z,False,False,True,3982,Wallace Wade Stadium,150,Duke,ACC,,103,Boston College,ACC,
401858280,2026,9,regular,2026-10-31T04:00:00.000Z,False,False,True,3697,Doak Campbell Stadium,52,Florida State,ACC,,228,Clemson,ACC,
401862814,2026,9,regular,2026-10-31T04:00:00.000Z,False,False,True,3805,Simmons Bank Liberty Stadium,235,Memphis,American Athletic,,349,Army,American Athletic,
401867690,2026,9,regular,2026-10-31T04:00:00.000Z,False,False,False,3453,SeatGeek Stadium,2130,Chicago State,FCS Independents,,124110,UFTL,,
401867887,2026,9,regular,2026-10-31T04:00:00.000Z,False,False,True,5237,Dana J. Dykhouse Stadium,2571,South Dakota State,MVFC,,233,South Dakota,MVFC,
401867903,2026,9,regular,2026-10-31T04:00:00.000Z,False,False,True,3624,Arute Field,2115,Central Connecticut,NEC,,2523,Robert Morris,NEC,
401867932,2026,9,regular,2026-10-31T04:00:00.000Z,False,False,False,6048,Duane Stadium,2771,Merrimack,FCS Independents,,2681,Wagner,NEC,
401868251,2026,9,regular,2026-10-31T04:00:00.000Z,False,False,True,6006,Robert and Janet Vackar Stadium,292,UT Rio Grande Valley,Southland,,2320,Lamar,Southland,
401868258,2026,9,regular,2026-10-31T04:00:00.000Z,False,False,True,3774,Jayne Stadium,2413,Morehead State,Pioneer,,2181,Drake,Pioneer,
401868388,2026,9,regular,2026-10-31T04:00:00.000Z,False,False,True,3925,Seibert Stadium,2535,Samford,Southern,,2747,Wofford,Southern,
401868956,2026,9,regular,2026-10-31T04:00:00.000Z,False,False,True,3631,BBVA Compass Stadium,2640,Texas Southern,SWAC,,2755,Grambling,SWAC,
401873410,2026,9,regular,2026-10-31T04:00:00.000Z,False,False,True,5638,Dave Wolk Stadium,293,Castleton,New Jersey,,2871,Kean,New Jersey,
401867809,2026,9,regular,2026-10-31T16:00:00.000Z,False,False,True,3656,Brown Stadium,225,Brown,Ivy,,219,Pennsylvania,Ivy,
401867823,2026,9,regular,2026-10-31T16:00:00.000Z,False,False,True,3802,Lawrence A. Wien Stadium,171,Columbia,Ivy,,43,Yale,Ivy,
401867880,2026,9,regular,2026-10-31T16:00:00.000Z,False,False,True,844,Stambaugh Stadium,2754,Youngstown State,MVFC,,155,North Dakota,MVFC,
401867926,2026,9,regular,2026-10-31T16:00:00.000Z,False,False,True,6075,W.B. Mason Stadium,284,Stonehill,NEC,,2385,Mercyhurst,NEC,
401867995,2026,9,regular,2026-10-31T16:00:00.000Z,False,False,True,3741,Goodman Stadium,2329,Lehigh,Patriot,,2083,Bucknell,Patriot,
401869154,2026,9,regular,2026-10-31T16:00:00.000Z,False,False,True,6058,Ralph F. DellaCamera Stadium,2441,New Haven,NEC,,2184,Duquesne,NEC,
401866677,2026,9,regular,2026-10-31T16:00:00.000Z,False,False,True,3788,Kenneth P. LaValle Stadium,2619,Stony Brook,CAA,,2529,Sacred Heart,CAA,
401866452,2026,9,regular,2026-10-31T16:00:00.000Z,False,False,True,3980,Waldo Stadium,2711,Western Michigan,Mid-American,,189,Bowling Green,Mid-American,
401859185,2026,9,regular,2026-10-31T16:00:00.000Z,False,True,False,3738,Gillette Stadium,2426,Navy,American Athletic,,87,Notre Dame,FBS Independents,
401866675,2026,9,regular,2026-10-31T16:00:00.000Z,False,False,True,4419,Bob Ford Field,399,UAlbany,CAA,,2097,Campbell,CAA,
401866676,2026,9,regular,2026-10-31T16:00:00.000Z,False,False,True,11488,Centreville Bank Stadium,227,Rhode Island,CAA,,311,Maine,CAA,
401868030,2026,9,regular,2026-10-31T16:30:00.000Z,False,False,True,3721,Fisher Field,322,Lafayette,Patriot,,222,Villanova,Patriot,
401867831,2026,9,regular,2026-10-31T17:00:00.000Z,False,False,True,3881,Princeton University Stadium,163,Princeton,Ivy,,172,Cornell,Ivy,
401868342,2026,9,regular,2026-10-31T17:00:00.000Z,False,False,True,3720,Finley Stadium,236,Chattanooga,Southern,,2678,VMI,Southern,
401868231,2026,9,regular,2026-10-31T17:00:00.000Z,False,False,True,4416,Spec Martin Municipal Stadium,56,Stetson,Pioneer,,2168,Dayton,Pioneer,
401868215,2026,9,regular,2026-10-31T17:00:00.000Z,False,False,True,3627,Bailey Memorial Stadium,2506,Presbyterian,Pioneer,,2086,Butler,Pioneer,
401868026,2026,9,regular,2026-10-31T17:00:00.000Z,False,False,True,3722,Fitton Field,107,Holy Cross,Patriot,,257,Richmond,Patriot,
401873400,2026,9,regular,2026-10-31T17:00:00.000Z,False,False,True,6110,Sam Greeley Field,2524,Rockford,NACC,,2283,Benedictine University,NACC,
401873235,2026,9,regular,2026-10-31T17:00:00.000Z,False,False,True,6153,Hanson Stadium,205,Pacific (OR),Northwest,,2508,Puget Sound,Northwest,
401866678,2026,9,regular,2026-10-31T17:00:00.000Z,False,False,True,5389,Kessler Stadium,2405,Monmouth,CAA,,2803,Bryant,CAA,
401866679,2026,9,regular,2026-10-31T17:00:00.000Z,False,False,True,3603,Aggie Stadium,2448,North Carolina A&T,CAA,,2210,Elon,CAA,
401866680,2026,9,regular,2026-10-31T17:00:00.000Z,False,False,True,3781,Johnny Unitas Stadium,119,Towson,CAA,,2261,Hampton,CAA,
401868004,2026,9,regular,2026-10-31T17:00:00.000Z,False,False,True,3617,Andy Kerr Stadium,2142,Colgate,Patriot,,2729,William & Mary,Patriot,
401867956,2026,9,regular,2026-10-31T18:00:00.000Z,False,False,True,3991,"William Dick"""" Price Stadium""""",2450,Norfolk State,MEAC,,2169,Delaware State,MEAC,
401867851,2026,9,regular,2026-10-31T18:00:00.000Z,False,False,True,3744,Hancock Stadium,2287,Illinois State,MVFC,,93,Murray State,MVFC,
401867861,2026,9,regular,2026-10-31T18:00:00.000Z,False,False,True,3967,UNI-Dome,2460,Northern Iowa,MVFC,,282,Indiana State,MVFC,
401867963,2026,9,regular,2026-10-31T18:00:00.000Z,False,False,True,3862,O'Kelly-Riddick Stadium,2428,North Carolina Central,MEAC,,47,Howard,MEAC,
401868175,2026,9,regular,2026-10-31T18:00:00.000Z,False,False,True,3658,Buccaneer Field,2127,Charleston Southern,Big South-OVC,,2710,Western Illinois,Big South-OVC,
401868190,2026,9,regular,2026-10-31T18:00:00.000Z,False,False,True,7003,Houck Field,2546,Southeast Missouri State,Big South-OVC,,2241,Gardner-Webb,Big South-OVC,
401868199,2026,9,regular,2026-10-31T18:00:00.000Z,False,False,True,3749,Hunter Stadium,2815,Lindenwood,Big South-OVC,,2634,Tennessee State,Big South-OVC,
401868223,2026,9,regular,2026-10-31T18:00:00.000Z,False,False,True,5116,O'Shaughnessy Stadium,2900,St. Thomas (MN),Pioneer,,2166,Davidson,Pioneer,
401868378,2026,9,regular,2026-10-31T18:00:00.000Z,False,False,True,3868,Paladin Stadium,231,Furman,Southern,,2717,Western Carolina,Southern,
401868384,2026,9,regular,2026-10-31T19:00:00.000Z,False,False,True,4417,Five Star Stadium at the Moye Complex,2382,Mercer,Southern,,2643,The Citadel,Southern,
401861966,2026,9,regular,2026-10-31T19:00:00.000Z,False,False,False,3713,Falcon Stadium,2005,Air Force,Mountain West,,41,UConn,FBS Independents,
401869139,2026,9,regular,2026-10-31T19:00:00.000Z,False,False,True,3686,Cowboy Stadium,2377,McNeese,Southland,,2447,Nicholls,Southland,
401868950,2026,9,regular,2026-10-31T19:00:00.000Z,False,False,True,3650,Bragg Memorial Stadium,50,Florida A&M,SWAC,,2582,Southern,SWAC,
401868938,2026,9,regular,2026-10-31T19:00:00.000Z,False,False,True,3740,Golden Lion Stadium,2029,Arkansas-Pine Bluff,SWAC,,2065,Bethune-Cookman,SWAC,
401868081,2026,9,regular,2026-10-31T19:00:00.000Z,False,False,True,3643,Bobcat Stadium,147,Montana State,Big Sky,,13,Cal Poly,Big Sky,
401868107,2026,9,regular,2026-10-31T19:00:00.000Z,False,False,True,3745,Greater Zion Stadium,3101,Utah Tech,Big Sky,,304,Idaho State,Big Sky,
401868126,2026,9,regular,2026-10-31T19:00:00.000Z,False,False,True,3706,Eccles Coliseum,253,Southern Utah,Big Sky,,2464,Northern Arizona,Big Sky,
401868165,2026,9,regular,2026-10-31T19:00:00.000Z,False,False,True,3942,Stewart Stadium,2692,Weber State,Big Sky,,302,UC Davis,Big Sky,
401868183,2026,9,regular,2026-10-31T19:00:00.000Z,False,False,True,3748,Graham Stadium,2630,UT Martin,Big South-OVC,,2197,Eastern Illinois,Big South-OVC,
401868312,2026,9,regular,2026-10-31T19:00:00.000Z,False,False,True,3756,Homer Bryce Stadium,2617,Stephen F. Austin,Southland,,2277,Houston Christian,Southland,
401868362,2026,9,regular,2026-10-31T19:00:00.000Z,False,False,True,3896,Rice-Totten Field,2400,Mississippi Valley State,SWAC,,2016,Alcorn State,SWAC,
401864531,2026,9,regular,2026-10-31T19:30:00.000Z,False,False,True,3714,Fargodome,2449,North Dakota State,Mountain West,,2638,UTEP,Mountain West,
401868296,2026,9,regular,2026-10-31T19:30:00.000Z,False,True,True,3803,Legion Field,2010,Alabama A&M,SWAC,,2011,Alabama State,SWAC,
401868349,2026,9,regular,2026-10-31T19:30:00.000Z,False,False,True,5400,William B. Greene Jr. Stadium,2193,East Tennessee State,Southern,,2635,Tennessee Tech,Southern,
401856734,2026,9,regular,2026-10-31T19:30:00.000Z,False,True,True,5348,Mercedes-Benz Stadium,61,Georgia,SEC,,57,Florida,SEC,
401860910,2026,9,regular,2026-10-31T19:30:00.000Z,False,False,True,3905,Maverik Stadium,328,Utah State,Pac-12,,36,Colorado State,Pac-12,
401871059,2026,9,regular,2026-10-31T19:30:00.000Z,False,False,True,3992,Williams Stadium (VA),2335,Liberty,Conference USA,,2229,Florida International,Conference USA,
401868056,2026,9,regular,2026-10-31T20:00:00.000Z,False,False,True,5440,Wildcat Stadium (TX),2000,Abilene Christian,UAC,,2698,West Georgia,UAC,
401868089,2026,9,regular,2026-10-31T20:00:00.000Z,False,False,True,3906,Roos Field,331,Eastern Washington,Big Sky,,149,Montana,Big Sky,
401868098,2026,9,regular,2026-10-31T20:00:00.000Z,False,False,True,4765,Hillsboro Stadium,2502,Portland State,Big Sky,,70,Idaho,Big Sky,
401868320,2026,9,regular,2026-10-31T20:00:00.000Z,False,False,True,4762,Memorial Stadium (Commerce TX),2837,East Texas A&M,Southland,,2545,SE Louisiana,Southland,
401868267,2026,9,regular,2026-10-31T20:00:00.000Z,False,False,True,716,Torero Stadium,301,San Diego,Pioneer,,2368,Marist,Pioneer,
401868136,2026,9,regular,2026-10-31T21:00:00.000Z,False,False,True,3711,Estes Stadium,2110,Central Arkansas,UAC,,2453,North Alabama,UAC,
401869134,2026,9,regular,2026-10-31T21:00:00.000Z,False,False,True,3734,Gayle and Tom Benson Stadium,2916,Incarnate Word,Southland,,2466,Northwestern State,Southland,
401860909,2026,9,regular,2026-10-31T23:00:00.000Z,False,False,True,7311,Snapdragon Stadium,21,San Diego State,Pac-12,,265,Washington State,Pac-12,
401868147,2026,9,regular,2026-10-31T23:00:00.000Z,False,False,True,3827,"Memorial Stadium (Stephenville, TX)",2627,Tarleton State,UAC,,2198,Eastern Kentucky,UAC,
401860908,2026,9,regular,2026-11-01T02:00:00.000Z,False,False,True,3653,Albertsons Stadium,68,Boise State,Pac-12,,326,Texas State,Pac-12,
401864530,2026,9,regular,2026-11-01T02:30:00.000Z,False,False,True,6501,Allegiant Stadium,2439,UNLV,Mountain West,,2459,Northern Illinois,Mountain West,
401866453,2026,10,regular,2026-11-04T00:00:00.000Z,False,False,True,3768,InfoCision Stadium,2006,Akron,Mid-American,,195,Ohio,Mid-American,
401866454,2026,10,regular,2026-11-04T00:00:00.000Z,False,False,True,3996,Yager Stadium,193,Miami (OH),Mid-American,,2084,Buffalo,Mid-American,
401866457,2026,10,regular,2026-11-04T05:00:00.000Z,False,False,True,3757,Hornet Stadium,16,Sacramento State,Mid-American,,2649,Toledo,Mid-American,
401866456,2026,10,regular,2026-11-04T05:00:00.000Z,False,True,True,3727,Ford Field,2199,Eastern Michigan,Mid-American,,2117,Central Michigan,Mid-American,
401866455,2026,10,regular,2026-11-04T05:00:00.000Z,False,False,True,3985,Warren McGuirk Alumni Stadium,113,Massachusetts,Mid-American,,2050,Ball State,Mid-American,
401867964,2026,10,regular,2026-11-05T22:00:00.000Z,False,False,True,3990,William H. Greene Stadium,47,Howard,MEAC,,2569,South Carolina State,MEAC,
401869964,2026,10,regular,2026-11-06T01:00:00.000Z,False,False,True,3815,M. M. Roberts Stadium,2572,Southern Miss,Sun Belt,,256,James Madison,Sun Belt,
401862817,2026,10,regular,2026-11-06T01:00:00.000Z,False,False,True,3715,FAU Stadium,2226,Florida Atlantic,American Athletic,,2636,UTSA,American Athletic,
401858288,2026,10,regular,2026-11-07T00:00:00.000Z,False,False,True,3735,Gerald J. Ford Stadium,2567,SMU,ACC,,259,Virginia Tech,ACC,
401862818,2026,10,regular,2026-11-07T00:30:00.000Z,False,False,True,3699,Dowdy-Ficklen Stadium,151,East Carolina,American Athletic,,58,South Florida,American Athletic,
401858510,2026,10,regular,2026-11-07T01:00:00.000Z,False,False,True,3832,"Memorial Stadium (Champaign, IL)",356,Illinois,Big Ten,,158,Nebraska,Big Ten,
401864533,2026,10,regular,2026-11-07T02:00:00.000Z,False,False,True,3816,Mackay Stadium,2440,Nevada,Mountain West,,167,New Mexico,Mountain West,
401856855,2026,10,regular,2026-11-07T03:15:00.000Z,False,False,True,3619,Arizona Stadium,12,Arizona,Big 12,,2628,TCU,Big 12,
401858515,2026,10,regular,2026-11-07T05:00:00.000Z,False,False,True,3907,Ross-Ade Stadium,2509,Purdue,Big Ten,,120,Maryland,Big Ten,
401858517,2026,10,regular,2026-11-07T05:00:00.000Z,False,False,True,347,Camp Randall Stadium,275,Wisconsin,Big Ten,,164,Rutgers,Big Ten,
401862819,2026,10,regular,2026-11-07T05:00:00.000Z,False,False,True,7221,Protective Stadium,5,UAB,American Athletic,,2429,Charlotte,American Athletic,
401862821,2026,10,regular,2026-11-07T05:00:00.000Z,False,False,True,3825,DATCU Stadium,249,North Texas,American Athletic,,242,Rice,American Athletic,
401862822,2026,10,regular,2026-11-07T05:00:00.000Z,False,False,True,4729,Yulman Stadium,2655,Tulane,American Athletic,,202,Tulsa,American Athletic,
401864532,2026,10,regular,2026-11-07T05:00:00.000Z,False,False,True,3946,Sun Bowl,2638,UTEP,Mountain West,,62,Hawai'i,Mountain West,
401864534,2026,10,regular,2026-11-07T05:00:00.000Z,False,False,True,3935,CEFCU Stadium,23,San José State,Mountain West,,2459,Northern Illinois,Mountain West,
401871098,2026,10,regular,2026-11-07T05:00:00.000Z,False,False,True,3975,Veterans Memorial Stadium (AL),2653,Troy,Sun Belt,,2348,Louisiana Tech,Sun Belt,
401869936,2026,10,regular,2026-11-07T05:00:00.000Z,False,False,True,3625,Centennial Bank Stadium,2032,Arkansas State,Sun Belt,,2433,UL Monroe,Sun Belt,
401869945,2026,10,regular,2026-11-07T05:00:00.000Z,False,False,True,3654,Brooks Stadium (SC),324,Coastal Carolina,Sun Belt,,295,Old Dominion,Sun Belt,
401869951,2026,10,regular,2026-11-07T05:00:00.000Z,False,False,True,3608,Allen E. Paulson Stadium,290,Georgia Southern,Sun Belt,,276,Marshall,Sun Belt,
401869968,2026,10,regular,2026-11-07T05:00:00.000Z,False,False,True,3666,Cajun Field,309,Louisiana,Sun Belt,,6,South Alabama,Sun Belt,
401870795,2026,10,regular,2026-11-07T05:00:00.000Z,False,False,True,3601,Aggie Memorial Stadium,166,New Mexico State,Conference USA,,2335,Liberty,Conference USA,
401871073,2026,10,regular,2026-11-07T05:00:00.000Z,False,False,True,4899,Fifth Third Stadium,338,Kennesaw State,Conference USA,,48,Delaware,Conference USA,
401871074,2026,10,regular,2026-11-07T05:00:00.000Z,False,False,True,2031,Pitbull Stadium,2229,Florida International,Conference USA,,2623,Missouri State,Conference USA,
401871076,2026,10,regular,2026-11-07T05:00:00.000Z,False,False,True,3725,"Johnny ""Red"" Floyd Stadium",2393,Middle Tennessee,Conference USA,,98,Western Kentucky,Conference USA,
401869927,2026,10,regular,2026-11-07T05:00:00.000Z,False,False,True,3792,Kidd Brewer Stadium,2026,App State,Sun Belt,,2247,Georgia State,Sun Belt,
401856849,2026,10,regular,2026-11-07T05:00:00.000Z,False,False,True,587,Rice-Eccles Stadium,254,Utah,Big 12,,252,BYU,Big 12,
401858516,2026,10,regular,2026-11-07T05:00:00.000Z,False,False,True,3765,Husky Stadium,264,Washington,Big Ten,,213,Penn State,Big Ten,
401856854,2026,10,regular,2026-11-07T05:00:00.000Z,False,False,True,3636,Bill Snyder Family Stadium,2306,Kansas State,Big 12,,197,Oklahoma State,Big 12,
401856856,2026,10,regular,2026-11-07T05:00:00.000Z,False,False,True,3784,Jones AT&T Stadium,2641,Texas Tech,Big 12,,277,West Virginia,Big 12,
401858285,2026,10,regular,2026-11-07T05:00:00.000Z,False,False,True,1964,JMA Wireless Dome,183,Syracuse,ACC,,228,Clemson,ACC,
401858286,2026,10,regular,2026-11-07T05:00:00.000Z,False,False,True,3670,Carter-Finley Stadium,152,NC State,ACC,,150,Duke,ACC,
401858287,2026,10,regular,2026-11-07T05:00:00.000Z,False,False,True,721,Bobby Dodd Stadium,59,Georgia Tech,ACC,,97,Louisville,ACC,
401858289,2026,10,regular,2026-11-07T05:00:00.000Z,False,False,True,3615,"Alumni Stadium (Chestnut Hill, MA)",103,Boston College,ACC,,52,Florida State,ACC,
401858511,2026,10,regular,2026-11-07T05:00:00.000Z,False,False,True,3558,Michigan Stadium,130,Michigan,Big Ten,,127,Michigan State,Big Ten,
401858512,2026,10,regular,2026-11-07T05:00:00.000Z,False,False,True,3953,Huntington Bank Stadium,135,Minnesota,Big Ten,,26,UCLA,Big Ten,
401858513,2026,10,regular,2026-11-07T05:00:00.000Z,False,False,True,11823,Ryan Field,77,Northwestern,Big Ten,,2294,Iowa,Big Ten,
401858514,2026,10,regular,2026-11-07T05:00:00.000Z,False,False,True,3861,Ohio Stadium,194,Ohio State,Big Ten,,2483,Oregon,Big Ten,
401856738,2026,10,regular,2026-11-07T05:00:00.000Z,False,False,True,3785,Jordan-Hare Stadium,2,Auburn,SEC,,8,Arkansas,SEC,
401856739,2026,10,regular,2026-11-07T05:00:00.000Z,False,False,True,3634,Ben Hill Griffin Stadium,57,Florida,SEC,,201,Oklahoma,SEC,
401856740,2026,10,regular,2026-11-07T05:00:00.000Z,False,False,True,3958,Tiger Stadium (LA),99,LSU,SEC,,333,Alabama,SEC,
401856741,2026,10,regular,2026-11-07T05:00:00.000Z,False,False,True,3974,Vaught-Hemingway Stadium,145,Ole Miss,SEC,,61,Georgia,SEC,
401856742,2026,10,regular,2026-11-07T05:00:00.000Z,False,False,True,3693,Davis Wade Stadium,344,Mississippi State,SEC,,238,Vanderbilt,SEC,
401856743,2026,10,regular,2026-11-07T05:00:00.000Z,False,False,True,3838,Memorial Stadium,142,Missouri,SEC,,251,Texas,SEC,
401856744,2026,10,regular,2026-11-07T05:00:00.000Z,False,False,True,3994,Williams-Brice Stadium,2579,South Carolina,SEC,,245,Texas A&M,SEC,
401856745,2026,10,regular,2026-11-07T05:00:00.000Z,False,False,True,3853,Neyland Stadium,2633,Tennessee,SEC,,96,Kentucky,SEC,
401856850,2026,10,regular,2026-11-07T05:00:00.000Z,False,False,True,3833,Memorial Stadium,2305,Kansas,Big 12,,2116,UCF,Big 12,
401856851,2026,10,regular,2026-11-07T05:00:00.000Z,False,False,True,4728,TDECU Stadium,248,Houston,Big 12,,2132,Cincinnati,Big 12,
401856852,2026,10,regular,2026-11-07T05:00:00.000Z,False,False,True,3947,Mountain America Stadium,9,Arizona State,Big 12,,38,Colorado,Big 12,
401856853,2026,10,regular,2026-11-07T05:00:00.000Z,False,False,True,4727,McLane Stadium,239,Baylor,Big 12,,66,Iowa State,Big 12,
401867810,2026,10,regular,2026-11-07T05:00:00.000Z,False,False,True,3997,Yale Bowl,43,Yale,Ivy,,225,Brown,Ivy,
401867914,2026,10,regular,2026-11-07T05:00:00.000Z,False,False,True,6058,Ralph F. DellaCamera Stadium,2441,New Haven,NEC,,2341,Long Island University,NEC,
401867933,2026,10,regular,2026-11-07T05:00:00.000Z,False,False,True,4428,Saxon Stadium,2385,Mercyhurst,NEC,,2681,Wagner,NEC,
401868313,2026,10,regular,2026-11-07T05:00:00.000Z,False,False,True,3882,Provost Umphrey Stadium,2320,Lamar,Southland,,2617,Stephen F. Austin,Southland,
401868331,2026,10,regular,2026-11-07T05:00:00.000Z,False,False,True,3631,BBVA Compass Stadium,2640,Texas Southern,SWAC,,2011,Alabama State,SWAC,
401866681,2026,10,regular,2026-11-07T17:00:00.000Z,False,False,True,5389,Kessler Stadium,2405,Monmouth,CAA,,2448,North Carolina A&T,CAA,
401867839,2026,10,regular,2026-11-07T17:00:00.000Z,False,False,True,3881,Princeton University Stadium,163,Princeton,Ivy,,159,Dartmouth,Ivy,
401867922,2026,10,regular,2026-11-07T17:00:00.000Z,False,False,True,3623,Arthur J. Rooney Athletic Field,2184,Duquesne,NEC,,2523,Robert Morris,NEC,
401866682,2026,10,regular,2026-11-07T17:00:00.000Z,False,False,True,3668,Campus Field,2529,Sacred Heart,CAA,,119,Towson,CAA,
401868268,2026,10,regular,2026-11-07T17:00:00.000Z,False,False,True,36,Leonidoff Field,2368,Marist,Pioneer,,2413,Morehead State,Pioneer,
401868232,2026,10,regular,2026-11-07T17:00:00.000Z,False,False,True,3988,Welcome Stadium,2168,Dayton,Pioneer,,2674,Valparaiso,Pioneer,
401868005,2026,10,regular,2026-11-07T17:00:00.000Z,False,False,True,3741,Goodman Stadium,2329,Lehigh,Patriot,,2142,Colgate,Patriot,
401858290,2026,10,regular,2026-11-07T17:00:00.000Z,False,False,False,3630,Allegacy Federal Credit Union Stadium,154,Wake Forest,ACC,,2771,Merrimack,FCS Independents,
401867976,2026,10,regular,2026-11-07T17:00:00.000Z,False,False,True,3991,"William Dick"""" Price Stadium""""",2450,Norfolk State,MEAC,,2428,North Carolina Central,MEAC,
401858292,2026,10,regular,2026-11-07T17:00:00.000Z,False,False,False,3892,Pratt & Whitney Stadium,41,UConn,FBS Independents,,153,North Carolina,ACC,
401868020,2026,10,regular,2026-11-07T17:30:00.000Z,False,False,True,3847,Cooper Field,46,Georgetown,Patriot,,107,Holy Cross,Patriot,
401873401,2026,10,regular,2026-11-07T18:00:00.000Z,False,False,True,5841,Pete FioRito Stadium at McKinzie Field,101,Eureka College,NACC,,2524,Rockford,NACC,
401873236,2026,10,regular,2026-11-07T18:00:00.000Z,False,False,True,5119,Maxwell Field,203,Linfield College,Northwest,,2508,Puget Sound,Northwest,
401873411,2026,10,regular,2026-11-07T18:00:00.000Z,False,False,True,5905,Kean Alumni Stadium,2871,Kean,New Jersey,,2532,Salisbury,New Jersey,
401866683,2026,10,regular,2026-11-07T18:00:00.000Z,False,False,True,3661,Bulldog Stadium,2803,Bryant,CAA,,399,UAlbany,CAA,
401866684,2026,10,regular,2026-11-07T18:00:00.000Z,False,False,True,3629,Barker-Lane Stadium,2097,Campbell,CAA,,2619,Stony Brook,CAA,
401866686,2026,10,regular,2026-11-07T18:00:00.000Z,False,False,True,3688,Wildcat Stadium,160,New Hampshire,CAA,,227,Rhode Island,CAA,
401867824,2026,10,regular,2026-11-07T18:00:00.000Z,False,False,True,3750,Harvard Stadium,108,Harvard,Ivy,,171,Columbia,Ivy,
401867832,2026,10,regular,2026-11-07T18:00:00.000Z,False,False,True,3921,Schoellkopf Field,172,Cornell,Ivy,,219,Pennsylvania,Ivy,
401867904,2026,10,regular,2026-11-07T18:00:00.000Z,False,False,True,6075,W.B. Mason Stadium,284,Stonehill,NEC,,2115,Central Connecticut,NEC,
401867957,2026,10,regular,2026-11-07T18:00:00.000Z,False,False,True,3613,Alumni Stadium,2169,Delaware State,MEAC,,2415,Morgan State,MEAC,
401867996,2026,10,regular,2026-11-07T18:00:00.000Z,False,False,True,3676,Christy Mathewson-Memorial Stadium,2083,Bucknell,Patriot,,2230,Fordham,Patriot,
401868031,2026,10,regular,2026-11-07T18:00:00.000Z,False,False,True,3998,Zable Stadium,2729,William & Mary,Patriot,,322,Lafayette,Patriot,
401868038,2026,10,regular,2026-11-07T18:00:00.000Z,False,False,True,717,Villanova Stadium,222,Villanova,Patriot,,257,Richmond,Patriot,
401868216,2026,10,regular,2026-11-07T18:00:00.000Z,False,False,True,3664,Butler Bowl,2086,Butler,Pioneer,,2900,St. Thomas (MN),Pioneer,
401868224,2026,10,regular,2026-11-07T18:00:00.000Z,False,False,True,3897,Richardson Stadium,2166,Davidson,Pioneer,,56,Stetson,Pioneer,
401868259,2026,10,regular,2026-11-07T18:00:00.000Z,False,False,True,3701,Drake Stadium,2181,Drake,Pioneer,,301,San Diego,Pioneer,
401868343,2026,10,regular,2026-11-07T18:00:00.000Z,False,False,True,3720,Finley Stadium,236,Chattanooga,Southern,,2382,Mercer,Southern,
401868350,2026,10,regular,2026-11-07T18:00:00.000Z,False,False,True,5400,William B. Greene Jr. Stadium,2193,East Tennessee State,Southern,,2535,Samford,Southern,
401868399,2026,10,regular,2026-11-07T18:00:00.000Z,False,False,True,3704,E. J. Whitmire Stadium,2717,Western Carolina,Southern,,2747,Wofford,Southern,
401868191,2026,10,regular,2026-11-07T18:30:00.000Z,False,False,True,3710,Ernest W. Spangler Stadium,2241,Gardner-Webb,Big South-OVC,,2815,Lindenwood,Big South-OVC,
401868252,2026,10,regular,2026-11-07T19:00:00.000Z,False,False,True,3963,Harry Turpin Stadium,2466,Northwestern State,Southland,,292,UT Rio Grande Valley,Southland,
401868379,2026,10,regular,2026-11-07T19:00:00.000Z,False,False,True,3782,Johnson Hagood Stadium,2643,The Citadel,Southern,,231,Furman,Southern,
401872617,2026,10,regular,2026-11-07T19:00:00.000Z,False,False,True,3967,UNI-Dome,2460,Northern Iowa,MVFC,,2571,South Dakota State,MVFC,
401868176,2026,10,regular,2026-11-07T19:00:00.000Z,False,False,True,3658,Buccaneer Field,2127,Charleston Southern,Big South-OVC,,2630,UT Martin,Big South-OVC,
401867872,2026,10,regular,2026-11-07T19:00:00.000Z,False,False,True,3909,Roy Stewart Stadium,93,Murray State,MVFC,,2754,Youngstown State,MVFC,
401866685,2026,10,regular,2026-11-07T19:00:00.000Z,False,False,True,3894,Rhodes Stadium,2210,Elon,CAA,,2261,Hampton,CAA,
401867852,2026,10,regular,2026-11-07T19:00:00.000Z,False,False,True,3605,Alerus Center,155,North Dakota,MVFC,,2287,Illinois State,MVFC,
401868393,2026,10,regular,2026-11-07T19:30:00.000Z,False,False,True,3962,Tucker Stadium,2635,Tennessee Tech,Southern,,2678,VMI,Southern,
401868363,2026,10,regular,2026-11-07T20:00:00.000Z,False,False,True,3771,Jack Spinks Stadium,2016,Alcorn State,SWAC,,50,Florida A&M,SWAC,
401868961,2026,10,regular,2026-11-07T20:00:00.000Z,False,False,True,3976,Mississippi Veterans Memorial Stadium,2296,Jackson State,SWAC,,2400,Mississippi Valley State,SWAC,
401868945,2026,10,regular,2026-11-07T20:00:00.000Z,False,False,True,3599,Ace W. Mumford Stadium,2582,Southern,SWAC,,2065,Bethune-Cookman,SWAC,
401868302,2026,10,regular,2026-11-07T20:00:00.000Z,False,False,True,5238,Panther Stadium,2504,Prairie View A&M,SWAC,,2010,Alabama A&M,SWAC,
401868939,2026,10,regular,2026-11-07T20:00:00.000Z,False,False,True,3902,Eddie Robinson Stadium,2755,Grambling,SWAC,,2029,Arkansas-Pine Bluff,SWAC,
401868116,2026,10,regular,2026-11-07T20:00:00.000Z,False,False,True,3987,Washington-Grizzly Stadium,149,Montana,Big Sky,,2502,Portland State,Big Sky,
401868153,2026,10,regular,2026-11-07T20:00:00.000Z,False,False,True,3706,Eccles Coliseum,253,Southern Utah,Big Sky,,2458,Northern Colorado,Big Sky,
401868184,2026,10,regular,2026-11-07T20:00:00.000Z,False,False,True,3858,O'Brien Stadium,2197,Eastern Illinois,Big South-OVC,,2710,Western Illinois,Big South-OVC,
401862820,2026,10,regular,2026-11-07T20:30:00.000Z,False,False,True,3852,Navy-Marine Corps Memorial Stadium,2426,Navy,American Athletic,,218,Temple,American Athletic,
401868200,2026,10,regular,2026-11-07T20:30:00.000Z,False,False,True,3810,Nissan Stadium,2634,Tennessee State,Big South-OVC,,2546,Southeast Missouri State,Big South-OVC,
401869153,2026,10,regular,2026-11-07T21:00:00.000Z,False,False,True,3779,Manning Field at John L. Guidry Stadium,2447,Nicholls,Southland,,2837,East Texas A&M,Southland,
401869140,2026,10,regular,2026-11-07T22:00:00.000Z,False,False,True,4424,Husky Stadium,2277,Houston Christian,Southland,,2377,McNeese,Southland,
401868137,2026,10,regular,2026-11-07T22:00:00.000Z,False,False,True,3711,Estes Stadium,2110,Central Arkansas,UAC,,2698,West Georgia,UAC,
401868090,2026,10,regular,2026-11-07T22:00:00.000Z,False,False,True,3791,Kibbie Dome,70,Idaho,Big Sky,,331,Eastern Washington,Big Sky,
401868082,2026,10,regular,2026-11-07T22:00:00.000Z,False,False,True,1027,Alex G. Spanos Stadium,13,Cal Poly,Big Sky,,2464,Northern Arizona,Big Sky,
401868068,2026,10,regular,2026-11-07T22:00:00.000Z,False,False,True,3742,Governors Stadium,2046,Austin Peay,UAC,,2198,Eastern Kentucky,UAC,
401860911,2026,10,regular,2026-11-07T23:00:00.000Z,False,False,True,5388,Canvas Stadium,36,Colorado State,Pac-12,,68,Boise State,Pac-12,
401867862,2026,10,regular,2026-11-07T23:00:00.000Z,False,False,True,3829,Memorial Stadium,282,Indiana State,MVFC,,79,Southern Illinois,MVFC,
401868108,2026,10,regular,2026-11-07T23:00:00.000Z,False,False,True,1930,Holt Arena,304,Idaho State,Big Sky,,147,Montana State,Big Sky,
401868166,2026,10,regular,2026-11-08T00:00:00.000Z,False,False,True,3602,Aggie Stadium,302,UC Davis,Big Sky,,3101,Utah Tech,Big Sky,
401868152,2026,10,regular,2026-11-08T00:00:00.000Z,False,False,True,4133,Braly Municipal Stadium,2453,North Alabama,UAC,,110242,West Florida,UAC,
401871075,2026,10,regular,2026-11-08T00:00:00.000Z,False,False,True,3662,AmFirst Stadium,55,Jacksonville State,Conference USA,,2534,Sam Houston,Conference USA,
401868057,2026,10,regular,2026-11-08T00:00:00.000Z,False,False,True,3827,"Memorial Stadium (Stephenville, TX)",2627,Tarleton State,UAC,,2000,Abilene Christian,UAC,
401868321,2026,10,regular,2026-11-08T00:00:00.000Z,False,False,True,3944,Strawberry Stadium,2545,SE Louisiana,Southland,,2916,Incarnate Word,Southland,
401862823,2026,10,regular,2026-11-08T00:30:00.000Z,False,False,False,3841,Michie Stadium,349,Army,American Athletic,,2005,Air Force,Mountain West,
401858291,2026,10,regular,2026-11-08T00:30:00.000Z,False,False,False,3855,Notre Dame Stadium,87,Notre Dame,FBS Independents,,2390,Miami,ACC,
401860913,2026,10,regular,2026-11-08T02:30:00.000Z,False,False,True,3905,Maverik Stadium,328,Utah State,Pac-12,,278,Fresno State,Pac-12,
401860912,2026,10,regular,2026-11-08T03:30:00.000Z,False,False,True,3893,Reser Stadium,204,Oregon State,Pac-12,,326,Texas State,Pac-12,
401864535,2026,10,regular,2026-11-08T03:30:00.000Z,False,False,True,6501,Allegiant Stadium,2439,UNLV,Mountain West,,2751,Wyoming,Mountain West,
401866458,2026,11,regular,2026-11-10T05:00:00.000Z,False,False,True,3768,InfoCision Stadium,2006,Akron,Mid-American,,2711,Western Michigan,Mid-American,
401866460,2026,11,regular,2026-11-10T05:00:00.000Z,False,False,True,3996,Yager Stadium,193,Miami (OH),Mid-American,,195,Ohio,Mid-American,
401866459,2026,11,regular,2026-11-10T05:00:00.000Z,False,False,True,3700,Doyt L. Perry Stadium,189,Bowling Green,Mid-American,,2309,Kent State,Mid-American,
401866462,2026,11,regular,2026-11-11T05:00:00.000Z,False,False,True,3786,Kelly/Shorts Stadium,2117,Central Michigan,Mid-American,,16,Sacramento State,Mid-American,
401866463,2026,11,regular,2026-11-11T05:00:00.000Z,False,False,True,3739,Glass Bowl,2649,Toledo,Mid-American,,113,Massachusetts,Mid-American,
401866461,2026,11,regular,2026-11-11T05:00:00.000Z,False,False,True,3919,Scheumann Stadium,2050,Ball State,Mid-American,,2084,Buffalo,Mid-American,
401862824,2026,11,regular,2026-11-13T01:00:00.000Z,False,False,True,3886,Raymond James Stadium,58,South Florida,American Athletic,,235,Memphis,American Athletic,
401869969,2026,11,regular,2026-11-13T02:00:00.000Z,False,False,True,3817,Malone Stadium,2433,UL Monroe,Sun Belt,,309,Louisiana,Sun Belt,
401858293,2026,11,regular,2026-11-14T00:00:00.000Z,False,False,True,3752,Acrisure Stadium,221,Pittsburgh,ACC,,52,Florida State,ACC,
401858526,2026,11,regular,2026-11-14T02:00:00.000Z,False,False,True,1056,Rose Bowl,26,UCLA,Big Ten,,356,Illinois,Big Ten,
401868157,2026,11,regular,2026-11-14T03:00:00.000Z,False,False,True,4765,Hillsboro Stadium,2502,Portland State,Big Sky,,253,Southern Utah,Big Sky,
401856860,2026,11,regular,2026-11-14T03:15:00.000Z,False,False,True,3726,Folsom Field,38,Colorado,Big 12,,248,Houston,Big 12,
401858297,2026,11,regular,2026-11-14T05:00:00.000Z,False,False,True,3836,"Memorial Stadium (Clemson, SC)",228,Clemson,ACC,,59,Georgia Tech,ACC,
401858298,2026,11,regular,2026-11-14T05:00:00.000Z,False,False,True,3787,Kenan Stadium,153,North Carolina,ACC,,97,Louisville,ACC,
401858299,2026,11,regular,2026-11-14T05:00:00.000Z,False,False,True,3799,Lane Stadium,259,Virginia Tech,ACC,,24,Stanford,ACC,
401858300,2026,11,regular,2026-11-14T05:00:00.000Z,False,False,True,3670,Carter-Finley Stadium,152,NC State,ACC,,183,Syracuse,ACC,
401858301,2026,11,regular,2026-11-14T05:00:00.000Z,False,False,True,3735,Gerald J. Ford Stadium,2567,SMU,ACC,,154,Wake Forest,ACC,
401858518,2026,11,regular,2026-11-14T05:00:00.000Z,False,False,True,3830,"Memorial Stadium (Bloomington, IN)",84,Indiana,Big Ten,,30,USC,Big Ten,
401871060,2026,11,regular,2026-11-14T05:00:00.000Z,False,False,True,3695,Delaware Stadium,48,Delaware,Conference USA,,2229,Florida International,Conference USA,
401856862,2026,11,regular,2026-11-14T05:00:00.000Z,False,False,True,3616,Amon G. Carter Stadium,2628,TCU,Big 12,,2306,Kansas State,Big 12,
401871099,2026,11,regular,2026-11-14T05:00:00.000Z,False,False,True,3776,Joe Aillet Stadium,2348,Louisiana Tech,Sun Belt,,2572,Southern Miss,Sun Belt,
401871100,2026,11,regular,2026-11-14T05:00:00.000Z,False,False,True,6526,Hancock Whitney Stadium,6,South Alabama,Sun Belt,,2653,Troy,Sun Belt,
401862825,2026,11,regular,2026-11-14T05:00:00.000Z,False,False,True,4418,Jerry Richardson Stadium,2429,Charlotte,American Athletic,,151,East Carolina,American Athletic,
401862826,2026,11,regular,2026-11-14T05:00:00.000Z,False,False,True,3674,Chapman Stadium,202,Tulsa,American Athletic,,2226,Florida Atlantic,American Athletic,
401862827,2026,11,regular,2026-11-14T05:00:00.000Z,False,False,True,3604,Alamodome,2636,UTSA,American Athletic,,249,North Texas,American Athletic,
401862828,2026,11,regular,2026-11-14T05:00:00.000Z,False,False,True,3895,Rice Stadium,242,Rice,American Athletic,,2655,Tulane,American Athletic,
401862829,2026,11,regular,2026-11-14T05:00:00.000Z,False,False,True,3806,Lincoln Financial Field,218,Temple,American Athletic,,5,UAB,American Athletic,
401864536,2026,11,regular,2026-11-14T05:00:00.000Z,False,False,True,3764,Huskie Stadium,2459,Northern Illinois,Mountain West,,2440,Nevada,Mountain West,
401864540,2026,11,regular,2026-11-14T05:00:00.000Z,False,False,True,3946,Sun Bowl,2638,UTEP,Mountain West,,2751,Wyoming,Mountain West,
401869928,2026,11,regular,2026-11-14T05:00:00.000Z,False,False,True,3775,Joan C. Edwards Stadium,276,Marshall,Sun Belt,,2026,App State,Sun Belt,
401869937,2026,11,regular,2026-11-14T05:00:00.000Z,False,False,True,3654,Brooks Stadium (SC),324,Coastal Carolina,Sun Belt,,2032,Arkansas State,Sun Belt,
401869952,2026,11,regular,2026-11-14T05:00:00.000Z,False,False,True,4246,Center Parc Stadium,2247,Georgia State,Sun Belt,,290,Georgia Southern,Sun Belt,
401870752,2026,11,regular,2026-11-14T05:00:00.000Z,False,False,True,3796,Houchens Industries-L.T. Smith Stadium,98,Western Kentucky,Conference USA,,55,Jacksonville State,Conference USA,
401870769,2026,11,regular,2026-11-14T05:00:00.000Z,False,False,True,3647,Elliott T. Bowers Stadium,2534,Sam Houston,Conference USA,,338,Kennesaw State,Conference USA,
401870796,2026,11,regular,2026-11-14T05:00:00.000Z,False,False,True,3878,Plaster Sports Complex,2623,Missouri State,Conference USA,,166,New Mexico State,Conference USA,
401870842,2026,11,regular,2026-11-14T05:00:00.000Z,False,False,True,3997,Yale Bowl,43,Yale,Ivy,,163,Princeton,Ivy,
401869146,2026,11,regular,2026-11-14T05:00:00.000Z,False,False,True,3882,Provost Umphrey Stadium,2320,Lamar,Southland,,2837,East Texas A&M,Southland,
401868395,2026,11,regular,2026-11-14T05:00:00.000Z,False,False,True,3597,Alumni Memorial Field,2678,VMI,Southern,,2643,The Citadel,Southern,
401868389,2026,11,regular,2026-11-14T05:00:00.000Z,False,False,True,3925,Seibert Stadium,2535,Samford,Southern,,2717,Western Carolina,Southern,
401868272,2026,11,regular,2026-11-14T05:00:00.000Z,False,False,True,3774,Jayne Stadium,2413,Morehead State,Pioneer,,2506,Presbyterian,Pioneer,
401867970,2026,11,regular,2026-11-14T05:00:00.000Z,False,False,True,3762,Hughes Stadium,2415,Morgan State,MEAC,,2450,Norfolk State,MEAC,
401867958,2026,11,regular,2026-11-14T05:00:00.000Z,False,False,True,3990,William H. Greene Stadium,47,Howard,MEAC,,2169,Delaware State,MEAC,
401856857,2026,11,regular,2026-11-14T05:00:00.000Z,False,False,True,3652,FBC Mortgage Stadium,2116,UCF,Big 12,,9,Arizona State,Big 12,
401856858,2026,11,regular,2026-11-14T05:00:00.000Z,False,False,True,3801,LaVell Edwards Stadium,252,BYU,Big 12,,239,Baylor,Big 12,
401856859,2026,11,regular,2026-11-14T05:00:00.000Z,False,False,True,3772,Jack Trice Stadium,66,Iowa State,Big 12,,2132,Cincinnati,Big 12,
401856861,2026,11,regular,2026-11-14T05:00:00.000Z,False,False,True,3842,Milan Puskar Stadium,277,West Virginia,Big 12,,2305,Kansas,Big 12,
401856887,2026,11,regular,2026-11-14T05:00:00.000Z,False,False,True,3835,"Memorial Stadium (Norman, OK)",201,Oklahoma,SEC,,145,Ole Miss,SEC,
401856888,2026,11,regular,2026-11-14T05:00:00.000Z,False,False,True,3795,Kyle Field,245,Texas A&M,SEC,,2633,Tennessee,SEC,
401858519,2026,11,regular,2026-11-14T05:00:00.000Z,False,False,True,3793,Kinnick Stadium,2294,Iowa,Big Ten,,2509,Purdue,Big Ten,
401858520,2026,11,regular,2026-11-14T05:00:00.000Z,False,False,True,3665,SECU Stadium,120,Maryland,Big Ten,,275,Wisconsin,Big Ten,
401858521,2026,11,regular,2026-11-14T05:00:00.000Z,False,False,True,3936,Spartan Stadium,127,Michigan State,Big Ten,,264,Washington,Big Ten,
401858522,2026,11,regular,2026-11-14T05:00:00.000Z,False,False,True,3861,Ohio Stadium,194,Ohio State,Big Ten,,77,Northwestern,Big Ten,
401858523,2026,11,regular,2026-11-14T05:00:00.000Z,False,False,True,3626,Autzen Stadium,2483,Oregon,Big Ten,,130,Michigan,Big Ten,
401858524,2026,11,regular,2026-11-14T05:00:00.000Z,False,False,True,3632,Beaver Stadium,213,Penn State,Big Ten,,135,Minnesota,Big Ten,
401858525,2026,11,regular,2026-11-14T05:00:00.000Z,False,False,True,6577,SHI Stadium,164,Rutgers,Big Ten,,158,Nebraska,Big Ten,
401856863,2026,11,regular,2026-11-14T05:00:00.000Z,False,False,True,3646,Boone Pickens Stadium,197,Oklahoma State,Big 12,,2641,Texas Tech,Big 12,
401867905,2026,11,regular,2026-11-14T05:00:00.000Z,False,False,True,11553,Shark Stadium,2341,Long Island University,NEC,,2115,Central Connecticut,NEC,
401867843,2026,11,regular,2026-11-14T05:00:00.000Z,False,False,True,3730,Franklin Field,219,Pennsylvania,Ivy,,108,Harvard,Ivy,
401867934,2026,11,regular,2026-11-14T05:00:00.000Z,False,False,True,3979,Wagner College Stadium,2681,Wagner,NEC,,2441,New Haven,NEC,
401856864,2026,11,regular,2026-11-14T05:00:00.000Z,False,False,True,3619,Arizona Stadium,12,Arizona,Big 12,,254,Utah,Big 12,
401856882,2026,11,regular,2026-11-14T05:00:00.000Z,False,False,True,3887,Razorback Stadium,8,Arkansas,SEC,,2579,South Carolina,SEC,
401856883,2026,11,regular,2026-11-14T05:00:00.000Z,False,False,True,3917,Sanford Stadium,61,Georgia,SEC,,142,Missouri,SEC,
401856884,2026,11,regular,2026-11-14T05:00:00.000Z,False,False,True,3683,Kroger Field,96,Kentucky,SEC,,57,Florida,SEC,
401856885,2026,11,regular,2026-11-14T05:00:00.000Z,False,False,True,3958,Tiger Stadium (LA),99,LSU,SEC,,251,Texas,SEC,
401856886,2026,11,regular,2026-11-14T05:00:00.000Z,False,False,True,3693,Davis Wade Stadium,344,Mississippi State,SEC,,2,Auburn,SEC,
401856889,2026,11,regular,2026-11-14T05:00:00.000Z,False,False,True,3973,FirstBank Stadium,238,Vanderbilt,SEC,,333,Alabama,SEC,
401873412,2026,11,regular,2026-11-14T05:00:00.000Z,False,False,True,5824,Lions Stadium,2442,College Of New Jersey,New Jersey,,2871,Kean,New Jersey,
401858295,2026,11,regular,2026-11-14T05:00:00.000Z,False,False,True,3923,Scott Stadium,258,Virginia,ACC,,25,California,ACC,
401858296,2026,11,regular,2026-11-14T05:00:00.000Z,False,False,True,3948,Hard Rock Stadium,2390,Miami,ACC,,150,Duke,ACC,
401867811,2026,11,regular,2026-11-14T17:00:00.000Z,False,False,True,3656,Brown Stadium,225,Brown,Ivy,,171,Columbia,Ivy,
401861967,2026,11,regular,2026-11-14T17:00:00.000Z,False,False,False,3892,Pratt & Whitney Stadium,41,UConn,FBS Independents,,256,James Madison,Sun Belt,
401866687,2026,11,regular,2026-11-14T17:00:00.000Z,False,False,True,4419,Bob Ford Field,399,UAlbany,CAA,,311,Maine,CAA,
401866688,2026,11,regular,2026-11-14T17:00:00.000Z,False,False,True,3668,Campus Field,2529,Sacred Heart,CAA,,2803,Bryant,CAA,
401866689,2026,11,regular,2026-11-14T17:00:00.000Z,False,False,True,11488,Centreville Bank Stadium,227,Rhode Island,CAA,,119,Towson,CAA,
401866693,2026,11,regular,2026-11-14T17:00:00.000Z,False,False,False,5389,Kessler Stadium,2405,Monmouth,CAA,,2771,Merrimack,FCS Independents,
401867853,2026,11,regular,2026-11-14T17:00:00.000Z,False,False,True,844,Stambaugh Stadium,2754,Youngstown State,MVFC,,2287,Illinois State,MVFC,
401867923,2026,11,regular,2026-11-14T17:00:00.000Z,False,False,True,3777,Joe Walton Stadium,2523,Robert Morris,NEC,,284,Stonehill,NEC,
401868014,2026,11,regular,2026-11-14T17:00:00.000Z,False,False,True,150,Jack Coffey Field,2230,Fordham,Patriot,,46,Georgetown,Patriot,
401868027,2026,11,regular,2026-11-14T17:00:00.000Z,False,False,True,3722,Fitton Field,107,Holy Cross,Patriot,,222,Villanova,Patriot,
401868217,2026,11,regular,2026-11-14T17:00:00.000Z,False,False,True,36,Leonidoff Field,2368,Marist,Pioneer,,2086,Butler,Pioneer,
401868225,2026,11,regular,2026-11-14T17:00:00.000Z,False,False,True,3988,Welcome Stadium,2168,Dayton,Pioneer,,2166,Davidson,Pioneer,
401869155,2026,11,regular,2026-11-14T17:00:00.000Z,False,False,True,3623,Arthur J. Rooney Athletic Field,2184,Duquesne,NEC,,2385,Mercyhurst,NEC,
401867997,2026,11,regular,2026-11-14T18:00:00.000Z,False,False,True,3998,Zable Stadium,2729,William & Mary,Patriot,,2083,Bucknell,Patriot,
401867863,2026,11,regular,2026-11-14T18:00:00.000Z,False,False,True,3829,Memorial Stadium,282,Indiana State,MVFC,,93,Murray State,MVFC,
401868006,2026,11,regular,2026-11-14T18:00:00.000Z,False,False,True,3617,Andy Kerr Stadium,2142,Colgate,Patriot,,322,Lafayette,Patriot,
401868946,2026,11,regular,2026-11-14T18:00:00.000Z,False,False,True,3850,Municipal Stadium,2065,Bethune-Cookman,SWAC,,2755,Grambling,SWAC,
401868344,2026,11,regular,2026-11-14T18:00:00.000Z,False,False,True,3868,Paladin Stadium,231,Furman,Southern,,236,Chattanooga,Southern,
401868286,2026,11,regular,2026-11-14T18:00:00.000Z,False,False,True,4416,Spec Martin Municipal Stadium,56,Stetson,Pioneer,,2674,Valparaiso,Pioneer,
401873237,2026,11,regular,2026-11-14T18:00:00.000Z,False,False,True,6104,Baker Stadium,2508,Puget Sound,Northwest,,2721,Whitworth,Northwest,
401873402,2026,11,regular,2026-11-14T18:00:00.000Z,False,False,True,5918,Taylor Field,6353,Lakeland,NACC,,2524,Rockford,NACC,
401866690,2026,11,regular,2026-11-14T18:00:00.000Z,False,False,True,3620,Armstrong Stadium,2261,Hampton,CAA,,2448,North Carolina A&T,CAA,
401866691,2026,11,regular,2026-11-14T18:00:00.000Z,False,False,True,3688,Wildcat Stadium,160,New Hampshire,CAA,,2619,Stony Brook,CAA,
401867833,2026,11,regular,2026-11-14T18:00:00.000Z,False,False,True,3921,Schoellkopf Field,172,Cornell,Ivy,,159,Dartmouth,Ivy,
401868351,2026,11,regular,2026-11-14T18:30:00.000Z,False,False,True,3737,Gibbs Stadium,2747,Wofford,Southern,,2193,East Tennessee State,Southern,
401867981,2026,11,regular,2026-11-14T18:30:00.000Z,False,False,True,3864,Oliver C. Dawson Stadium,2569,South Carolina State,MEAC,,2428,North Carolina Central,MEAC,
401866692,2026,11,regular,2026-11-14T19:00:00.000Z,False,False,True,3894,Rhodes Stadium,2210,Elon,CAA,,2097,Campbell,CAA,
401867888,2026,11,regular,2026-11-14T19:00:00.000Z,False,False,True,1905,DakotaDome,233,South Dakota,MVFC,,2460,Northern Iowa,MVFC,
401867893,2026,11,regular,2026-11-14T19:00:00.000Z,False,False,True,3913,Saluki Stadium,79,Southern Illinois,MVFC,,2571,South Dakota State,MVFC,
401868036,2026,11,regular,2026-11-14T19:00:00.000Z,False,False,True,2068,E. Claiborne Robins Stadium,257,Richmond,Patriot,,2329,Lehigh,Patriot,
401868058,2026,11,regular,2026-11-14T19:00:00.000Z,False,False,True,3742,Governors Stadium,2046,Austin Peay,UAC,,2000,Abilene Christian,UAC,
401868122,2026,11,regular,2026-11-14T19:00:00.000Z,False,False,True,3856,Nottingham Field,2458,Northern Colorado,Big Sky,,147,Montana State,Big Sky,
401868138,2026,11,regular,2026-11-14T19:00:00.000Z,False,False,True,3908,Roy Kidd Stadium,2198,Eastern Kentucky,UAC,,2110,Central Arkansas,UAC,
401868177,2026,11,regular,2026-11-14T19:00:00.000Z,False,False,True,3658,Buccaneer Field,2127,Charleston Southern,Big South-OVC,,2546,Southeast Missouri State,Big South-OVC,
401868192,2026,11,regular,2026-11-14T19:00:00.000Z,False,False,True,3746,Hanson Field,2710,Western Illinois,Big South-OVC,,2241,Gardner-Webb,Big South-OVC,
401868233,2026,11,regular,2026-11-14T19:00:00.000Z,False,False,True,5888,University Stadium (GA),2698,West Georgia,UAC,,2453,North Alabama,UAC,
401868260,2026,11,regular,2026-11-14T19:00:00.000Z,False,False,True,5116,O'Shaughnessy Stadium,2900,St. Thomas (MN),Pioneer,,2181,Drake,Pioneer,
401869135,2026,11,regular,2026-11-14T19:00:00.000Z,False,False,True,3963,Harry Turpin Stadium,2466,Northwestern State,Southland,,2277,Houston Christian,Southland,
401868385,2026,11,regular,2026-11-14T19:30:00.000Z,False,False,True,3962,Tucker Stadium,2635,Tennessee Tech,Southern,,2382,Mercer,Southern,
401868332,2026,11,regular,2026-11-14T20:00:00.000Z,False,False,True,4582,Hornet Stadium,2011,Alabama State,SWAC,,2296,Jackson State,SWAC,
401869148,2026,11,regular,2026-11-14T20:00:00.000Z,False,False,True,3734,Gayle and Tom Benson Stadium,2916,Incarnate Word,Southland,,2447,Nicholls,Southland,
401868951,2026,11,regular,2026-11-14T20:00:00.000Z,False,False,True,3650,Bragg Memorial Stadium,50,Florida A&M,SWAC,,2400,Mississippi Valley State,SWAC,
401868940,2026,11,regular,2026-11-14T20:00:00.000Z,False,False,True,3740,Golden Lion Stadium,2029,Arkansas-Pine Bluff,SWAC,,2504,Prairie View A&M,SWAC,
401868364,2026,11,regular,2026-11-14T20:00:00.000Z,False,False,True,3599,Ace W. Mumford Stadium,2582,Southern,SWAC,,2016,Alcorn State,SWAC,
401868202,2026,11,regular,2026-11-14T20:00:00.000Z,False,False,True,3748,Graham Stadium,2630,UT Martin,Big South-OVC,,2815,Lindenwood,Big South-OVC,
401868303,2026,11,regular,2026-11-14T20:00:00.000Z,False,False,True,3809,Louis Crews Stadium,2010,Alabama A&M,SWAC,,2640,Texas Southern,SWAC,
401868239,2026,11,regular,2026-11-14T20:00:00.000Z,False,False,True,10803,Pen-Air Field,110242,West Florida,UAC,,2627,Tarleton State,UAC,
401871061,2026,11,regular,2026-11-14T20:30:00.000Z,False,False,True,3992,Williams Stadium (VA),2335,Liberty,Conference USA,,2393,Middle Tennessee,Conference USA,
401868185,2026,11,regular,2026-11-14T20:30:00.000Z,False,False,True,3810,Nissan Stadium,2634,Tennessee State,Big South-OVC,,2197,Eastern Illinois,Big South-OVC,
401858294,2026,11,regular,2026-11-14T20:30:00.000Z,False,False,False,3855,Notre Dame Stadium,87,Notre Dame,FBS Independents,,103,Boston College,ACC,
401868091,2026,11,regular,2026-11-14T21:00:00.000Z,False,False,True,3745,Greater Zion Stadium,3101,Utah Tech,Big Sky,,331,Eastern Washington,Big Sky,
401860916,2026,11,regular,2026-11-14T21:00:00.000Z,False,False,True,3644,Bobcat Stadium (TX),326,Texas State,Pac-12,,278,Fresno State,Pac-12,
401868127,2026,11,regular,2026-11-14T21:00:00.000Z,False,False,True,2023,Walkup Skydome,2464,Northern Arizona,Big Sky,,2692,Weber State,Big Sky,
401868099,2026,11,regular,2026-11-14T21:00:00.000Z,False,False,True,3791,Kibbie Dome,70,Idaho,Big Sky,,302,UC Davis,Big Sky,
401860914,2026,11,regular,2026-11-14T23:00:00.000Z,False,False,True,3653,Albertsons Stadium,68,Boise State,Pac-12,,204,Oregon State,Pac-12,
401868293,2026,11,regular,2026-11-14T23:00:00.000Z,False,False,True,6006,Robert and Janet Vackar Stadium,292,UT Rio Grande Valley,Southland,,2617,Stephen F. Austin,Southland,
401864538,2026,11,regular,2026-11-15T00:00:00.000Z,False,False,True,3713,Falcon Stadium,2005,Air Force,Mountain West,,23,San José State,Mountain West,
401868322,2026,11,regular,2026-11-15T00:00:00.000Z,False,False,True,3944,Strawberry Stadium,2545,SE Louisiana,Southland,,2377,McNeese,Southland,
401864539,2026,11,regular,2026-11-15T00:30:00.000Z,False,False,True,3971,University Stadium (NM),167,New Mexico,Mountain West,,2439,UNLV,Mountain West,
401860915,2026,11,regular,2026-11-15T02:30:00.000Z,False,False,True,7311,Snapdragon Stadium,21,San Diego State,Pac-12,,328,Utah State,Pac-12,
401860917,2026,11,regular,2026-11-15T03:30:00.000Z,False,False,True,3820,Gesa Field,265,Washington State,Pac-12,,36,Colorado State,Pac-12,
401868109,2026,11,regular,2026-11-15T03:30:00.000Z,False,False,True,3987,Washington-Grizzly Stadium,149,Montana,Big Sky,,304,Idaho State,Big Sky,
401864537,2026,11,regular,2026-11-15T04:00:00.000Z,False,False,True,7220,Clarence T.C. Ching Athletics Complex,62,Hawai'i,Mountain West,,2449,North Dakota State,Mountain West,
401866466,2026,12,regular,2026-11-17T05:00:00.000Z,False,False,True,3696,Dix Stadium,2309,Kent State,Mid-American,,193,Miami (OH),Mid-American,
401866464,2026,12,regular,2026-11-17T05:00:00.000Z,False,False,True,3876,Peden Stadium,195,Ohio,Mid-American,,2050,Ball State,Mid-American,
401866465,2026,12,regular,2026-11-17T05:00:00.000Z,False,False,True,3980,Waldo Stadium,2711,Western Michigan,Mid-American,,2199,Eastern Michigan,Mid-American,
401866469,2026,12,regular,2026-11-18T05:00:00.000Z,False,False,True,3965,UB Stadium,2084,Buffalo,Mid-American,,2117,Central Michigan,Mid-American,
401866467,2026,12,regular,2026-11-18T05:00:00.000Z,False,False,True,3985,Warren McGuirk Alumni Stadium,113,Massachusetts,Mid-American,,2006,Akron,Mid-American,
401869938,2026,12,regular,2026-11-19T05:00:00.000Z,False,False,True,3776,Joe Aillet Stadium,2348,Louisiana Tech,Sun Belt,,2032,Arkansas State,Sun Belt,
401868314,2026,12,regular,2026-11-20T00:00:00.000Z,False,False,True,3756,Homer Bryce Stadium,2617,Stephen F. Austin,Southland,,2466,Northwestern State,Southland,
401868323,2026,12,regular,2026-11-20T00:00:00.000Z,False,False,True,3779,Manning Field at John L. Guidry Stadium,2447,Nicholls,Southland,,2545,SE Louisiana,Southland,
401862830,2026,12,regular,2026-11-20T00:30:00.000Z,False,False,True,3806,Lincoln Financial Field,218,Temple,American Athletic,,242,Rice,American Athletic,
401856869,2026,12,regular,2026-11-20T23:00:00.000Z,False,False,True,3652,FBC Mortgage Stadium,2116,UCF,Big 12,,66,Iowa State,Big 12,
401866468,2026,12,regular,2026-11-21T00:30:00.000Z,False,False,True,3739,Glass Bowl,2649,Toledo,Mid-American,,189,Bowling Green,Mid-American,
401858303,2026,12,regular,2026-11-21T00:30:00.000Z,False,False,True,3982,Wallace Wade Stadium,150,Duke,ACC,,228,Clemson,ACC,
401864545,2026,12,regular,2026-11-21T01:00:00.000Z,False,False,True,3713,Falcon Stadium,2005,Air Force,Mountain West,,2638,UTEP,Mountain West,
401858529,2026,12,regular,2026-11-21T01:00:00.000Z,False,False,True,3936,Spartan Stadium,127,Michigan State,Big Ten,,2483,Oregon,Big Ten,
401858535,2026,12,regular,2026-11-21T05:00:00.000Z,False,False,True,3765,Husky Stadium,264,Washington,Big Ten,,84,Indiana,Big Ten,
401862836,2026,12,regular,2026-11-21T05:00:00.000Z,False,False,True,7221,Protective Stadium,5,UAB,American Athletic,,2636,UTSA,American Athletic,
401864541,2026,12,regular,2026-11-21T05:00:00.000Z,False,False,True,3816,Mackay Stadium,2440,Nevada,Mountain West,,62,Hawai'i,Mountain West,
401856748,2026,12,regular,2026-11-21T05:00:00.000Z,False,False,True,3634,Ben Hill Griffin Stadium,57,Florida,SEC,,238,Vanderbilt,SEC,
401856866,2026,12,regular,2026-11-21T05:00:00.000Z,False,False,True,3833,Memorial Stadium,2305,Kansas,Big 12,,252,BYU,Big 12,
401856867,2026,12,regular,2026-11-21T05:00:00.000Z,False,False,True,3854,Nippert Stadium,2132,Cincinnati,Big 12,,38,Colorado,Big 12,
401856868,2026,12,regular,2026-11-21T05:00:00.000Z,False,False,True,3842,Milan Puskar Stadium,277,West Virginia,Big 12,,248,Houston,Big 12,
401856870,2026,12,regular,2026-11-21T05:00:00.000Z,False,False,True,3947,Mountain America Stadium,9,Arizona State,Big 12,,197,Oklahoma State,Big 12,
401856871,2026,12,regular,2026-11-21T05:00:00.000Z,False,False,True,4727,McLane Stadium,239,Baylor,Big 12,,2641,Texas Tech,Big 12,
401858305,2026,12,regular,2026-11-21T05:00:00.000Z,False,False,True,3923,Scott Stadium,258,Virginia,ACC,,153,North Carolina,ACC,
401858306,2026,12,regular,2026-11-21T05:00:00.000Z,False,False,True,3873,L&N Federal Credit Union Stadium,97,Louisville,ACC,,221,Pittsburgh,ACC,
401858308,2026,12,regular,2026-11-21T05:00:00.000Z,False,False,True,3831,California Memorial Stadium,25,California,ACC,,24,Stanford,ACC,
401858309,2026,12,regular,2026-11-21T05:00:00.000Z,False,False,True,3615,"Alumni Stadium (Chestnut Hill, MA)",103,Boston College,ACC,,183,Syracuse,ACC,
401858310,2026,12,regular,2026-11-21T05:00:00.000Z,False,False,True,721,Bobby Dodd Stadium,59,Georgia Tech,ACC,,154,Wake Forest,ACC,
401858527,2026,12,regular,2026-11-21T05:00:00.000Z,False,False,True,3832,"Memorial Stadium (Champaign, IL)",356,Illinois,Big Ten,,2294,Iowa,Big Ten,
401858528,2026,12,regular,2026-11-21T05:00:00.000Z,False,False,True,3558,Michigan Stadium,130,Michigan,Big Ten,,26,UCLA,Big Ten,
401868941,2026,12,regular,2026-11-21T05:00:00.000Z,False,False,True,3631,BBVA Compass Stadium,2640,Texas Southern,SWAC,,2029,Arkansas-Pine Bluff,SWAC,
401856751,2026,12,regular,2026-11-21T05:00:00.000Z,False,False,True,3838,Memorial Stadium,142,Missouri,SEC,,96,Kentucky,SEC,
401856752,2026,12,regular,2026-11-21T05:00:00.000Z,False,False,True,3835,"Memorial Stadium (Norman, OK)",201,Oklahoma,SEC,,245,Texas A&M,SEC,
401856753,2026,12,regular,2026-11-21T05:00:00.000Z,False,False,True,3994,Williams-Brice Stadium,2579,South Carolina,SEC,,61,Georgia,SEC,
401856754,2026,12,regular,2026-11-21T05:00:00.000Z,False,False,True,3853,Neyland Stadium,2633,Tennessee,SEC,,99,LSU,SEC,
401856755,2026,12,regular,2026-11-21T05:00:00.000Z,False,False,True,3910,DKR-Texas Memorial Stadium,251,Texas,SEC,,8,Arkansas,SEC,
401856865,2026,12,regular,2026-11-21T05:00:00.000Z,False,False,True,3636,Bill Snyder Family Stadium,2306,Kansas State,Big 12,,12,Arizona,Big 12,
401856872,2026,12,regular,2026-11-21T05:00:00.000Z,False,False,True,3616,Amon G. Carter Stadium,2628,TCU,Big 12,,254,Utah,Big 12,
401858304,2026,12,regular,2026-11-21T05:00:00.000Z,False,False,True,3697,Doak Campbell Stadium,52,Florida State,ACC,,152,NC State,ACC,
401858530,2026,12,regular,2026-11-21T05:00:00.000Z,False,False,True,3953,Huntington Bank Stadium,135,Minnesota,Big Ten,,77,Northwestern,Big Ten,
401858531,2026,12,regular,2026-11-21T05:00:00.000Z,False,False,True,3834,"Memorial Stadium (Lincoln, NE)",158,Nebraska,Big Ten,,194,Ohio State,Big Ten,
401858532,2026,12,regular,2026-11-21T05:00:00.000Z,False,False,True,3632,Beaver Stadium,213,Penn State,Big Ten,,164,Rutgers,Big Ten,
401858533,2026,12,regular,2026-11-21T05:00:00.000Z,False,False,True,3907,Ross-Ade Stadium,2509,Purdue,Big Ten,,275,Wisconsin,Big Ten,
401858534,2026,12,regular,2026-11-21T05:00:00.000Z,False,False,True,477,Los Angeles Memorial Coliseum,30,USC,Big Ten,,120,Maryland,Big Ten,
401869929,2026,12,regular,2026-11-21T05:00:00.000Z,False,False,True,3792,Kidd Brewer Stadium,2026,App State,Sun Belt,,2433,UL Monroe,Sun Belt,
401869946,2026,12,regular,2026-11-21T05:00:00.000Z,False,False,True,3666,Cajun Field,309,Louisiana,Sun Belt,,324,Coastal Carolina,Sun Belt,
401869953,2026,12,regular,2026-11-21T05:00:00.000Z,False,False,True,3975,Veterans Memorial Stadium (AL),2653,Troy,Sun Belt,,290,Georgia Southern,Sun Belt,
401869958,2026,12,regular,2026-11-21T05:00:00.000Z,False,False,True,3775,Joan C. Edwards Stadium,276,Marshall,Sun Belt,,2247,Georgia State,Sun Belt,
401871077,2026,12,regular,2026-11-21T05:00:00.000Z,False,False,True,3601,Aggie Memorial Stadium,166,New Mexico State,Conference USA,,48,Delaware,Conference USA,
401871078,2026,12,regular,2026-11-21T05:00:00.000Z,False,False,True,4899,Fifth Third Stadium,338,Kennesaw State,Conference USA,,2229,Florida International,Conference USA,
401871079,2026,12,regular,2026-11-21T05:00:00.000Z,False,False,True,3662,AmFirst Stadium,55,Jacksonville State,Conference USA,,2623,Missouri State,Conference USA,
401871080,2026,12,regular,2026-11-21T05:00:00.000Z,False,False,True,3992,Williams Stadium (VA),2335,Liberty,Conference USA,,98,Western Kentucky,Conference USA,
401871081,2026,12,regular,2026-11-21T05:00:00.000Z,False,False,True,3647,Elliott T. Bowers Stadium,2534,Sam Houston,Conference USA,,2393,Middle Tennessee,Conference USA,
401871101,2026,12,regular,2026-11-21T05:00:00.000Z,False,False,True,3815,M. M. Roberts Stadium,2572,Southern Miss,Sun Belt,,6,South Alabama,Sun Belt,
401866700,2026,12,regular,2026-11-21T05:00:00.000Z,False,False,False,6048,Duane Stadium,2771,Merrimack,FCS Independents,,2529,Sacred Heart,CAA,
401867812,2026,12,regular,2026-11-21T05:00:00.000Z,False,False,True,3826,Memorial Field,159,Dartmouth,Ivy,,225,Brown,Ivy,
401868380,2026,12,regular,2026-11-21T05:00:00.000Z,False,False,True,3597,Alumni Memorial Field,2678,VMI,Southern,,231,Furman,Southern,
401872643,2026,12,regular,2026-11-21T05:00:00.000Z,False,False,True,4428,Saxon Stadium,2385,Mercyhurst,NEC,,2441,New Haven,NEC,
401858302,2026,12,regular,2026-11-21T05:00:00.000Z,False,False,True,3948,Hard Rock Stadium,2390,Miami,ACC,,259,Virginia Tech,ACC,
401862832,2026,12,regular,2026-11-21T05:00:00.000Z,False,False,True,3674,Chapman Stadium,202,Tulsa,American Athletic,,2429,Charlotte,American Athletic,
401862833,2026,12,regular,2026-11-21T05:00:00.000Z,False,False,True,3715,FAU Stadium,2226,Florida Atlantic,American Athletic,,58,South Florida,American Athletic,
401862835,2026,12,regular,2026-11-21T05:00:00.000Z,False,False,True,4729,Yulman Stadium,2655,Tulane,American Athletic,,249,North Texas,American Athletic,
401862834,2026,12,regular,2026-11-21T17:00:00.000Z,False,False,True,3852,Navy-Marine Corps Memorial Stadium,2426,Navy,American Athletic,,235,Memphis,American Athletic,
401867825,2026,12,regular,2026-11-21T17:00:00.000Z,False,False,True,3802,Lawrence A. Wien Stadium,171,Columbia,Ivy,,172,Cornell,Ivy,
401856749,2026,12,regular,2026-11-21T17:00:00.000Z,False,False,False,3974,Vaught-Hemingway Stadium,145,Ole Miss,SEC,,2747,Wofford,Southern,
401867906,2026,12,regular,2026-11-21T17:00:00.000Z,False,False,True,3624,Arute Field,2115,Central Connecticut,NEC,,2184,Duquesne,NEC,
401867915,2026,12,regular,2026-11-21T17:00:00.000Z,False,False,True,3777,Joe Walton Stadium,2523,Robert Morris,NEC,,2341,Long Island University,NEC,
401867927,2026,12,regular,2026-11-21T17:00:00.000Z,False,False,True,6075,W.B. Mason Stadium,284,Stonehill,NEC,,2681,Wagner,NEC,
401867965,2026,12,regular,2026-11-21T17:00:00.000Z,False,False,True,3991,"William Dick"""" Price Stadium""""",2450,Norfolk State,MEAC,,47,Howard,MEAC,
401868015,2026,12,regular,2026-11-21T17:00:00.000Z,False,False,True,3722,Fitton Field,107,Holy Cross,Patriot,,2230,Fordham,Patriot,
401868039,2026,12,regular,2026-11-21T17:00:00.000Z,False,False,True,2068,E. Claiborne Robins Stadium,257,Richmond,Patriot,,2729,William & Mary,Patriot,
401866695,2026,12,regular,2026-11-21T17:00:00.000Z,False,False,True,3788,Kenneth P. LaValle Stadium,2619,Stony Brook,CAA,,2261,Hampton,CAA,
401866694,2026,12,regular,2026-11-21T17:00:00.000Z,False,False,True,3603,Aggie Stadium,2448,North Carolina A&T,CAA,,399,UAlbany,CAA,
401872619,2026,12,regular,2026-11-21T17:00:00.000Z,False,False,True,3881,Princeton University Stadium,163,Princeton,Ivy,,219,Pennsylvania,Ivy,
401862831,2026,12,regular,2026-11-21T17:00:00.000Z,False,False,True,3841,Michie Stadium,349,Army,American Athletic,,151,East Carolina,American Athletic,
401868032,2026,12,regular,2026-11-21T17:30:00.000Z,False,False,True,3721,Fisher Field,322,Lafayette,Patriot,,2329,Lehigh,Patriot,
401856750,2026,12,regular,2026-11-21T18:00:00.000Z,False,False,False,3693,Davis Wade Stadium,344,Mississippi State,SEC,,2635,Tennessee Tech,Southern,
401866696,2026,12,regular,2026-11-21T18:00:00.000Z,False,False,True,3661,Bulldog Stadium,2803,Bryant,CAA,,227,Rhode Island,CAA,
401866697,2026,12,regular,2026-11-21T18:00:00.000Z,False,False,True,3629,Barker-Lane Stadium,2097,Campbell,CAA,,2405,Monmouth,CAA,
401866698,2026,12,regular,2026-11-21T18:00:00.000Z,False,False,True,3781,Johnny Unitas Stadium,119,Towson,CAA,,2210,Elon,CAA,
401866699,2026,12,regular,2026-11-21T18:00:00.000Z,False,False,True,3607,Alfond Stadium,311,Maine,CAA,,160,New Hampshire,CAA,
401867854,2026,12,regular,2026-11-21T18:00:00.000Z,False,False,True,3744,Hancock Stadium,2287,Illinois State,MVFC,,233,South Dakota,MVFC,
401867998,2026,12,regular,2026-11-21T18:00:00.000Z,False,False,True,3676,Christy Mathewson-Memorial Stadium,2083,Bucknell,Patriot,,2142,Colgate,Patriot,
401868021,2026,12,regular,2026-11-21T18:00:00.000Z,False,False,True,717,Villanova Stadium,222,Villanova,Patriot,,46,Georgetown,Patriot,
401868178,2026,12,regular,2026-11-21T18:00:00.000Z,False,False,True,3858,O'Brien Stadium,2197,Eastern Illinois,Big South-OVC,,2127,Charleston Southern,Big South-OVC,
401868218,2026,12,regular,2026-11-21T18:00:00.000Z,False,False,True,3664,Butler Bowl,2086,Butler,Pioneer,,2413,Morehead State,Pioneer,
401868226,2026,12,regular,2026-11-21T18:00:00.000Z,False,False,True,3897,Richardson Stadium,2166,Davidson,Pioneer,,2368,Marist,Pioneer,
401868253,2026,12,regular,2026-11-21T18:00:00.000Z,False,False,True,3627,Bailey Memorial Stadium,2506,Presbyterian,Pioneer,,2168,Dayton,Pioneer,
401868283,2026,12,regular,2026-11-21T18:00:00.000Z,False,False,True,3655,Brown Field,2674,Valparaiso,Pioneer,,2900,St. Thomas (MN),Pioneer,
401868396,2026,12,regular,2026-11-21T18:00:00.000Z,False,False,True,3704,E. J. Whitmire Stadium,2717,Western Carolina,Southern,,2643,The Citadel,Southern,
401868193,2026,12,regular,2026-11-21T18:30:00.000Z,False,False,True,3710,Ernest W. Spangler Stadium,2241,Gardner-Webb,Big South-OVC,,2634,Tennessee State,Big South-OVC,
401867959,2026,12,regular,2026-11-21T18:30:00.000Z,False,False,True,3864,Oliver C. Dawson Stadium,2569,South Carolina State,MEAC,,2169,Delaware State,MEAC,
401868117,2026,12,regular,2026-11-21T19:00:00.000Z,False,False,True,3643,Bobcat Stadium,147,Montana State,Big Sky,,149,Montana,Big Sky,
401856746,2026,12,regular,2026-11-21T19:00:00.000Z,False,False,False,3657,Bryant-Denny Stadium,333,Alabama,SEC,,236,Chattanooga,Southern,
401891330,2026,12,regular,2026-11-21T19:00:00.000Z,False,False,False,3706,Eccles Coliseum,253,Southern Utah,Big Sky,,2130,Chicago State,FCS Independents,
401868244,2026,12,regular,2026-11-21T19:00:00.000Z,False,False,True,5888,University Stadium (GA),2698,West Georgia,UAC,,110242,West Florida,UAC,
401867873,2026,12,regular,2026-11-21T19:00:00.000Z,False,False,True,3909,Roy Stewart Stadium,93,Murray State,MVFC,,2460,Northern Iowa,MVFC,
401867881,2026,12,regular,2026-11-21T19:00:00.000Z,False,False,True,3605,Alerus Center,155,North Dakota,MVFC,,79,Southern Illinois,MVFC,
401867971,2026,12,regular,2026-11-21T19:00:00.000Z,False,False,True,3862,O'Kelly-Riddick Stadium,2428,North Carolina Central,MEAC,,2415,Morgan State,MEAC,
401868059,2026,12,regular,2026-11-21T19:00:00.000Z,False,False,True,5440,Wildcat Stadium (TX),2000,Abilene Christian,UAC,,2198,Eastern Kentucky,UAC,
401868203,2026,12,regular,2026-11-21T19:00:00.000Z,False,False,True,7003,Houck Field,2546,Southeast Missouri State,Big South-OVC,,2630,UT Martin,Big South-OVC,
401868352,2026,12,regular,2026-11-21T20:00:00.000Z,False,False,True,4417,Five Star Stadium at the Moye Complex,2382,Mercer,Southern,,2193,East Tennessee State,Southern,
401868304,2026,12,regular,2026-11-21T20:00:00.000Z,False,False,True,3896,Rice-Totten Field,2400,Mississippi Valley State,SWAC,,2010,Alabama A&M,SWAC,
401868208,2026,12,regular,2026-11-21T20:00:00.000Z,False,False,True,3749,Hunter Stadium,2815,Lindenwood,Big South-OVC,,2710,Western Illinois,Big South-OVC,
401868167,2026,12,regular,2026-11-21T20:00:00.000Z,False,False,True,3942,Stewart Stadium,2692,Weber State,Big Sky,,3101,Utah Tech,Big Sky,
401867864,2026,12,regular,2026-11-21T20:00:00.000Z,False,False,True,5237,Dana J. Dykhouse Stadium,2571,South Dakota State,MVFC,,282,Indiana State,MVFC,
401868353,2026,12,regular,2026-11-21T20:00:00.000Z,False,False,True,4582,Hornet Stadium,2011,Alabama State,SWAC,,2504,Prairie View A&M,SWAC,
401868365,2026,12,regular,2026-11-21T20:00:00.000Z,False,False,True,3771,Jack Spinks Stadium,2016,Alcorn State,SWAC,,2296,Jackson State,SWAC,
401867844,2026,12,regular,2026-11-21T20:30:00.000Z,False,True,True,4245,Fenway Park,108,Harvard,Ivy,,43,Yale,Ivy,
401861968,2026,12,regular,2026-11-21T20:30:00.000Z,False,False,False,3892,Pratt & Whitney Stadium,41,UConn,FBS Independents,,295,Old Dominion,Sun Belt,
401856747,2026,12,regular,2026-11-21T20:30:00.000Z,False,False,False,3785,Jordan-Hare Stadium,2,Auburn,SEC,,2535,Samford,Southern,
401868947,2026,12,regular,2026-11-21T20:30:00.000Z,False,True,True,4013,Camping World Stadium,2065,Bethune-Cookman,SWAC,,50,Florida A&M,SWAC,
401864543,2026,12,regular,2026-11-21T21:00:00.000Z,False,False,True,3714,Fargodome,2449,North Dakota State,Mountain West,,2459,Northern Illinois,Mountain West,
401868092,2026,12,regular,2026-11-21T21:00:00.000Z,False,False,True,3906,Roos Field,331,Eastern Washington,Big Sky,,2502,Portland State,Big Sky,
401868083,2026,12,regular,2026-11-21T21:00:00.000Z,False,False,True,3602,Aggie Stadium,302,UC Davis,Big Sky,,13,Cal Poly,Big Sky,
401869149,2026,12,regular,2026-11-21T21:00:00.000Z,False,False,True,4762,Memorial Stadium (Commerce TX),2837,East Texas A&M,Southland,,2916,Incarnate Word,Southland,
401868234,2026,12,regular,2026-11-21T21:00:00.000Z,False,False,True,4133,Braly Municipal Stadium,2453,North Alabama,UAC,,2627,Tarleton State,UAC,
401868128,2026,12,regular,2026-11-21T21:00:00.000Z,False,False,True,2023,Walkup Skydome,2464,Northern Arizona,Big Sky,,2458,Northern Colorado,Big Sky,
401868069,2026,12,regular,2026-11-21T22:00:00.000Z,False,False,True,3711,Estes Stadium,2110,Central Arkansas,UAC,,2046,Austin Peay,UAC,
401868294,2026,12,regular,2026-11-21T22:00:00.000Z,False,False,True,4424,Husky Stadium,2277,Houston Christian,Southland,,292,UT Rio Grande Valley,Southland,
401868100,2026,12,regular,2026-11-21T23:00:00.000Z,False,False,True,1930,Holt Arena,304,Idaho State,Big Sky,,70,Idaho,Big Sky,
401860920,2026,12,regular,2026-11-21T23:00:00.000Z,False,False,True,3644,Bobcat Stadium (TX),326,Texas State,Pac-12,,265,Washington State,Pac-12,
401869141,2026,12,regular,2026-11-22T00:00:00.000Z,False,False,True,3686,Cowboy Stadium,2377,McNeese,Southland,,2320,Lamar,Southland,
401858307,2026,12,regular,2026-11-22T00:30:00.000Z,False,False,False,3855,Notre Dame Stadium,87,Notre Dame,FBS Independents,,2567,SMU,ACC,
401860918,2026,12,regular,2026-11-22T00:30:00.000Z,False,False,True,3660,Valley Children's Stadium,278,Fresno State,Pac-12,,36,Colorado State,Pac-12,
401864544,2026,12,regular,2026-11-22T01:00:00.000Z,False,False,True,3935,CEFCU Stadium,23,San José State,Mountain West,,2439,UNLV,Mountain West,
401868287,2026,12,regular,2026-11-22T01:00:00.000Z,False,False,True,716,Torero Stadium,301,San Diego,Pioneer,,56,Stetson,Pioneer,
401864542,2026,12,regular,2026-11-22T02:00:00.000Z,False,False,True,3984,War Memorial Stadium,2751,Wyoming,Mountain West,,167,New Mexico,Mountain West,
401860925,2026,12,regular,2026-11-22T02:30:00.000Z,False,False,True,3653,Albertsons Stadium,68,Boise State,Pac-12,,21,San Diego State,Pac-12,
401860919,2026,12,regular,2026-11-22T03:30:00.000Z,False,False,True,3893,Reser Stadium,204,Oregon State,Pac-12,,328,Utah State,Pac-12,
401866470,2026,13,regular,2026-11-24T05:00:00.000Z,False,False,True,3912,Rynearson Stadium,2199,Eastern Michigan,Mid-American,,2309,Kent State,Mid-American,
401866471,2026,13,regular,2026-11-24T05:00:00.000Z,False,False,True,3980,Waldo Stadium,2711,Western Michigan,Mid-American,,193,Miami (OH),Mid-American,
401868354,2026,13,regular,2026-11-26T20:00:00.000Z,False,False,False,4582,Hornet Stadium,2011,Alabama State,SWAC,,2657,Tuskegee,SIAC,
401856879,2026,13,regular,2026-11-27T01:00:00.000Z,False,False,True,3784,Jones AT&T Stadium,2641,Texas Tech,Big 12,,2628,TCU,Big 12,
401866472,2026,13,regular,2026-11-27T05:00:00.000Z,False,False,True,3768,InfoCision Stadium,2006,Akron,Mid-American,,2084,Buffalo,Mid-American,
401866473,2026,13,regular,2026-11-27T05:00:00.000Z,False,False,True,3876,Peden Stadium,195,Ohio,Mid-American,,2649,Toledo,Mid-American,
401862837,2026,13,regular,2026-11-27T05:00:00.000Z,False,False,True,3699,Dowdy-Ficklen Stadium,151,East Carolina,American Athletic,,2226,Florida Atlantic,American Athletic,
401862839,2026,13,regular,2026-11-27T05:00:00.000Z,False,False,True,3886,Raymond James Stadium,58,South Florida,American Athletic,,2655,Tulane,American Athletic,
401862838,2026,13,regular,2026-11-27T05:00:00.000Z,False,False,True,3805,Simmons Bank Liberty Stadium,235,Memphis,American Athletic,,218,Temple,American Athletic,
401856762,2026,13,regular,2026-11-27T17:00:00.000Z,False,False,True,3974,Vaught-Hemingway Stadium,145,Ole Miss,SEC,,344,Mississippi State,SEC,
401858536,2026,13,regular,2026-11-27T17:00:00.000Z,False,False,True,3793,Kinnick Stadium,2294,Iowa,Big Ten,,158,Nebraska,Big Ten,
401869930,2026,13,regular,2026-11-27T20:00:00.000Z,False,False,True,6526,Hancock Whitney Stadium,6,South Alabama,Sun Belt,,2026,App State,Sun Belt,
401856759,2026,13,regular,2026-11-27T20:30:00.000Z,False,False,False,3697,Doak Campbell Stadium,52,Florida State,ACC,,57,Florida,SEC,
401864549,2026,13,regular,2026-11-27T20:30:00.000Z,False,False,True,3935,CEFCU Stadium,23,San José State,Mountain West,,2449,North Dakota State,Mountain West,
401856756,2026,13,regular,2026-11-28T00:30:00.000Z,False,False,True,3795,Kyle Field,245,Texas A&M,SEC,,251,Texas,SEC,
401858544,2026,13,regular,2026-11-28T00:30:00.000Z,False,False,True,347,Camp Randall Stadium,275,Wisconsin,Big Ten,,135,Minnesota,Big Ten,
401856880,2026,13,regular,2026-11-28T02:00:00.000Z,False,False,True,587,Rice-Eccles Stadium,254,Utah,Big 12,,277,West Virginia,Big 12,
401856764,2026,13,regular,2026-11-28T05:00:00.000Z,False,False,False,3836,"Memorial Stadium (Clemson, SC)",228,Clemson,ACC,,2579,South Carolina,SEC,
401856765,2026,13,regular,2026-11-28T05:00:00.000Z,False,False,True,3973,FirstBank Stadium,238,Vanderbilt,SEC,,2633,Tennessee,SEC,
401856873,2026,13,regular,2026-11-28T05:00:00.000Z,False,False,True,3619,Arizona Stadium,12,Arizona,Big 12,,9,Arizona State,Big 12,
401856874,2026,13,regular,2026-11-28T05:00:00.000Z,False,False,True,4728,TDECU Stadium,248,Houston,Big 12,,239,Baylor,Big 12,
401856875,2026,13,regular,2026-11-28T05:00:00.000Z,False,False,True,3726,Folsom Field,38,Colorado,Big 12,,2116,UCF,Big 12,
401856876,2026,13,regular,2026-11-28T05:00:00.000Z,False,False,True,3801,LaVell Edwards Stadium,252,BYU,Big 12,,2132,Cincinnati,Big 12,
401856877,2026,13,regular,2026-11-28T05:00:00.000Z,False,False,True,3646,Boone Pickens Stadium,197,Oklahoma State,Big 12,,2305,Kansas,Big 12,
401856878,2026,13,regular,2026-11-28T05:00:00.000Z,False,False,True,3772,Jack Trice Stadium,66,Iowa State,Big 12,,2306,Kansas State,Big 12,
401858311,2026,13,regular,2026-11-28T05:00:00.000Z,False,False,True,3948,Hard Rock Stadium,2390,Miami,ACC,,103,Boston College,ACC,
401858312,2026,13,regular,2026-11-28T05:00:00.000Z,False,False,True,3630,Allegacy Federal Credit Union Stadium,154,Wake Forest,ACC,,150,Duke,ACC,
401858313,2026,13,regular,2026-11-28T05:00:00.000Z,False,False,True,3787,Kenan Stadium,153,North Carolina,ACC,,152,NC State,ACC,
401864547,2026,13,regular,2026-11-28T05:00:00.000Z,False,False,False,7220,Clarence T.C. Ching Athletics Complex,62,Hawai'i,Mountain West,,16,Sacramento State,Mid-American,
401864550,2026,13,regular,2026-11-28T05:00:00.000Z,False,False,True,3764,Huskie Stadium,2459,Northern Illinois,Mountain West,,2638,UTEP,Mountain West,
401866474,2026,13,regular,2026-11-28T05:00:00.000Z,False,False,True,3919,Scheumann Stadium,2050,Ball State,Mid-American,,2117,Central Michigan,Mid-American,
401866475,2026,13,regular,2026-11-28T05:00:00.000Z,False,False,True,3700,Doyt L. Perry Stadium,189,Bowling Green,Mid-American,,113,Massachusetts,Mid-American,
401856757,2026,13,regular,2026-11-28T05:00:00.000Z,False,False,True,3657,Bryant-Denny Stadium,333,Alabama,SEC,,2,Auburn,SEC,
401858315,2026,13,regular,2026-11-28T05:00:00.000Z,False,False,True,3831,California Memorial Stadium,25,California,ACC,,221,Pittsburgh,ACC,
401858316,2026,13,regular,2026-11-28T05:00:00.000Z,False,False,True,3940,Stanford Stadium,24,Stanford,ACC,,2567,SMU,ACC,
401858317,2026,13,regular,2026-11-28T05:00:00.000Z,False,False,True,3799,Lane Stadium,259,Virginia Tech,ACC,,258,Virginia,ACC,
401858538,2026,13,regular,2026-11-28T05:00:00.000Z,False,False,True,3830,"Memorial Stadium (Bloomington, IN)",84,Indiana,Big Ten,,2509,Purdue,Big Ten,
401858539,2026,13,regular,2026-11-28T05:00:00.000Z,False,False,True,3665,SECU Stadium,120,Maryland,Big Ten,,213,Penn State,Big Ten,
401858541,2026,13,regular,2026-11-28T05:00:00.000Z,False,False,True,3626,Autzen Stadium,2483,Oregon,Big Ten,,264,Washington,Big Ten,
401858542,2026,13,regular,2026-11-28T05:00:00.000Z,False,False,True,6577,SHI Stadium,164,Rutgers,Big Ten,,127,Michigan State,Big Ten,
401858543,2026,13,regular,2026-11-28T05:00:00.000Z,False,False,True,1056,Rose Bowl,26,UCLA,Big Ten,,30,USC,Big Ten,
401861969,2026,13,regular,2026-11-28T05:00:00.000Z,False,False,False,3984,War Memorial Stadium,2751,Wyoming,Mountain West,,41,UConn,FBS Independents,
401862840,2026,13,regular,2026-11-28T05:00:00.000Z,False,False,True,3604,Alamodome,2636,UTSA,American Athletic,,202,Tulsa,American Athletic,
401862841,2026,13,regular,2026-11-28T05:00:00.000Z,False,False,True,3895,Rice Stadium,242,Rice,American Athletic,,349,Army,American Athletic,
401862842,2026,13,regular,2026-11-28T05:00:00.000Z,False,False,True,4418,Jerry Richardson Stadium,2429,Charlotte,American Athletic,,2426,Navy,American Athletic,
401862843,2026,13,regular,2026-11-28T05:00:00.000Z,False,False,True,3825,DATCU Stadium,249,North Texas,American Athletic,,5,UAB,American Athletic,
401858537,2026,13,regular,2026-11-28T05:00:00.000Z,False,False,True,11823,Ryan Field,77,Northwestern,Big Ten,,356,Illinois,Big Ten,
401856761,2026,13,regular,2026-11-28T05:00:00.000Z,False,False,False,3683,Kroger Field,96,Kentucky,SEC,,97,Louisville,ACC,
401856763,2026,13,regular,2026-11-28T05:00:00.000Z,False,False,True,3838,Memorial Stadium,142,Missouri,SEC,,201,Oklahoma,SEC,
401871063,2026,13,regular,2026-11-28T05:00:00.000Z,False,False,True,3878,Plaster Sports Complex,2623,Missouri State,Conference USA,,2335,Liberty,Conference USA,
401871082,2026,13,regular,2026-11-28T05:00:00.000Z,False,False,True,2031,Pitbull Stadium,2229,Florida International,Conference USA,,2534,Sam Houston,Conference USA,
401871083,2026,13,regular,2026-11-28T05:00:00.000Z,False,False,True,3725,"Johnny ""Red"" Floyd Stadium",2393,Middle Tennessee,Conference USA,,166,New Mexico State,Conference USA,
401871102,2026,13,regular,2026-11-28T05:00:00.000Z,False,False,True,3817,Malone Stadium,2433,UL Monroe,Sun Belt,,276,Marshall,Sun Belt,
401871103,2026,13,regular,2026-11-28T05:00:00.000Z,False,False,True,3918,S.B. Ballard Stadium,295,Old Dominion,Sun Belt,,2572,Southern Miss,Sun Belt,
401858314,2026,13,regular,2026-11-28T05:00:00.000Z,False,False,False,1964,JMA Wireless Dome,183,Syracuse,ACC,,87,Notre Dame,FBS Independents,
401856758,2026,13,regular,2026-11-28T05:00:00.000Z,False,False,True,3887,Razorback Stadium,8,Arkansas,SEC,,99,LSU,SEC,
401856760,2026,13,regular,2026-11-28T05:00:00.000Z,False,False,False,3917,Sanford Stadium,61,Georgia,SEC,,59,Georgia Tech,ACC,
401869939,2026,13,regular,2026-11-28T05:00:00.000Z,False,False,True,3625,Centennial Bank Stadium,2032,Arkansas State,Sun Belt,,2653,Troy,Sun Belt,
401869947,2026,13,regular,2026-11-28T05:00:00.000Z,False,False,True,3651,Bridgeforth Stadium,256,James Madison,Sun Belt,,324,Coastal Carolina,Sun Belt,
401869954,2026,13,regular,2026-11-28T05:00:00.000Z,False,False,True,3608,Allen E. Paulson Stadium,290,Georgia Southern,Sun Belt,,2348,Louisiana Tech,Sun Belt,
401869959,2026,13,regular,2026-11-28T05:00:00.000Z,False,False,True,4246,Center Parc Stadium,2247,Georgia State,Sun Belt,,309,Louisiana,Sun Belt,
401870804,2026,13,regular,2026-11-28T05:00:00.000Z,False,False,True,3796,Houchens Industries-L.T. Smith Stadium,98,Western Kentucky,Conference USA,,338,Kennesaw State,Conference USA,
401858540,2026,13,regular,2026-11-28T17:00:00.000Z,False,False,True,3861,Ohio Stadium,194,Ohio State,Big Ten,,130,Michigan,Big Ten,
401868957,2026,13,regular,2026-11-28T19:00:00.000Z,False,True,True,3493,Caesars Superdome,2582,Southern,SWAC,,2755,Grambling,SWAC,
401871062,2026,13,regular,2026-11-28T20:30:00.000Z,False,False,True,3695,Delaware Stadium,48,Delaware,Conference USA,,55,Jacksonville State,Conference USA,
401864546,2026,13,regular,2026-11-28T21:30:00.000Z,False,False,True,3971,University Stadium (NM),167,New Mexico,Mountain West,,2005,Air Force,Mountain West,
401864548,2026,13,regular,2026-11-29T02:00:00.000Z,False,False,True,6501,Allegiant Stadium,2439,UNLV,Mountain West,,2440,Nevada,Mountain West,
401862844,2026,15,regular,2026-12-12T20:00:00.000Z,False,True,False,3839,MetLife Stadium,349,Army,American Athletic,,2426,Navy,American Athletic,
