{
  "feature_cols": [
    "intercept",
    "elo_diff",
    "rest_diff"
  ],
  "feat_mean": [
    0.0,
    0.05399010716832722,
    0.10646387832699619
  ],
  "feat_std": [
    1.0,
    1.6990783269587906,
    1.25921547700007
  ],
  "scaler_fit": true,
  "Lambda": [
    [
      554.1244444444444,
      -4.384558484572964,
      19.477393813389
    ],
    [
      -4.384558484572964,
      611.083474417157,
      -27.59682339988129
    ],
    [
      19.477393813389,
      -27.59682339988129,
      754.6085681056542
    ]
  ],
  "eta": [
    1057.6799999999998,
    3308.1450361231705,
    177.3130089720858
  ],
  "a": 278.98,
  "b": 46228.111765386435,
  "n_obs": 711
}