{
  "feature_cols": [
    "intercept",
    "elo_diff",
    "rest_diff"
  ],
  "feat_mean": [
    0.0,
    0.05399010716832722,
    0.10646387832699619
  ],
  "feat_std": [
    1.0,
    1.6990783269587906,
    1.25921547700007
  ],
  "scaler_fit": true,
  "Lambda": [
    [
      529.1244444444444,
      -2.0116193946751166,
      21.591088416727143
    ],
    [
      -2.0116193946751166,
      584.1042372851463,
      -23.50042282540438
    ],
    [
      21.591088416727143,
      -23.50042282540438,
      714.0671916878416
    ]
  ],
  "eta": [
    980.68,
    3273.0263397842664,
    238.6192111600489
  ],
  "a": 266.48,
  "b": 44370.40515713096,
  "n_obs": 686
}