{
  "feature_cols": [
    "intercept",
    "elo_diff",
    "rest_diff"
  ],
  "feat_mean": [
    0.0,
    0.05399010716832722,
    0.10646387832699619
  ],
  "feat_std": [
    1.0,
    1.6990783269587906,
    1.25921547700007
  ],
  "scaler_fit": true,
  "Lambda": [
    [
      594.1244444444444,
      -17.426329666231844,
      14.507191931825322
    ],
    [
      -17.426329666231844,
      663.5106595614774,
      -36.813818070667175
    ],
    [
      14.507191931825322,
      -36.813818070667175,
      852.2857445161728
    ]
  ],
  "eta": [
    1170.6799999999998,
    3407.8099163853126,
    73.25582364974939
  ],
  "a": 298.98,
  "b": 50602.95592232875,
  "n_obs": 751
}