{
  "feature_cols": [
    "intercept",
    "elo_diff",
    "rest_diff"
  ],
  "feat_mean": [
    0.0,
    0.05399010716832722,
    0.10646387832699619
  ],
  "feat_std": [
    1.0,
    1.6990783269587906,
    1.25921547700007
  ],
  "scaler_fit": true,
  "Lambda": [
    [
      600.1244444444444,
      -14.688085998264508,
      14.794050485135497
    ],
    [
      -14.688085998264508,
      669.517852552901,
      -38.641961517145845
    ],
    [
      14.794050485135497,
      -38.641961517145845,
      861.6543484039878
    ]
  ],
  "eta": [
    1161.6799999999998,
    3411.5628099318424,
    134.37179332341205
  ],
  "a": 301.98,
  "b": 51357.618613034865,
  "n_obs": 757
}