{
  "feature_cols": [
    "intercept",
    "elo_diff",
    "rest_diff"
  ],
  "feat_mean": [
    0.0,
    0.05399010716832722,
    0.10646387832699619
  ],
  "feat_std": [
    1.0,
    1.6990783269587906,
    1.25921547700007
  ],
  "scaler_fit": true,
  "Lambda": [
    [
      573.1244444444444,
      -12.998755028067233,
      14.6944048824067
    ],
    [
      -12.998755028067233,
      632.2659517345555,
      -31.07386279123474
    ],
    [
      14.6944048824067,
      -31.07386279123474,
      771.6788660742163
    ]
  ],
  "eta": [
    1233.6799999999998,
    3284.3087373976837,
    156.0794368996947
  ],
  "a": 288.48,
  "b": 48288.423167671725,
  "n_obs": 730
}