{
  "feature_cols": [
    "intercept",
    "elo_diff",
    "rest_diff"
  ],
  "feat_mean": [
    0.0,
    0.05399010716832722,
    0.10646387832699619
  ],
  "feat_std": [
    1.0,
    1.6990783269587906,
    1.25921547700007
  ],
  "scaler_fit": true,
  "Lambda": [
    [
      582.1244444444444,
      -10.872166038290006,
      14.7276200833163
    ],
    [
      -10.872166038290006,
      641.4548505081973,
      -36.87159237884141
    ],
    [
      14.7276200833163,
      -36.87159237884141,
      845.3969174254693
    ]
  ],
  "eta": [
    1140.6799999999998,
    3281.8780186383356,
    90.08687181975907
  ],
  "a": 292.98,
  "b": 49292.687845894055,
  "n_obs": 739
}