{
  "feature_cols": [
    "intercept",
    "elo_diff",
    "rest_diff"
  ],
  "feat_mean": [
    0.0,
    0.05399010716832722,
    0.10646387832699619
  ],
  "feat_std": [
    1.0,
    1.6990783269587906,
    1.25921547700007
  ],
  "scaler_fit": true,
  "Lambda": [
    [
      625.1244444444444,
      -11.134637988577413,
      7.91548433312939
    ],
    [
      -11.134637988577413,
      705.6659499524078,
      -34.53799391394958
    ],
    [
      7.91548433312939,
      -34.53799391394958,
      920.6601108315017
    ]
  ],
  "eta": [
    1166.6799999999998,
    3602.5907364471377,
    226.0699043436585
  ],
  "a": 314.48,
  "b": 52929.21314595275,
  "n_obs": 782
}