{
  "feature_cols": [
    "intercept",
    "elo_diff",
    "rest_diff"
  ],
  "feat_mean": [
    0.0,
    0.05399010716832722,
    0.10646387832699619
  ],
  "feat_std": [
    1.0,
    1.6990783269587906,
    1.25921547700007
  ],
  "scaler_fit": true,
  "Lambda": [
    [
      550.1244444444444,
      -1.935827620158066,
      22.992165982368416
    ],
    [
      -1.935827620158066,
      606.3194239245502,
      -30.78350352394593
    ],
    [
      22.992165982368416,
      -30.78350352394593,
      737.6454950541205
    ]
  ],
  "eta": [
    1027.6799999999998,
    3333.6660073018866,
    262.4405493396697
  ],
  "a": 276.98,
  "b": 45717.235261312264,
  "n_obs": 707
}