{
  "feature_cols": [
    "intercept",
    "elo_diff",
    "rest_diff"
  ],
  "feat_mean": [
    0.0,
    0.05399010716832722,
    0.10646387832699619
  ],
  "feat_std": [
    1.0,
    1.6990783269587906,
    1.25921547700007
  ],
  "scaler_fit": true,
  "Lambda": [
    [
      545.1244444444444,
      -2.9796556459595,
      23.414904903036046
    ],
    [
      -2.9796556459595,
      601.3323255982858,
      -29.340859159357684
    ],
    [
      23.414904903036046,
      -29.340859159357684,
      736.3484200331496
    ]
  ],
  "eta": [
    995.68,
    3334.8426998468126,
    247.6748827534933
  ],
  "a": 274.48,
  "b": 45137.624211696304,
  "n_obs": 702
}