{
  "feature_cols": [
    "intercept",
    "net_diff",
    "off_diff",
    "def_diff",
    "winpct_diff",
    "form_diff",
    "rest_diff"
  ],
  "feat_mean": [
    0.0,
    0.24134677178633396,
    0.21367056085874314,
    0.02767621092759082,
    0.009017855707779847,
    0.578643852978454,
    0.10646387832699619
  ],
  "feat_std": [
    1.0,
    7.622088863771325,
    4.178350741515636,
    5.8420898082444435,
    0.2649471838325106,
    11.66426687154039,
    1.25921547700007
  ],
  "scaler_fit": true,
  "Lambda": [
    [
      521.4055555555556,
      -8.757110086842244,
      -16.25436575607134,
      0.2000944826896602,
      -5.3039928072516656,
      0.2607760742445142,
      26.913371427932574
    ],
    [
      -8.757110086842244,
      595.7744271887472,
      465.6136274762173,
      444.25527278866707,
      514.4586562308417,
      441.26907400082234,
      -36.91370857034671
    ],
    [
      -16.25436575607134,
      465.6136274762173,
      653.7296461724139,
      139.9378599172466,
      382.25856502993713,
      360.55918678663147,
      -34.47401644221708
    ],
    [
      0.2000944826896602,
      444.25527278866707,
      139.9378599172466,
      479.5498910179701,
      397.8095702336857,
      317.8399186499567,
      -23.504437514192023
    ],
    [
      -5.3039928072516656,
      514.4586562308417,
      382.25856502993713,
      397.8095702336857,
      504.71153933493025,
      388.22978176153885,
      -31.389548101271288
    ],
    [
      0.2607760742445142,
      441.26907400082234,
      360.55918678663147,
      317.8399186499567,
      388.22978176153885,
      562.5260014954558,
      -36.6951029988417
    ],
    [
      26.913371427932574,
      -36.91370857034671,
      -34.47401644221708,
      -23.504437514192023,
      -31.389548101271288,
      -36.6951029988417,
      612.9508428867264
    ]
  ],
  "eta": [
    1084.6,
    3389.748050698408,
    2728.028907769899,
    2471.427131809394,
    3133.943012711546,
    2689.3448646078755,
    -156.3439506814837
  ],
  "a": 263.1,
  "b": 41742.61025263199,
  "n_obs": 574
}