{
  "feature_cols": [
    "intercept",
    "elo_diff",
    "rest_diff"
  ],
  "feat_mean": [
    0.0,
    0.05399010716832722,
    0.10646387832699619
  ],
  "feat_std": [
    1.0,
    1.6990783269587906,
    1.25921547700007
  ],
  "scaler_fit": true,
  "Lambda": [
    [
      563.1244444444444,
      -8.418601854073138,
      20.304754272409927
    ],
    [
      -8.418601854073138,
      618.2144414538448,
      -30.914620810459862
    ],
    [
      20.304754272409927,
      -30.914620810459862,
      760.7109970782645
    ]
  ],
  "eta": [
    1185.6799999999998,
    3254.595116780578,
    196.66841241122503
  ],
  "a": 283.48,
  "b": 47838.038025260175,
  "n_obs": 720
}