{
  "feature_cols": [
    "intercept",
    "elo_diff",
    "rest_diff"
  ],
  "feat_mean": [
    0.0,
    0.05399010716832722,
    0.10646387832699619
  ],
  "feat_std": [
    1.0,
    1.6990783269587906,
    1.25921547700007
  ],
  "scaler_fit": true,
  "Lambda": [
    [
      568.1244444444444,
      -11.730618451837909,
      17.499579577408312
    ],
    [
      -11.730618451837909,
      624.2388551692454,
      -28.498389554320184
    ],
    [
      17.499579577408312,
      -28.498389554320184,
      763.041598121337
    ]
  ],
  "eta": [
    1187.6799999999998,
    3274.5593192045294,
    202.05833364973728
  ],
  "a": 285.98,
  "b": 47923.90642140696,
  "n_obs": 725
}