{
  "feature_cols": [
    "intercept",
    "elo_diff",
    "rest_diff"
  ],
  "feat_mean": [
    0.0,
    0.05399010716832722,
    0.10646387832699619
  ],
  "feat_std": [
    1.0,
    1.6990783269587906,
    1.25921547700007
  ],
  "scaler_fit": true,
  "Lambda": [
    [
      567.1244444444444,
      -10.842306520664868,
      17.58412736154184
    ],
    [
      -10.842306520664868,
      623.449757082181,
      -28.573494359720236
    ],
    [
      17.58412736154184,
      -28.573494359720236,
      763.034449793535
    ]
  ],
  "eta": [
    1179.6799999999998,
    3281.665814653914,
    202.7347159228055
  ],
  "a": 285.48,
  "b": 47867.97565334293,
  "n_obs": 724
}