{
  "feature_cols": [
    "intercept",
    "elo_diff",
    "rest_diff"
  ],
  "feat_mean": [
    0.0,
    0.05399010716832722,
    0.10646387832699619
  ],
  "feat_std": [
    1.0,
    1.6990783269587906,
    1.25921547700007
  ],
  "scaler_fit": true,
  "Lambda": [
    [
      609.1244444444444,
      -13.715961007096071,
      13.238975169822439
    ],
    [
      -13.715961007096071,
      675.9313457132807,
      -37.32959643015849
    ],
    [
      13.238975169822439,
      -37.32959643015849,
      866.2676366347766
    ]
  ],
  "eta": [
    1133.6799999999998,
    3437.9759900308213,
    164.53421531304724
  ],
  "a": 306.48,
  "b": 52035.823481615815,
  "n_obs": 766
}