{
  "feature_cols": [
    "intercept",
    "elo_diff",
    "rest_diff"
  ],
  "feat_mean": [
    0.0,
    0.05399010716832722,
    0.10646387832699619
  ],
  "feat_std": [
    1.0,
    1.6990783269587906,
    1.25921547700007
  ],
  "scaler_fit": true,
  "Lambda": [
    [
      542.1244444444444,
      -4.9713940759377016,
      20.49196722299131
    ],
    [
      -4.9713940759377016,
      596.6262179326284,
      -29.10228548490013
    ],
    [
      20.49196722299131,
      -29.10228548490013,
      731.818787296726
    ]
  ],
  "eta": [
    980.68,
    3335.9381463628783,
    217.17728919104306
  ],
  "a": 272.98,
  "b": 44878.35444703167,
  "n_obs": 699
}