{
  "feature_cols": [
    "intercept",
    "elo_diff",
    "rest_diff"
  ],
  "feat_mean": [
    0.0,
    0.05399010716832722,
    0.10646387832699619
  ],
  "feat_std": [
    1.0,
    1.6990783269587906,
    1.25921547700007
  ],
  "scaler_fit": true,
  "Lambda": [
    [
      549.1244444444444,
      -2.744769388717298,
      23.076713766501943
    ],
    [
      -2.744769388717298,
      605.6650371396304,
      -30.715109289921195
    ],
    [
      23.076713766501943,
      -30.715109289921195,
      737.6383467263186
    ]
  ],
  "eta": [
    1038.6799999999998,
    3342.564366756038,
    261.51052371420093
  ],
  "a": 276.48,
  "b": 45567.23879518405,
  "n_obs": 706
}