{
  "feature_cols": [
    "intercept",
    "elo_diff",
    "rest_diff"
  ],
  "feat_mean": [
    0.0,
    0.05399010716832722,
    0.10646387832699619
  ],
  "feat_std": [
    1.0,
    1.6990783269587906,
    1.25921547700007
  ],
  "scaler_fit": true,
  "Lambda": [
    [
      580.1244444444444,
      -12.026334035153402,
      12.514279877249365
    ],
    [
      -12.026334035153402,
      640.4856799278188,
      -37.83970988994983
    ],
    [
      12.514279877249365,
      -37.83970988994983,
      842.6321466460827
    ]
  ],
  "eta": [
    1162.6799999999998,
    3294.573866603833,
    114.43361408649534
  ],
  "a": 291.98,
  "b": 49019.48153891095,
  "n_obs": 737
}