{
  "feature_cols": [
    "intercept",
    "elo_diff",
    "rest_diff"
  ],
  "feat_mean": [
    0.0,
    0.05399010716832722,
    0.10646387832699619
  ],
  "feat_std": [
    1.0,
    1.6990783269587906,
    1.25921547700007
  ],
  "scaler_fit": true,
  "Lambda": [
    [
      612.1244444444444,
      -9.910221034062866,
      7.426315010642564
    ],
    [
      -9.910221034062866,
      682.1402138779948,
      -41.77138895448153
    ],
    [
      7.426315010642564,
      -41.77138895448153,
      884.2570873806098
    ]
  ],
  "eta": [
    1166.6799999999998,
    3468.059393368922,
    72.00572427006081
  ],
  "a": 307.98,
  "b": 52208.104512249614,
  "n_obs": 769
}