{
  "feature_cols": [
    "intercept",
    "net_diff",
    "off_diff",
    "def_diff",
    "winpct_diff",
    "form_diff",
    "rest_diff"
  ],
  "feat_mean": [
    0.0,
    0.24134677178633396,
    0.21367056085874314,
    0.02767621092759082,
    0.009017855707779847,
    0.578643852978454,
    0.10646387832699619
  ],
  "feat_std": [
    1.0,
    7.622088863771325,
    4.178350741515636,
    5.8420898082444435,
    0.2649471838325106,
    11.66426687154039,
    1.25921547700007
  ],
  "scaler_fit": true,
  "Lambda": [
    [
      263.00694444444446,
      5.329070518200751e-15,
      5.329070518200751e-15,
      -8.881784197001252e-16,
      -1.0658141036401503e-14,
      -1.0658141036401503e-14,
      -1.021405182655144e-14
    ],
    [
      5.329070518200751e-15,
      263.02777777777777,
      171.0439408994438,
      220.7990353148192,
      249.98658292264173,
      214.06148218434254,
      -15.864392476891005
    ],
    [
      5.329070518200751e-15,
      171.0439408994438,
      263.027777777778,
      35.056953735557734,
      174.2585351870777,
      151.21044790932592,
      -8.950345476282855
    ],
    [
      -8.881784197001252e-16,
      220.7990353148192,
      35.056953735557734,
      263.02777777777766,
      201.52149465609486,
      171.13488241175384,
      -14.296618044641024
    ],
    [
      -1.0658141036401503e-14,
      249.98658292264173,
      174.2585351870777,
      201.52149465609486,
      263.0277777777773,
      203.8096077235725,
      -14.589554763668794
    ],
    [
      -1.0658141036401503e-14,
      214.06148218434254,
      151.21044790932592,
      171.13488241175384,
      203.8096077235725,
      263.0277777777777,
      -20.841662178469925
    ],
    [
      -1.021405182655144e-14,
      -15.864392476891005,
      -8.950345476282855,
      -14.296618044641024,
      -14.589554763668794,
      -20.841662178469925,
      263.02777777777817
    ]
  ],
  "eta": [
    322.0,
    1608.9113597974708,
    1164.426220491684,
    1266.3078520353802,
    1599.926867944617,
    1387.7077337368908,
    157.017313390833
  ],
  "a": 134.5,
  "b": 16180.52730511744,
  "n_obs": 263
}