{
  "feature_cols": [
    "intercept",
    "elo_diff",
    "rest_diff"
  ],
  "feat_mean": [
    0.0,
    0.05399010716832722,
    0.10646387832699619
  ],
  "feat_std": [
    1.0,
    1.6990783269587906,
    1.25921547700007
  ],
  "scaler_fit": true,
  "Lambda": [
    [
      535.1244444444444,
      -6.638497772181264,
      23.466237486259974
    ],
    [
      -6.638497772181264,
      590.7652978171033,
      -30.103436953756585
    ],
    [
      23.466237486259974,
      -30.103436953756585,
      728.2125562160885
    ]
  ],
  "eta": [
    962.68,
    3313.140770242241,
    204.4045346594426
  ],
  "a": 269.48,
  "b": 44523.09038394298,
  "n_obs": 692
}