{
  "feature_cols": [
    "intercept",
    "elo_diff",
    "rest_diff"
  ],
  "feat_mean": [
    0.0,
    0.05399010716832722,
    0.10646387832699619
  ],
  "feat_std": [
    1.0,
    1.6990783269587906,
    1.25921547700007
  ],
  "scaler_fit": true,
  "Lambda": [
    [
      598.1244444444444,
      -16.588813760759198,
      15.757291311513876
    ],
    [
      -16.588813760759198,
      667.0772979851097,
      -38.173718360107465
    ],
    [
      15.757291311513876,
      -38.173718360107465,
      860.8750986136964
    ]
  ],
  "eta": [
    1148.6799999999998,
    3402.023597976348,
    142.61822184014983
  ],
  "a": 300.98,
  "b": 51326.73085257708,
  "n_obs": 755
}