{
  "feature_cols": [
    "intercept",
    "elo_diff",
    "rest_diff"
  ],
  "feat_mean": [
    0.0,
    0.05399010716832722,
    0.10646387832699619
  ],
  "feat_std": [
    1.0,
    1.6990783269587906,
    1.25921547700007
  ],
  "scaler_fit": true,
  "Lambda": [
    [
      591.1244444444444,
      -20.385705806011796,
      15.554980542337226
    ],
    [
      -20.385705806011796,
      660.386562411683,
      -36.06006165705346
    ],
    [
      15.554980542337226,
      -36.06006165705346,
      851.4993463980795
    ]
  ],
  "eta": [
    1127.6799999999998,
    3366.042120611874,
    80.86210465804763
  ],
  "a": 297.48,
  "b": 49614.127570988625,
  "n_obs": 748
}