{
  "feature_cols": [
    "intercept",
    "elo_diff",
    "rest_diff"
  ],
  "feat_mean": [
    0.0,
    0.05399010716832722,
    0.10646387832699619
  ],
  "feat_std": [
    1.0,
    1.6990783269587906,
    1.25921547700007
  ],
  "scaler_fit": true,
  "Lambda": [
    [
      577.1244444444444,
      -13.281260147228997,
      8.003051680981972
    ],
    [
      -13.281260147228997,
      633.1906260266263,
      -35.25710243081401
    ],
    [
      8.003051680981972,
      -35.25710243081401,
      824.4964195954973
    ]
  ],
  "eta": [
    1194.6799999999998,
    3285.616246221051,
    203.05478967702527
  ],
  "a": 290.48,
  "b": 48595.115005964384,
  "n_obs": 734
}