{
  "feature_cols": [
    "intercept",
    "elo_diff",
    "rest_diff"
  ],
  "feat_mean": [
    0.0,
    0.05399010716832722,
    0.10646387832699619
  ],
  "feat_std": [
    1.0,
    1.6990783269587906,
    1.25921547700007
  ],
  "scaler_fit": true,
  "Lambda": [
    [
      263.00694444444446,
      -6.217248937900877e-15,
      -1.021405182655144e-14
    ],
    [
      -6.217248937900877e-15,
      263.027777777778,
      -17.37316259490295
    ],
    [
      -1.021405182655144e-14,
      -17.37316259490295,
      263.02777777777817
    ]
  ],
  "eta": [
    322.0,
    1561.1997160561834,
    157.01731339083298
  ],
  "a": 134.5,
  "b": 16618.440512409335,
  "n_obs": 263
}