{
  "feature_cols": [
    "intercept",
    "elo_diff",
    "rest_diff"
  ],
  "feat_mean": [
    0.0,
    0.05399010716832722,
    0.10646387832699619
  ],
  "feat_std": [
    1.0,
    1.6990783269587906,
    1.25921547700007
  ],
  "scaler_fit": true,
  "Lambda": [
    [
      575.1244444444444,
      -13.110858990482267,
      8.172147249249022
    ],
    [
      -13.110858990482267,
      632.515756160307,
      -30.708277328950402
    ],
    [
      8.172147249249022,
      -30.708277328950402,
      792.9487883908581
    ]
  ],
  "eta": [
    1223.6799999999998,
    3284.869257209759,
    188.6907250654831
  ],
  "a": 289.48,
  "b": 48323.93044193373,
  "n_obs": 732
}