{
  "feature_cols": [
    "intercept",
    "elo_diff",
    "rest_diff"
  ],
  "feat_mean": [
    0.0,
    0.05399010716832722,
    0.10646387832699619
  ],
  "feat_std": [
    1.0,
    1.6990783269587906,
    1.25921547700007
  ],
  "scaler_fit": true,
  "Lambda": [
    [
      615.1244444444444,
      -7.523781156671671,
      11.14339794879863
    ],
    [
      -7.523781156671671,
      684.6461033926473,
      -37.034893107515465
    ],
    [
      11.14339794879863,
      -37.034893107515465,
      899.3737674199987
    ]
  ],
  "eta": [
    1185.6799999999998,
    3481.5549505789368,
    102.16512669597697
  ],
  "a": 309.48,
  "b": 52239.985532348466,
  "n_obs": 772
}