{
  "feature_cols": [
    "intercept",
    "elo_diff",
    "rest_diff"
  ],
  "feat_mean": [
    0.0,
    0.05399010716832722,
    0.10646387832699619
  ],
  "feat_std": [
    1.0,
    1.6990783269587906,
    1.25921547700007
  ],
  "scaler_fit": true,
  "Lambda": [
    [
      605.1244444444444,
      -14.321851971567511,
      13.57716630635654
    ],
    [
      -14.321851971567511,
      672.2365953943583,
      -38.59003821583456
    ],
    [
      13.57716630635654,
      -38.59003821583456,
      864.9777099416077
    ]
  ],
  "eta": [
    1148.6799999999998,
    3428.5734341151374,
    158.5011270023764
  ],
  "a": 304.48,
  "b": 51623.680128038126,
  "n_obs": 762
}