{
  "feature_cols": [
    "intercept",
    "elo_diff",
    "rest_diff"
  ],
  "feat_mean": [
    0.0,
    0.05399010716832722,
    0.10646387832699619
  ],
  "feat_std": [
    1.0,
    1.6990783269587906,
    1.25921547700007
  ],
  "scaler_fit": true,
  "Lambda": [
    [
      521.4055555555556,
      -1.6120438387372682,
      26.913371427932574
    ],
    [
      -1.6120438387372682,
      594.8738556397095,
      -31.587348825416807
    ],
    [
      26.913371427932574,
      -31.587348825416807,
      612.9508428867264
    ]
  ],
  "eta": [
    1084.6,
    3340.2006169598912,
    -156.3439506814837
  ],
  "a": 263.1,
  "b": 42515.436186608844,
  "n_obs": 574
}