{
  "feature_cols": [
    "intercept",
    "elo_diff",
    "rest_diff"
  ],
  "feat_mean": [
    0.0,
    0.05399010716832722,
    0.10646387832699619
  ],
  "feat_std": [
    1.0,
    1.6990783269587906,
    1.25921547700007
  ],
  "scaler_fit": true,
  "Lambda": [
    [
      560.1244444444444,
      -7.4111625453608125,
      19.764252366699175
    ],
    [
      -7.4111625453608125,
      615.1506056430147,
      -30.11832730537614
    ],
    [
      19.764252366699175,
      -30.11832730537614,
      758.9318384656236
    ]
  ],
  "eta": [
    1155.6799999999998,
    3265.6372316148168,
    161.08587354588704
  ],
  "a": 281.98,
  "b": 47378.61704851873,
  "n_obs": 717
}