{
  "feature_cols": [
    "intercept",
    "elo_diff",
    "rest_diff"
  ],
  "feat_mean": [
    0.0,
    0.05399010716832722,
    0.10646387832699619
  ],
  "feat_std": [
    1.0,
    1.6990783269587906,
    1.25921547700007
  ],
  "scaler_fit": true,
  "Lambda": [
    [
      602.1244444444444,
      -15.317464620947074,
      15.419100174979773
    ],
    [
      -15.317464620947074,
      669.7966538247588,
      -38.99822243491377
    ],
    [
      15.419100174979773,
      -38.99822243491377,
      862.1650253068653
    ]
  ],
  "eta": [
    1147.6799999999998,
    3411.9499395052358,
    137.93789807561538
  ],
  "a": 302.98,
  "b": 51533.0080535354,
  "n_obs": 759
}