{
  "feature_cols": [
    "intercept",
    "elo_diff",
    "rest_diff"
  ],
  "feat_mean": [
    0.0,
    0.05399010716832722,
    0.10646387832699619
  ],
  "feat_std": [
    1.0,
    1.6990783269587906,
    1.25921547700007
  ],
  "scaler_fit": true,
  "Lambda": [
    [
      585.1244444444444,
      -15.883361222521781,
      14.473976730915723
    ],
    [
      -15.883361222521781,
      650.2313906604903,
      -36.57597478698884
    ],
    [
      14.473976730915723,
      -36.57597478698884,
      846.6796957908364
    ]
  ],
  "eta": [
    1140.6799999999998,
    3288.2577569977507,
    72.61567614130985
  ],
  "a": 294.48,
  "b": 49482.48536019597,
  "n_obs": 742
}