{
  "feature_cols": [
    "intercept",
    "elo_diff",
    "rest_diff"
  ],
  "feat_mean": [
    0.0,
    0.05399010716832722,
    0.10646387832699619
  ],
  "feat_std": [
    1.0,
    1.6990783269587906,
    1.25921547700007
  ],
  "scaler_fit": true,
  "Lambda": [
    [
      619.1244444444444,
      -9.063737857299111,
      6.834480521707887
    ],
    [
      -9.063737857299111,
      694.2437265066117,
      -32.968956122329004
    ],
    [
      6.834480521707887,
      -32.968956122329004,
      917.10179360622
    ]
  ],
  "eta": [
    1147.6799999999998,
    3514.5839371778898,
    207.02853553130095
  ],
  "a": 311.48,
  "b": 52607.01214263896,
  "n_obs": 776
}