{
  "feature_cols": [
    "intercept",
    "elo_diff",
    "rest_diff"
  ],
  "feat_mean": [
    0.0,
    0.05399010716832722,
    0.10646387832699619
  ],
  "feat_std": [
    1.0,
    1.6990783269587906,
    1.25921547700007
  ],
  "scaler_fit": true,
  "Lambda": [
    [
      539.1244444444444,
      -7.292726407758661,
      20.745610575391886
    ],
    [
      -7.292726407758661,
      594.0553311078701,
      -28.906021980007157
    ],
    [
      20.745610575391886,
      -28.906021980007157,
      731.7973423133203
    ]
  ],
  "eta": [
    942.68,
    3319.0599154825604,
    220.39010498811703
  ],
  "a": 271.48,
  "b": 44627.3535244948,
  "n_obs": 696
}