{
  "feature_cols": [
    "intercept",
    "elo_diff",
    "rest_diff"
  ],
  "feat_mean": [
    0.0,
    0.05399010716832722,
    0.10646387832699619
  ],
  "feat_std": [
    1.0,
    1.6990783269587906,
    1.25921547700007
  ],
  "scaler_fit": true,
  "Lambda": [
    [
      528.1244444444444,
      -2.839211177323843,
      20.88149094274934
    ],
    [
      -2.839211177323843,
      583.4193291264386,
      -24.087679863856703
    ],
    [
      20.88149094274934,
      -24.087679863856703,
      713.5636631127659
    ]
  ],
  "eta": [
    958.68,
    3254.8193205659945,
    223.00806673253723
  ],
  "a": 265.98,
  "b": 44255.10016114277,
  "n_obs": 685
}