{
  "feature_cols": [
    "intercept",
    "elo_diff",
    "rest_diff"
  ],
  "feat_mean": [
    0.0,
    0.05399010716832722,
    0.10646387832699619
  ],
  "feat_std": [
    1.0,
    1.6990783269587906,
    1.25921547700007
  ],
  "scaler_fit": true,
  "Lambda": [
    [
      536.1244444444444,
      -6.837439520142187,
      21.79339918590379
    ],
    [
      -6.837439520142187,
      590.804875636185,
      -29.770639578227748
    ],
    [
      21.79339918590379,
      -29.770639578227748,
      731.010944195227
    ]
  ],
  "eta": [
    955.68,
    3314.533362477968,
    216.11440276193588
  ],
  "a": 269.98,
  "b": 44547.19338627826,
  "n_obs": 693
}