{
  "feature_cols": [
    "intercept",
    "net_diff",
    "off_diff",
    "def_diff",
    "winpct_diff",
    "form_diff",
    "rest_diff"
  ],
  "feat_mean": [
    0.0,
    0.24134677178633396,
    0.21367056085874314,
    0.02767621092759082,
    0.009017855707779847,
    0.578643852978454,
    0.10646387832699619
  ],
  "feat_std": [
    1.0,
    7.622088863771325,
    4.178350741515636,
    5.8420898082444435,
    0.2649471838325106,
    11.66426687154039,
    1.25921547700007
  ],
  "scaler_fit": true,
  "Lambda": [
    [
      519.1244444444444,
      -4.776223879601817,
      -11.857839635711104,
      2.2494365239832357,
      -2.7730562485114336,
      -0.9020367138415464,
      22.4365662580624
    ],
    [
      -4.776223879601817,
      571.2080080188736,
      463.1706902414381,
      413.956850266863,
      487.5455501565096,
      418.0868532814773,
      -25.196971411889336
    ],
    [
      -11.857839635711104,
      463.1706902414381,
      737.5918128524712,
      76.7679303910405,
      372.52247570301057,
      359.611687379801,
      -21.83681446549974
    ],
    [
      2.2494365239832357,
      413.956850266863,
      76.7679303910405,
      485.1956255450044,
      369.6598335062636,
      288.2720812487716,
      -17.256099887885796
    ],
    [
      -2.7730562485114336,
      487.5455501565096,
      372.52247570301057,
      369.6598335062636,
      477.3286256880197,
      365.6835220635514,
      -18.51954848880934
    ],
    [
      -0.9020367138415464,
      418.0868532814773,
      359.611687379801,
      288.2720812487716,
      365.6835220635514,
      533.6271734026799,
      -24.815892664280945
    ],
    [
      22.4365662580624,
      -25.196971411889336,
      -21.83681446549974,
      -17.256099887885796,
      -18.51954848880934,
      -24.815892664280945,
      707.6890415000156
    ]
  ],
  "eta": [
    893.68,
    3189.478242398181,
    2632.8534497761048,
    2278.208974067393,
    2898.9891093226565,
    2413.431654542205,
    180.85495721453668
  ],
  "a": 261.48,
  "b": 42412.86959685621,
  "n_obs": 676
}