{
  "feature_cols": [
    "intercept",
    "elo_diff",
    "rest_diff"
  ],
  "feat_mean": [
    0.0,
    0.05399010716832722,
    0.10646387832699619
  ],
  "feat_std": [
    1.0,
    1.6990783269587906,
    1.25921547700007
  ],
  "scaler_fit": true,
  "Lambda": [
    [
      588.1244444444444,
      -17.383415330467045,
      17.39691441096046
    ],
    [
      -17.383415330467045,
      654.130322829515,
      -36.965983929387086
    ],
    [
      17.39691441096046,
      -36.965983929387086,
      849.9479951452986
    ]
  ],
  "eta": [
    1140.6799999999998,
    3312.806739826391,
    81.35127398053446
  ],
  "a": 295.98,
  "b": 49494.187051123234,
  "n_obs": 745
}