{
  "feature_cols": [
    "intercept",
    "elo_diff",
    "rest_diff"
  ],
  "feat_mean": [
    0.0,
    0.05399010716832722,
    0.10646387832699619
  ],
  "feat_std": [
    1.0,
    1.6990783269587906,
    1.25921547700007
  ],
  "scaler_fit": true,
  "Lambda": [
    [
      557.1244444444444,
      -5.8447841141005075,
      18.429605202877095
    ],
    [
      -5.8447841141005075,
      614.1756414743026,
      -28.9153965671021
    ],
    [
      18.429605202877095,
      -28.9153965671021,
      756.6562996057089
    ]
  ],
  "eta": [
    1111.6799999999998,
    3288.1851276736793,
    147.33478036931294
  ],
  "a": 280.48,
  "b": 46837.14672988556,
  "n_obs": 714
}