{
  "feature_cols": [
    "intercept",
    "elo_diff",
    "rest_diff"
  ],
  "feat_mean": [
    0.0,
    0.05399010716832722,
    0.10646387832699619
  ],
  "feat_std": [
    1.0,
    1.6990783269587906,
    1.25921547700007
  ],
  "scaler_fit": true,
  "Lambda": [
    [
      571.1244444444444,
      -13.933442063006702,
      18.040081483119064
    ],
    [
      -13.933442063006702,
      627.7795426695214,
      -29.510282520341637
    ],
    [
      18.040081483119064,
      -29.510282520341637,
      766.0820901159392
    ]
  ],
  "eta": [
    1212.6799999999998,
    3281.60928735191,
    191.20904120717452
  ],
  "a": 287.48,
  "b": 48146.910424974194,
  "n_obs": 728
}