{
  "feature_cols": [
    "intercept",
    "elo_diff",
    "off_ppa_diff",
    "def_ppa_diff",
    "off_success_diff",
    "def_success_diff",
    "off_expl_diff",
    "ap_rank_diff",
    "home_field",
    "conference_game"
  ],
  "feat_mean": [
    0.0,
    40.48448619413607,
    0.0012966384232590712,
    0.0011620957775877146,
    0.0035751590142313445,
    -0.0021290516534612524,
    0.0068347659326647115,
    0.47566182749786506,
    0.9715343011670936,
    0.6945630515229149
  ],
  "feat_std": [
    1.0,
    341.7110640533453,
    0.13032253441315686,
    0.11784757818601149,
    0.11043557275444256,
    0.1074366685079436,
    0.23449528403003403,
    8.246110609836128,
    0.16629913656678946,
    0.4605922480699169
  ],
  "scaler_fit": true,
  "Lambda": [
    [
      3131.160637963378,
      -9.446495876390255,
      4.790414491614133,
      -28.336500670378435,
      -33.08927448624075,
      3.7070339711012386,
      -33.84973350495726,
      7.683322041403429,
      -30.711990178192522,
      111.10495678367495
    ],
    [
      -9.446495876390255,
      3027.2293861261696,
      1864.9525533714416,
      1671.156505456851,
      1327.6126637185127,
      692.581684394761,
      351.48006841645457,
      1872.5977948828552,
      67.20688089733278,
      -449.63571551769456
    ],
    [
      4.790414491614133,
      1864.9525533714416,
      4483.161713022122,
      414.4817872863029,
      2472.865299075191,
      -6.543071309292414,
      1367.623638077238,
      1206.7474454528494,
      29.99165860688985,
      -95.65985065151676
    ],
    [
      -28.336500670378435,
      1671.156505456851,
      414.4817872863029,
      5237.582198275543,
      -18.762761479047107,
      2805.798787200047,
      -756.6448273203325,
      1129.7512647244153,
      49.78265479675242,
      -93.99643121670067
    ],
    [
      -33.08927448624075,
      1327.6126637185127,
      2472.865299075191,
      -18.762761479047107,
      2788.5457416727686,
      -1069.561811061417,
      1478.155463519607,
      737.004582329466,
      38.95055468771628,
      -152.65081212734194
    ],
    [
      3.7070339711012386,
      692.581684394761,
      -6.543071309292414,
      2805.798787200047,
      -1069.561811061417,
      3077.5062253989227,
      -1865.2181411328916,
      558.8330922772645,
      -16.24928694165024,
      32.085644025292325
    ],
    [
      -33.84973350495726,
      351.48006841645457,
      1367.623638077238,
      -756.6448273203325,
      1478.155463519607,
      -1865.2181411328916,
      3847.739150124147,
      168.24550275527943,
      54.620574082530446,
      -67.5387837586737
    ],
    [
      7.683322041403429,
      1872.5977948828552,
      1206.7474454528494,
      1129.7512647244153,
      737.004582329466,
      558.8330922772645,
      168.24550275527943,
      3052.2219071811805,
      57.67333845562214,
      -326.2141219969816
    ],
    [
      -30.711990178192522,
      67.20688089733278,
      29.99165860688985,
      49.78265479675242,
      38.95055468771628,
      -16.24928694165024,
      54.620574082530446,
      57.67333845562214,
      3305.3274165995817,
      313.3116390860804
    ],
    [
      111.10495678367495,
      -449.63571551769456,
      -95.65985065151676,
      -93.99643121670067,
      -152.65081212734194,
      32.085644025292325,
      -67.5387837586737,
      -326.2141219969816,
      313.3116390860804,
      3037.2965146240904
    ]
  ],
  "eta": [
    13789.584424960003,
    53001.72663512188,
    29348.41055302618,
    25888.62040875568,
    21055.496897634974,
    11649.39546243146,
    4986.7762418594175,
    28522.344076219157,
    1424.910243575914,
    -8542.345290439678
  ],
  "a": 1566.0836121600003,
  "b": 251168.34620226274,
  "n_obs": 6434
}