{
  "feature_cols": [
    "intercept",
    "elo_diff",
    "off_ppa_diff",
    "def_ppa_diff",
    "off_success_diff",
    "def_success_diff",
    "off_expl_diff",
    "ap_rank_diff",
    "home_field",
    "conference_game"
  ],
  "feat_mean": [
    0.0,
    40.48448619413607,
    0.0012966384232590712,
    0.0011620957775877146,
    0.0035751590142313445,
    -0.0021290516534612524,
    0.0068347659326647115,
    0.47566182749786506,
    0.9715343011670936,
    0.6945630515229149
  ],
  "feat_std": [
    1.0,
    341.7110640533453,
    0.13032253441315686,
    0.11784757818601149,
    0.11043557275444256,
    0.1074366685079436,
    0.23449528403003403,
    8.246110609836128,
    0.16629913656678946,
    0.4605922480699169
  ],
  "scaler_fit": true,
  "Lambda": [
    [
      3291.4033973098003,
      -42.08693698937895,
      44.72328959393454,
      7.866895453490684,
      -44.02831556102858,
      48.0359608464849,
      -55.50744304520188,
      1.0045595983942837,
      47.698331044560526,
      258.2654863759487
    ],
    [
      -42.08693698937895,
      3054.6250584093427,
      2132.1538182450013,
      1960.5438016759529,
      1308.7999924458775,
      909.3244277769097,
      236.06035763869102,
      1913.239623386632,
      91.61732070013039,
      -459.2115603073866
    ],
    [
      44.72328959393454,
      2132.1538182450013,
      5717.46868779749,
      647.347573932914,
      2918.209698014887,
      129.73716711253923,
      1626.609198978369,
      1386.8707764259373,
      62.6597853356778,
      -171.6180554143066
    ],
    [
      7.866895453490684,
      1960.5438016759529,
      647.347573932914,
      6009.5453985072945,
      202.68026500965732,
      2982.688436415935,
      -647.4845525680884,
      1202.611274692894,
      100.32586262709543,
      -165.06258000124342
    ],
    [
      -44.02831556102858,
      1308.7999924458775,
      2918.209698014887,
      202.68026500965732,
      2730.95675768637,
      -646.4496041662418,
      1100.8773632354985,
      812.4422369922291,
      48.53276153401846,
      -157.02010756681287
    ],
    [
      48.0359608464849,
      909.3244277769097,
      129.73716711253923,
      2982.688436415935,
      -646.4496041662418,
      2817.52032674617,
      -1503.7425733706525,
      588.4241634477502,
      12.470833736752358,
      -25.751324673683175
    ],
    [
      -55.50744304520188,
      236.06035763869102,
      1626.609198978369,
      -647.4845525680884,
      1100.8773632354985,
      -1503.7425733706525,
      3911.0671488210405,
      123.47183047411129,
      35.38586390221067,
      -60.37487105306514
    ],
    [
      1.0045595983942837,
      1913.239623386632,
      1386.8707764259373,
      1202.611274692894,
      812.4422369922291,
      588.4241634477502,
      123.47183047411129,
      3209.675717156586,
      62.87368560692281,
      -350.47890623303243
    ],
    [
      47.698331044560526,
      91.61732070013039,
      62.6597853356778,
      100.32586262709543,
      48.53276153401846,
      12.470833736752358,
      35.38586390221067,
      62.87368560692281,
      3020.9107885383387,
      230.91034549475143
    ],
    [
      258.2654863759487,
      -459.2115603073866,
      -171.6180554143066,
      -165.06258000124342,
      -157.02010756681287,
      -25.751324673683175,
      -60.37487105306514,
      -350.47890623303243,
      230.91034549475143,
      3073.211417393851
    ]
  ],
  "eta": [
    13001.34978046362,
    52990.2883093299,
    33034.84708946807,
    29851.109139569555,
    20477.436260037735,
    14826.601942562109,
    2382.8278862846955,
    29511.65703783352,
    2399.7931033424347,
    -8567.811048508753
  ],
  "a": 1645.9078475407364,
  "b": 263524.7172672043,
  "n_obs": 9124
}