{
  "feature_cols": [
    "intercept",
    "elo_diff",
    "off_ppa_diff",
    "def_ppa_diff",
    "off_success_diff",
    "def_success_diff",
    "off_expl_diff",
    "ap_rank_diff",
    "home_field",
    "conference_game"
  ],
  "feat_mean": [
    0.0,
    40.48448619413607,
    0.0012966384232590712,
    0.0011620957775877146,
    0.0035751590142313445,
    -0.0021290516534612524,
    0.0068347659326647115,
    0.47566182749786506,
    0.9715343011670936,
    0.6945630515229149
  ],
  "feat_std": [
    1.0,
    341.7110640533453,
    0.13032253441315686,
    0.11784757818601149,
    0.11043557275444256,
    0.1074366685079436,
    0.23449528403003403,
    8.246110609836128,
    0.16629913656678946,
    0.4605922480699169
  ],
  "scaler_fit": true,
  "Lambda": [
    [
      3239.9285103707025,
      -23.58271629574588,
      -10.279660736353057,
      -52.43816752537422,
      -45.1289909394329,
      11.068751185173337,
      -54.45119710002672,
      8.01281702840335,
      -19.023630442291115,
      118.18571157488833
    ],
    [
      -23.58271629574588,
      3181.7605286492635,
      2054.849509674417,
      1859.1609816286434,
      1380.6937375471732,
      804.5829811719941,
      351.9056765990223,
      1976.7445873880322,
      66.99545955276771,
      -436.0693104809269
    ],
    [
      -10.279660736353057,
      2054.849509674417,
      4865.34237402809,
      558.1470871330176,
      2603.7777419903696,
      97.56031305744737,
      1454.9835075316562,
      1392.8998936908386,
      33.5562330746182,
      -65.29593364759387
    ],
    [
      -52.43816752537422,
      1859.1609816286434,
      558.1470871330176,
      5347.968947589132,
      81.09268664867551,
      2839.321145001735,
      -707.7833759610053,
      1285.4418170626695,
      83.77625124540226,
      -61.75226027130622
    ],
    [
      -45.1289909394329,
      1380.6937375471732,
      2603.7777419903696,
      81.09268664867551,
      2768.344449866293,
      -920.3673182592481,
      1376.5293259798448,
      804.1594029786976,
      45.07195655694727,
      -129.52046786612584
    ],
    [
      11.068751185173337,
      804.5829811719941,
      97.56031305744737,
      2839.321145001735,
      -920.3673182592481,
      3001.2153421530716,
      -1729.2484023634477,
      642.6061525451788,
      -5.356760622607518,
      31.54188040566085
    ],
    [
      -54.45119710002672,
      351.9056765990223,
      1454.9835075316562,
      -707.7833759610053,
      1376.5293259798448,
      -1729.2484023634477,
      3802.3796418058946,
      217.05239369285704,
      33.66313908482091,
      -48.98661821576683
    ],
    [
      8.01281702840335,
      1976.7445873880322,
      1392.8998936908386,
      1285.4418170626695,
      804.1594029786976,
      642.6061525451788,
      217.05239369285704,
      3127.7363822968114,
      37.3524589491178,
      -341.520928633221
    ],
    [
      -19.023630442291115,
      66.99545955276771,
      33.5562330746182,
      83.77625124540226,
      45.07195655694727,
      -5.356760622607518,
      33.66313908482091,
      37.3524589491178,
      3347.8112447358867,
      319.5227793123112
    ],
    [
      118.18571157488833,
      -436.0693104809269,
      -65.29593364759387,
      -61.75226027130622,
      -129.52046786612584,
      31.54188040566085,
      -48.98661821576683,
      -341.520928633221,
      319.5227793123112,
      3140.0819659503863
    ]
  ],
  "eta": [
    14404.667539968003,
    55865.36100337871,
    32572.687692463194,
    28277.968056099584,
    21844.142520239566,
    13413.179860946439,
    4695.949561536091,
    31061.712370650064,
    1212.1763280226724,
    -8559.396312459883
  ],
  "a": 1620.3668897280004,
  "b": 257161.34742207837,
  "n_obs": 7169
}