{
  "feature_cols": [
    "intercept",
    "elo_diff",
    "off_ppa_diff",
    "def_ppa_diff",
    "off_success_diff",
    "def_success_diff",
    "off_expl_diff",
    "ap_rank_diff",
    "home_field",
    "conference_game"
  ],
  "feat_mean": [
    0.0,
    40.48448619413607,
    0.0012966384232590712,
    0.0011620957775877146,
    0.0035751590142313445,
    -0.0021290516534612524,
    0.0068347659326647115,
    0.47566182749786506,
    0.9715343011670936,
    0.6945630515229149
  ],
  "feat_std": [
    1.0,
    341.7110640533453,
    0.13032253441315686,
    0.11784757818601149,
    0.11043557275444256,
    0.1074366685079436,
    0.23449528403003403,
    8.246110609836128,
    0.16629913656678946,
    0.4605922480699169
  ],
  "scaler_fit": true,
  "Lambda": [
    [
      2823.063496817778,
      -10.595202376980383,
      -31.994656214768607,
      -20.27844438477685,
      -37.77394805099158,
      -19.203566387801235,
      -1.2921310847673442,
      4.836380020200895,
      -28.25620675628241,
      75.49175595016405
    ],
    [
      -10.595202376980383,
      2767.0507862967584,
      1644.3757098440385,
      1303.8638274202758,
      1242.584853239944,
      620.2681280072451,
      197.309189337764,
      1682.403484963127,
      27.951452589620324,
      -405.7598635677114
    ],
    [
      -31.994656214768607,
      1644.3757098440385,
      3745.591683687989,
      134.87766115180602,
      2161.9529572599595,
      -139.63365754007432,
      1122.4811852603457,
      1021.0842523672924,
      11.851413785825095,
      -52.35433465030388
    ],
    [
      -20.27844438477685,
      1303.8638274202758,
      134.87766115180602,
      4138.279828784764,
      -102.88372984682171,
      2362.73049769297,
      -691.769417049967,
      834.4437301654557,
      55.46811904481569,
      -95.1494562228881
    ],
    [
      -37.77394805099158,
      1242.584853239944,
      2161.9529572599595,
      -102.88372984682171,
      2691.6409178999306,
      -1148.9804498212234,
      1450.36932587606,
      699.0830021124597,
      6.410924949961017,
      -149.75623973532524
    ],
    [
      -19.203566387801235,
      620.2681280072451,
      -139.63365754007432,
      2362.73049769297,
      -1148.9804498212234,
      2948.7800165156,
      -1859.8205664292097,
      450.33530233863905,
      -0.9290917085759203,
      58.18366015500252
    ],
    [
      -1.2921310847673442,
      197.309189337764,
      1122.4811852603457,
      -691.769417049967,
      1450.36932587606,
      -1859.8205664292097,
      3420.2256985885874,
      107.83544703917211,
      45.61894962030623,
      -90.01154883745295
    ],
    [
      4.836380020200895,
      1682.403484963127,
      1021.0842523672924,
      834.4437301654557,
      699.0830021124597,
      450.33530233863905,
      107.83544703917211,
      2753.0512636694816,
      40.882529340896966,
      -284.273470954947
    ],
    [
      -28.25620675628241,
      27.951452589620324,
      11.851413785825095,
      55.46811904481569,
      6.410924949961017,
      -0.9290917085759203,
      45.61894962030623,
      40.882529340896966,
      2983.3046489773533,
      276.0337886062266
    ],
    [
      75.49175595016405,
      -405.7598635677114,
      -52.35433465030388,
      -95.1494562228881,
      -149.75623973532524,
      58.18366015500252,
      -90.01154883745295,
      -284.273470954947,
      276.0337886062266,
      2759.287697176167
    ]
  ],
  "eta": [
    12871.225664000003,
    48536.835050196,
    25712.470879714212,
    19902.77850065654,
    19837.505592376026,
    10297.799990899572,
    2806.5286685213246,
    25784.14028462196,
    -47.732290149397876,
    -8124.471702919021
  ],
  "a": 1412.318144,
  "b": 227546.0995224456,
  "n_obs": 4962
}