{
  "feature_cols": [
    "intercept",
    "elo_diff",
    "off_ppa_diff",
    "def_ppa_diff",
    "off_success_diff",
    "def_success_diff",
    "off_expl_diff",
    "ap_rank_diff",
    "home_field",
    "conference_game"
  ],
  "feat_mean": [
    0.0,
    40.48448619413607,
    0.0012966384232590712,
    0.0011620957775877146,
    0.0035751590142313445,
    -0.0021290516534612524,
    0.0068347659326647115,
    0.47566182749786506,
    0.9715343011670936,
    0.6945630515229149
  ],
  "feat_std": [
    1.0,
    341.7110640533453,
    0.13032253441315686,
    0.11784757818601149,
    0.11043557275444256,
    0.1074366685079436,
    0.23449528403003403,
    8.246110609836128,
    0.16629913656678946,
    0.4605922480699169
  ],
  "scaler_fit": true,
  "Lambda": [
    [
      2822.398831538095,
      -19.324059187537276,
      93.03329345228173,
      104.94842009682405,
      -7.610927169446615,
      93.28079348301667,
      -87.94613734474345,
      13.501797409017806,
      -37.34055832906066,
      206.8366727553007
    ],
    [
      -19.324059187537276,
      2453.3177578857635,
      1804.851870418006,
      1689.4531734333586,
      1014.7736501841769,
      804.6759067835291,
      165.7454244993089,
      1572.4031950872097,
      104.29205273539753,
      -417.9655125494035
    ],
    [
      93.03329345228173,
      1804.851870418006,
      5231.6277682074415,
      911.2851608778585,
      2620.1143162280696,
      283.99447901236226,
      1281.5667979954205,
      1189.6774015604972,
      122.71705927467158,
      -232.3978408785865
    ],
    [
      104.94842009682405,
      1689.4531734333586,
      911.2851608778585,
      5381.814604826167,
      389.83765854085453,
      2559.4170931962,
      -421.3360555675599,
      1060.690149406227,
      104.33317471368566,
      -261.8473942671621
    ],
    [
      -7.610927169446615,
      1014.7736501841769,
      2620.1143162280696,
      389.83765854085453,
      2203.5753183961247,
      -278.10820794993737,
      640.9193177244528,
      644.6811308155808,
      64.81195143167638,
      -170.7284127248988
    ],
    [
      93.28079348301667,
      804.6759067835291,
      283.99447901236226,
      2559.4170931962,
      -278.10820794993737,
      2198.390594919222,
      -964.6388232088989,
      513.7489070072869,
      75.04283224131261,
      -83.99026466043352
    ],
    [
      -87.94613734474345,
      165.7454244993089,
      1281.5667979954205,
      -421.3360555675599,
      640.9193177244528,
      -964.6388232088989,
      2925.436592192655,
      152.1521807004054,
      33.25551282563227,
      -16.088868747559754
    ],
    [
      13.501797409017806,
      1572.4031950872097,
      1189.6774015604972,
      1060.690149406227,
      644.6811308155808,
      513.7489070072869,
      152.1521807004054,
      2653.6468722626396,
      44.5241171001272,
      -324.8281606880133
    ],
    [
      -37.34055832906066,
      104.29205273539753,
      122.71705927467158,
      104.33317471368566,
      64.81195143167638,
      75.04283224131261,
      33.25551282563227,
      44.5241171001272,
      3034.154312592164,
      140.35475033517653
    ],
    [
      206.8366727553007,
      -417.9655125494035,
      -232.3978408785865,
      -261.8473942671621,
      -170.7284127248988,
      -83.99026466043352,
      -16.088868747559754,
      -324.8281606880133,
      140.35475033517653,
      2647.655503291431
    ]
  ],
  "eta": [
    12372.0408700779,
    42895.925203747174,
    30175.673517986517,
    26966.72984545634,
    17129.836635946813,
    13524.319842635565,
    2344.7719544704473,
    24092.65282997705,
    2283.2440169447905,
    -7858.07456139996
  ],
  "a": 1411.283854352686,
  "b": 222570.5603899441,
  "n_obs": 11387
}