{
  "feature_cols": [
    "intercept",
    "elo_diff",
    "off_ppa_diff",
    "def_ppa_diff",
    "off_success_diff",
    "def_success_diff",
    "off_expl_diff",
    "ap_rank_diff",
    "home_field",
    "conference_game"
  ],
  "feat_mean": [
    0.0,
    40.48448619413607,
    0.0012966384232590712,
    0.0011620957775877146,
    0.0035751590142313445,
    -0.0021290516534612524,
    0.0068347659326647115,
    0.47566182749786506,
    0.9715343011670936,
    0.6945630515229149
  ],
  "feat_std": [
    1.0,
    341.7110640533453,
    0.13032253441315686,
    0.11784757818601149,
    0.11043557275444256,
    0.1074366685079436,
    0.23449528403003403,
    8.246110609836128,
    0.16629913656678946,
    0.4605922480699169
  ],
  "scaler_fit": true,
  "Lambda": [
    [
      3383.1227178478402,
      -49.502705771536675,
      66.40989191490242,
      33.20821442091868,
      -43.973467758544984,
      58.45592347567058,
      -68.10948801267115,
      -7.654445345189002,
      34.24568074713,
      265.40128854768045
    ],
    [
      -49.502705771536675,
      3034.0677309672897,
      2169.7411686677815,
      2005.8562201743684,
      1291.1115656825623,
      919.7513950173427,
      227.2814367465194,
      1964.660120566231,
      98.82164979682568,
      -460.8676209114953
    ],
    [
      66.40989191490242,
      2169.7411686677815,
      5827.0504619650565,
      753.0449323585939,
      2987.1644243939736,
      93.37492197940848,
      1637.019518368763,
      1540.1177298635405,
      93.1204984716172,
      -236.35244851711084
    ],
    [
      33.20821442091868,
      2005.8562201743684,
      753.0449323585939,
      6058.048855681633,
      278.4201226505835,
      2967.9364589265315,
      -658.3917953458532,
      1249.8065523881012,
      124.16353708214726,
      -209.86357385247652
    ],
    [
      -43.973467758544984,
      1291.1115656825623,
      2987.1644243939736,
      278.4201226505835,
      2750.445428276347,
      -638.4140678523071,
      1093.7729870170929,
      862.7639788145385,
      65.57729762570135,
      -172.09997208731565
    ],
    [
      58.45592347567058,
      919.7513950173427,
      93.37492197940848,
      2967.9364589265315,
      -638.4140678523071,
      2770.6429763773267,
      -1486.1836961150736,
      595.3497016434235,
      25.868543046782825,
      -40.186670241506164
    ],
    [
      -68.10948801267115,
      227.2814367465194,
      1637.019518368763,
      -658.3917953458532,
      1093.7729870170929,
      -1486.1836961150736,
      3840.713178961296,
      184.94929320639326,
      35.01525522346875,
      -67.71805980879411
    ],
    [
      -7.654445345189002,
      1964.660120566231,
      1540.1177298635405,
      1249.8065523881012,
      862.7639788145385,
      595.3497016434235,
      184.94929320639326,
      3289.92968311611,
      48.4607072283535,
      -362.58735115670777
    ],
    [
      34.24568074713,
      98.82164979682568,
      93.1204984716172,
      124.16353708214726,
      65.57729762570135,
      25.868543046782825,
      35.01525522346875,
      48.4607072283535,
      3188.918838858826,
      224.5628552116124
    ],
    [
      265.40128854768045,
      -460.8676209114953,
      -236.35244851711084,
      -209.86357385247652,
      -172.09997208731565,
      -40.186670241506164,
      -67.71805980879411,
      -362.58735115670777,
      224.5628552116124,
      3158.9020033022466
    ]
  ],
  "eta": [
    13450.079824370898,
    52904.08168028071,
    34549.45368623635,
    30210.41795483894,
    20398.091155921626,
    14923.94495415513,
    2589.4946372660297,
    30501.266543619233,
    2315.458399308705,
    -8616.594487251674
  ],
  "a": 1691.726278032589,
  "b": 265930.81295782496,
  "n_obs": 9874
}