{
  "feature_cols": [
    "intercept",
    "elo_diff",
    "off_ppa_diff",
    "def_ppa_diff",
    "off_success_diff",
    "def_success_diff",
    "off_expl_diff",
    "ap_rank_diff",
    "home_field",
    "conference_game"
  ],
  "feat_mean": [
    0.0,
    40.48448619413607,
    0.0012966384232590712,
    0.0011620957775877146,
    0.0035751590142313445,
    -0.0021290516534612524,
    0.0068347659326647115,
    0.47566182749786506,
    0.9715343011670936,
    0.6945630515229149
  ],
  "feat_std": [
    1.0,
    341.7110640533453,
    0.13032253441315686,
    0.11784757818601149,
    0.11043557275444256,
    0.1074366685079436,
    0.23449528403003403,
    8.246110609836128,
    0.16629913656678946,
    0.4605922480699169
  ],
  "scaler_fit": true,
  "Lambda": [
    [
      3457.4981742782725,
      -23.608679351119754,
      65.44899111995765,
      94.4648100459184,
      -49.66544062555776,
      85.39416873412017,
      -87.12087607551622,
      11.91864259656796,
      -48.50439173348316,
      247.89077473840211
    ],
    [
      -23.608679351119754,
      3036.3032254033656,
      2213.03156888362,
      2096.1912993391275,
      1264.3732468649666,
      963.0550948129754,
      221.8414165557662,
      1982.048036050636,
      115.81923337013708,
      -489.62687436166834
    ],
    [
      65.44899111995765,
      2213.03156888362,
      6147.940452062924,
      974.2714731910244,
      3119.6199543157795,
      194.91264806318316,
      1600.088025388253,
      1563.6104500934096,
      144.9503618878992,
      -221.25837389324215
    ],
    [
      94.4648100459184,
      2096.1912993391275,
      974.2714731910244,
      6159.470983796244,
      367.0599748751312,
      2996.816385505866,
      -613.3197146167581,
      1317.363583405863,
      172.9517012227486,
      -269.7780157157776
    ],
    [
      -49.66544062555776,
      1264.3732468649666,
      3119.6199543157795,
      367.0599748751312,
      2784.8170679735085,
      -572.6507557480018,
      1022.3415855079049,
      830.9203262130013,
      75.39139901712304,
      -167.2228463019174
    ],
    [
      85.39416873412017,
      963.0550948129754,
      194.91264806318316,
      2996.816385505866,
      -572.6507557480018,
      2721.887029401171,
      -1412.4819363188517,
      637.3569368550393,
      88.77002684078302,
      -62.46177077717463
    ],
    [
      -87.12087607551622,
      221.8414165557662,
      1600.088025388253,
      -613.3197146167581,
      1022.3415855079049,
      -1412.4819363188517,
      3817.1185485258934,
      254.7531777352861,
      67.73896169379866,
      -46.82307067206575
    ],
    [
      11.91864259656796,
      1982.048036050636,
      1563.6104500934096,
      1317.363583405863,
      830.9203262130013,
      637.3569368550393,
      254.7531777352861,
      3364.7049723754703,
      54.37947656864755,
      -385.44447746164343
    ],
    [
      -48.50439173348316,
      115.81923337013708,
      144.9503618878992,
      172.9517012227486,
      75.39139901712304,
      88.77002684078302,
      67.73896169379866,
      54.37947656864755,
      3732.5629820159033,
      206.82531923225153
    ],
    [
      247.89077473840211,
      -489.62687436166834,
      -221.25837389324215,
      -269.7780157157776,
      -167.2228463019174,
      -62.46177077717463,
      -46.82307067206575,
      -385.44447746164343,
      206.82531923225153,
      3248.0709105420938
    ]
  ],
  "eta": [
    14520.063859496719,
    52966.6969286999,
    35826.57892046253,
    31467.759818667826,
    20811.371706125683,
    15278.469437410204,
    2439.358267121665,
    30144.995309560927,
    2706.4362627045457,
    -9006.982622009957
  ],
  "a": 1728.8810224260715,
  "b": 273155.44215093856,
  "n_obs": 10625
}