{
  "feature_cols": [
    "intercept",
    "elo_diff",
    "off_ppa_diff",
    "def_ppa_diff",
    "off_success_diff",
    "def_success_diff",
    "off_expl_diff",
    "ap_rank_diff",
    "home_field",
    "conference_game"
  ],
  "feat_mean": [
    0.0,
    40.48448619413607,
    0.0012966384232590712,
    0.0011620957775877146,
    0.0035751590142313445,
    -0.0021290516534612524,
    0.0068347659326647115,
    0.47566182749786506,
    0.9715343011670936,
    0.6945630515229149
  ],
  "feat_std": [
    1.0,
    341.7110640533453,
    0.13032253441315686,
    0.11784757818601149,
    0.11043557275444256,
    0.1074366685079436,
    0.23449528403003403,
    8.246110609836128,
    0.16629913656678946,
    0.4605922480699169
  ],
  "scaler_fit": true,
  "Lambda": [
    [
      3527.9985394226183,
      -24.155073984421595,
      47.20129806260314,
      59.36244602133055,
      -48.93668175194504,
      84.96840921013039,
      -107.78112854838491,
      16.877246761272257,
      -46.67569791132583,
      239.00578129762954
    ],
    [
      -24.155073984421595,
      3066.6471973572043,
      2265.3221323160888,
      2086.573144521639,
      1281.8932898421613,
      980.1125029942266,
      199.80915350088344,
      1965.503993859012,
      130.36506591924692,
      -524.88170113363
    ],
    [
      47.20129806260314,
      2265.3221323160888,
      6231.037568334992,
      991.4196350599613,
      3144.3565750253824,
      307.18970575229025,
      1513.2610500614553,
      1483.3001547582714,
      149.70693012883305,
      -262.02205101699957
    ],
    [
      59.36244602133055,
      2086.573144521639,
      991.4196350599613,
      6214.475362604352,
      423.73971157743847,
      2980.867165478589,
      -552.872672101669,
      1345.4216643420277,
      129.18229551410855,
      -262.6309302406861
    ],
    [
      -48.93668175194504,
      1281.8932898421613,
      3144.3565750253824,
      423.73971157743847,
      2662.8537133109744,
      -376.5045569482561,
      818.2697144055788,
      800.5464013178805,
      79.4353023782757,
      -200.41062299797878
    ],
    [
      84.96840921013039,
      980.1125029942266,
      307.18970575229025,
      2980.867165478589,
      -376.5045569482561,
      2599.682461810809,
      -1191.8943515441263,
      641.8648379641529,
      75.18606555811998,
      -74.32222095278483
    ],
    [
      -107.78112854838491,
      199.80915350088344,
      1513.2610500614553,
      -552.872672101669,
      818.2697144055788,
      -1191.8943515441263,
      3503.5822851907415,
      184.74368744594412,
      50.84723130973794,
      -6.85960407310496
    ],
    [
      16.877246761272257,
      1965.503993859012,
      1483.3001547582714,
      1345.4216643420277,
      800.5464013178805,
      641.8648379641529,
      184.74368744594412,
      3317.058590328299,
      55.655146375159,
      -409.38399672029584
    ],
    [
      -46.67569791132583,
      130.36506591924692,
      149.70693012883305,
      129.18229551410855,
      79.4353023782757,
      75.18606555811998,
      50.84723130973794,
      55.655146375159,
      3792.692890740205,
      237.37621431247467
    ],
    [
      239.00578129762954,
      -524.88170113363,
      -262.02205101699957,
      -262.6309302406861,
      -200.41062299797878,
      -74.32222095278483,
      -6.85960407310496,
      -409.38399672029584,
      237.37621431247467,
      3326.077575453646
    ]
  ],
  "eta": [
    15465.051087597376,
    53619.90650468397,
    36876.41664632309,
    31656.892719794574,
    21256.34428016733,
    15829.250430459806,
    2585.1221686128965,
    30115.81603747131,
    2854.0550211809878,
    -9928.977970936428
  ],
  "a": 1764.1048179408572,
  "b": 276176.95056323265,
  "n_obs": 11387
}