{
  "feature_cols": [
    "intercept",
    "elo_diff",
    "off_ppa_diff",
    "def_ppa_diff",
    "off_success_diff",
    "def_success_diff",
    "off_expl_diff",
    "ap_rank_diff",
    "home_field",
    "conference_game"
  ],
  "feat_mean": [
    0.0,
    40.48448619413607,
    0.0012966384232590712,
    0.0011620957775877146,
    0.0035751590142313445,
    -0.0021290516534612524,
    0.0068347659326647115,
    0.47566182749786506,
    0.9715343011670936,
    0.6945630515229149
  ],
  "feat_std": [
    1.0,
    341.7110640533453,
    0.13032253441315686,
    0.11784757818601149,
    0.11043557275444256,
    0.1074366685079436,
    0.23449528403003403,
    8.246110609836128,
    0.16629913656678946,
    0.4605922480699169
  ],
  "scaler_fit": true,
  "Lambda": [
    [
      2822.398831538095,
      -19.324059187537276,
      37.761038450082516,
      47.48995681706444,
      -39.14934540155603,
      67.97472736810431,
      -86.22490283870793,
      13.501797409017806,
      -37.34055832906066,
      191.20462503810364
    ],
    [
      -19.324059187537276,
      2453.3177578857635,
      1812.2577058528711,
      1669.258515617311,
      1025.514631873729,
      784.0900023953814,
      159.84732280070676,
      1572.4031950872097,
      104.29205273539753,
      -419.90536090690404
    ],
    [
      37.761038450082516,
      1812.2577058528711,
      4984.830054667994,
      793.135708047969,
      2515.485260020306,
      245.7517646018322,
      1210.6088400491642,
      1186.640123806617,
      119.76554410306645,
      -209.61764081359968
    ],
    [
      47.48995681706444,
      1669.258515617311,
      793.135708047969,
      4971.580290083482,
      338.9917692619508,
      2384.693732382871,
      -442.2981376813352,
      1076.3373314736223,
      103.34583641128684,
      -210.10474419254888
    ],
    [
      -39.14934540155603,
      1025.514631873729,
      2515.485260020306,
      338.9917692619508,
      2130.2829706487796,
      -301.2036455586049,
      654.6157715244631,
      640.4371210543045,
      63.54824190262056,
      -160.32849839838303
    ],
    [
      67.97472736810431,
      784.0900023953814,
      245.7517646018322,
      2384.693732382871,
      -301.2036455586049,
      2079.7459694486474,
      -953.5154812353011,
      513.4918703713223,
      60.14885244649599,
      -59.457776762227866
    ],
    [
      -86.22490283870793,
      159.84732280070676,
      1210.6088400491642,
      -442.2981376813352,
      654.6157715244631,
      -953.5154812353011,
      2802.865828152593,
      147.7949499567553,
      40.67778504779036,
      -5.487683258483969
    ],
    [
      13.501797409017806,
      1572.4031950872097,
      1186.640123806617,
      1076.3373314736223,
      640.4371210543045,
      513.4918703713223,
      147.7949499567553,
      2653.6468722626396,
      44.5241171001272,
      -327.5071973762367
    ],
    [
      -37.34055832906066,
      104.29205273539753,
      119.76554410306645,
      103.34583641128684,
      63.54824190262056,
      60.14885244649599,
      40.67778504779036,
      44.5241171001272,
      3034.154312592164,
      189.90097144997975
    ],
    [
      191.20462503810364,
      -419.90536090690404,
      -209.61764081359968,
      -210.10474419254888,
      -160.32849839838303,
      -59.457776762227866,
      -5.487683258483969,
      -327.5071973762367,
      189.90097144997975,
      2660.862060362917
    ]
  ],
  "eta": [
    12372.0408700779,
    42895.925203747174,
    29501.13331705847,
    25325.514175835662,
    17005.075424133865,
    12663.400344367845,
    2068.0977348903175,
    24092.65282997705,
    2283.2440169447905,
    -7943.182376749143
  ],
  "a": 1411.283854352686,
  "b": 220910.23197280616,
  "n_obs": 11387
}