{
  "feature_cols": [
    "intercept",
    "elo_diff",
    "off_ppa_diff",
    "def_ppa_diff",
    "off_success_diff",
    "def_success_diff",
    "off_expl_diff",
    "ap_rank_diff",
    "home_field",
    "conference_game"
  ],
  "feat_mean": [
    0.0,
    40.48448619413607,
    0.0012966384232590712,
    0.0011620957775877146,
    0.0035751590142313445,
    -0.0021290516534612524,
    0.0068347659326647115,
    0.47566182749786506,
    0.9715343011670936,
    0.6945630515229149
  ],
  "feat_std": [
    1.0,
    341.7110640533453,
    0.13032253441315686,
    0.11784757818601149,
    0.11043557275444256,
    0.1074366685079436,
    0.23449528403003403,
    8.246110609836128,
    0.16629913656678946,
    0.4605922480699169
  ],
  "scaler_fit": true,
  "Lambda": [
    [
      3080.9428082965624,
      -44.76206778453823,
      26.785905363421822,
      -20.870067139011436,
      -38.011167997131906,
      40.34389522186151,
      -61.878785517038104,
      -7.244503022446042,
      50.444255147332804,
      290.7278757591777
    ],
    [
      -44.76206778453823,
      2972.0230285578928,
      2016.6445817516785,
      1767.7905873962088,
      1305.7038939725728,
      800.4450814768635,
      284.32770580871266,
      1894.331629910175,
      47.37675919240402,
      -398.2056410398885
    ],
    [
      26.785905363421822,
      2016.6445817516785,
      4878.710136178513,
      543.8415097920871,
      2601.2624357525383,
      122.62408225755159,
      1375.2963947166663,
      1425.2359764151697,
      36.09064255620952,
      -92.31036553865613
    ],
    [
      -20.870067139011436,
      1767.7905873962088,
      543.8415097920871,
      5256.910668484577,
      103.65221534683629,
      2750.0034798120037,
      -640.3233760843742,
      1227.623013302743,
      57.75088931176081,
      -66.65974925648437
    ],
    [
      -38.011167997131906,
      1305.7038939725728,
      2601.2624357525383,
      103.65221534683629,
      2619.6289890550047,
      -769.648659955863,
      1179.227259143472,
      793.6668120754351,
      31.908401291389147,
      -141.189086650225
    ],
    [
      40.34389522186151,
      800.4450814768635,
      122.62408225755159,
      2750.0034798120037,
      -769.648659955863,
      2784.937327366055,
      -1516.6998070588718,
      634.6309665280718,
      -13.066789844981159,
      8.494871506525907
    ],
    [
      -61.878785517038104,
      284.32770580871266,
      1375.2963947166663,
      -640.3233760843742,
      1179.227259143472,
      -1516.6998070588718,
      3581.7456295525753,
      210.94185278683693,
      34.89142838092212,
      -53.43063865944496
    ],
    [
      -7.244503022446042,
      1894.331629910175,
      1425.2359764151697,
      1227.623013302743,
      793.6668120754351,
      634.6309665280718,
      210.94185278683693,
      3032.9149934385455,
      20.563789564008413,
      -299.1054436856094
    ],
    [
      50.444255147332804,
      47.37675919240402,
      36.09064255620952,
      57.75088931176081,
      31.908401291389147,
      -13.066789844981159,
      34.89142838092212,
      20.563789564008413,
      2794.878667631666,
      290.2911639298798
    ],
    [
      290.7278757591777,
      -398.2056410398885,
      -92.31036553865613,
      -66.65974925648437,
      -141.189086650225,
      8.494871506525907,
      -53.43063865944496,
      -299.1054436856094,
      290.2911639298798,
      2835.3257250833376
    ]
  ],
  "eta": [
    12567.734031974403,
    52262.00622926401,
    31854.60433255154,
    27549.383729531834,
    20470.364066942428,
    13849.137769741395,
    3209.047916711953,
    29814.911955008884,
    1106.351450484886,
    -7132.202314080339
  ],
  "a": 1540.7935117824004,
  "b": 245506.15852482195,
  "n_obs": 7658
}