{
  "feature_cols": [
    "intercept",
    "elo_diff",
    "off_ppa_diff",
    "def_ppa_diff",
    "off_success_diff",
    "def_success_diff",
    "off_expl_diff",
    "ap_rank_diff",
    "home_field",
    "conference_game"
  ],
  "feat_mean": [
    0.0,
    40.48448619413607,
    0.0012966384232590712,
    0.0011620957775877146,
    0.0035751590142313445,
    -0.0021290516534612524,
    0.0068347659326647115,
    0.47566182749786506,
    0.9715343011670936,
    0.6945630515229149
  ],
  "feat_std": [
    1.0,
    341.7110640533453,
    0.13032253441315686,
    0.11784757818601149,
    0.11043557275444256,
    0.1074366685079436,
    0.23449528403003403,
    8.246110609836128,
    0.16629913656678946,
    0.4605922480699169
  ],
  "scaler_fit": true,
  "Lambda": [
    [
      2996.4507974542225,
      -17.845337055867926,
      -7.379081253909487,
      -36.675085461559156,
      -38.55793022873126,
      -23.78003761440559,
      -2.4715015563948284,
      -1.5926743693610756,
      -22.558749057523507,
      100.36904059257336
    ],
    [
      -17.845337055867926,
      2911.1116584440056,
      1747.278724011788,
      1502.902927278655,
      1301.4182384373091,
      658.5562543978218,
      269.40934054358564,
      1798.1512560431763,
      54.618079791722614,
      -411.5805676986358
    ],
    [
      -7.379081253909487,
      1747.278724011788,
      4166.88726440432,
      269.00862850177054,
      2388.4497087447994,
      -64.14704268977245,
      1236.0360400136599,
      1103.387900948706,
      54.64085864287961,
      -93.32601666289608
    ],
    [
      -36.675085461559156,
      1502.902927278655,
      269.00862850177054,
      4706.772150931222,
      -86.17937689199053,
      2654.258695017372,
      -842.0426606179739,
      1004.3781818025145,
      53.90660747895529,
      -88.51782101226831
    ],
    [
      -38.55793022873126,
      1301.4182384373091,
      2388.4497087447994,
      -86.17937689199053,
      2876.247563539599,
      -1205.0694345913712,
      1599.0896949346425,
      725.1610345365895,
      28.19891200782837,
      -160.91503328015014
    ],
    [
      -23.78003761440559,
      658.5562543978218,
      -64.14704268977245,
      2654.258695017372,
      -1205.0694345913712,
      3161.914593087332,
      -2039.2751009373321,
      529.6630019407438,
      1.524159994981348,
      59.39823805165713
    ],
    [
      -2.4715015563948284,
      269.40934054358564,
      1236.0360400136599,
      -842.0426606179739,
      1599.0896949346425,
      -2039.2751009373321,
      3787.8407365237817,
      121.83038691712211,
      45.86303984407234,
      -98.5657136836146
    ],
    [
      -1.5926743693610756,
      1798.1512560431763,
      1103.387900948706,
      1004.3781818025145,
      725.1610345365895,
      529.6630019407438,
      121.83038691712211,
      2909.2504772848797,
      52.91051718800122,
      -302.27062488918386
    ],
    [
      -22.558749057523507,
      54.618079791722614,
      54.64085864287961,
      53.90660747895529,
      28.19891200782837,
      1.524159994981348,
      45.86303984407234,
      52.91051718800122,
      3124.381630110709,
      287.5399354094887
    ],
    [
      100.36904059257336,
      -411.5805676986358,
      -93.32601666289608,
      -88.51782101226831,
      -160.91503328015014,
      59.39823805165713,
      -98.5657136836146,
      -302.27062488918386,
      287.5399354094887,
      2911.657198136303
    ]
  ],
  "eta": [
    13401.980531200003,
    51073.39312920235,
    27899.463930201626,
    23482.760903314957,
    21229.636926246032,
    10768.176973239477,
    4375.669120946518,
    27599.33488733076,
    733.8325771559361,
    -7682.007759852416
  ],
  "a": 1498.8545152000002,
  "b": 242393.35165439587,
  "n_obs": 5700
}