{
  "feature_cols": [
    "intercept",
    "elo_diff",
    "off_ppa_diff",
    "def_ppa_diff",
    "off_success_diff",
    "def_success_diff",
    "off_expl_diff",
    "ap_rank_diff",
    "home_field",
    "conference_game"
  ],
  "feat_mean": [
    0.0,
    40.48448619413607,
    0.0012966384232590712,
    0.0011620957775877146,
    0.0035751590142313445,
    -0.0021290516534612524,
    0.0068347659326647115,
    0.47566182749786506,
    0.9715343011670936,
    0.6945630515229149
  ],
  "feat_std": [
    1.0,
    341.7110640533453,
    0.13032253441315686,
    0.11784757818601149,
    0.11043557275444256,
    0.1074366685079436,
    0.23449528403003403,
    8.246110609836128,
    0.16629913656678946,
    0.4605922480699169
  ],
  "scaler_fit": true,
  "Lambda": [
    [
      3196.75424663725,
      -57.6399216050517,
      13.081728391134046,
      -54.3773548627892,
      -50.40902567004436,
      17.63312434720878,
      -40.54511060504035,
      -23.887096067155202,
      45.38785084588262,
      270.7502167172932
    ],
    [
      -57.6399216050517,
      3050.2944226457885,
      2067.595410122647,
      1926.116585371615,
      1321.9469160850795,
      850.6722278402647,
      294.87703739302975,
      1913.9481428117006,
      83.6961856942057,
      -402.24639413888406
    ],
    [
      13.081728391134046,
      2067.595410122647,
      5438.861550216912,
      704.1898451529446,
      2777.837108062686,
      136.681127985429,
      1747.8160895830017,
      1290.078956700422,
      75.62227711568785,
      -96.73266017280089
    ],
    [
      -54.3773548627892,
      1926.116585371615,
      704.1898451529446,
      5672.363916163972,
      216.59185338334717,
      2842.2952574373653,
      -614.2310905266714,
      1238.4001631906674,
      79.33210467917769,
      -44.31533256503588
    ],
    [
      -50.40902567004436,
      1321.9469160850795,
      2777.837108062686,
      216.59185338334717,
      2672.364943835736,
      -705.1153570619073,
      1224.9482667748382,
      744.5108384706282,
      56.77167870759021,
      -136.84011620633456
    ],
    [
      17.63312434720878,
      850.6722278402647,
      136.681127985429,
      2842.2952574373653,
      -705.1153570619073,
      2787.4788988769565,
      -1526.541655277469,
      605.8103445446284,
      -8.197278455975768,
      27.45159960783463
    ],
    [
      -40.54511060504035,
      294.87703739302975,
      1747.8160895830017,
      -614.2310905266714,
      1224.9482667748382,
      -1526.541655277469,
      3991.958713893556,
      172.07950260246685,
      47.217507257937335,
      -72.44824980167523
    ],
    [
      -23.887096067155202,
      1913.9481428117006,
      1290.078956700422,
      1238.4001631906674,
      744.5108384706282,
      605.8103445446284,
      172.07950260246685,
      3129.074216323435,
      96.13083730834205,
      -308.15575889867984
    ],
    [
      45.38785084588262,
      83.6961856942057,
      75.62227711568785,
      79.33210467917769,
      56.77167870759021,
      -8.197278455975768,
      47.217507257937335,
      96.13083730834205,
      2939.3643463526478,
      276.5130438789972
    ],
    [
      270.7502167172932,
      -402.24639413888406,
      -96.73266017280089,
      -44.31533256503588,
      -136.84011620633456,
      27.45159960783463,
      -72.44824980167523,
      -308.15575889867984,
      276.5130438789972,
      2968.0148518341707
    ]
  ],
  "eta": [
    12584.187225579524,
    53405.50768239506,
    32113.043539820752,
    29708.86061277387,
    20778.64616961984,
    13819.702092364423,
    3905.9414183100885,
    29616.535185441415,
    1853.3256225747866,
    -7499.635985740701
  ],
  "a": 1598.6348094259204,
  "b": 254168.87232833751,
  "n_obs": 8390
}