{
  "feature_cols": [
    "intercept",
    "elo_diff",
    "off_ppa_diff",
    "def_ppa_diff",
    "off_success_diff",
    "def_success_diff",
    "off_expl_diff",
    "ap_rank_diff",
    "home_field",
    "conference_game"
  ],
  "feat_mean": [
    0.0,
    40.48448619413607,
    0.0012966384232590712,
    0.0011620957775877146,
    0.0035751590142313445,
    -0.0021290516534612524,
    0.0068347659326647115,
    0.47566182749786506,
    0.9715343011670936,
    0.6945630515229149
  ],
  "feat_std": [
    1.0,
    341.7110640533453,
    0.13032253441315686,
    0.11784757818601149,
    0.11043557275444256,
    0.1074366685079436,
    0.23449528403003403,
    8.246110609836128,
    0.16629913656678946,
    0.4605922480699169
  ],
  "scaler_fit": true,
  "Lambda": [
    [
      2626.3293710222224,
      -5.028732570236777,
      5.058736851787179,
      -15.29648746793634,
      -16.765306083187035,
      -21.155480053201668,
      0.818718114492175,
      28.54514888307131,
      5.628281299873182,
      38.66066147191668
    ],
    [
      -5.028732570236777,
      2565.134843613392,
      1470.243606618611,
      1150.9404891331524,
      1168.8188611283633,
      553.6854644748167,
      193.5264508876555,
      1552.688778563241,
      18.097003952479874,
      -363.05062836203416
    ],
    [
      5.058736851787179,
      1470.243606618611,
      3289.584711302686,
      -11.321324089656803,
      1984.4055571960525,
      -187.02555371969487,
      908.018633837432,
      957.2762983652848,
      -17.057442599153436,
      -100.32843777864187
    ],
    [
      -15.29648746793634,
      1150.9404891331524,
      -11.321324089656803,
      3558.1738932793915,
      -135.02316616829813,
      2124.2460339827535,
      -602.7233627578105,
      635.913962287921,
      28.48554986682673,
      -77.92967680465844
    ],
    [
      -16.765306083187035,
      1168.8188611283633,
      1984.4055571960525,
      -135.02316616829813,
      2603.134329966358,
      -1119.025399547601,
      1280.2350325390164,
      676.0885600976966,
      -9.430936432322909,
      -165.45300181141536
    ],
    [
      -21.155480053201668,
      553.6854644748167,
      -187.02555371969487,
      2124.2460339827535,
      -1119.025399547601,
      2779.703025011676,
      -1675.9046450773226,
      381.4390366312192,
      -12.36052730781751,
      70.81282556088333
    ],
    [
      0.818718114492175,
      193.5264508876555,
      908.018633837432,
      -602.7233627578105,
      1280.2350325390164,
      -1675.9046450773226,
      2997.742926583198,
      135.56009602410262,
      50.677720263022145,
      -105.43766444563441
    ],
    [
      28.54514888307131,
      1552.688778563241,
      957.2762983652848,
      635.913962287921,
      676.0885600976966,
      381.4390366312192,
      135.56009602410262,
      2588.1894431698715,
      -6.452747836142727,
      -269.70581371351227
    ],
    [
      5.628281299873182,
      18.097003952479874,
      -17.057442599153436,
      28.48554986682673,
      -9.430936432322909,
      -12.36052730781751,
      50.677720263022145,
      -6.452747836142727,
      2594.415040638589,
      236.63410574993685
    ],
    [
      38.66066147191668,
      -363.05062836203416,
      -100.32843777864187,
      -77.92967680465844,
      -165.45300181141536,
      70.81282556088333,
      -105.43766444563441,
      -269.70581371351227,
      236.63410574993685,
      2593.670538273139
    ]
  ],
  "eta": [
    12122.782080000003,
    45209.11497157734,
    24333.656259382442,
    17476.573931607683,
    19181.9170945608,
    9076.41122066233,
    3680.0913542988897,
    23917.81338055423,
    524.209719340442,
    -7602.223374590069
  ],
  "a": 1314.14768,
  "b": 205987.90840265935,
  "n_obs": 4240
}