{
  "feature_cols": [
    "intercept",
    "elo_diff",
    "off_ppa_diff",
    "def_ppa_diff",
    "off_success_diff",
    "def_success_diff",
    "off_expl_diff",
    "ap_rank_diff",
    "home_field",
    "conference_game"
  ],
  "feat_mean": [
    0.0,
    40.48448619413607,
    0.0012966384232590712,
    0.0011620957775877146,
    0.0035751590142313445,
    -0.0021290516534612524,
    0.0068347659326647115,
    0.47566182749786506,
    0.9715343011670936,
    0.6945630515229149
  ],
  "feat_std": [
    1.0,
    341.7110640533453,
    0.13032253441315686,
    0.11784757818601149,
    0.11043557275444256,
    0.1074366685079436,
    0.23449528403003403,
    8.246110609836128,
    0.16629913656678946,
    0.4605922480699169
  ],
  "scaler_fit": true,
  "Lambda": [
    [
      3527.9985394226183,
      -24.155073984421595,
      116.29161681535216,
      131.18552512103005,
      -9.513658961808268,
      116.60099185377082,
      -109.9326716809293,
      16.877246761272257,
      -46.67569791132583,
      258.54584094412587
    ],
    [
      -24.155073984421595,
      3066.6471973572043,
      2256.0648380225075,
      2111.816466791698,
      1268.467062730221,
      1005.8448834794112,
      207.1817806241361,
      1965.503993859012,
      130.36506591924692,
      -522.4568906867544
    ],
    [
      116.29161681535216,
      2256.0648380225075,
      6539.534710259301,
      1139.106451097323,
      3275.1428952850865,
      354.9930987654528,
      1601.9584974942754,
      1487.0967519506214,
      153.39632409333947,
      -290.4973010982331
    ],
    [
      131.18552512103005,
      2111.816466791698,
      1139.106451097323,
      6727.268256032708,
      487.2970731760681,
      3199.2713664952494,
      -526.6700694594499,
      1325.8626867577836,
      130.41646839210708,
      -327.30924283395257
    ],
    [
      -9.513658961808268,
      1268.467062730221,
      3275.1428952850865,
      487.2970731760681,
      2754.4691479951557,
      -347.6352599374217,
      801.1491471555659,
      805.851413519476,
      81.01493928959546,
      -213.41051590612346
    ],
    [
      116.60099185377082,
      1005.8448834794112,
      354.9930987654528,
      3199.2713664952494,
      -347.6352599374217,
      2747.9882436490275,
      -1205.7985290111235,
      642.1861337591087,
      93.80354030164077,
      -104.9878308255419
    ],
    [
      -109.9326716809293,
      207.1817806241361,
      1601.9584974942754,
      -526.6700694594499,
      801.1491471555659,
      -1205.7985290111235,
      3656.7957402408188,
      190.19022587550674,
      41.569391032040336,
      -20.11108593444969
    ],
    [
      16.877246761272257,
      1965.503993859012,
      1487.0967519506214,
      1325.8626867577836,
      805.851413519476,
      642.1861337591087,
      190.19022587550674,
      3317.058590328299,
      55.655146375159,
      -406.03520086001663
    ],
    [
      -46.67569791132583,
      130.36506591924692,
      153.39632409333947,
      130.41646839210708,
      81.01493928959546,
      93.80354030164077,
      41.569391032040336,
      55.655146375159,
      3792.692890740205,
      175.44343791897066
    ],
    [
      258.54584094412587,
      -522.4568906867544,
      -290.4973010982331,
      -327.30924283395257,
      -213.41051590612346,
      -104.9878308255419,
      -20.11108593444969,
      -406.03520086001663,
      175.44343791897066,
      3309.569379114289
    ]
  ],
  "eta": [
    15465.051087597376,
    53619.90650468397,
    37719.591897483144,
    33708.41230682042,
    21412.295794933514,
    16905.399803294455,
    2930.964943088059,
    30115.81603747131,
    2854.0550211809878,
    -9822.593201749949
  ],
  "a": 1764.1048179408572,
  "b": 278252.65540987405,
  "n_obs": 11387
}