season,team,conference,offense,defense
2026,Air Force,Mountain West,"{'plays': 147, 'drives': 19, 'ppa': 0.3168724868895267, 'totalPPA': 46.58025557276042, 'successRate': 0.5238095238095238, 'explosiveness': 0.9836879949098817, 'powerSuccess': 1, 'stuffRate': 0.05785123966942149, 'lineYards': 4.0239669421487605, 'lineYardsTotal': 487, 'secondLevelYards': 1.2727272727272727, 'secondLevelYardsTotal': 154, 'openFieldYards': 0.4380165289256198, 'openFieldYardsTotal': 53, 'totalOpportunies': 12, 'pointsPerOpportunity': 5.166666666666667, 'fieldPosition': {'averageStart': 74.1, 'averagePredictedPoints': 1.003}, 'havoc': {'total': 0.054, 'frontSeven': 0.014, 'db': 0.041}, 'standardDowns': {'rate': 0.7687074829931972, 'ppa': 0.3329485484158964, 'successRate': 0.5929203539823009, 'explosiveness': 0.8583324986878108}, 'passingDowns': {'rate': 0.23129251700680273, 'ppa': 0.263443223581298, 'successRate': 0.29411764705882354, 'explosiveness': 1.823569819597757}, 'rushingPlays': {'rate': 0.8231292517006803, 'ppa': 0.3439101006644186, 'totalPPA': 41.61312218039465, 'successRate': 0.5454545454545454, 'explosiveness': 0.8672774696153744}, 'passingPlays': {'rate': 0.1564625850340136, 'ppa': 0.2987194180841, 'totalPPA': 6.870546615934301, 'successRate': 0.43478260869565216, 'explosiveness': 1.8935249948365764}}","{'plays': 106, 'drives': 20, 'ppa': -0.07900441286649691, 'totalPPA': -8.374467763848674, 'successRate': 0.3113207547169811, 'explosiveness': 1.5288427794559412, 'powerSuccess': 0.8, 'stuffRate': 0.22807017543859648, 'lineYards': 2.526315789473684, 'lineYardsTotal': 144, 'secondLevelYards': 0.8245614035087719, 'secondLevelYardsTotal': 47, 'openFieldYards': 0.631578947368421, 'openFieldYardsTotal': 0, 'totalOpportunies': 6, 'pointsPerOpportunity': 4, 'fieldPosition': {'averageStart': 68.7, 'averagePredictedPoints': -1.442}, 'havoc': {'total': 0.142, 'frontSeven': 0.047, 'db': 0.094}, 'standardDowns': {'rate': 0.6415094339622641, 'ppa': -0.1634931938150179, 'successRate': 0.36764705882352944, 'explosiveness': 1.2378589226865002}, 'passingDowns': {'rate': 0.3584905660377358, 'ppa': 0.07218603725190903, 'totalPPA': -2.0552939411513345, 'successRate': 0.21052631578947367, 'explosiveness': 2.438167331860444}, 'rushingPlays': {'rate': 0.5377358490566038, 'ppa': -0.0305613344098537, 'totalPPA': -1.7419960613616607, 'successRate': 0.3157894736842105, 'explosiveness': 1.1259334501829694}, 'passingPlays': {'rate': 0.42452830188679247, 'ppa': -0.04567319869225187, 'totalPPA': -2.0552939411513345, 'successRate': 0.3333333333333333, 'explosiveness': 2.0123339745835076}}"
2026,Akron,Mid-American,"{'plays': 141, 'drives': 22, 'ppa': 0.1576861186861234, 'totalPPA': 22.233742734743398, 'successRate': 0.524822695035461, 'explosiveness': 0.9553972675038448, 'powerSuccess': 0.7142857142857143, 'stuffRate': 0.1323529411764706, 'lineYards': 3.85, 'lineYardsTotal': 262, 'secondLevelYards': 1.6764705882352942, 'secondLevelYardsTotal': 114, 'openFieldYards': 1.1176470588235294, 'openFieldYardsTotal': 76, 'totalOpportunies': 12, 'pointsPerOpportunity': 5.166666666666667, 'fieldPosition': {'averageStart': 71.5, 'averagePredictedPoints': 1.304}, 'havoc': {'total': 0.156, 'frontSeven': 0.128, 'db': 0.028}, 'standardDowns': {'rate': 0.7446808510638298, 'ppa': 0.009137674862812915, 'successRate': 0.5523809523809524, 'explosiveness': 0.8118616203675151}, 'passingDowns': {'rate': 0.2553191489361702, 'ppa': 0.590952413170779, 'successRate': 0.4444444444444444, 'explosiveness': 1.47571398837304}, 'rushingPlays': {'rate': 0.48226950354609927, 'ppa': 0.15235509721385515, 'totalPPA': 10.36014661054215, 'successRate': 0.5735294117647058, 'explosiveness': 0.7440959457575848}, 'passingPlays': {'rate': 0.49645390070921985, 'ppa': 0.21847222583309742, 'totalPPA': 15.29305580831682, 'successRate': 0.5, 'explosiveness': 1.1908473117353917}}","{'plays': 119, 'drives': 22, 'ppa': 0.15982949172739025, 'totalPPA': 19.01970951555944, 'successRate': 0.36134453781512604, 'explosiveness': 1.5062647956317665, 'powerSuccess': 0.7142857142857143, 'stuffRate': 0.2692307692307692, 'lineYards': 2.175, 'lineYardsTotal': 113, 'secondLevelYards': 0.7115384615384616, 'secondLevelYardsTotal': 37, 'openFieldYards': 1.2884615384615385, 'openFieldYardsTotal': 0, 'totalOpportunies': 8, 'pointsPerOpportunity': 4.125, 'fieldPosition': {'averageStart': 71.2, 'averagePredictedPoints': -1.29}, 'havoc': {'total': 0.168, 'frontSeven': 0.101, 'db': 0.067}, 'standardDowns': {'rate': 0.6134453781512605, 'ppa': -0.07934881744396831, 'successRate': 0.3835616438356164, 'explosiveness': 1.1915927622566904}, 'passingDowns': {'rate': 0.3865546218487395, 'ppa': 0.5393950693254158, 'totalPPA': 35.547722984052626, 'successRate': 0.32608695652173914, 'explosiveness': 2.093652591265242}, 'rushingPlays': {'rate': 0.4369747899159664, 'ppa': -0.15739514300146432, 'totalPPA': -8.184547436076144, 'successRate': 0.34615384615384615, 'explosiveness': 0.7990905069560184}, 'passingPlays': {'rate': 0.5378151260504201, 'ppa': 0.5554331716258223, 'totalPPA': 35.547722984052626, 'successRate': 0.375, 'explosiveness': 2.090905580272453}}"
2026,Alabama,SEC,"{'plays': 143, 'drives': 23, 'ppa': 0.19238184082323534, 'totalPPA': 27.510603237722655, 'successRate': 0.5034965034965035, 'explosiveness': 1.1057735881546875, 'powerSuccess': 0.7272727272727273, 'stuffRate': 0.17857142857142858, 'lineYards': 3.1476190476190475, 'lineYardsTotal': 264, 'secondLevelYards': 1.1071428571428572, 'secondLevelYardsTotal': 93, 'openFieldYards': 0.8928571428571429, 'openFieldYardsTotal': 75, 'totalOpportunies': 16, 'pointsPerOpportunity': 4.875, 'fieldPosition': {'averageStart': 64.7, 'averagePredictedPoints': 1.753}, 'havoc': {'total': 0.168, 'frontSeven': 0.105, 'db': 0.063}, 'standardDowns': {'rate': 0.7622377622377622, 'ppa': 0.1791705277402098, 'successRate': 0.5412844036697247, 'explosiveness': 0.9060361046736508}, 'passingDowns': {'rate': 0.23776223776223776, 'ppa': 0.23473575629528787, 'successRate': 0.38235294117647056, 'explosiveness': 2.01227447472247}, 'rushingPlays': {'rate': 0.5874125874125874, 'ppa': 0.249011630261791, 'totalPPA': 20.916976941990445, 'successRate': 0.5476190476190477, 'explosiveness': 0.9711655293696784}, 'passingPlays': {'rate': 0.3986013986013986, 'ppa': 0.17601416634283612, 'totalPPA': 10.03280748154166, 'successRate': 0.45614035087719296, 'explosiveness': 1.34392630754355}}","{'plays': 108, 'drives': 24, 'ppa': -0.2874867496232187, 'totalPPA': -31.04856895930762, 'successRate': 0.28703703703703703, 'explosiveness': 1.1316133221653442, 'powerSuccess': 0.4, 'stuffRate': 0.2708333333333333, 'lineYards': 1.2354166666666666, 'lineYardsTotal': 59, 'secondLevelYards': 0.6041666666666666, 'secondLevelYardsTotal': 29, 'openFieldYards': 0.041666666666666664, 'openFieldYardsTotal': 0, 'totalOpportunies': 4, 'pointsPerOpportunity': 5, 'fieldPosition': {'averageStart': 73.9, 'averagePredictedPoints': -1.048}, 'havoc': {'total': 0.204, 'frontSeven': 0.139, 'db': 0.065}, 'standardDowns': {'rate': 0.6296296296296297, 'ppa': -0.28190174378904437, 'successRate': 0.3382352941176471, 'explosiveness': 0.8899526319353703}, 'passingDowns': {'rate': 0.37037037037037035, 'ppa': -0.29698125954131505, 'totalPPA': -7.2671963758753995, 'successRate': 0.2, 'explosiveness': 1.8263878065765184}, 'rushingPlays': {'rate': 0.4444444444444444, 'ppa': -0.4651689547419026, 'totalPPA': -22.32810982761133, 'successRate': 0.22916666666666666, 'explosiveness': 0.36974912017246997}, 'passingPlays': {'rate': 0.5185185185185185, 'ppa': -0.12977136385491783, 'totalPPA': -7.2671963758753995, 'successRate': 0.32142857142857145, 'explosiveness': 1.6021425768951931}}"
2026,App State,Sun Belt,"{'plays': 147, 'drives': 23, 'ppa': 0.39062474991387225, 'totalPPA': 57.421838237339216, 'successRate': 0.5170068027210885, 'explosiveness': 1.2754065166484962, 'powerSuccess': 0.8333333333333334, 'stuffRate': 0.2, 'lineYards': 2.87625, 'lineYardsTotal': 230, 'secondLevelYards': 1.35, 'secondLevelYardsTotal': 108, 'openFieldYards': 1.5875, 'openFieldYardsTotal': 127, 'totalOpportunies': 19, 'pointsPerOpportunity': 4.315789473684211, 'fieldPosition': {'averageStart': 68.7, 'averagePredictedPoints': 1.449}, 'havoc': {'total': 0.122, 'frontSeven': 0.116, 'db': 0.007}, 'standardDowns': {'rate': 0.6870748299319728, 'ppa': 0.23060264885692383, 'successRate': 0.5247524752475248, 'explosiveness': 1.0200626158215778}, 'passingDowns': {'rate': 0.3129251700680272, 'ppa': 0.7419776239736937, 'successRate': 0.5, 'explosiveness': 1.8638076794235694}, 'rushingPlays': {'rate': 0.54421768707483, 'ppa': 0.23415994556152683, 'totalPPA': 18.73279564492215, 'successRate': 0.4375, 'explosiveness': 1.2025741237527197}, 'passingPlays': {'rate': 0.42857142857142855, 'ppa': 0.6187526417154562, 'totalPPA': 38.98141642807374, 'successRate': 0.6190476190476191, 'explosiveness': 1.34879653125276}}","{'plays': 134, 'drives': 24, 'ppa': 0.08161372937303696, 'totalPPA': 10.936239735986952, 'successRate': 0.41044776119402987, 'explosiveness': 1.1852737956938326, 'powerSuccess': 0.6666666666666666, 'stuffRate': 0.23333333333333334, 'lineYards': 2.788333333333333, 'lineYardsTotal': 167, 'secondLevelYards': 0.9666666666666667, 'secondLevelYardsTotal': 58, 'openFieldYards': 1.0166666666666666, 'openFieldYardsTotal': 0, 'totalOpportunies': 10, 'pointsPerOpportunity': 2.7, 'fieldPosition': {'averageStart': 76.7, 'averagePredictedPoints': -0.86}, 'havoc': {'total': 0.194, 'frontSeven': 0.112, 'db': 0.082}, 'standardDowns': {'rate': 0.7238805970149254, 'ppa': 0.16309562535144892, 'successRate': 0.5051546391752577, 'explosiveness': 0.9745601260566013}, 'passingDowns': {'rate': 0.27611940298507465, 'ppa': -0.13200097089469168, 'totalPPA': 10.715568958906227, 'successRate': 0.16216216216216217, 'explosiveness': 2.9061020977312215}, 'rushingPlays': {'rate': 0.44776119402985076, 'ppa': 0.027594304685685394, 'totalPPA': 1.6556582811411236, 'successRate': 0.45, 'explosiveness': 0.7385578201795556}, 'passingPlays': {'rate': 0.5298507462686567, 'ppa': 0.150923506463468, 'totalPPA': 10.715568958906227, 'successRate': 0.38028169014084506, 'explosiveness': 1.6346761494624042}}"
2026,Arizona,Big 12,"{'plays': 137, 'drives': 23, 'ppa': 0.135802341014586, 'totalPPA': 18.60492071899828, 'successRate': 0.5182481751824818, 'explosiveness': 0.9553421091947132, 'powerSuccess': 0.9090909090909091, 'stuffRate': 0.09836065573770492, 'lineYards': 3.804918032786885, 'lineYardsTotal': 232, 'secondLevelYards': 1.459016393442623, 'secondLevelYardsTotal': 89, 'openFieldYards': 1.2131147540983607, 'openFieldYardsTotal': 74, 'totalOpportunies': 13, 'pointsPerOpportunity': 4, 'fieldPosition': {'averageStart': 68.7, 'averagePredictedPoints': 1.493}, 'havoc': {'total': 0.095, 'frontSeven': 0.066, 'db': 0.029}, 'standardDowns': {'rate': 0.708029197080292, 'ppa': -0.022242977204053594, 'successRate': 0.5670103092783505, 'explosiveness': 0.5896376755173984}, 'passingDowns': {'rate': 0.291970802919708, 'ppa': 0.519062237694787, 'successRate': 0.4, 'explosiveness': 2.2124510999604827}, 'rushingPlays': {'rate': 0.44525547445255476, 'ppa': 0.13392449450110325, 'totalPPA': 8.169394164567299, 'successRate': 0.5573770491803278, 'explosiveness': 0.5637249061105446}, 'passingPlays': {'rate': 0.5255474452554745, 'ppa': 0.18447262627507677, 'totalPPA': 13.282029091805526, 'successRate': 0.5, 'explosiveness': 1.2891147780401437}}","{'plays': 111, 'drives': 22, 'ppa': 0.03567998429037235, 'totalPPA': 3.960478256231331, 'successRate': 0.35135135135135137, 'explosiveness': 1.3875185132111152, 'powerSuccess': 1, 'stuffRate': 0.24444444444444444, 'lineYards': 2.8266666666666667, 'lineYardsTotal': 127, 'secondLevelYards': 1, 'secondLevelYardsTotal': 45, 'openFieldYards': 0.5333333333333333, 'openFieldYardsTotal': 0, 'totalOpportunies': 8, 'pointsPerOpportunity': 3.5, 'fieldPosition': {'averageStart': 75.7, 'averagePredictedPoints': -0.996}, 'havoc': {'total': 0.18, 'frontSeven': 0.117, 'db': 0.063}, 'standardDowns': {'rate': 0.5855855855855856, 'ppa': -0.1686945260312644, 'successRate': 0.4153846153846154, 'explosiveness': 1.0267233576959198}, 'passingDowns': {'rate': 0.4144144144144144, 'ppa': 0.32447005322311995, 'totalPPA': 1.926381509489747, 'successRate': 0.2608695652173913, 'explosiveness': 2.1993076131203044}, 'rushingPlays': {'rate': 0.40540540540540543, 'ppa': 0.09600415744190559, 'totalPPA': 4.3201870848857515, 'successRate': 0.37777777777777777, 'explosiveness': 0.9453650198650527}, 'passingPlays': {'rate': 0.5585585585585585, 'ppa': 0.031070669507899145, 'totalPPA': 1.926381509489747, 'successRate': 0.3225806451612903, 'explosiveness': 1.6868087232495148}}"
2026,Arizona State,Big 12,"{'plays': 135, 'drives': 26, 'ppa': 0.1879252063943186, 'totalPPA': 25.36990286323301, 'successRate': 0.4666666666666667, 'explosiveness': 1.4678876754625696, 'powerSuccess': 0.9, 'stuffRate': 0.1875, 'lineYards': 2.953125, 'lineYardsTotal': 189, 'secondLevelYards': 1.359375, 'secondLevelYardsTotal': 87, 'openFieldYards': 1.828125, 'openFieldYardsTotal': 117, 'totalOpportunies': 14, 'pointsPerOpportunity': 3.9285714285714284, 'fieldPosition': {'averageStart': 67.8, 'averagePredictedPoints': 1.54}, 'havoc': {'total': 0.163, 'frontSeven': 0.104, 'db': 0.059}, 'standardDowns': {'rate': 0.6814814814814815, 'ppa': -0.016543283228150484, 'successRate': 0.4891304347826087, 'explosiveness': 1.148419931446324}, 'passingDowns': {'rate': 0.31851851851851853, 'ppa': 0.6253926725633222, 'successRate': 0.4186046511627907, 'explosiveness': 2.2665570355031837}, 'rushingPlays': {'rate': 0.4740740740740741, 'ppa': 0.07092836076044066, 'totalPPA': 4.5394150886682025, 'successRate': 0.421875, 'explosiveness': 1.0495148454894423}, 'passingPlays': {'rate': 0.5185185185185185, 'ppa': 0.31022493268336215, 'totalPPA': 21.71574528783535, 'successRate': 0.5142857142857142, 'explosiveness': 1.781667297942415}}","{'plays': 114, 'drives': 25, 'ppa': -0.05455546027755559, 'totalPPA': -6.219322471641337, 'successRate': 0.34210526315789475, 'explosiveness': 1.0129971750114235, 'powerSuccess': 0.75, 'stuffRate': 0.16071428571428573, 'lineYards': 2.517857142857143, 'lineYardsTotal': 141, 'secondLevelYards': 0.6428571428571429, 'secondLevelYardsTotal': 36, 'openFieldYards': 0.75, 'openFieldYardsTotal': 0, 'totalOpportunies': 10, 'pointsPerOpportunity': 4.1, 'fieldPosition': {'averageStart': 66.9, 'averagePredictedPoints': -1.602}, 'havoc': {'total': 0.14, 'frontSeven': 0.07, 'db': 0.07}, 'standardDowns': {'rate': 0.6929824561403509, 'ppa': -0.036507828830401004, 'successRate': 0.43037974683544306, 'explosiveness': 0.9556416621635213}, 'passingDowns': {'rate': 0.30701754385964913, 'ppa': -0.09529154268684736, 'totalPPA': 6.3693617421265465, 'successRate': 0.14285714285714285, 'explosiveness': 1.4030146623771589}, 'rushingPlays': {'rate': 0.49122807017543857, 'ppa': -0.11185042918214659, 'totalPPA': -6.263624034200209, 'successRate': 0.375, 'explosiveness': 0.7975492348056753}, 'passingPlays': {'rate': 0.45614035087719296, 'ppa': 0.1224877258101259, 'totalPPA': 6.3693617421265465, 'successRate': 0.3269230769230769, 'explosiveness': 1.3213364704471156}}"
2026,Arkansas,SEC,"{'plays': 163, 'drives': 24, 'ppa': 0.027261653202592464, 'totalPPA': 4.443649472022572, 'successRate': 0.4233128834355828, 'explosiveness': 1.1170369441790664, 'powerSuccess': 0.75, 'stuffRate': 0.18571428571428572, 'lineYards': 2.732857142857143, 'lineYardsTotal': 191, 'secondLevelYards': 0.7571428571428571, 'secondLevelYardsTotal': 53, 'openFieldYards': 0.15714285714285714, 'openFieldYardsTotal': 11, 'totalOpportunies': 13, 'pointsPerOpportunity': 3.1538461538461537, 'fieldPosition': {'averageStart': 72, 'averagePredictedPoints': 1.212}, 'havoc': {'total': 0.19, 'frontSeven': 0.086, 'db': 0.104}, 'standardDowns': {'rate': 0.6073619631901841, 'ppa': -0.19641144694011362, 'successRate': 0.45454545454545453, 'explosiveness': 0.5657468917873132}, 'passingDowns': {'rate': 0.39263803680981596, 'ppa': 0.3732559799858409, 'successRate': 0.375, 'explosiveness': 2.150705792413604}, 'rushingPlays': {'rate': 0.4294478527607362, 'ppa': -0.09531483727074218, 'totalPPA': -6.6720386089519526, 'successRate': 0.38571428571428573, 'explosiveness': 0.46348362678694394}, 'passingPlays': {'rate': 0.5460122699386503, 'ppa': 0.13192835624907032, 'totalPPA': 11.741623706167257, 'successRate': 0.449438202247191, 'explosiveness': 1.5083092203504358}}","{'plays': 108, 'drives': 24, 'ppa': 0.13478066928783852, 'totalPPA': 14.55631228308656, 'successRate': 0.4074074074074074, 'explosiveness': 1.273058299449057, 'powerSuccess': 0.7142857142857143, 'stuffRate': 0.23076923076923078, 'lineYards': 2.8173076923076925, 'lineYardsTotal': 147, 'secondLevelYards': 1.0961538461538463, 'secondLevelYardsTotal': 57, 'openFieldYards': 0.25, 'openFieldYardsTotal': 0, 'totalOpportunies': 11, 'pointsPerOpportunity': 5.090909090909091, 'fieldPosition': {'averageStart': 66.2, 'averagePredictedPoints': -1.621}, 'havoc': {'total': 0.157, 'frontSeven': 0.111, 'db': 0.046}, 'standardDowns': {'rate': 0.7314814814814815, 'ppa': 0.15746304698541255, 'successRate': 0.4936708860759494, 'explosiveness': 1.1702813447814835}, 'passingDowns': {'rate': 0.26851851851851855, 'ppa': 0.07299074383582653, 'totalPPA': 6.945051134471526, 'successRate': 0.1724137931034483, 'explosiveness': 2.0747185458561304}, 'rushingPlays': {'rate': 0.48148148148148145, 'ppa': 0.1757976885236393, 'totalPPA': 9.141479803229243, 'successRate': 0.4230769230769231, 'explosiveness': 1.1398956998726628}, 'passingPlays': {'rate': 0.49074074074074076, 'ppa': 0.13103870065040615, 'totalPPA': 6.945051134471526, 'successRate': 0.39622641509433965, 'explosiveness': 1.4691120477578994}}"
2026,Arkansas State,Sun Belt,"{'plays': 118, 'drives': 20, 'ppa': 0.2677348692051451, 'totalPPA': 31.59271456620712, 'successRate': 0.559322033898305, 'explosiveness': 1.1459291087845072, 'powerSuccess': 0.7857142857142857, 'stuffRate': 0.12307692307692308, 'lineYards': 3.666153846153846, 'lineYardsTotal': 238, 'secondLevelYards': 1.3538461538461537, 'secondLevelYardsTotal': 88, 'openFieldYards': 1.4461538461538461, 'openFieldYardsTotal': 94, 'totalOpportunies': 13, 'pointsPerOpportunity': 4.230769230769231, 'fieldPosition': {'averageStart': 68, 'averagePredictedPoints': 1.55}, 'havoc': {'total': 0.136, 'frontSeven': 0.085, 'db': 0.051}, 'standardDowns': {'rate': 0.7711864406779662, 'ppa': 0.3440212630353117, 'successRate': 0.6153846153846154, 'explosiveness': 1.0825203723583074}, 'passingDowns': {'rate': 0.2288135593220339, 'ppa': 0.010621467777546422, 'successRate': 0.37037037037037035, 'explosiveness': 1.5010180327712257}, 'rushingPlays': {'rate': 0.5508474576271186, 'ppa': 0.3858428608088575, 'totalPPA': 25.079785952575737, 'successRate': 0.6153846153846154, 'explosiveness': 0.9317205934188642}, 'passingPlays': {'rate': 0.4152542372881356, 'ppa': 0.25388176098705967, 'totalPPA': 12.440206288365925, 'successRate': 0.5102040816326531, 'explosiveness': 1.4970644611304897}}","{'plays': 122, 'drives': 23, 'ppa': 0.18406227755671353, 'totalPPA': 22.45559786191905, 'successRate': 0.4426229508196721, 'explosiveness': 1.3669975298661934, 'powerSuccess': 0.75, 'stuffRate': 0.11267605633802817, 'lineYards': 3.388732394366197, 'lineYardsTotal': 241, 'secondLevelYards': 1.1830985915492958, 'secondLevelYardsTotal': 84, 'openFieldYards': 2.676056338028169, 'openFieldYardsTotal': 0, 'totalOpportunies': 9, 'pointsPerOpportunity': 3.111111111111111, 'fieldPosition': {'averageStart': 72.4, 'averagePredictedPoints': -1.182}, 'havoc': {'total': 0.139, 'frontSeven': 0.074, 'db': 0.066}, 'standardDowns': {'rate': 0.7213114754098361, 'ppa': 0.23474724885713882, 'successRate': 0.4772727272727273, 'explosiveness': 1.0612541993275175}, 'passingDowns': {'rate': 0.2786885245901639, 'ppa': 0.05287764595561276, 'totalPPA': 23.786222860681363, 'successRate': 0.35294117647058826, 'explosiveness': 2.4370991867515586}, 'rushingPlays': {'rate': 0.5819672131147541, 'ppa': 0.08852303286613791, 'totalPPA': 6.285135333495791, 'successRate': 0.4507042253521127, 'explosiveness': 1.066569972268046}, 'passingPlays': {'rate': 0.38524590163934425, 'ppa': 0.5060898480996034, 'totalPPA': 23.786222860681363, 'successRate': 0.44680851063829785, 'explosiveness': 1.885413165539871}}"
2026,Army,American Athletic,"{'plays': 136, 'drives': 21, 'ppa': 0.4233058887319205, 'totalPPA': 57.56960086754118, 'successRate': 0.5882352941176471, 'explosiveness': 1.023133708359731, 'powerSuccess': 0.9090909090909091, 'stuffRate': 0.10185185185185185, 'lineYards': 4.018518518518518, 'lineYardsTotal': 434, 'secondLevelYards': 1.5833333333333333, 'secondLevelYardsTotal': 171, 'openFieldYards': 2.388888888888889, 'openFieldYardsTotal': 258, 'totalOpportunies': 15, 'pointsPerOpportunity': 5.066666666666666, 'fieldPosition': {'averageStart': 68, 'averagePredictedPoints': 1.586}, 'havoc': {'total': 0.051, 'frontSeven': 0.051, 'db': 0}, 'standardDowns': {'rate': 0.8088235294117647, 'ppa': 0.40709700690940875, 'successRate': 0.6545454545454545, 'explosiveness': 0.8907037998551919}, 'passingDowns': {'rate': 0.19117647058823528, 'ppa': 0.4918819272117776, 'successRate': 0.3076923076923077, 'explosiveness': 2.2150028849005823}, 'rushingPlays': {'rate': 0.7941176470588235, 'ppa': 0.44185265696465303, 'totalPPA': 47.72008695218253, 'successRate': 0.6111111111111112, 'explosiveness': 0.9769166586917698}, 'passingPlays': {'rate': 0.17647058823529413, 'ppa': 0.3531625867926759, 'totalPPA': 8.475902083024222, 'successRate': 0.5416666666666666, 'explosiveness': 1.1592920371933864}}","{'plays': 110, 'drives': 21, 'ppa': 0.11239304090960231, 'totalPPA': 12.363234500056254, 'successRate': 0.41818181818181815, 'explosiveness': 1.1406168896883957, 'powerSuccess': 0.8, 'stuffRate': 0.2222222222222222, 'lineYards': 2.7444444444444445, 'lineYardsTotal': 148, 'secondLevelYards': 1.0185185185185186, 'secondLevelYardsTotal': 55, 'openFieldYards': 0.5740740740740741, 'openFieldYardsTotal': 0, 'totalOpportunies': 7, 'pointsPerOpportunity': 4.428571428571429, 'fieldPosition': {'averageStart': 75.6, 'averagePredictedPoints': -0.948}, 'havoc': {'total': 0.155, 'frontSeven': 0.082, 'db': 0.073}, 'standardDowns': {'rate': 0.6636363636363637, 'ppa': 0.07370926720864882, 'successRate': 0.4794520547945205, 'explosiveness': 0.9243661991455221}, 'passingDowns': {'rate': 0.33636363636363636, 'ppa': 0.18871508091418623, 'totalPPA': 7.521571778444877, 'successRate': 0.2972972972972973, 'explosiveness': 1.828687268688448}, 'rushingPlays': {'rate': 0.4909090909090909, 'ppa': 0.10224957662130092, 'totalPPA': 5.521477137550249, 'successRate': 0.4444444444444444, 'explosiveness': 0.9845030479623059}, 'passingPlays': {'rate': 0.4909090909090909, 'ppa': 0.13928836626749772, 'totalPPA': 7.521571778444877, 'successRate': 0.4074074074074074, 'explosiveness': 1.3109228988441302}}"
2026,Auburn,SEC,"{'plays': 160, 'drives': 24, 'ppa': 0.13506010712021754, 'totalPPA': 21.609617139234807, 'successRate': 0.45625, 'explosiveness': 1.1762728788342502, 'powerSuccess': 0.7777777777777778, 'stuffRate': 0.16666666666666666, 'lineYards': 3.4654761904761906, 'lineYardsTotal': 291, 'secondLevelYards': 1.2976190476190477, 'secondLevelYardsTotal': 109, 'openFieldYards': 1.5238095238095237, 'openFieldYardsTotal': 128, 'totalOpportunies': 16, 'pointsPerOpportunity': 3.1875, 'fieldPosition': {'averageStart': 70.3, 'averagePredictedPoints': 1.427}, 'havoc': {'total': 0.156, 'frontSeven': 0.106, 'db': 0.05}, 'standardDowns': {'rate': 0.71875, 'ppa': 0.028638079872942927, 'successRate': 0.4956521739130435, 'explosiveness': 0.9256947682492129}, 'passingDowns': {'rate': 0.28125, 'ppa': 0.4070275100854749, 'successRate': 0.35555555555555557, 'explosiveness': 2.068957397793446}, 'rushingPlays': {'rate': 0.525, 'ppa': 0.23101719536800502, 'totalPPA': 19.405444410912423, 'successRate': 0.5, 'explosiveness': 1.0115508047387918}, 'passingPlays': {'rate': 0.45625, 'ppa': 0.12503816023135073, 'totalPPA': 9.127785696888603, 'successRate': 0.410958904109589, 'explosiveness': 1.409220175446612}}","{'plays': 161, 'drives': 24, 'ppa': -0.09380269301557859, 'totalPPA': -15.102233575508151, 'successRate': 0.37267080745341613, 'explosiveness': 1.0994859841769764, 'powerSuccess': 0.5, 'stuffRate': 0.1875, 'lineYards': 2.3328125, 'lineYardsTotal': 149, 'secondLevelYards': 0.40625, 'secondLevelYardsTotal': 26, 'openFieldYards': 0.03125, 'openFieldYardsTotal': 0, 'totalOpportunies': 8, 'pointsPerOpportunity': 3, 'fieldPosition': {'averageStart': 77.9, 'averagePredictedPoints': -0.845}, 'havoc': {'total': 0.193, 'frontSeven': 0.099, 'db': 0.093}, 'standardDowns': {'rate': 0.7267080745341615, 'ppa': -0.18642248422172247, 'successRate': 0.41025641025641024, 'explosiveness': 0.8323966808253329}, 'passingDowns': {'rate': 0.2732919254658385, 'ppa': 0.15248175178257675, 'totalPPA': 8.271161044096027, 'successRate': 0.2727272727272727, 'explosiveness': 2.16784319758355}, 'rushingPlays': {'rate': 0.39751552795031053, 'ppa': -0.24647430995706865, 'totalPPA': -15.774355837252394, 'successRate': 0.359375, 'explosiveness': 0.488297302745522}, 'passingPlays': {'rate': 0.5590062111801242, 'ppa': 0.09190178937884474, 'totalPPA': 8.271161044096027, 'successRate': 0.4, 'explosiveness': 1.517511081721033}}"
2026,Ball State,Mid-American,"{'plays': 132, 'drives': 26, 'ppa': -0.016547509091830566, 'totalPPA': -2.1842712001216347, 'successRate': 0.3106060606060606, 'explosiveness': 1.4686103990600792, 'powerSuccess': 0.6666666666666666, 'stuffRate': 0.24074074074074073, 'lineYards': 2.2203703703703703, 'lineYardsTotal': 120, 'secondLevelYards': 1.037037037037037, 'secondLevelYardsTotal': 56, 'openFieldYards': 2.5, 'openFieldYardsTotal': 135, 'totalOpportunies': 9, 'pointsPerOpportunity': 3.3333333333333335, 'fieldPosition': {'averageStart': 69.7, 'averagePredictedPoints': 1.416}, 'havoc': {'total': 0.212, 'frontSeven': 0.144, 'db': 0.068}, 'standardDowns': {'rate': 0.6363636363636364, 'ppa': -0.1577299446471683, 'successRate': 0.35714285714285715, 'explosiveness': 1.0837183318721961}, 'passingDowns': {'rate': 0.36363636363636365, 'ppa': 0.2305217531300105, 'successRate': 0.22916666666666666, 'explosiveness': 2.5183160368452144}, 'rushingPlays': {'rate': 0.4090909090909091, 'ppa': 0.09088605349123142, 'totalPPA': 4.907846888526497, 'successRate': 0.3148148148148148, 'explosiveness': 1.4549103968473749}, 'passingPlays': {'rate': 0.553030303030303, 'ppa': 0.017636608677663437, 'totalPPA': 1.2874724334694307, 'successRate': 0.3287671232876712, 'explosiveness': 1.478314567294078}}","{'plays': 138, 'drives': 24, 'ppa': 0.3064487375002761, 'totalPPA': 42.28992577503811, 'successRate': 0.47101449275362317, 'explosiveness': 1.40546812277467, 'powerSuccess': 0.8571428571428571, 'stuffRate': 0.2033898305084746, 'lineYards': 3.1559322033898307, 'lineYardsTotal': 186, 'secondLevelYards': 1.1186440677966103, 'secondLevelYardsTotal': 66, 'openFieldYards': 3.542372881355932, 'openFieldYardsTotal': 0, 'totalOpportunies': 8, 'pointsPerOpportunity': 5.625, 'fieldPosition': {'averageStart': 75.4, 'averagePredictedPoints': -1.056}, 'havoc': {'total': 0.145, 'frontSeven': 0.08, 'db': 0.065}, 'standardDowns': {'rate': 0.717391304347826, 'ppa': 0.3847656694643982, 'successRate': 0.5454545454545454, 'explosiveness': 1.3162531530182124}, 'passingDowns': {'rate': 0.2826086956521739, 'ppa': 0.10764421789904319, 'totalPPA': 23.274641370564538, 'successRate': 0.28205128205128205, 'explosiveness': 1.843432519760916}, 'rushingPlays': {'rate': 0.427536231884058, 'ppa': 0.3906552949493909, 'totalPPA': 23.048662402014063, 'successRate': 0.423728813559322, 'explosiveness': 1.6196482192593378}, 'passingPlays': {'rate': 0.5434782608695652, 'ppa': 0.31032855160752715, 'totalPPA': 23.274641370564538, 'successRate': 0.52, 'explosiveness': 1.2747804399456237}}"
2026,Baylor,Big 12,"{'plays': 186, 'drives': 27, 'ppa': 0.11290985820815744, 'totalPPA': 21.001233626717283, 'successRate': 0.43548387096774194, 'explosiveness': 1.2376620302097634, 'powerSuccess': 0.6, 'stuffRate': 0.15476190476190477, 'lineYards': 3.1666666666666665, 'lineYardsTotal': 266, 'secondLevelYards': 0.8809523809523809, 'secondLevelYardsTotal': 74, 'openFieldYards': 0.2976190476190476, 'openFieldYardsTotal': 25, 'totalOpportunies': 13, 'pointsPerOpportunity': 3.6923076923076925, 'fieldPosition': {'averageStart': 66, 'averagePredictedPoints': 1.721}, 'havoc': {'total': 0.151, 'frontSeven': 0.07, 'db': 0.081}, 'standardDowns': {'rate': 0.7096774193548387, 'ppa': -0.0919891702280886, 'successRate': 0.44696969696969696, 'explosiveness': 0.9176050691206884}, 'passingDowns': {'rate': 0.2903225806451613, 'ppa': 0.6137741499412033, 'successRate': 0.4074074074074074, 'explosiveness': 2.0959966076759193}, 'rushingPlays': {'rate': 0.45161290322580644, 'ppa': 0.05238401397587474, 'totalPPA': 4.400257173973478, 'successRate': 0.4880952380952381, 'explosiveness': 0.7948652697555789}, 'passingPlays': {'rate': 0.5268817204301075, 'ppa': 0.1841903048978571, 'totalPPA': 18.050649879989994, 'successRate': 0.3979591836734694, 'explosiveness': 1.7321340061922494}}","{'plays': 131, 'drives': 26, 'ppa': -0.16731712657982048, 'totalPPA': -21.91854358195648, 'successRate': 0.26717557251908397, 'explosiveness': 1.287063470738749, 'powerSuccess': 0.6666666666666666, 'stuffRate': 0.2631578947368421, 'lineYards': 2.285964912280702, 'lineYardsTotal': 130, 'secondLevelYards': 0.631578947368421, 'secondLevelYardsTotal': 36, 'openFieldYards': 0.7017543859649122, 'openFieldYardsTotal': 0, 'totalOpportunies': 13, 'pointsPerOpportunity': 1, 'fieldPosition': {'averageStart': 68.1, 'averagePredictedPoints': -1.561}, 'havoc': {'total': 0.214, 'frontSeven': 0.153, 'db': 0.061}, 'standardDowns': {'rate': 0.5954198473282443, 'ppa': -0.18654214683599196, 'successRate': 0.3333333333333333, 'explosiveness': 1.030391290033584}, 'passingDowns': {'rate': 0.40458015267175573, 'ppa': -0.13902370054243604, 'totalPPA': -6.231616219888393, 'successRate': 0.16981132075471697, 'explosiveness': 2.0285608816647813}, 'rushingPlays': {'rate': 0.4351145038167939, 'ppa': -0.30250164321826106, 'totalPPA': -17.242593663440882, 'successRate': 0.22807017543859648, 'explosiveness': 1.0291373386466653}, 'passingPlays': {'rate': 0.5267175572519084, 'ppa': -0.09031327854910715, 'totalPPA': -6.231616219888393, 'successRate': 0.2898550724637681, 'explosiveness': 1.481584623451546}}"
2026,Boise State,Pac-12,"{'plays': 143, 'drives': 23, 'ppa': 0.266399529110338, 'totalPPA': 38.09513266277833, 'successRate': 0.43356643356643354, 'explosiveness': 1.274491848026884, 'powerSuccess': 0.875, 'stuffRate': 0.1125, 'lineYards': 3.545, 'lineYardsTotal': 284, 'secondLevelYards': 1.025, 'secondLevelYardsTotal': 82, 'openFieldYards': 1.5125, 'openFieldYardsTotal': 121, 'totalOpportunies': 14, 'pointsPerOpportunity': 4.142857142857143, 'fieldPosition': {'averageStart': 75.9, 'averagePredictedPoints': 1.048}, 'havoc': {'total': 0.112, 'frontSeven': 0.063, 'db': 0.049}, 'standardDowns': {'rate': 0.6993006993006993, 'ppa': 0.19622661471400582, 'successRate': 0.49, 'explosiveness': 1.0244138262256908}, 'passingDowns': {'rate': 0.3006993006993007, 'ppa': 0.42959235328785467, 'successRate': 0.3023255813953488, 'explosiveness': 2.217093622508305}, 'rushingPlays': {'rate': 0.5594405594405595, 'ppa': 0.29089538066887205, 'totalPPA': 23.27163045350976, 'successRate': 0.475, 'explosiveness': 0.9925299500747916}, 'passingPlays': {'rate': 0.4195804195804196, 'ppa': 0.2016544083557495, 'totalPPA': 12.099264501344969, 'successRate': 0.38333333333333336, 'explosiveness': 1.634476824533352}}","{'plays': 117, 'drives': 24, 'ppa': 0.10179195492970015, 'totalPPA': 11.909658726774918, 'successRate': 0.39316239316239315, 'explosiveness': 1.7729801802597571, 'powerSuccess': 0.6666666666666666, 'stuffRate': 0.2978723404255319, 'lineYards': 2.4765957446808513, 'lineYardsTotal': 116, 'secondLevelYards': 0.8723404255319149, 'secondLevelYardsTotal': 41, 'openFieldYards': 2.425531914893617, 'openFieldYardsTotal': 0, 'totalOpportunies': 15, 'pointsPerOpportunity': 2.6666666666666665, 'fieldPosition': {'averageStart': 70.4, 'averagePredictedPoints': -1.372}, 'havoc': {'total': 0.197, 'frontSeven': 0.128, 'db': 0.068}, 'standardDowns': {'rate': 0.6666666666666666, 'ppa': 0.038687438387595946, 'successRate': 0.4358974358974359, 'explosiveness': 1.3495828868377455}, 'passingDowns': {'rate': 0.3333333333333333, 'ppa': 0.22800098801390858, 'totalPPA': 20.413854854471207, 'successRate': 0.3076923076923077, 'explosiveness': 2.9726058449554564}, 'rushingPlays': {'rate': 0.4017094017094017, 'ppa': 0.06632343881767978, 'totalPPA': 3.11720162443095, 'successRate': 0.3404255319148936, 'explosiveness': 1.2196867308098194}, 'passingPlays': {'rate': 0.5726495726495726, 'ppa': 0.30468440081300313, 'totalPPA': 20.413854854471207, 'successRate': 0.44776119402985076, 'explosiveness': 2.0680700199663904}}"
2026,Boston College,ACC,"{'plays': 137, 'drives': 23, 'ppa': -0.029649449603385752, 'totalPPA': -4.061974595663848, 'successRate': 0.3795620437956204, 'explosiveness': 1.2850016083291318, 'powerSuccess': 1, 'stuffRate': 0.19696969696969696, 'lineYards': 3.0454545454545454, 'lineYardsTotal': 201, 'secondLevelYards': 1.4848484848484849, 'secondLevelYardsTotal': 98, 'openFieldYards': 0.8636363636363636, 'openFieldYardsTotal': 57, 'totalOpportunies': 9, 'pointsPerOpportunity': 3.7777777777777777, 'fieldPosition': {'averageStart': 75, 'averagePredictedPoints': 1.029}, 'havoc': {'total': 0.182, 'frontSeven': 0.109, 'db': 0.073}, 'standardDowns': {'rate': 0.6496350364963503, 'ppa': -0.08508592353530865, 'successRate': 0.4157303370786517, 'explosiveness': 1.0779195739917318}, 'passingDowns': {'rate': 0.35036496350364965, 'ppa': 0.07313901247872127, 'successRate': 0.3125, 'explosiveness': 1.7958039596947188}, 'rushingPlays': {'rate': 0.48175182481751827, 'ppa': 0.020379752983349438, 'totalPPA': 1.3450636969010628, 'successRate': 0.4393939393939394, 'explosiveness': 0.8791532135545831}, 'passingPlays': {'rate': 0.46715328467153283, 'ppa': 0.1286264442430342, 'totalPPA': 8.23209243155419, 'successRate': 0.359375, 'explosiveness': 1.7967234973926933}}","{'plays': 130, 'drives': 23, 'ppa': 0.0712578374372898, 'totalPPA': 9.263518866847676, 'successRate': 0.4, 'explosiveness': 1.3266879736186803, 'powerSuccess': 0.5, 'stuffRate': 0.1566265060240964, 'lineYards': 3.351807228915663, 'lineYardsTotal': 278, 'secondLevelYards': 1.216867469879518, 'secondLevelYardsTotal': 101, 'openFieldYards': 1.108433734939759, 'openFieldYardsTotal': 0, 'totalOpportunies': 13, 'pointsPerOpportunity': 3.6923076923076925, 'fieldPosition': {'averageStart': 67.2, 'averagePredictedPoints': -1.576}, 'havoc': {'total': 0.154, 'frontSeven': 0.1, 'db': 0.054}, 'standardDowns': {'rate': 0.7, 'ppa': -0.016667947362136483, 'successRate': 0.3956043956043956, 'explosiveness': 1.1683612396302598}, 'passingDowns': {'rate': 0.3, 'ppa': 0.2764180019692845, 'totalPPA': 14.198836857225375, 'successRate': 0.41025641025641024, 'explosiveness': 1.6829231250926264}, 'rushingPlays': {'rate': 0.6384615384615384, 'ppa': 0.0905890999255355, 'totalPPA': 7.518895293819447, 'successRate': 0.3855421686746988, 'explosiveness': 1.091292055120351}, 'passingPlays': {'rate': 0.3384615384615385, 'ppa': 0.3227008376642131, 'totalPPA': 14.198836857225375, 'successRate': 0.45454545454545453, 'explosiveness': 1.7033214432160069}}"
2026,Bowling Green,Mid-American,"{'plays': 116, 'drives': 21, 'ppa': -0.041941592892581335, 'totalPPA': -4.865224775539435, 'successRate': 0.3620689655172414, 'explosiveness': 0.9568633361381188, 'powerSuccess': 0.6666666666666666, 'stuffRate': 0.208955223880597, 'lineYards': 2.491044776119403, 'lineYardsTotal': 167, 'secondLevelYards': 0.5671641791044776, 'secondLevelYardsTotal': 38, 'openFieldYards': 0.43283582089552236, 'openFieldYardsTotal': 29, 'totalOpportunies': 9, 'pointsPerOpportunity': 2.2222222222222223, 'fieldPosition': {'averageStart': 72.2, 'averagePredictedPoints': 1.218}, 'havoc': {'total': 0.164, 'frontSeven': 0.121, 'db': 0.043}, 'standardDowns': {'rate': 0.6896551724137931, 'ppa': -0.07653134594839225, 'successRate': 0.45, 'explosiveness': 0.7331937648053712}, 'passingDowns': {'rate': 0.3103448275862069, 'ppa': 0.0349245250092207, 'successRate': 0.16666666666666666, 'explosiveness': 2.2988807641346045}, 'rushingPlays': {'rate': 0.5775862068965517, 'ppa': -0.3159060229985418, 'totalPPA': -21.165703540902303, 'successRate': 0.2537313432835821, 'explosiveness': 0.5929366199281091}, 'passingPlays': {'rate': 0.39655172413793105, 'ppa': 0.3407910119175899, 'totalPPA': 15.676386548209136, 'successRate': 0.4782608695652174, 'explosiveness': 1.3401929709940639}}","{'plays': 125, 'drives': 20, 'ppa': 0.3277188774321643, 'totalPPA': 40.96485967902054, 'successRate': 0.504, 'explosiveness': 1.379556003194474, 'powerSuccess': 0.6666666666666666, 'stuffRate': 0.18461538461538463, 'lineYards': 3.4615384615384617, 'lineYardsTotal': 225, 'secondLevelYards': 1.4307692307692308, 'secondLevelYardsTotal': 93, 'openFieldYards': 3.569230769230769, 'openFieldYardsTotal': 0, 'totalOpportunies': 14, 'pointsPerOpportunity': 4.428571428571429, 'fieldPosition': {'averageStart': 70.9, 'averagePredictedPoints': -1.417}, 'havoc': {'total': 0.072, 'frontSeven': 0.048, 'db': 0.024}, 'standardDowns': {'rate': 0.736, 'ppa': 0.23693357843941046, 'successRate': 0.5434782608695652, 'explosiveness': 1.1796989081955775}, 'passingDowns': {'rate': 0.264, 'ppa': 0.5808172867452963, 'totalPPA': 29.13466081761564, 'successRate': 0.3939393939393939, 'explosiveness': 2.148237137805614}, 'rushingPlays': {'rate': 0.52, 'ppa': 0.21830904832312595, 'totalPPA': 14.190088141003187, 'successRate': 0.5076923076923077, 'explosiveness': 1.2445069495052212}, 'passingPlays': {'rate': 0.456, 'ppa': 0.5111344003090463, 'totalPPA': 29.13466081761564, 'successRate': 0.5263157894736842, 'explosiveness': 1.528109962252652}}"
2026,Buffalo,Mid-American,"{'plays': 153, 'drives': 28, 'ppa': 0.0688000492594795, 'totalPPA': 10.526407536700363, 'successRate': 0.32679738562091504, 'explosiveness': 1.3682648307042922, 'powerSuccess': 1, 'stuffRate': 0.22413793103448276, 'lineYards': 2.406896551724138, 'lineYardsTotal': 140, 'secondLevelYards': 0.5344827586206896, 'secondLevelYardsTotal': 31, 'openFieldYards': 0.896551724137931, 'openFieldYardsTotal': 52, 'totalOpportunies': 9, 'pointsPerOpportunity': 4.555555555555555, 'fieldPosition': {'averageStart': 73.3, 'averagePredictedPoints': 1.203}, 'havoc': {'total': 0.163, 'frontSeven': 0.092, 'db': 0.072}, 'standardDowns': {'rate': 0.6078431372549019, 'ppa': 0.015368264732454525, 'successRate': 0.3870967741935484, 'explosiveness': 1.0127326207923264}, 'passingDowns': {'rate': 0.39215686274509803, 'ppa': 0.1516193152763682, 'successRate': 0.23333333333333334, 'explosiveness': 2.282490513335061}, 'rushingPlays': {'rate': 0.3790849673202614, 'ppa': -0.10886243952074665, 'totalPPA': -6.314021492203305, 'successRate': 0.27586206896551724, 'explosiveness': 0.711719930123751}, 'passingPlays': {'rate': 0.5947712418300654, 'ppa': 0.14152687987552945, 'totalPPA': 12.878946068673178, 'successRate': 0.3516483516483517, 'explosiveness': 1.6159314985465125}}","{'plays': 152, 'drives': 28, 'ppa': 0.028654358409258684, 'totalPPA': 4.35546247820732, 'successRate': 0.34868421052631576, 'explosiveness': 1.2916147778515001, 'powerSuccess': 0.8, 'stuffRate': 0.22058823529411764, 'lineYards': 2.677941176470588, 'lineYardsTotal': 182, 'secondLevelYards': 0.8382352941176471, 'secondLevelYardsTotal': 57, 'openFieldYards': 0.29411764705882354, 'openFieldYardsTotal': 0, 'totalOpportunies': 14, 'pointsPerOpportunity': 3.142857142857143, 'fieldPosition': {'averageStart': 69.2, 'averagePredictedPoints': -1.462}, 'havoc': {'total': 0.171, 'frontSeven': 0.092, 'db': 0.079}, 'standardDowns': {'rate': 0.5789473684210527, 'ppa': 0.002256447883855396, 'successRate': 0.4090909090909091, 'explosiveness': 1.1706026403103906}, 'passingDowns': {'rate': 0.42105263157894735, 'ppa': 0.0649514853816882, 'totalPPA': 19.533664277919023, 'successRate': 0.265625, 'explosiveness': 1.5478757749973788}, 'rushingPlays': {'rate': 0.4473684210526316, 'ppa': -0.17444084148013522, 'totalPPA': -11.861977220649194, 'successRate': 0.3382352941176471, 'explosiveness': 0.3969623031500603}, 'passingPlays': {'rate': 0.5328947368421053, 'ppa': 0.24115634911011138, 'totalPPA': 19.533664277919023, 'successRate': 0.37037037037037035, 'explosiveness': 1.9775150084559372}}"
2026,BYU,Big 12,"{'plays': 128, 'drives': 22, 'ppa': 0.5050841780417508, 'totalPPA': 64.6507747893441, 'successRate': 0.59375, 'explosiveness': 1.145295729412896, 'powerSuccess': 0.8888888888888888, 'stuffRate': 0.0945945945945946, 'lineYards': 4.075675675675676, 'lineYardsTotal': 302, 'secondLevelYards': 1.6621621621621623, 'secondLevelYardsTotal': 123, 'openFieldYards': 1.1486486486486487, 'openFieldYardsTotal': 85, 'totalOpportunies': 15, 'pointsPerOpportunity': 5.6, 'fieldPosition': {'averageStart': 68, 'averagePredictedPoints': 1.558}, 'havoc': {'total': 0.047, 'frontSeven': 0.016, 'db': 0.031}, 'standardDowns': {'rate': 0.7890625, 'ppa': 0.47066647411970075, 'successRate': 0.6633663366336634, 'explosiveness': 0.959301140945463}, 'passingDowns': {'rate': 0.2109375, 'ppa': 0.6338318853057158, 'successRate': 0.3333333333333333, 'explosiveness': 2.5299221102260088}, 'rushingPlays': {'rate': 0.578125, 'ppa': 0.5012711650386725, 'totalPPA': 37.09406621286176, 'successRate': 0.6216216216216216, 'explosiveness': 1.0419544928574922}, 'passingPlays': {'rate': 0.390625, 'ppa': 0.45624385063306716, 'totalPPA': 22.81219253165336, 'successRate': 0.54, 'explosiveness': 1.2710700218856694}}","{'plays': 120, 'drives': 22, 'ppa': -0.08450176731375492, 'totalPPA': -10.14021207765059, 'successRate': 0.36666666666666664, 'explosiveness': 1.1347196556610346, 'powerSuccess': 0.8571428571428571, 'stuffRate': 0.21153846153846154, 'lineYards': 2.375, 'lineYardsTotal': 124, 'secondLevelYards': 0.6153846153846154, 'secondLevelYardsTotal': 32, 'openFieldYards': 0.46153846153846156, 'openFieldYardsTotal': 0, 'totalOpportunies': 8, 'pointsPerOpportunity': 3, 'fieldPosition': {'averageStart': 73.3, 'averagePredictedPoints': -1.09}, 'havoc': {'total': 0.158, 'frontSeven': 0.083, 'db': 0.075}, 'standardDowns': {'rate': 0.6416666666666667, 'ppa': -0.29197921686273626, 'successRate': 0.36363636363636365, 'explosiveness': 0.6264585292954911}, 'passingDowns': {'rate': 0.35833333333333334, 'ppa': 0.2870276190879093, 'totalPPA': 5.656178928515415, 'successRate': 0.37209302325581395, 'explosiveness': 2.024176626800736}, 'rushingPlays': {'rate': 0.43333333333333335, 'ppa': -0.12768620057246846, 'totalPPA': -6.63968242976836, 'successRate': 0.34615384615384615, 'explosiveness': 0.7709999097324834}, 'passingPlays': {'rate': 0.5333333333333333, 'ppa': 0.08837779575805337, 'totalPPA': 5.656178928515415, 'successRate': 0.40625, 'explosiveness': 1.3865256336115699}}"
2026,California,ACC,"{'plays': 149, 'drives': 26, 'ppa': -0.08082142385044012, 'totalPPA': -12.042392153715578, 'successRate': 0.3422818791946309, 'explosiveness': 1.3277706209817297, 'powerSuccess': 0.7142857142857143, 'stuffRate': 0.25, 'lineYards': 2.4140625, 'lineYardsTotal': 155, 'secondLevelYards': 0.828125, 'secondLevelYardsTotal': 53, 'openFieldYards': 0.265625, 'openFieldYardsTotal': 17, 'totalOpportunies': 11, 'pointsPerOpportunity': 3.4545454545454546, 'fieldPosition': {'averageStart': 73.9, 'averagePredictedPoints': 1.076}, 'havoc': {'total': 0.174, 'frontSeven': 0.101, 'db': 0.074}, 'standardDowns': {'rate': 0.6174496644295302, 'ppa': -0.1326988174216441, 'successRate': 0.391304347826087, 'explosiveness': 1.0475395033213466}, 'passingDowns': {'rate': 0.3825503355704698, 'ppa': 0.002910509632906672, 'successRate': 0.2631578947368421, 'explosiveness': 2.0003253033666497}, 'rushingPlays': {'rate': 0.42953020134228187, 'ppa': -0.16258732989521288, 'totalPPA': -10.405589113293624, 'successRate': 0.328125, 'explosiveness': 0.8748876135321164}, 'passingPlays': {'rate': 0.5436241610738255, 'ppa': 0.013696226853076731, 'totalPPA': 1.1093943750992152, 'successRate': 0.345679012345679, 'explosiveness': 1.6630511745316576}}","{'plays': 140, 'drives': 27, 'ppa': 0.06802503010713064, 'totalPPA': 9.523504214998288, 'successRate': 0.4142857142857143, 'explosiveness': 1.3407269201878411, 'powerSuccess': 1, 'stuffRate': 0.12903225806451613, 'lineYards': 3.446774193548387, 'lineYardsTotal': 214, 'secondLevelYards': 1.3225806451612903, 'secondLevelYardsTotal': 82, 'openFieldYards': 2.4516129032258065, 'openFieldYardsTotal': 0, 'totalOpportunies': 16, 'pointsPerOpportunity': 3.625, 'fieldPosition': {'averageStart': 66, 'averagePredictedPoints': -1.732}, 'havoc': {'total': 0.15, 'frontSeven': 0.064, 'db': 0.086}, 'standardDowns': {'rate': 0.6571428571428571, 'ppa': 0.1263110584095369, 'successRate': 0.5, 'explosiveness': 1.1505301219356794}, 'passingDowns': {'rate': 0.34285714285714286, 'ppa': -0.04368985747248137, 'totalPPA': -2.5235001494422695, 'successRate': 0.25, 'explosiveness': 2.0698146468211274}, 'rushingPlays': {'rate': 0.44285714285714284, 'ppa': 0.3246768140062008, 'totalPPA': 20.12996246838445, 'successRate': 0.532258064516129, 'explosiveness': 1.0310057925741327}, 'passingPlays': {'rate': 0.5285714285714286, 'ppa': -0.03410135337084148, 'totalPPA': -2.5235001494422695, 'successRate': 0.32432432432432434, 'explosiveness': 1.801685517492771}}"
2026,Central Michigan,Mid-American,"{'plays': 112, 'drives': 22, 'ppa': -0.1256244794203912, 'totalPPA': -14.069941695083816, 'successRate': 0.30357142857142855, 'explosiveness': 1.2574978566932482, 'powerSuccess': 0.875, 'stuffRate': 0.10144927536231885, 'lineYards': 3.108695652173913, 'lineYardsTotal': 215, 'secondLevelYards': 0.9710144927536232, 'secondLevelYardsTotal': 67, 'openFieldYards': 1.0289855072463767, 'openFieldYardsTotal': 71, 'totalOpportunies': 7, 'pointsPerOpportunity': 3, 'fieldPosition': {'averageStart': 68.1, 'averagePredictedPoints': 1.507}, 'havoc': {'total': 0.196, 'frontSeven': 0.089, 'db': 0.107}, 'standardDowns': {'rate': 0.625, 'ppa': -0.20211623963105876, 'successRate': 0.35714285714285715, 'explosiveness': 1.067452144113614}, 'passingDowns': {'rate': 0.375, 'ppa': 0.001861787597388045, 'successRate': 0.21428571428571427, 'explosiveness': 1.7854026138588988}, 'rushingPlays': {'rate': 0.6160714285714286, 'ppa': 0.09162962607782438, 'totalPPA': 6.3224441993698814, 'successRate': 0.36231884057971014, 'explosiveness': 1.1863816673706313}, 'passingPlays': {'rate': 0.35714285714285715, 'ppa': -0.39014588764871216, 'totalPPA': -15.605835505948487, 'successRate': 0.2, 'explosiveness': 1.3967453346075993}}","{'plays': 135, 'drives': 21, 'ppa': 0.06451385420759796, 'totalPPA': 8.709370318025726, 'successRate': 0.43703703703703706, 'explosiveness': 0.9057096960156529, 'powerSuccess': 1, 'stuffRate': 0.1506849315068493, 'lineYards': 3.1027397260273974, 'lineYardsTotal': 227, 'secondLevelYards': 0.9178082191780822, 'secondLevelYardsTotal': 67, 'openFieldYards': 0.5342465753424658, 'openFieldYardsTotal': 0, 'totalOpportunies': 14, 'pointsPerOpportunity': 3.357142857142857, 'fieldPosition': {'averageStart': 67.8, 'averagePredictedPoints': -1.625}, 'havoc': {'total': 0.141, 'frontSeven': 0.074, 'db': 0.067}, 'standardDowns': {'rate': 0.674074074074074, 'ppa': 0.11022346178033217, 'successRate': 0.5164835164835165, 'explosiveness': 0.7414564529725097}, 'passingDowns': {'rate': 0.32592592592592595, 'ppa': -0.030021925090556865, 'totalPPA': 0.6059438230168755, 'successRate': 0.2727272727272727, 'explosiveness': 1.5490348979346302}, 'rushingPlays': {'rate': 0.5407407407407407, 'ppa': 0.07673354858897743, 'totalPPA': 5.601549046995353, 'successRate': 0.4520547945205479, 'explosiveness': 0.734489893053499}, 'passingPlays': {'rate': 0.42962962962962964, 'ppa': 0.010447307293394407, 'totalPPA': 0.6059438230168755, 'successRate': 0.41379310344827586, 'explosiveness': 1.0813885048496887}}"
2026,Charlotte,American Athletic,"{'plays': 139, 'drives': 23, 'ppa': 0.10968772258364962, 'totalPPA': 15.246593439127297, 'successRate': 0.4172661870503597, 'explosiveness': 1.3048280000711567, 'powerSuccess': 0.5, 'stuffRate': 0.25, 'lineYards': 2.9359375, 'lineYardsTotal': 188, 'secondLevelYards': 1.140625, 'secondLevelYardsTotal': 73, 'openFieldYards': 1.953125, 'openFieldYardsTotal': 125, 'totalOpportunies': 10, 'pointsPerOpportunity': 2.3, 'fieldPosition': {'averageStart': 72, 'averagePredictedPoints': 1.214}, 'havoc': {'total': 0.129, 'frontSeven': 0.072, 'db': 0.058}, 'standardDowns': {'rate': 0.697841726618705, 'ppa': 0.0970395787222258, 'successRate': 0.4639175257731959, 'explosiveness': 1.0772929791020218}, 'passingDowns': {'rate': 0.302158273381295, 'ppa': 0.13889891197789034, 'successRate': 0.30952380952380953, 'explosiveness': 2.0924492265027776}, 'rushingPlays': {'rate': 0.460431654676259, 'ppa': 0.1771950064525754, 'totalPPA': 11.340480412964826, 'successRate': 0.421875, 'explosiveness': 1.2231980822343074}, 'passingPlays': {'rate': 0.5107913669064749, 'ppa': 0.08194467860147822, 'totalPPA': 5.818072180704954, 'successRate': 0.43661971830985913, 'explosiveness': 1.3759250252838966}}","{'plays': 125, 'drives': 23, 'ppa': 0.3563215883954375, 'totalPPA': 44.54019854942968, 'successRate': 0.56, 'explosiveness': 1.1684483485215407, 'powerSuccess': 0.9285714285714286, 'stuffRate': 0.22535211267605634, 'lineYards': 3.222535211267606, 'lineYardsTotal': 229, 'secondLevelYards': 1.267605633802817, 'secondLevelYardsTotal': 90, 'openFieldYards': 1.732394366197183, 'openFieldYardsTotal': 0, 'totalOpportunies': 10, 'pointsPerOpportunity': 6.2, 'fieldPosition': {'averageStart': 70, 'averagePredictedPoints': -1.411}, 'havoc': {'total': 0.12, 'frontSeven': 0.112, 'db': 0.008}, 'standardDowns': {'rate': 0.736, 'ppa': 0.11259233785599634, 'successRate': 0.5652173913043478, 'explosiveness': 0.7857669173505932}, 'passingDowns': {'rate': 0.264, 'ppa': 1.03580919595994, 'totalPPA': 21.370747660105888, 'successRate': 0.5454545454545454, 'explosiveness': 2.2739724830153887}, 'rushingPlays': {'rate': 0.568, 'ppa': 0.4155279121565269, 'totalPPA': 29.502481763113412, 'successRate': 0.5211267605633803, 'explosiveness': 1.2895140242367367}, 'passingPlays': {'rate': 0.392, 'ppa': 0.43613770734909973, 'totalPPA': 21.370747660105888, 'successRate': 0.6122448979591837, 'explosiveness': 1.1256445015152994}}"
2026,Cincinnati,Big 12,"{'plays': 142, 'drives': 23, 'ppa': 0.4287542479500776, 'totalPPA': 60.883103208911024, 'successRate': 0.528169014084507, 'explosiveness': 1.2301502062163543, 'powerSuccess': 0.8571428571428571, 'stuffRate': 0.08695652173913043, 'lineYards': 4.093478260869565, 'lineYardsTotal': 377, 'secondLevelYards': 1.7065217391304348, 'secondLevelYardsTotal': 157, 'openFieldYards': 2.0978260869565215, 'openFieldYardsTotal': 193, 'totalOpportunies': 17, 'pointsPerOpportunity': 5.705882352941177, 'fieldPosition': {'averageStart': 68, 'averagePredictedPoints': 1.58}, 'havoc': {'total': 0.092, 'frontSeven': 0.085, 'db': 0.007}, 'standardDowns': {'rate': 0.7394366197183099, 'ppa': 0.47760307424418114, 'successRate': 0.580952380952381, 'explosiveness': 1.136150677575829}, 'passingDowns': {'rate': 0.2605633802816901, 'ppa': 0.29012920035870277, 'successRate': 0.3783783783783784, 'explosiveness': 1.639719581007215}, 'rushingPlays': {'rate': 0.647887323943662, 'ppa': 0.45851530192871753, 'totalPPA': 42.183407777442014, 'successRate': 0.532608695652174, 'explosiveness': 1.1645097212020883}, 'passingPlays': {'rate': 0.33098591549295775, 'ppa': 0.39749631801713303, 'totalPPA': 18.682326946805254, 'successRate': 0.5319148936170213, 'explosiveness': 1.3704862360940262}}","{'plays': 131, 'drives': 23, 'ppa': -0.020274166991414006, 'totalPPA': -2.655915875875235, 'successRate': 0.3893129770992366, 'explosiveness': 1.1912608272935616, 'powerSuccess': 0.75, 'stuffRate': 0.23636363636363636, 'lineYards': 2.9909090909090907, 'lineYardsTotal': 165, 'secondLevelYards': 1.2181818181818183, 'secondLevelYardsTotal': 67, 'openFieldYards': 0.6545454545454545, 'openFieldYardsTotal': 0, 'totalOpportunies': 7, 'pointsPerOpportunity': 3.4285714285714284, 'fieldPosition': {'averageStart': 77.2, 'averagePredictedPoints': -0.866}, 'havoc': {'total': 0.183, 'frontSeven': 0.107, 'db': 0.076}, 'standardDowns': {'rate': 0.6564885496183206, 'ppa': -0.054748725876447565, 'successRate': 0.45348837209302323, 'explosiveness': 1.0535255046809855}, 'passingDowns': {'rate': 0.3435114503816794, 'ppa': 0.0456105455444279, 'totalPPA': 2.0192558940249543, 'successRate': 0.26666666666666666, 'explosiveness': 1.6389006257844336}, 'rushingPlays': {'rate': 0.4198473282442748, 'ppa': 0.056392047142452204, 'totalPPA': 3.1015625928348713, 'successRate': 0.45454545454545453, 'explosiveness': 0.962353430409595}, 'passingPlays': {'rate': 0.5419847328244275, 'ppa': 0.028440223859506397, 'totalPPA': 2.0192558940249543, 'successRate': 0.352112676056338, 'explosiveness': 1.3993873729493613}}"
2026,Clemson,ACC,"{'plays': 127, 'drives': 29, 'ppa': -0.18705381518375502, 'totalPPA': -23.755834528336887, 'successRate': 0.29133858267716534, 'explosiveness': 0.981531881260497, 'powerSuccess': 0.6, 'stuffRate': 0.3389830508474576, 'lineYards': 2.2389830508474575, 'lineYardsTotal': 132, 'secondLevelYards': 1.0847457627118644, 'secondLevelYardsTotal': 64, 'openFieldYards': 0.6271186440677966, 'openFieldYardsTotal': 37, 'totalOpportunies': 10, 'pointsPerOpportunity': 3.2, 'fieldPosition': {'averageStart': 68.3, 'averagePredictedPoints': 1.489}, 'havoc': {'total': 0.244, 'frontSeven': 0.197, 'db': 0.047}, 'standardDowns': {'rate': 0.5748031496062992, 'ppa': -0.21160767943666894, 'successRate': 0.3698630136986301, 'explosiveness': 0.65129010405276}, 'passingDowns': {'rate': 0.4251968503937008, 'ppa': -0.15386062832333436, 'successRate': 0.18518518518518517, 'explosiveness': 1.8731846797213865}, 'rushingPlays': {'rate': 0.4645669291338583, 'ppa': -0.1485808443586525, 'totalPPA': -8.766269817160497, 'successRate': 0.3220338983050847, 'explosiveness': 0.5958126242025027}, 'passingPlays': {'rate': 0.4881889763779528, 'ppa': -0.10094142212166271, 'totalPPA': -6.258368171543088, 'successRate': 0.2903225806451613, 'explosiveness': 1.388679985932824}}","{'plays': 161, 'drives': 26, 'ppa': 0.1795888733506845, 'totalPPA': 28.913808609460204, 'successRate': 0.422360248447205, 'explosiveness': 1.3364841405947374, 'powerSuccess': 0.7272727272727273, 'stuffRate': 0.1095890410958904, 'lineYards': 3.3438356164383563, 'lineYardsTotal': 244, 'secondLevelYards': 1.410958904109589, 'secondLevelYardsTotal': 103, 'openFieldYards': 0.589041095890411, 'openFieldYardsTotal': 0, 'totalOpportunies': 14, 'pointsPerOpportunity': 3.2142857142857144, 'fieldPosition': {'averageStart': 76.7, 'averagePredictedPoints': -0.939}, 'havoc': {'total': 0.155, 'frontSeven': 0.068, 'db': 0.087}, 'standardDowns': {'rate': 0.6521739130434783, 'ppa': -0.005056504298485721, 'successRate': 0.42857142857142855, 'explosiveness': 1.0502693942402008}, 'passingDowns': {'rate': 0.34782608695652173, 'ppa': 0.5257989564428787, 'totalPPA': 10.843922233367879, 'successRate': 0.4107142857142857, 'explosiveness': 1.8964695138970917}, 'rushingPlays': {'rate': 0.453416149068323, 'ppa': 0.23004612426540502, 'totalPPA': 16.793367071374565, 'successRate': 0.4794520547945205, 'explosiveness': 0.9882489149585554}, 'passingPlays': {'rate': 0.5403726708074534, 'ppa': 0.12464278429158482, 'totalPPA': 10.843922233367879, 'successRate': 0.367816091954023, 'explosiveness': 1.7192403197554673}}"
2026,Coastal Carolina,Sun Belt,"{'plays': 135, 'drives': 27, 'ppa': 0.20429252449085358, 'totalPPA': 27.579490806265234, 'successRate': 0.45185185185185184, 'explosiveness': 1.325197095526809, 'powerSuccess': 0.625, 'stuffRate': 0.21875, 'lineYards': 3.334375, 'lineYardsTotal': 213, 'secondLevelYards': 1.578125, 'secondLevelYardsTotal': 101, 'openFieldYards': 1.109375, 'openFieldYardsTotal': 71, 'totalOpportunies': 14, 'pointsPerOpportunity': 4.428571428571429, 'fieldPosition': {'averageStart': 66.7, 'averagePredictedPoints': 1.654}, 'havoc': {'total': 0.193, 'frontSeven': 0.133, 'db': 0.059}, 'standardDowns': {'rate': 0.6666666666666666, 'ppa': 0.21807987900711315, 'successRate': 0.5111111111111111, 'explosiveness': 1.1826635979840439}, 'passingDowns': {'rate': 0.3333333333333333, 'ppa': 0.17671781545833448, 'successRate': 0.3333333333333333, 'explosiveness': 1.7622998213246226}, 'rushingPlays': {'rate': 0.4740740740740741, 'ppa': 0.07240516079675403, 'totalPPA': 4.633930290992258, 'successRate': 0.5, 'explosiveness': 0.7825774806560742}, 'passingPlays': {'rate': 0.5185185185185185, 'ppa': 0.3026467356904914, 'totalPPA': 21.185271498334398, 'successRate': 0.4, 'explosiveness': 1.929794801042943}}","{'plays': 134, 'drives': 28, 'ppa': -0.011871187582138601, 'totalPPA': -1.5907391360065726, 'successRate': 0.3880597014925373, 'explosiveness': 0.9869719373350113, 'powerSuccess': 0.75, 'stuffRate': 0.14606741573033707, 'lineYards': 2.8662921348314607, 'lineYardsTotal': 255, 'secondLevelYards': 0.7078651685393258, 'secondLevelYardsTotal': 63, 'openFieldYards': 1.595505617977528, 'openFieldYardsTotal': 0, 'totalOpportunies': 12, 'pointsPerOpportunity': 2.5833333333333335, 'fieldPosition': {'averageStart': 72.4, 'averagePredictedPoints': -1.324}, 'havoc': {'total': 0.172, 'frontSeven': 0.112, 'db': 0.06}, 'standardDowns': {'rate': 0.7388059701492538, 'ppa': -0.047047404708042556, 'successRate': 0.42424242424242425, 'explosiveness': 0.9476308938610044}, 'passingDowns': {'rate': 0.26119402985074625, 'ppa': 0.0876272551454183, 'totalPPA': 12.376855900766301, 'successRate': 0.2857142857142857, 'explosiveness': 1.1522043199258405}, 'rushingPlays': {'rate': 0.664179104477612, 'ppa': -0.016465343260329886, 'totalPPA': -1.46541555016936, 'successRate': 0.39325842696629215, 'explosiveness': 0.7508240967793468}, 'passingPlays': {'rate': 0.27611940298507465, 'ppa': 0.33450961893962977, 'totalPPA': 12.376855900766301, 'successRate': 0.40540540540540543, 'explosiveness': 1.5777539809481527}}"
2026,Colorado,Big 12,"{'plays': 151, 'drives': 24, 'ppa': 0.2555961011969566, 'totalPPA': 38.595011280740444, 'successRate': 0.41721854304635764, 'explosiveness': 1.3777550783764778, 'powerSuccess': 0.9, 'stuffRate': 0.12195121951219512, 'lineYards': 3.1390243902439026, 'lineYardsTotal': 257, 'secondLevelYards': 0.8902439024390244, 'secondLevelYardsTotal': 73, 'openFieldYards': 0.7804878048780488, 'openFieldYardsTotal': 64, 'totalOpportunies': 13, 'pointsPerOpportunity': 2.923076923076923, 'fieldPosition': {'averageStart': 69.4, 'averagePredictedPoints': 1.472}, 'havoc': {'total': 0.152, 'frontSeven': 0.106, 'db': 0.046}, 'standardDowns': {'rate': 0.6556291390728477, 'ppa': 0.12222056254984856, 'successRate': 0.45454545454545453, 'explosiveness': 1.0498437712346458}, 'passingDowns': {'rate': 0.3443708609271523, 'ppa': 0.5095226074674122, 'successRate': 0.34615384615384615, 'explosiveness': 2.1975333462310576}, 'rushingPlays': {'rate': 0.543046357615894, 'ppa': 0.16747102037398207, 'totalPPA': 13.73262367066653, 'successRate': 0.4146341463414634, 'explosiveness': 0.9963702202724452}, 'passingPlays': {'rate': 0.423841059602649, 'ppa': 0.35730408258877216, 'totalPPA': 22.86746128568142, 'successRate': 0.421875, 'explosiveness': 1.8915560404465044}}","{'plays': 134, 'drives': 24, 'ppa': -0.06396012724618023, 'totalPPA': -8.570657050988151, 'successRate': 0.34328358208955223, 'explosiveness': 1.3968928161860514, 'powerSuccess': 0.3333333333333333, 'stuffRate': 0.3888888888888889, 'lineYards': 2.4, 'lineYardsTotal': 130, 'secondLevelYards': 1.2962962962962963, 'secondLevelYardsTotal': 70, 'openFieldYards': 0.4074074074074074, 'openFieldYardsTotal': 0, 'totalOpportunies': 15, 'pointsPerOpportunity': 1.8, 'fieldPosition': {'averageStart': 72.2, 'averagePredictedPoints': -1.224}, 'havoc': {'total': 0.254, 'frontSeven': 0.164, 'db': 0.09}, 'standardDowns': {'rate': 0.6119402985074627, 'ppa': -0.18551320754444414, 'successRate': 0.35365853658536583, 'explosiveness': 0.9949512121223548}, 'passingDowns': {'rate': 0.3880597014925373, 'ppa': 0.12771973014723592, 'totalPPA': 10.99403745282671, 'successRate': 0.3269230769230769, 'explosiveness': 2.0825579054711807}, 'rushingPlays': {'rate': 0.40298507462686567, 'ppa': -0.2663961617752074, 'totalPPA': -14.385392735861203, 'successRate': 0.3888888888888889, 'explosiveness': 0.7476398271213149}, 'passingPlays': {'rate': 0.5746268656716418, 'ppa': 0.14277970717956767, 'totalPPA': 10.99403745282671, 'successRate': 0.3246753246753247, 'explosiveness': 1.9422653270004302}}"
2026,Colorado State,Pac-12,"{'plays': 137, 'drives': 26, 'ppa': 0.3945282894044396, 'totalPPA': 54.05037564840823, 'successRate': 0.48905109489051096, 'explosiveness': 1.5102312020802013, 'powerSuccess': 0.9, 'stuffRate': 0.234375, 'lineYards': 2.578125, 'lineYardsTotal': 165, 'secondLevelYards': 1.046875, 'secondLevelYardsTotal': 67, 'openFieldYards': 3.8125, 'openFieldYardsTotal': 244, 'totalOpportunies': 14, 'pointsPerOpportunity': 4.642857142857143, 'fieldPosition': {'averageStart': 65, 'averagePredictedPoints': 1.701}, 'havoc': {'total': 0.161, 'frontSeven': 0.08, 'db': 0.08}, 'standardDowns': {'rate': 0.7372262773722628, 'ppa': 0.2589382004591733, 'successRate': 0.5148514851485149, 'explosiveness': 1.1668719030851185}, 'passingDowns': {'rate': 0.26277372262773724, 'ppa': 0.7749338167231034, 'successRate': 0.4166666666666667, 'explosiveness': 2.700543438596489}, 'rushingPlays': {'rate': 0.46715328467153283, 'ppa': 0.3392823469768605, 'totalPPA': 21.71407020651907, 'successRate': 0.46875, 'explosiveness': 1.3719422700160113}, 'passingPlays': {'rate': 0.5182481751824818, 'ppa': 0.49063954643756075, 'totalPPA': 34.835407797066814, 'successRate': 0.5070422535211268, 'explosiveness': 1.6643499204292653}}","{'plays': 121, 'drives': 25, 'ppa': -0.06494788818219475, 'totalPPA': -7.858694470045566, 'successRate': 0.38016528925619836, 'explosiveness': 1.0956779944706345, 'powerSuccess': 0.6666666666666666, 'stuffRate': 0.14084507042253522, 'lineYards': 3.22112676056338, 'lineYardsTotal': 229, 'secondLevelYards': 1.3380281690140845, 'secondLevelYardsTotal': 95, 'openFieldYards': 2.140845070422535, 'openFieldYardsTotal': 0, 'totalOpportunies': 10, 'pointsPerOpportunity': 3, 'fieldPosition': {'averageStart': 75.5, 'averagePredictedPoints': -0.974}, 'havoc': {'total': 0.273, 'frontSeven': 0.174, 'db': 0.099}, 'standardDowns': {'rate': 0.6776859504132231, 'ppa': -0.15746214025352534, 'successRate': 0.4268292682926829, 'explosiveness': 0.7325438877426167}, 'passingDowns': {'rate': 0.32231404958677684, 'ppa': 0.12956925719855159, 'totalPPA': 4.4740800512657115, 'successRate': 0.28205128205128205, 'explosiveness': 2.2511046976961455}, 'rushingPlays': {'rate': 0.5867768595041323, 'ppa': 0.05302077556517863, 'totalPPA': 3.764475065127683, 'successRate': 0.39436619718309857, 'explosiveness': 0.7665220850233054}, 'passingPlays': {'rate': 0.36363636363636365, 'ppa': 0.10168363752876618, 'totalPPA': 4.4740800512657115, 'successRate': 0.4090909090909091, 'explosiveness': 1.6076982980553685}}"
2026,Delaware,Conference USA,"{'plays': 141, 'drives': 28, 'ppa': 0.08422429215270093, 'totalPPA': 11.87562519353083, 'successRate': 0.3971631205673759, 'explosiveness': 1.4491820586050979, 'powerSuccess': 0.6, 'stuffRate': 0.2542372881355932, 'lineYards': 2.3983050847457625, 'lineYardsTotal': 142, 'secondLevelYards': 1.1694915254237288, 'secondLevelYardsTotal': 69, 'openFieldYards': 0.8983050847457628, 'openFieldYardsTotal': 53, 'totalOpportunies': 12, 'pointsPerOpportunity': 4, 'fieldPosition': {'averageStart': 70.3, 'averagePredictedPoints': 1.324}, 'havoc': {'total': 0.241, 'frontSeven': 0.135, 'db': 0.106}, 'standardDowns': {'rate': 0.6170212765957447, 'ppa': -0.015615531891052116, 'successRate': 0.4827586206896552, 'explosiveness': 1.0730400584097577}, 'passingDowns': {'rate': 0.3829787234042553, 'ppa': 0.2450773420009697, 'successRate': 0.25925925925925924, 'explosiveness': 2.577608059191119}, 'rushingPlays': {'rate': 0.41843971631205673, 'ppa': 0.10722859909633627, 'totalPPA': 6.326487346683839, 'successRate': 0.4576271186440678, 'explosiveness': 0.9559822566865036}, 'passingPlays': {'rate': 0.5602836879432624, 'ppa': 0.21540822608434135, 'totalPPA': 17.017249860662968, 'successRate': 0.3670886075949367, 'explosiveness': 1.9083680810810304}}","{'plays': 144, 'drives': 28, 'ppa': -0.1511994958469578, 'totalPPA': -21.772727401961923, 'successRate': 0.3125, 'explosiveness': 1.2358513394279544, 'powerSuccess': 0.8, 'stuffRate': 0.20689655172413793, 'lineYards': 2.282758620689655, 'lineYardsTotal': 132, 'secondLevelYards': 0.7068965517241379, 'secondLevelYardsTotal': 41, 'openFieldYards': 0.39655172413793105, 'openFieldYardsTotal': 0, 'totalOpportunies': 12, 'pointsPerOpportunity': 2.3333333333333335, 'fieldPosition': {'averageStart': 69.4, 'averagePredictedPoints': -1.399}, 'havoc': {'total': 0.188, 'frontSeven': 0.09, 'db': 0.097}, 'standardDowns': {'rate': 0.6111111111111112, 'ppa': -0.1550993973875601, 'successRate': 0.3977272727272727, 'explosiveness': 0.9489584997976687}, 'passingDowns': {'rate': 0.3888888888888889, 'ppa': -0.14507107914029704, 'totalPPA': 5.1661134137742035, 'successRate': 0.17857142857142858, 'explosiveness': 2.239976278133955}, 'rushingPlays': {'rate': 0.4027777777777778, 'ppa': -0.20035836220514455, 'totalPPA': -11.620785007898384, 'successRate': 0.29310344827586204, 'explosiveness': 0.7661134166938283}, 'passingPlays': {'rate': 0.5555555555555556, 'ppa': 0.06457641767217755, 'totalPPA': 5.1661134137742035, 'successRate': 0.35, 'explosiveness': 1.5210493639451026}}"
2026,Duke,ACC,"{'plays': 135, 'drives': 22, 'ppa': 0.0971002378932878, 'totalPPA': 13.108532115593851, 'successRate': 0.362962962962963, 'explosiveness': 1.237928846463279, 'powerSuccess': 0.7142857142857143, 'stuffRate': 0.21428571428571427, 'lineYards': 2.9095238095238094, 'lineYardsTotal': 244, 'secondLevelYards': 1.3095238095238095, 'secondLevelYardsTotal': 110, 'openFieldYards': 1.2023809523809523, 'openFieldYardsTotal': 101, 'totalOpportunies': 14, 'pointsPerOpportunity': 3.4285714285714284, 'fieldPosition': {'averageStart': 68.3, 'averagePredictedPoints': 1.563}, 'havoc': {'total': 0.096, 'frontSeven': 0.044, 'db': 0.052}, 'standardDowns': {'rate': 0.6592592592592592, 'ppa': 0.07929312879623436, 'successRate': 0.4157303370786517, 'explosiveness': 1.0679806128264775}, 'passingDowns': {'rate': 0.34074074074074073, 'ppa': 0.1315531228854129, 'successRate': 0.2608695652173913, 'explosiveness': 1.7619359001767498}, 'rushingPlays': {'rate': 0.6222222222222222, 'ppa': 0.10254792029185104, 'totalPPA': 8.614025304515488, 'successRate': 0.34523809523809523, 'explosiveness': 1.1206178266863884}, 'passingPlays': {'rate': 0.35555555555555557, 'ppa': 0.16182633351410539, 'totalPPA': 7.767664008677058, 'successRate': 0.4166666666666667, 'explosiveness': 1.4080298251397703}}","{'plays': 125, 'drives': 21, 'ppa': -0.025118696453782445, 'totalPPA': -3.1398370567228056, 'successRate': 0.408, 'explosiveness': 0.9843421861093068, 'powerSuccess': 0.7142857142857143, 'stuffRate': 0.09090909090909091, 'lineYards': 2.923636363636364, 'lineYardsTotal': 161, 'secondLevelYards': 0.5272727272727272, 'secondLevelYardsTotal': 29, 'openFieldYards': 0.5272727272727272, 'openFieldYardsTotal': 0, 'totalOpportunies': 11, 'pointsPerOpportunity': 2.7272727272727275, 'fieldPosition': {'averageStart': 73.6, 'averagePredictedPoints': -1.132}, 'havoc': {'total': 0.144, 'frontSeven': 0.072, 'db': 0.072}, 'standardDowns': {'rate': 0.712, 'ppa': 0.09562334776310277, 'successRate': 0.5056179775280899, 'explosiveness': 0.9166108535311421}, 'passingDowns': {'rate': 0.288, 'ppa': -0.3236198613233042, 'totalPPA': 5.470535088076529, 'successRate': 0.16666666666666666, 'explosiveness': 1.4923271804455416}, 'rushingPlays': {'rate': 0.44, 'ppa': -0.17341573797849152, 'totalPPA': -9.537865588817034, 'successRate': 0.36363636363636365, 'explosiveness': 0.25760748346923595}, 'passingPlays': {'rate': 0.536, 'ppa': 0.08164977743397804, 'totalPPA': 5.470535088076529, 'successRate': 0.44776119402985076, 'explosiveness': 1.4267071778162221}}"
2026,East Carolina,American Athletic,"{'plays': 114, 'drives': 25, 'ppa': 0.10995821952438518, 'totalPPA': 12.535237025779912, 'successRate': 0.39473684210526316, 'explosiveness': 1.231797520854903, 'powerSuccess': 0.6666666666666666, 'stuffRate': 0.24528301886792453, 'lineYards': 2.371698113207547, 'lineYardsTotal': 126, 'secondLevelYards': 0.9811320754716981, 'secondLevelYardsTotal': 52, 'openFieldYards': 0.9811320754716981, 'openFieldYardsTotal': 52, 'totalOpportunies': 8, 'pointsPerOpportunity': 4.25, 'fieldPosition': {'averageStart': 74.8, 'averagePredictedPoints': 0.995}, 'havoc': {'total': 0.184, 'frontSeven': 0.105, 'db': 0.079}, 'standardDowns': {'rate': 0.7017543859649122, 'ppa': 0.1761590414364164, 'successRate': 0.4875, 'explosiveness': 1.0160343514132528}, 'passingDowns': {'rate': 0.2982456140350877, 'ppa': -0.04580842026862941, 'successRate': 0.17647058823529413, 'explosiveness': 2.63425812222563}, 'rushingPlays': {'rate': 0.4649122807017544, 'ppa': 0.07535276123454974, 'totalPPA': 3.9936963454311365, 'successRate': 0.4339622641509434, 'explosiveness': 0.7698527264374913}, 'passingPlays': {'rate': 0.5263157894736842, 'ppa': 0.123813318292015, 'totalPPA': 7.4287990975209, 'successRate': 0.35, 'explosiveness': 1.7434063879800221}}","{'plays': 153, 'drives': 24, 'ppa': 0.20689421945669845, 'totalPPA': 31.654815576874864, 'successRate': 0.45751633986928103, 'explosiveness': 1.223214237815241, 'powerSuccess': 0.7142857142857143, 'stuffRate': 0.2247191011235955, 'lineYards': 2.7662921348314606, 'lineYardsTotal': 246, 'secondLevelYards': 1.0786516853932584, 'secondLevelYardsTotal': 96, 'openFieldYards': 0.5393258426966292, 'openFieldYardsTotal': 0, 'totalOpportunies': 16, 'pointsPerOpportunity': 4.25, 'fieldPosition': {'averageStart': 70, 'averagePredictedPoints': -1.341}, 'havoc': {'total': 0.124, 'frontSeven': 0.111, 'db': 0.013}, 'standardDowns': {'rate': 0.6470588235294118, 'ppa': 0.002519841417755093, 'successRate': 0.46464646464646464, 'explosiveness': 0.873347492735853}, 'passingDowns': {'rate': 0.35294117647058826, 'ppa': 0.5815805791947612, 'totalPPA': 21.49020805460163, 'successRate': 0.4444444444444444, 'explosiveness': 1.893792165884068}, 'rushingPlays': {'rate': 0.5816993464052288, 'ppa': 0.12255809753078636, 'totalPPA': 10.907670680239987, 'successRate': 0.47191011235955055, 'explosiveness': 1.042139847949824}, 'passingPlays': {'rate': 0.40522875816993464, 'ppa': 0.3466162589451876, 'totalPPA': 21.49020805460163, 'successRate': 0.43548387096774194, 'explosiveness': 1.5452191951435208}}"
2026,Eastern Michigan,Mid-American,"{'plays': 192, 'drives': 37, 'ppa': -0.03017095851584814, 'totalPPA': -5.792824035042843, 'successRate': 0.375, 'explosiveness': 1.085440572919383, 'powerSuccess': 0.8125, 'stuffRate': 0.16883116883116883, 'lineYards': 2.8181818181818183, 'lineYardsTotal': 217, 'secondLevelYards': 1, 'secondLevelYardsTotal': 77, 'openFieldYards': 1.2597402597402596, 'openFieldYardsTotal': 97, 'totalOpportunies': 17, 'pointsPerOpportunity': 2.8823529411764706, 'fieldPosition': {'averageStart': 75.2, 'averagePredictedPoints': 1.02}, 'havoc': {'total': 0.177, 'frontSeven': 0.099, 'db': 0.078}, 'standardDowns': {'rate': 0.6822916666666666, 'ppa': 0.00555094623417208, 'successRate': 0.4580152671755725, 'explosiveness': 1.1241087120164108}, 'passingDowns': {'rate': 0.3177083333333333, 'ppa': -0.10688521297900631, 'successRate': 0.19672131147540983, 'explosiveness': 0.8920998774342429}, 'rushingPlays': {'rate': 0.4010416666666667, 'ppa': -0.012960749436385272, 'totalPPA': -0.997977706601666, 'successRate': 0.4025974025974026, 'explosiveness': 0.9595487335670349}, 'passingPlays': {'rate': 0.5729166666666666, 'ppa': 0.012690696440101639, 'totalPPA': 1.3959766084111802, 'successRate': 0.35454545454545455, 'explosiveness': 1.1791563312602151}}","{'plays': 215, 'drives': 38, 'ppa': 0.09206050212178986, 'totalPPA': 19.79300795618482, 'successRate': 0.40930232558139534, 'explosiveness': 1.2535690427745039, 'powerSuccess': 0.7647058823529411, 'stuffRate': 0.2127659574468085, 'lineYards': 2.9382978723404256, 'lineYardsTotal': 276, 'secondLevelYards': 1.1595744680851063, 'secondLevelYardsTotal': 109, 'openFieldYards': 1.0638297872340425, 'openFieldYardsTotal': 0, 'totalOpportunies': 20, 'pointsPerOpportunity': 3.6, 'fieldPosition': {'averageStart': 67.5, 'averagePredictedPoints': -1.581}, 'havoc': {'total': 0.191, 'frontSeven': 0.098, 'db': 0.093}, 'standardDowns': {'rate': 0.6465116279069767, 'ppa': 0.02341440109165175, 'successRate': 0.48201438848920863, 'explosiveness': 1.0489599766852202}, 'passingDowns': {'rate': 0.35348837209302325, 'ppa': 0.21761060795322665, 'totalPPA': 14.604621519352266, 'successRate': 0.27631578947368424, 'explosiveness': 1.9063693964879331}, 'rushingPlays': {'rate': 0.4372093023255814, 'ppa': 0.10920545331158649, 'totalPPA': 10.26531261128913, 'successRate': 0.44680851063829785, 'explosiveness': 1.0478985959919305}, 'passingPlays': {'rate': 0.5395348837209303, 'ppa': 0.1259019096495885, 'totalPPA': 14.604621519352266, 'successRate': 0.3879310344827586, 'explosiveness': 1.4709388944454742}}"
2026,Florida,SEC,"{'plays': 131, 'drives': 22, 'ppa': 0.503300118145704, 'totalPPA': 65.93231547708723, 'successRate': 0.5419847328244275, 'explosiveness': 1.3730229556476083, 'powerSuccess': 1, 'stuffRate': 0.08571428571428572, 'lineYards': 3.5085714285714285, 'lineYardsTotal': 246, 'secondLevelYards': 1.3142857142857143, 'secondLevelYardsTotal': 92, 'openFieldYards': 2.6142857142857143, 'openFieldYardsTotal': 183, 'totalOpportunies': 14, 'pointsPerOpportunity': 6.428571428571429, 'fieldPosition': {'averageStart': 70.4, 'averagePredictedPoints': 1.455}, 'havoc': {'total': 0.115, 'frontSeven': 0.053, 'db': 0.061}, 'standardDowns': {'rate': 0.7557251908396947, 'ppa': 0.5835621808690815, 'successRate': 0.6262626262626263, 'explosiveness': 1.2824806394415689}, 'passingDowns': {'rate': 0.24427480916030533, 'ppa': 0.2549893615952549, 'successRate': 0.28125, 'explosiveness': 1.9967589117336577}, 'rushingPlays': {'rate': 0.5343511450381679, 'ppa': 0.40904553404864313, 'totalPPA': 28.63318738340502, 'successRate': 0.5, 'explosiveness': 1.1756794389606382}, 'passingPlays': {'rate': 0.44274809160305345, 'ppa': 0.7226631372761364, 'totalPPA': 41.91446196201591, 'successRate': 0.6206896551724138, 'explosiveness': 1.5648847079821624}}","{'plays': 159, 'drives': 26, 'ppa': -0.18570931797601242, 'totalPPA': -29.527781558185975, 'successRate': 0.3333333333333333, 'explosiveness': 1.1043810135770198, 'powerSuccess': 0.6666666666666666, 'stuffRate': 0.11864406779661017, 'lineYards': 2.6728813559322036, 'lineYardsTotal': 158, 'secondLevelYards': 0.6949152542372882, 'secondLevelYardsTotal': 41, 'openFieldYards': 0.01694915254237288, 'openFieldYardsTotal': 0, 'totalOpportunies': 8, 'pointsPerOpportunity': 3, 'fieldPosition': {'averageStart': 71.2, 'averagePredictedPoints': -1.211}, 'havoc': {'total': 0.233, 'frontSeven': 0.113, 'db': 0.119}, 'standardDowns': {'rate': 0.660377358490566, 'ppa': -0.23256980106182604, 'successRate': 0.37142857142857144, 'explosiveness': 0.9261213158099749}, 'passingDowns': {'rate': 0.33962264150943394, 'ppa': -0.09459171197581927, 'totalPPA': -7.731984188013581, 'successRate': 0.25925925925925924, 'explosiveness': 1.6009616002137874}, 'rushingPlays': {'rate': 0.3710691823899371, 'ppa': -0.14761868025677513, 'totalPPA': -8.709502135149732, 'successRate': 0.3050847457627119, 'explosiveness': 1.0438173459109412}, 'passingPlays': {'rate': 0.5911949685534591, 'ppa': -0.08225515093631469, 'totalPPA': -7.731984188013581, 'successRate': 0.3617021276595745, 'explosiveness': 1.1347962489634502}}"
2026,Florida Atlantic,American Athletic,"{'plays': 172, 'drives': 24, 'ppa': 0.08557275513073594, 'totalPPA': 14.718513882486581, 'successRate': 0.42441860465116277, 'explosiveness': 1.1542662089271607, 'powerSuccess': 0.9090909090909091, 'stuffRate': 0.18421052631578946, 'lineYards': 2.5065789473684212, 'lineYardsTotal': 191, 'secondLevelYards': 0.4473684210526316, 'secondLevelYardsTotal': 34, 'openFieldYards': 0.013157894736842105, 'openFieldYardsTotal': 1, 'totalOpportunies': 13, 'pointsPerOpportunity': 3.769230769230769, 'fieldPosition': {'averageStart': 68.9, 'averagePredictedPoints': 1.455}, 'havoc': {'total': 0.174, 'frontSeven': 0.11, 'db': 0.064}, 'standardDowns': {'rate': 0.7151162790697675, 'ppa': -0.08388832604813666, 'successRate': 0.45528455284552843, 'explosiveness': 0.8485787172675231}, 'passingDowns': {'rate': 0.28488372093023256, 'ppa': 0.5109546527838242, 'successRate': 0.3469387755102041, 'explosiveness': 2.16123676968832}, 'rushingPlays': {'rate': 0.4418604651162791, 'ppa': -0.05747439098254516, 'totalPPA': -4.368053714673432, 'successRate': 0.35526315789473684, 'explosiveness': 0.8810087068412268}, 'passingPlays': {'rate': 0.5174418604651163, 'ppa': 0.23896970147151456, 'totalPPA': 21.268303430964796, 'successRate': 0.4943820224719101, 'explosiveness': 1.3453859469877114}}","{'plays': 125, 'drives': 23, 'ppa': 0.37391274737859215, 'totalPPA': 46.73909342232402, 'successRate': 0.472, 'explosiveness': 1.5780936478404288, 'powerSuccess': 1, 'stuffRate': 0.14864864864864866, 'lineYards': 3.245945945945946, 'lineYardsTotal': 240, 'secondLevelYards': 1.364864864864865, 'secondLevelYardsTotal': 101, 'openFieldYards': 3, 'openFieldYardsTotal': 0, 'totalOpportunies': 12, 'pointsPerOpportunity': 6.083333333333333, 'fieldPosition': {'averageStart': 71.1, 'averagePredictedPoints': -1.34}, 'havoc': {'total': 0.16, 'frontSeven': 0.096, 'db': 0.064}, 'standardDowns': {'rate': 0.712, 'ppa': 0.47260087584712474, 'successRate': 0.550561797752809, 'explosiveness': 1.5371972659213529}, 'passingDowns': {'rate': 0.288, 'ppa': 0.12993376310916438, 'totalPPA': 20.040395031919463, 'successRate': 0.2777777777777778, 'explosiveness': 1.7784859192439006}, 'rushingPlays': {'rate': 0.592, 'ppa': 0.369979509847449, 'totalPPA': 27.378483728711224, 'successRate': 0.47297297297297297, 'explosiveness': 1.2696359060132656}, 'passingPlays': {'rate': 0.4, 'ppa': 0.4008079006383893, 'totalPPA': 20.040395031919463, 'successRate': 0.48, 'explosiveness': 2.0279278546717086}}"
2026,Florida International,Conference USA,"{'plays': 156, 'drives': 24, 'ppa': -0.002803154418928294, 'totalPPA': -0.43729208935281383, 'successRate': 0.391025641025641, 'explosiveness': 1.1492281235386823, 'powerSuccess': 0.6923076923076923, 'stuffRate': 0.203125, 'lineYards': 2.75, 'lineYardsTotal': 176, 'secondLevelYards': 0.84375, 'secondLevelYardsTotal': 54, 'openFieldYards': 0.359375, 'openFieldYardsTotal': 23, 'totalOpportunies': 13, 'pointsPerOpportunity': 2.8461538461538463, 'fieldPosition': {'averageStart': 70.2, 'averagePredictedPoints': 1.401}, 'havoc': {'total': 0.154, 'frontSeven': 0.083, 'db': 0.071}, 'standardDowns': {'rate': 0.6282051282051282, 'ppa': -0.010805947279826877, 'successRate': 0.45918367346938777, 'explosiveness': 1.121225839215357}, 'passingDowns': {'rate': 0.3717948717948718, 'ppa': 0.010718805932245173, 'successRate': 0.27586206896551724, 'explosiveness': 1.2279845481980347}, 'rushingPlays': {'rate': 0.41025641025641024, 'ppa': -0.23138052587410646, 'totalPPA': -14.808353655942813, 'successRate': 0.328125, 'explosiveness': 0.3982199773687138}, 'passingPlays': {'rate': 0.5705128205128205, 'ppa': 0.18056202644044372, 'totalPPA': 16.070020353199492, 'successRate': 0.449438202247191, 'explosiveness': 1.5435074002779157}}","{'plays': 128, 'drives': 22, 'ppa': -0.044960223512562854, 'totalPPA': -5.754908609608045, 'successRate': 0.328125, 'explosiveness': 1.1153609295010591, 'powerSuccess': 0.8, 'stuffRate': 0.25806451612903225, 'lineYards': 1.982258064516129, 'lineYardsTotal': 123, 'secondLevelYards': 0.7419354838709677, 'secondLevelYardsTotal': 46, 'openFieldYards': 0.16129032258064516, 'openFieldYardsTotal': 0, 'totalOpportunies': 10, 'pointsPerOpportunity': 3.9, 'fieldPosition': {'averageStart': 67.8, 'averagePredictedPoints': -1.58}, 'havoc': {'total': 0.172, 'frontSeven': 0.125, 'db': 0.047}, 'standardDowns': {'rate': 0.5703125, 'ppa': -0.04944621071752008, 'successRate': 0.4246575342465753, 'explosiveness': 0.728523694816993}, 'passingDowns': {'rate': 0.4296875, 'ppa': -0.03900609504052872, 'totalPPA': 6.572099529614545, 'successRate': 0.2, 'explosiveness': 2.2055385908834273}, 'rushingPlays': {'rate': 0.484375, 'ppa': -0.14745359374276729, 'totalPPA': -9.142122812051571, 'successRate': 0.3064516129032258, 'explosiveness': 0.6569162670334231}, 'passingPlays': {'rate': 0.4921875, 'ppa': 0.10431904015261181, 'totalPPA': 6.572099529614545, 'successRate': 0.3492063492063492, 'explosiveness': 1.5432259616174981}}"
2026,Florida State,ACC,"{'plays': 134, 'drives': 22, 'ppa': 0.20419813063961514, 'totalPPA': 27.36254950570843, 'successRate': 0.41044776119402987, 'explosiveness': 1.3738286847147458, 'powerSuccess': 0.5, 'stuffRate': 0.13924050632911392, 'lineYards': 3.3063291139240505, 'lineYardsTotal': 261, 'secondLevelYards': 1.0886075949367089, 'secondLevelYardsTotal': 86, 'openFieldYards': 1.5822784810126582, 'openFieldYardsTotal': 125, 'totalOpportunies': 11, 'pointsPerOpportunity': 5.2727272727272725, 'fieldPosition': {'averageStart': 70.5, 'averagePredictedPoints': 1.364}, 'havoc': {'total': 0.134, 'frontSeven': 0.09, 'db': 0.045}, 'standardDowns': {'rate': 0.6865671641791045, 'ppa': 0.10090650538422692, 'successRate': 0.44565217391304346, 'explosiveness': 1.0792416443696213}, 'passingDowns': {'rate': 0.31343283582089554, 'ppa': 0.43045597643713224, 'successRate': 0.3333333333333333, 'explosiveness': 2.2365478742968965}, 'rushingPlays': {'rate': 0.5895522388059702, 'ppa': 0.194543228033786, 'totalPPA': 15.368915014669092, 'successRate': 0.45569620253164556, 'explosiveness': 1.0618656984421722}, 'passingPlays': {'rate': 0.39552238805970147, 'ppa': 0.31314770347661597, 'totalPPA': 16.596828284260646, 'successRate': 0.33962264150943394, 'explosiveness': 2.069059162899684}}","{'plays': 134, 'drives': 21, 'ppa': 0.23409225215135004, 'totalPPA': 31.368361788280907, 'successRate': 0.44776119402985076, 'explosiveness': 1.420966285728235, 'powerSuccess': 0.8333333333333334, 'stuffRate': 0.11764705882352941, 'lineYards': 3.1549019607843136, 'lineYardsTotal': 161, 'secondLevelYards': 0.8823529411764706, 'secondLevelYardsTotal': 45, 'openFieldYards': 0.6274509803921569, 'openFieldYardsTotal': 0, 'totalOpportunies': 10, 'pointsPerOpportunity': 3, 'fieldPosition': {'averageStart': 74.8, 'averagePredictedPoints': -1.017}, 'havoc': {'total': 0.157, 'frontSeven': 0.075, 'db': 0.082}, 'standardDowns': {'rate': 0.6268656716417911, 'ppa': 0.055584442388954, 'successRate': 0.47619047619047616, 'explosiveness': 0.910705064590134}, 'passingDowns': {'rate': 0.373134328358209, 'ppa': 0.5339853725521754, 'totalPPA': 34.351101068922006, 'successRate': 0.4, 'explosiveness': 2.4414887280044373}, 'rushingPlays': {'rate': 0.3805970149253731, 'ppa': 0.05025541060022602, 'totalPPA': 2.5630259406115274, 'successRate': 0.4117647058823529, 'explosiveness': 0.7046495219153672}, 'passingPlays': {'rate': 0.5970149253731343, 'ppa': 0.4293887633615251, 'totalPPA': 34.351101068922006, 'successRate': 0.4875, 'explosiveness': 1.8066753123967023}}"
2026,Fresno State,Pac-12,"{'plays': 110, 'drives': 21, 'ppa': 0.08598214809576966, 'totalPPA': 9.458036290534663, 'successRate': 0.37272727272727274, 'explosiveness': 1.3500903325919285, 'powerSuccess': 0.42857142857142855, 'stuffRate': 0.24561403508771928, 'lineYards': 2.524561403508772, 'lineYardsTotal': 144, 'secondLevelYards': 0.7017543859649122, 'secondLevelYardsTotal': 40, 'openFieldYards': 1.368421052631579, 'openFieldYardsTotal': 78, 'totalOpportunies': 9, 'pointsPerOpportunity': 3.7777777777777777, 'fieldPosition': {'averageStart': 73.1, 'averagePredictedPoints': 1.224}, 'havoc': {'total': 0.127, 'frontSeven': 0.118, 'db': 0.009}, 'standardDowns': {'rate': 0.7454545454545455, 'ppa': 0.08945070325775997, 'successRate': 0.4146341463414634, 'explosiveness': 1.203986867905509}, 'passingDowns': {'rate': 0.2545454545454545, 'ppa': 0.07582423654994092, 'successRate': 0.25, 'explosiveness': 2.059735732497395}, 'rushingPlays': {'rate': 0.5181818181818182, 'ppa': -0.027171965044500434, 'totalPPA': -1.5488020075365247, 'successRate': 0.3157894736842105, 'explosiveness': 1.0973756634827776}, 'passingPlays': {'rate': 0.41818181818181815, 'ppa': 0.4780717511870732, 'totalPPA': 21.991300554605367, 'successRate': 0.5, 'explosiveness': 1.547867030155612}}","{'plays': 136, 'drives': 21, 'ppa': 0.02247272520799948, 'totalPPA': 3.0562906282879294, 'successRate': 0.47058823529411764, 'explosiveness': 1.0596533979596976, 'powerSuccess': 0.6666666666666666, 'stuffRate': 0.2777777777777778, 'lineYards': 2.7083333333333335, 'lineYardsTotal': 195, 'secondLevelYards': 1.0694444444444444, 'secondLevelYardsTotal': 77, 'openFieldYards': 0.375, 'openFieldYardsTotal': 0, 'totalOpportunies': 11, 'pointsPerOpportunity': 2.8181818181818183, 'fieldPosition': {'averageStart': 75.1, 'averagePredictedPoints': -1.062}, 'havoc': {'total': 0.118, 'frontSeven': 0.096, 'db': 0.022}, 'standardDowns': {'rate': 0.7205882352941176, 'ppa': -0.06152814310771115, 'successRate': 0.5102040816326531, 'explosiveness': 0.7660497453574228}, 'passingDowns': {'rate': 0.27941176470588236, 'ppa': 0.2391065434958848, 'totalPPA': 23.24843167462803, 'successRate': 0.3684210526315789, 'explosiveness': 2.108237871539251}, 'rushingPlays': {'rate': 0.5294117647058824, 'ppa': -0.26575932185706297, 'totalPPA': -19.134671173708533, 'successRate': 0.4166666666666667, 'explosiveness': 0.4531524217122631}, 'passingPlays': {'rate': 0.45588235294117646, 'ppa': 0.3749747044294844, 'totalPPA': 23.24843167462803, 'successRate': 0.5483870967741935, 'explosiveness': 1.5948013181780223}}"
2026,Georgia,SEC,"{'plays': 123, 'drives': 27, 'ppa': 0.6411901102917171, 'totalPPA': 78.86638356588121, 'successRate': 0.6016260162601627, 'explosiveness': 1.4336402018226513, 'powerSuccess': 1, 'stuffRate': 0.11475409836065574, 'lineYards': 4.119672131147541, 'lineYardsTotal': 251, 'secondLevelYards': 1.7049180327868851, 'secondLevelYardsTotal': 104, 'openFieldYards': 2.9508196721311477, 'openFieldYardsTotal': 180, 'totalOpportunies': 15, 'pointsPerOpportunity': 6.066666666666666, 'fieldPosition': {'averageStart': 66.9, 'averagePredictedPoints': 1.633}, 'havoc': {'total': 0.122, 'frontSeven': 0.073, 'db': 0.049}, 'standardDowns': {'rate': 0.7804878048780488, 'ppa': 0.6136250710306338, 'successRate': 0.65625, 'explosiveness': 1.2329845084138624}, 'passingDowns': {'rate': 0.21951219512195122, 'ppa': 0.7391991387755688, 'successRate': 0.4074074074074074, 'explosiveness': 2.5828500822548053}, 'rushingPlays': {'rate': 0.4959349593495935, 'ppa': 0.46458337991712534, 'totalPPA': 28.339586174944646, 'successRate': 0.5573770491803278, 'explosiveness': 1.2313468509878718}, 'passingPlays': {'rate': 0.4715447154471545, 'ppa': 0.7858340386507109, 'totalPPA': 45.57837424174123, 'successRate': 0.6379310344827587, 'explosiveness': 1.6007405092304452}}","{'plays': 133, 'drives': 28, 'ppa': -0.16178408569098068, 'totalPPA': -21.517283396900428, 'successRate': 0.2857142857142857, 'explosiveness': 1.2165006262434912, 'powerSuccess': 0.4, 'stuffRate': 0.296875, 'lineYards': 1.93125, 'lineYardsTotal': 124, 'secondLevelYards': 0.5, 'secondLevelYardsTotal': 32, 'openFieldYards': 0.3125, 'openFieldYardsTotal': 0, 'totalOpportunies': 7, 'pointsPerOpportunity': 3.4285714285714284, 'fieldPosition': {'averageStart': 70, 'averagePredictedPoints': -1.269}, 'havoc': {'total': 0.195, 'frontSeven': 0.135, 'db': 0.06}, 'standardDowns': {'rate': 0.556390977443609, 'ppa': -0.13992896073139136, 'successRate': 0.3783783783783784, 'explosiveness': 0.876078975845719}, 'passingDowns': {'rate': 0.44360902255639095, 'ppa': -0.1891955983521605, 'totalPPA': -9.07690406996001, 'successRate': 0.1694915254237288, 'explosiveness': 2.1696812473572527}, 'rushingPlays': {'rate': 0.48120300751879697, 'ppa': -0.21100652701934006, 'totalPPA': -13.504417729237764, 'successRate': 0.296875, 'explosiveness': 0.7923974836931568}, 'passingPlays': {'rate': 0.5037593984962406, 'ppa': -0.13547618014865687, 'totalPPA': -9.07690406996001, 'successRate': 0.26865671641791045, 'explosiveness': 1.6368765845317252}}"
2026,Georgia Southern,Sun Belt,"{'plays': 145, 'drives': 27, 'ppa': 0.05860218914924235, 'totalPPA': 8.49731742664014, 'successRate': 0.36551724137931035, 'explosiveness': 1.2246915703732584, 'powerSuccess': 0.5, 'stuffRate': 0.14893617021276595, 'lineYards': 3.1319148936170214, 'lineYardsTotal': 147, 'secondLevelYards': 1.3404255319148937, 'secondLevelYardsTotal': 63, 'openFieldYards': 0.7659574468085106, 'openFieldYardsTotal': 36, 'totalOpportunies': 11, 'pointsPerOpportunity': 2.1818181818181817, 'fieldPosition': {'averageStart': 76.7, 'averagePredictedPoints': 0.959}, 'havoc': {'total': 0.179, 'frontSeven': 0.11, 'db': 0.069}, 'standardDowns': {'rate': 0.6344827586206897, 'ppa': -0.10170135793980034, 'successRate': 0.391304347826087, 'explosiveness': 0.8776310724174309}, 'passingDowns': {'rate': 0.36551724137931035, 'ppa': 0.3368649501339957, 'successRate': 0.32075471698113206, 'explosiveness': 1.959643213103246}, 'rushingPlays': {'rate': 0.32413793103448274, 'ppa': -0.06360959708150742, 'totalPPA': -2.9896510628308484, 'successRate': 0.3829787234042553, 'explosiveness': 0.657269458687281}, 'passingPlays': {'rate': 0.6758620689655173, 'ppa': 0.1172139641782754, 'totalPPA': 11.48696848947099, 'successRate': 0.35714285714285715, 'explosiveness': 1.5165086563831895}}","{'plays': 140, 'drives': 29, 'ppa': -0.19538512677071665, 'totalPPA': -27.353917747900333, 'successRate': 0.2571428571428571, 'explosiveness': 1.1628548379468289, 'powerSuccess': 0.75, 'stuffRate': 0.3492063492063492, 'lineYards': 1.7142857142857142, 'lineYardsTotal': 108, 'secondLevelYards': 0.8888888888888888, 'secondLevelYardsTotal': 56, 'openFieldYards': 0.5714285714285714, 'openFieldYardsTotal': 0, 'totalOpportunies': 12, 'pointsPerOpportunity': 1.8333333333333333, 'fieldPosition': {'averageStart': 67.5, 'averagePredictedPoints': -1.556}, 'havoc': {'total': 0.271, 'frontSeven': 0.2, 'db': 0.071}, 'standardDowns': {'rate': 0.55, 'ppa': -0.2787603535504381, 'successRate': 0.2857142857142857, 'explosiveness': 0.624777737181209}, 'passingDowns': {'rate': 0.45, 'ppa': -0.09348207181772375, 'totalPPA': -0.7013497877511213, 'successRate': 0.2222222222222222, 'explosiveness': 2.0084045677213744}, 'rushingPlays': {'rate': 0.45, 'ppa': -0.24278602438548544, 'totalPPA': -15.295519536285582, 'successRate': 0.2698412698412698, 'explosiveness': 0.6558876281390364}, 'passingPlays': {'rate': 0.4928571428571429, 'ppa': -0.010164489677552483, 'totalPPA': -0.7013497877511213, 'successRate': 0.2608695652173913, 'explosiveness': 1.6220351433355675}}"
2026,Georgia State,Sun Belt,"{'plays': 141, 'drives': 23, 'ppa': 0.3830140743836993, 'totalPPA': 54.0049844881016, 'successRate': 0.5460992907801419, 'explosiveness': 1.131271493549282, 'powerSuccess': 0.8181818181818182, 'stuffRate': 0.13095238095238096, 'lineYards': 3.710714285714286, 'lineYardsTotal': 312, 'secondLevelYards': 1.5238095238095237, 'secondLevelYardsTotal': 128, 'openFieldYards': 1.3571428571428572, 'openFieldYardsTotal': 114, 'totalOpportunies': 17, 'pointsPerOpportunity': 4.823529411764706, 'fieldPosition': {'averageStart': 64.7, 'averagePredictedPoints': 1.876}, 'havoc': {'total': 0.057, 'frontSeven': 0.035, 'db': 0.021}, 'standardDowns': {'rate': 0.7730496453900709, 'ppa': 0.206605430969543, 'successRate': 0.5504587155963303, 'explosiveness': 0.8448943162149449}, 'passingDowns': {'rate': 0.22695035460992907, 'ppa': 0.9839060160131691, 'successRate': 0.53125, 'explosiveness': 2.1420144723763546}, 'rushingPlays': {'rate': 0.5957446808510638, 'ppa': 0.28780964644295437, 'totalPPA': 24.176010301208166, 'successRate': 0.5357142857142857, 'explosiveness': 0.8637382221124543}, 'passingPlays': {'rate': 0.3900709219858156, 'ppa': 0.5609672767975911, 'totalPPA': 30.85320022386751, 'successRate': 0.5636363636363636, 'explosiveness': 1.4817962814529304}}","{'plays': 113, 'drives': 23, 'ppa': -0.019074899997400918, 'totalPPA': -2.1554636997063037, 'successRate': 0.34513274336283184, 'explosiveness': 1.2156387691318562, 'powerSuccess': 1, 'stuffRate': 0.26666666666666666, 'lineYards': 2.8, 'lineYardsTotal': 126, 'secondLevelYards': 1.1333333333333333, 'secondLevelYardsTotal': 51, 'openFieldYards': 0.5777777777777777, 'openFieldYardsTotal': 0, 'totalOpportunies': 5, 'pointsPerOpportunity': 4, 'fieldPosition': {'averageStart': 76.5, 'averagePredictedPoints': -0.929}, 'havoc': {'total': 0.168, 'frontSeven': 0.097, 'db': 0.071}, 'standardDowns': {'rate': 0.5929203539823009, 'ppa': -0.016234421174742483, 'successRate': 0.43283582089552236, 'explosiveness': 1.0665079801202073}, 'passingDowns': {'rate': 0.40707964601769914, 'ppa': -0.02321211915214255, 'totalPPA': -0.03347819246103627, 'successRate': 0.21739130434782608, 'explosiveness': 1.6481180572656382}, 'rushingPlays': {'rate': 0.39823008849557523, 'ppa': 0.07284708648472342, 'totalPPA': 3.2781188918125537, 'successRate': 0.3333333333333333, 'explosiveness': 0.9856883552263467}, 'passingPlays': {'rate': 0.5575221238938053, 'ppa': -0.000531399880333909, 'totalPPA': -0.03347819246103627, 'successRate': 0.36507936507936506, 'explosiveness': 1.332371512897266}}"
2026,Georgia Tech,ACC,"{'plays': 126, 'drives': 20, 'ppa': -0.006180848439807886, 'totalPPA': -0.7787869034157936, 'successRate': 0.42063492063492064, 'explosiveness': 1.0854468425040313, 'powerSuccess': 0.6666666666666666, 'stuffRate': 0.25925925925925924, 'lineYards': 2.9851851851851854, 'lineYardsTotal': 161, 'secondLevelYards': 1.3703703703703705, 'secondLevelYardsTotal': 74, 'openFieldYards': 0.42592592592592593, 'openFieldYardsTotal': 23, 'totalOpportunies': 13, 'pointsPerOpportunity': 1.7692307692307692, 'fieldPosition': {'averageStart': 75.6, 'averagePredictedPoints': 1.01}, 'havoc': {'total': 0.214, 'frontSeven': 0.143, 'db': 0.071}, 'standardDowns': {'rate': 0.6587301587301587, 'ppa': -0.09027418198908208, 'successRate': 0.46987951807228917, 'explosiveness': 0.8735309584333479}, 'passingDowns': {'rate': 0.3412698412698413, 'ppa': 0.1561388418994888, 'successRate': 0.32558139534883723, 'explosiveness': 1.6757839481295067}, 'rushingPlays': {'rate': 0.42857142857142855, 'ppa': 0.0029710719744981836, 'totalPPA': 0.1604378866229019, 'successRate': 0.42592592592592593, 'explosiveness': 0.6967956557648767}, 'passingPlays': {'rate': 0.5555555555555556, 'ppa': -0.010165854110756408, 'totalPPA': -0.7116097877529486, 'successRate': 0.42857142857142855, 'explosiveness': 1.3834127523373834}}","{'plays': 146, 'drives': 21, 'ppa': 0.14045229947664872, 'totalPPA': 20.506035723590717, 'successRate': 0.4041095890410959, 'explosiveness': 1.2473707813431243, 'powerSuccess': 0.9, 'stuffRate': 0.12222222222222222, 'lineYards': 3.1844444444444444, 'lineYardsTotal': 287, 'secondLevelYards': 1.1333333333333333, 'secondLevelYardsTotal': 102, 'openFieldYards': 1.2444444444444445, 'openFieldYardsTotal': 0, 'totalOpportunies': 13, 'pointsPerOpportunity': 4, 'fieldPosition': {'averageStart': 67.1, 'averagePredictedPoints': -1.577}, 'havoc': {'total': 0.151, 'frontSeven': 0.096, 'db': 0.055}, 'standardDowns': {'rate': 0.6506849315068494, 'ppa': 0.12033645891863871, 'successRate': 0.4421052631578947, 'explosiveness': 1.077852072479869}, 'passingDowns': {'rate': 0.3493150684931507, 'ppa': 0.17792298286902034, 'totalPPA': 9.418280882822415, 'successRate': 0.3333333333333333, 'explosiveness': 1.6661817091229314}, 'rushingPlays': {'rate': 0.6164383561643836, 'ppa': 0.18739529805006258, 'totalPPA': 16.865576824505634, 'successRate': 0.4666666666666667, 'explosiveness': 0.9910178482511766}, 'passingPlays': {'rate': 0.3424657534246575, 'ppa': 0.18836561765644833, 'totalPPA': 9.418280882822415, 'successRate': 0.32, 'explosiveness': 1.9166814493011357}}"
2026,Hawai'i,Mountain West,"{'plays': 230, 'drives': 37, 'ppa': 0.032940963609442014, 'totalPPA': 7.576421630171663, 'successRate': 0.3739130434782609, 'explosiveness': 1.1626258762976511, 'powerSuccess': 0.8, 'stuffRate': 0.18421052631578946, 'lineYards': 3.098684210526316, 'lineYardsTotal': 236, 'secondLevelYards': 1.2763157894736843, 'secondLevelYardsTotal': 97, 'openFieldYards': 1.631578947368421, 'openFieldYardsTotal': 124, 'totalOpportunies': 16, 'pointsPerOpportunity': 3.5625, 'fieldPosition': {'averageStart': 72.9, 'averagePredictedPoints': 1.186}, 'havoc': {'total': 0.17, 'frontSeven': 0.113, 'db': 0.057}, 'standardDowns': {'rate': 0.6130434782608696, 'ppa': -0.014937509661358248, 'successRate': 0.41843971631205673, 'explosiveness': 1.002343179100027}, 'passingDowns': {'rate': 0.3869565217391304, 'ppa': 0.10879337631936153, 'successRate': 0.30337078651685395, 'explosiveness': 1.5128732516554222}, 'rushingPlays': {'rate': 0.33043478260869563, 'ppa': -0.056640425514713044, 'totalPPA': -4.304672339118191, 'successRate': 0.42105263157894735, 'explosiveness': 0.87942430402538}, 'passingPlays': {'rate': 0.6391304347826087, 'ppa': 0.1454252999641554, 'totalPPA': 21.377519094730843, 'successRate': 0.3673469387755102, 'explosiveness': 1.3304490302367746}}","{'plays': 205, 'drives': 37, 'ppa': 0.12966446420247416, 'totalPPA': 26.581215161507206, 'successRate': 0.43414634146341463, 'explosiveness': 1.2594556887364166, 'powerSuccess': 0.6875, 'stuffRate': 0.12612612612612611, 'lineYards': 3.28018018018018, 'lineYardsTotal': 364, 'secondLevelYards': 1.3153153153153152, 'secondLevelYardsTotal': 146, 'openFieldYards': 1.1711711711711712, 'openFieldYardsTotal': 0, 'totalOpportunies': 15, 'pointsPerOpportunity': 3.7333333333333334, 'fieldPosition': {'averageStart': 75.2, 'averagePredictedPoints': -1.048}, 'havoc': {'total': 0.146, 'frontSeven': 0.073, 'db': 0.073}, 'standardDowns': {'rate': 0.7560975609756098, 'ppa': 0.04915984624185119, 'successRate': 0.49032258064516127, 'explosiveness': 1.113127274984415}, 'passingDowns': {'rate': 0.24390243902439024, 'ppa': 0.37922877988040543, 'totalPPA': 2.1526483239887697, 'successRate': 0.26, 'explosiveness': 2.1149141075942715}, 'rushingPlays': {'rate': 0.5414634146341464, 'ppa': 0.2246924947778231, 'totalPPA': 24.940866920338365, 'successRate': 0.46846846846846846, 'explosiveness': 1.1128375069919387}, 'passingPlays': {'rate': 0.43414634146341463, 'ppa': 0.024187059820098535, 'totalPPA': 2.1526483239887697, 'successRate': 0.4044943820224719, 'explosiveness': 1.4678594729271726}}"
2026,Houston,Big 12,"{'plays': 139, 'drives': 23, 'ppa': 0.5086322930089994, 'totalPPA': 70.69988872825091, 'successRate': 0.6115107913669064, 'explosiveness': 1.1881458019412137, 'powerSuccess': 0.9411764705882353, 'stuffRate': 0.08235294117647059, 'lineYards': 4.155294117647059, 'lineYardsTotal': 353, 'secondLevelYards': 1.647058823529412, 'secondLevelYardsTotal': 140, 'openFieldYards': 2.0823529411764707, 'openFieldYardsTotal': 177, 'totalOpportunies': 19, 'pointsPerOpportunity': 5.105263157894737, 'fieldPosition': {'averageStart': 60.5, 'averagePredictedPoints': 2.074}, 'havoc': {'total': 0.108, 'frontSeven': 0.058, 'db': 0.05}, 'standardDowns': {'rate': 0.7913669064748201, 'ppa': 0.4301958148423898, 'successRate': 0.6181818181818182, 'explosiveness': 1.0475667219487197}, 'passingDowns': {'rate': 0.20863309352517986, 'ppa': 0.8061499688133806, 'successRate': 0.5862068965517241, 'explosiveness': 1.7504621219111898}, 'rushingPlays': {'rate': 0.6115107913669064, 'ppa': 0.39113115411126487, 'totalPPA': 33.246148099457514, 'successRate': 0.6235294117647059, 'explosiveness': 0.8391610033503677}, 'passingPlays': {'rate': 0.3669064748201439, 'ppa': 0.6950107392493461, 'totalPPA': 35.44554770171665, 'successRate': 0.5882352941176471, 'explosiveness': 1.8159087421672868}}","{'plays': 118, 'drives': 24, 'ppa': -0.07985643804609413, 'totalPPA': -9.423059689439107, 'successRate': 0.3050847457627119, 'explosiveness': 1.3508256488893162, 'powerSuccess': 0.4, 'stuffRate': 0.27906976744186046, 'lineYards': 1.3325581395348838, 'lineYardsTotal': 57, 'secondLevelYards': 0.16279069767441862, 'secondLevelYardsTotal': 7, 'openFieldYards': 0, 'openFieldYardsTotal': 0, 'totalOpportunies': 6, 'pointsPerOpportunity': 3.5, 'fieldPosition': {'averageStart': 75.9, 'averagePredictedPoints': -0.966}, 'havoc': {'total': 0.254, 'frontSeven': 0.127, 'db': 0.127}, 'standardDowns': {'rate': 0.5932203389830508, 'ppa': -0.043732334411136414, 'successRate': 0.37142857142857144, 'explosiveness': 1.2150989730392}, 'passingDowns': {'rate': 0.4067796610169492, 'ppa': -0.13253742251374082, 'totalPPA': 3.812476674661244, 'successRate': 0.20833333333333334, 'explosiveness': 1.703715006099619}, 'rushingPlays': {'rate': 0.3644067796610169, 'ppa': -0.2961832022093725, 'totalPPA': -12.735877695003019, 'successRate': 0.18604651162790697, 'explosiveness': 0.6792962301482288}, 'passingPlays': {'rate': 0.6101694915254238, 'ppa': 0.05295106492585061, 'totalPPA': 3.812476674661244, 'successRate': 0.3888888888888889, 'explosiveness': 1.5426911971010555}}"
2026,Illinois,Big Ten,"{'plays': 114, 'drives': 17, 'ppa': 0.21240295470403944, 'totalPPA': 24.213936836260494, 'successRate': 0.5175438596491229, 'explosiveness': 1.202896905371677, 'powerSuccess': 0.6363636363636364, 'stuffRate': 0.13793103448275862, 'lineYards': 2.93448275862069, 'lineYardsTotal': 170, 'secondLevelYards': 0.7931034482758621, 'secondLevelYardsTotal': 46, 'openFieldYards': 0.9310344827586207, 'openFieldYardsTotal': 54, 'totalOpportunies': 11, 'pointsPerOpportunity': 5, 'fieldPosition': {'averageStart': 71.5, 'averagePredictedPoints': 1.255}, 'havoc': {'total': 0.053, 'frontSeven': 0.026, 'db': 0.026}, 'standardDowns': {'rate': 0.7719298245614035, 'ppa': 0.1780090844656876, 'successRate': 0.5340909090909091, 'explosiveness': 1.1140806986546126}, 'passingDowns': {'rate': 0.22807017543859648, 'ppa': 0.32881297704923024, 'successRate': 0.46153846153846156, 'explosiveness': 1.5507603816801792}, 'rushingPlays': {'rate': 0.5087719298245614, 'ppa': -0.00965335493526448, 'totalPPA': -0.5598945862453398, 'successRate': 0.43103448275862066, 'explosiveness': 0.7425666185642021}, 'passingPlays': {'rate': 0.4649122807017544, 'ppa': 0.45265458901633954, 'totalPPA': 23.990693217865996, 'successRate': 0.6226415094339622, 'explosiveness': 1.5243339607423783}}","{'plays': 136, 'drives': 17, 'ppa': 0.2497294616119733, 'totalPPA': 33.963206779228365, 'successRate': 0.4411764705882353, 'explosiveness': 1.282464599974784, 'powerSuccess': 0.6923076923076923, 'stuffRate': 0.18518518518518517, 'lineYards': 3.0246913580246915, 'lineYardsTotal': 245, 'secondLevelYards': 1.1111111111111112, 'secondLevelYardsTotal': 90, 'openFieldYards': 0.7654320987654321, 'openFieldYardsTotal': 0, 'totalOpportunies': 13, 'pointsPerOpportunity': 3.6153846153846154, 'fieldPosition': {'averageStart': 68.2, 'averagePredictedPoints': -1.51}, 'havoc': {'total': 0.125, 'frontSeven': 0.074, 'db': 0.051}, 'standardDowns': {'rate': 0.7058823529411765, 'ppa': 0.23360018172693767, 'successRate': 0.4791666666666667, 'explosiveness': 1.1364838080265163}, 'passingDowns': {'rate': 0.29411764705882354, 'ppa': 0.28843973333605877, 'totalPPA': 17.879431407488728, 'successRate': 0.35, 'explosiveness': 1.7621157735190918}, 'rushingPlays': {'rate': 0.5955882352941176, 'ppa': 0.20170657263295, 'totalPPA': 16.338232383268952, 'successRate': 0.4074074074074074, 'explosiveness': 1.1379992193418282}, 'passingPlays': {'rate': 0.3897058823529412, 'ppa': 0.3373477624054477, 'totalPPA': 17.879431407488728, 'successRate': 0.5094339622641509, 'explosiveness': 1.459033398526174}}"
2026,Indiana,Big Ten,"{'plays': 108, 'drives': 20, 'ppa': 0.5826354535033924, 'totalPPA': 62.924628978366385, 'successRate': 0.5370370370370371, 'explosiveness': 1.5716878414761073, 'powerSuccess': 0.7777777777777778, 'stuffRate': 0.12162162162162163, 'lineYards': 3.4135135135135135, 'lineYardsTotal': 253, 'secondLevelYards': 1.3513513513513513, 'secondLevelYardsTotal': 100, 'openFieldYards': 1.527027027027027, 'openFieldYardsTotal': 113, 'totalOpportunies': 14, 'pointsPerOpportunity': 6.214285714285714, 'fieldPosition': {'averageStart': 60, 'averagePredictedPoints': 2.198}, 'havoc': {'total': 0.12, 'frontSeven': 0.093, 'db': 0.028}, 'standardDowns': {'rate': 0.6666666666666666, 'ppa': 0.3330586600385358, 'successRate': 0.5416666666666666, 'explosiveness': 1.2387636704654024}, 'passingDowns': {'rate': 0.3333333333333333, 'ppa': 1.0817890404331056, 'successRate': 0.5277777777777778, 'explosiveness': 2.2550585082875543}, 'rushingPlays': {'rate': 0.6851851851851852, 'ppa': 0.26062117326608675, 'totalPPA': 19.28596682169042, 'successRate': 0.47297297297297297, 'explosiveness': 1.019396779461817}, 'passingPlays': {'rate': 0.2962962962962963, 'ppa': 1.2525993265620334, 'totalPPA': 40.08317844998507, 'successRate': 0.65625, 'explosiveness': 2.472548753226654}}","{'plays': 118, 'drives': 22, 'ppa': -0.14472283749431578, 'totalPPA': -17.077294824329265, 'successRate': 0.2796610169491525, 'explosiveness': 1.5187942275986206, 'powerSuccess': 0.3333333333333333, 'stuffRate': 0.21666666666666667, 'lineYards': 2.44, 'lineYardsTotal': 146, 'secondLevelYards': 0.95, 'secondLevelYardsTotal': 57, 'openFieldYards': 1.1166666666666667, 'openFieldYardsTotal': 0, 'totalOpportunies': 7, 'pointsPerOpportunity': 2.2857142857142856, 'fieldPosition': {'averageStart': 73, 'averagePredictedPoints': -1.143}, 'havoc': {'total': 0.203, 'frontSeven': 0.169, 'db': 0.034}, 'standardDowns': {'rate': 0.5847457627118644, 'ppa': -0.2560870937273976, 'successRate': 0.3188405797101449, 'explosiveness': 1.2360733455920414}, 'passingDowns': {'rate': 0.4152542372881356, 'ppa': 0.012096217201248325, 'totalPPA': -8.922560249516028, 'successRate': 0.22448979591836735, 'explosiveness': 2.084235991611779}, 'rushingPlays': {'rate': 0.5084745762711864, 'ppa': -0.07712093801952807, 'totalPPA': -4.627256281171684, 'successRate': 0.25, 'explosiveness': 1.3646042683128086}, 'passingPlays': {'rate': 0.4576271186440678, 'ppa': -0.16523259721325978, 'totalPPA': -8.922560249516028, 'successRate': 0.3333333333333333, 'explosiveness': 1.6472858603367972}}"
2026,Iowa,Big Ten,"{'plays': 139, 'drives': 24, 'ppa': 0.0016189629623103306, 'totalPPA': 0.22503585176113597, 'successRate': 0.4028776978417266, 'explosiveness': 1.1033428121941584, 'powerSuccess': 0.42857142857142855, 'stuffRate': 0.19402985074626866, 'lineYards': 3.1, 'lineYardsTotal': 208, 'secondLevelYards': 1.1791044776119404, 'secondLevelYardsTotal': 79, 'openFieldYards': 1.791044776119403, 'openFieldYardsTotal': 120, 'totalOpportunies': 15, 'pointsPerOpportunity': 2.8666666666666667, 'fieldPosition': {'averageStart': 64.2, 'averagePredictedPoints': 1.904}, 'havoc': {'total': 0.101, 'frontSeven': 0.036, 'db': 0.065}, 'standardDowns': {'rate': 0.7050359712230215, 'ppa': -0.011230381441116205, 'successRate': 0.47959183673469385, 'explosiveness': 0.9205772131116361}, 'passingDowns': {'rate': 0.2949640287769784, 'ppa': 0.03233203007293961, 'successRate': 0.21951219512195122, 'explosiveness': 2.057785385180664}, 'rushingPlays': {'rate': 0.48201438848920863, 'ppa': 0.028345117044811262, 'totalPPA': 1.8991228420023545, 'successRate': 0.3880597014925373, 'explosiveness': 1.154660681996}, 'passingPlays': {'rate': 0.49640287769784175, 'ppa': 0.10408085166559669, 'totalPPA': 7.181578764926172, 'successRate': 0.43478260869565216, 'explosiveness': 1.0588673250325626}}","{'plays': 113, 'drives': 27, 'ppa': -0.18121067715689682, 'totalPPA': -20.47680651872934, 'successRate': 0.23008849557522124, 'explosiveness': 1.2105292522630697, 'powerSuccess': 0.6666666666666666, 'stuffRate': 0.2033898305084746, 'lineYards': 2.2847457627118644, 'lineYardsTotal': 135, 'secondLevelYards': 0.3389830508474576, 'secondLevelYardsTotal': 20, 'openFieldYards': 0.5084745762711864, 'openFieldYardsTotal': 0, 'totalOpportunies': 4, 'pointsPerOpportunity': 3.25, 'fieldPosition': {'averageStart': 76.8, 'averagePredictedPoints': -0.927}, 'havoc': {'total': 0.177, 'frontSeven': 0.097, 'db': 0.08}, 'standardDowns': {'rate': 0.5929203539823009, 'ppa': -0.31913513573386254, 'successRate': 0.2537313432835821, 'explosiveness': 0.838673654772462}, 'passingDowns': {'rate': 0.40707964601769914, 'ppa': 0.019679295118248962, 'totalPPA': 4.447138721127328, 'successRate': 0.1956521739130435, 'explosiveness': 1.9129231586342177}, 'rushingPlays': {'rate': 0.5221238938053098, 'ppa': -0.2693828353332336, 'totalPPA': -15.89358728466078, 'successRate': 0.2033898305084746, 'explosiveness': 0.4713682292514774}, 'passingPlays': {'rate': 0.4336283185840708, 'ppa': 0.09075793308423119, 'totalPPA': 4.447138721127328, 'successRate': 0.2857142857142857, 'explosiveness': 1.8440958434158632}}"
2026,Iowa State,Big 12,"{'plays': 103, 'drives': 24, 'ppa': 0.15421331209490588, 'totalPPA': 15.883971145775305, 'successRate': 0.32038834951456313, 'explosiveness': 1.4484541702459348, 'powerSuccess': 0.5, 'stuffRate': 0.171875, 'lineYards': 2.646875, 'lineYardsTotal': 169, 'secondLevelYards': 0.71875, 'secondLevelYardsTotal': 46, 'openFieldYards': 0.65625, 'openFieldYardsTotal': 42, 'totalOpportunies': 9, 'pointsPerOpportunity': 5.666666666666667, 'fieldPosition': {'averageStart': 69, 'averagePredictedPoints': 1.562}, 'havoc': {'total': 0.175, 'frontSeven': 0.087, 'db': 0.087}, 'standardDowns': {'rate': 0.6310679611650486, 'ppa': 0.02411623149941752, 'successRate': 0.3384615384615385, 'explosiveness': 1.164774206129446}, 'passingDowns': {'rate': 0.36893203883495146, 'ppa': 0.3767477920608728, 'successRate': 0.2894736842105263, 'explosiveness': 2.0158140984789132}, 'rushingPlays': {'rate': 0.6213592233009708, 'ppa': 0.02100384352231192, 'totalPPA': 1.344245985427963, 'successRate': 0.296875, 'explosiveness': 1.1044652972639506}, 'passingPlays': {'rate': 0.34951456310679613, 'ppa': 0.42890571285916246, 'totalPPA': 15.44060566292985, 'successRate': 0.3888888888888889, 'explosiveness': 1.9152962121500563}}","{'plays': 129, 'drives': 24, 'ppa': -0.1517244627149505, 'totalPPA': -19.572455690228615, 'successRate': 0.32558139534883723, 'explosiveness': 1.121317699632547, 'powerSuccess': 0.6, 'stuffRate': 0.15714285714285714, 'lineYards': 2.4357142857142855, 'lineYardsTotal': 171, 'secondLevelYards': 0.5714285714285714, 'secondLevelYardsTotal': 40, 'openFieldYards': 0.7428571428571429, 'openFieldYardsTotal': 0, 'totalOpportunies': 12, 'pointsPerOpportunity': 2.1666666666666665, 'fieldPosition': {'averageStart': 69.9, 'averagePredictedPoints': -1.432}, 'havoc': {'total': 0.171, 'frontSeven': 0.132, 'db': 0.039}, 'standardDowns': {'rate': 0.6666666666666666, 'ppa': -0.13216861771224975, 'successRate': 0.4069767441860465, 'explosiveness': 0.9485407202066908}, 'passingDowns': {'rate': 0.3333333333333333, 'ppa': -0.19083615272035198, 'totalPPA': 2.9872425679483827, 'successRate': 0.16279069767441862, 'explosiveness': 1.9852025967618274}, 'rushingPlays': {'rate': 0.5426356589147286, 'ppa': -0.24150705863613903, 'totalPPA': -16.90549410452973, 'successRate': 0.3, 'explosiveness': 0.950690934029084}, 'passingPlays': {'rate': 0.4263565891472868, 'ppa': 0.05431350123542514, 'totalPPA': 2.9872425679483827, 'successRate': 0.36363636363636365, 'explosiveness': 1.3239051697083273}}"
2026,Jacksonville State,Conference USA,"{'plays': 189, 'drives': 30, 'ppa': 0.16727645534740562, 'totalPPA': 31.615250060659665, 'successRate': 0.4708994708994709, 'explosiveness': 1.2159433070054495, 'powerSuccess': 0.7647058823529411, 'stuffRate': 0.20388349514563106, 'lineYards': 2.82621359223301, 'lineYardsTotal': 291, 'secondLevelYards': 1.0485436893203883, 'secondLevelYardsTotal': 108, 'openFieldYards': 0.7087378640776699, 'openFieldYardsTotal': 73, 'totalOpportunies': 14, 'pointsPerOpportunity': 3.2142857142857144, 'fieldPosition': {'averageStart': 74.9, 'averagePredictedPoints': 1.024}, 'havoc': {'total': 0.152, 'frontSeven': 0.105, 'db': 0.047}, 'standardDowns': {'rate': 0.7407407407407407, 'ppa': 0.14494175861584835, 'successRate': 0.5071428571428571, 'explosiveness': 1.0512012722072461}, 'passingDowns': {'rate': 0.25925925925925924, 'ppa': 0.23108987458042643, 'successRate': 0.3673469387755102, 'explosiveness': 1.865759110931696}, 'rushingPlays': {'rate': 0.544973544973545, 'ppa': -0.033615336063504093, 'totalPPA': -3.4623796145409216, 'successRate': 0.44660194174757284, 'explosiveness': 0.8247512166423185}, 'passingPlays': {'rate': 0.43386243386243384, 'ppa': 0.5013793325479278, 'totalPPA': 41.11310526893008, 'successRate': 0.5121951219512195, 'explosiveness': 1.6717106336718992}}","{'plays': 193, 'drives': 29, 'ppa': 0.01596069143775436, 'totalPPA': 3.080413447486591, 'successRate': 0.40414507772020725, 'explosiveness': 1.0715568388992387, 'powerSuccess': 0.75, 'stuffRate': 0.1693548387096774, 'lineYards': 2.949193548387097, 'lineYardsTotal': 366, 'secondLevelYards': 0.9354838709677419, 'secondLevelYardsTotal': 116, 'openFieldYards': 1.0725806451612903, 'openFieldYardsTotal': 0, 'totalOpportunies': 14, 'pointsPerOpportunity': 3.0714285714285716, 'fieldPosition': {'averageStart': 73.5, 'averagePredictedPoints': -1.171}, 'havoc': {'total': 0.141, 'frontSeven': 0.091, 'db': 0.051}, 'standardDowns': {'rate': 0.7150259067357513, 'ppa': -0.057104258681691805, 'successRate': 0.47101449275362317, 'explosiveness': 0.7933818854860671}, 'passingDowns': {'rate': 0.2849740932642487, 'ppa': 0.19928729355563746, 'totalPPA': -0.8328568694568557, 'successRate': 0.23636363636363636, 'explosiveness': 2.4624316059650972}, 'rushingPlays': {'rate': 0.6424870466321243, 'ppa': 0.06196541808284344, 'totalPPA': 7.683711842272587, 'successRate': 0.4032258064516129, 'explosiveness': 0.9148699168966868}, 'passingPlays': {'rate': 0.33678756476683935, 'ppa': -0.01281318260702855, 'totalPPA': -0.8328568694568557, 'successRate': 0.4153846153846154, 'explosiveness': 1.3843268483384732}}"
2026,James Madison,Sun Belt,"{'plays': 113, 'drives': 21, 'ppa': 0.479539448169209, 'totalPPA': 54.18795764312062, 'successRate': 0.5398230088495575, 'explosiveness': 1.3269502984625527, 'powerSuccess': 0.6666666666666666, 'stuffRate': 0.171875, 'lineYards': 3.44375, 'lineYardsTotal': 220, 'secondLevelYards': 1.5, 'secondLevelYardsTotal': 96, 'openFieldYards': 2.859375, 'openFieldYardsTotal': 183, 'totalOpportunies': 14, 'pointsPerOpportunity': 5.142857142857143, 'fieldPosition': {'averageStart': 66.9, 'averagePredictedPoints': 1.675}, 'havoc': {'total': 0.097, 'frontSeven': 0.071, 'db': 0.027}, 'standardDowns': {'rate': 0.7964601769911505, 'ppa': 0.3870043659606178, 'successRate': 0.5666666666666667, 'explosiveness': 1.1919139657381734}, 'passingDowns': {'rate': 0.20353982300884957, 'ppa': 0.84163324811587, 'successRate': 0.43478260869565216, 'explosiveness': 2.015635595356887}, 'rushingPlays': {'rate': 0.5663716814159292, 'ppa': 0.4798571242503772, 'totalPPA': 30.71085595202414, 'successRate': 0.59375, 'explosiveness': 1.207978470269666}, 'passingPlays': {'rate': 0.415929203539823, 'ppa': 0.5050598261527144, 'totalPPA': 23.737811829177577, 'successRate': 0.46808510638297873, 'explosiveness': 1.5851443286186762}}","{'plays': 140, 'drives': 25, 'ppa': -0.27570647500344764, 'totalPPA': -38.59890650048267, 'successRate': 0.2571428571428571, 'explosiveness': 1.277789131183439, 'powerSuccess': 0.8571428571428571, 'stuffRate': 0.22077922077922077, 'lineYards': 1.8987012987012988, 'lineYardsTotal': 146, 'secondLevelYards': 0.4935064935064935, 'secondLevelYardsTotal': 38, 'openFieldYards': 0.1038961038961039, 'openFieldYardsTotal': 0, 'totalOpportunies': 11, 'pointsPerOpportunity': 2.090909090909091, 'fieldPosition': {'averageStart': 71, 'averagePredictedPoints': -1.289}, 'havoc': {'total': 0.143, 'frontSeven': 0.107, 'db': 0.036}, 'standardDowns': {'rate': 0.5642857142857143, 'ppa': -0.3879953921754498, 'successRate': 0.2911392405063291, 'explosiveness': 0.9236225581074864}, 'passingDowns': {'rate': 0.4357142857142857, 'ppa': -0.13028312325610059, 'totalPPA': -0.6123282614186936, 'successRate': 0.21311475409836064, 'explosiveness': 1.9043915297024319}, 'rushingPlays': {'rate': 0.55, 'ppa': -0.2050355756238687, 'totalPPA': -15.78773932303789, 'successRate': 0.22077922077922077, 'explosiveness': 0.9559605070673401}, 'passingPlays': {'rate': 0.39285714285714285, 'ppa': -0.011133241116703519, 'totalPPA': -0.6123282614186936, 'successRate': 0.3090909090909091, 'explosiveness': 1.655729662071563}}"
2026,Kansas,Big 12,"{'plays': 145, 'drives': 23, 'ppa': 0.23382627411562631, 'totalPPA': 33.904809746765814, 'successRate': 0.45517241379310347, 'explosiveness': 1.4481149394863586, 'powerSuccess': 0.625, 'stuffRate': 0.08433734939759036, 'lineYards': 3.1710843373493978, 'lineYardsTotal': 263, 'secondLevelYards': 1.0240963855421688, 'secondLevelYardsTotal': 85, 'openFieldYards': 0.5903614457831325, 'openFieldYardsTotal': 49, 'totalOpportunies': 15, 'pointsPerOpportunity': 4.4, 'fieldPosition': {'averageStart': 71.9, 'averagePredictedPoints': 1.247}, 'havoc': {'total': 0.166, 'frontSeven': 0.09, 'db': 0.076}, 'standardDowns': {'rate': 0.6758620689655173, 'ppa': 0.15430927159876617, 'successRate': 0.5102040816326531, 'explosiveness': 1.1681305995264173}, 'passingDowns': {'rate': 0.32413793103448274, 'ppa': 0.3996276836188666, 'successRate': 0.3404255319148936, 'explosiveness': 2.3230660018611746}, 'rushingPlays': {'rate': 0.5724137931034483, 'ppa': 0.09604732478630297, 'totalPPA': 7.971927957263146, 'successRate': 0.4578313253012048, 'explosiveness': 0.9665829788245943}, 'passingPlays': {'rate': 0.4, 'ppa': 0.4189712644788329, 'totalPPA': 24.300333339772312, 'successRate': 0.4482758620689655, 'explosiveness': 2.0633292519076494}}","{'plays': 128, 'drives': 25, 'ppa': 0.003585457875426809, 'totalPPA': 0.45893860805463155, 'successRate': 0.3046875, 'explosiveness': 1.2628360942721588, 'powerSuccess': 1, 'stuffRate': 0.2714285714285714, 'lineYards': 2.0385714285714287, 'lineYardsTotal': 143, 'secondLevelYards': 0.4714285714285714, 'secondLevelYardsTotal': 33, 'openFieldYards': 0.8142857142857143, 'openFieldYardsTotal': 0, 'totalOpportunies': 15, 'pointsPerOpportunity': 3.4, 'fieldPosition': {'averageStart': 65.1, 'averagePredictedPoints': -1.607}, 'havoc': {'total': 0.219, 'frontSeven': 0.164, 'db': 0.055}, 'standardDowns': {'rate': 0.578125, 'ppa': -0.008076776178035495, 'successRate': 0.33783783783783783, 'explosiveness': 0.8840988534820331}, 'passingDowns': {'rate': 0.421875, 'ppa': 0.019567037874615893, 'totalPPA': 25.364511096799934, 'successRate': 0.25925925925925924, 'explosiveness': 1.9391525956830977}, 'rushingPlays': {'rate': 0.546875, 'ppa': -0.21340118243623124, 'totalPPA': -14.938082770536186, 'successRate': 0.21428571428571427, 'explosiveness': 0.4803235439062889}, 'passingPlays': {'rate': 0.4140625, 'ppa': 0.47857568107169685, 'totalPPA': 25.364511096799934, 'successRate': 0.4339622641509434, 'explosiveness': 1.7720740152920702}}"
2026,Kansas State,Big 12,"{'plays': 148, 'drives': 24, 'ppa': 0.3345188267214266, 'totalPPA': 49.50878635477113, 'successRate': 0.5540540540540541, 'explosiveness': 1.2937161276781035, 'powerSuccess': 0.8333333333333334, 'stuffRate': 0.11904761904761904, 'lineYards': 3.592857142857143, 'lineYardsTotal': 302, 'secondLevelYards': 1.5595238095238095, 'secondLevelYardsTotal': 131, 'openFieldYards': 2.5476190476190474, 'openFieldYardsTotal': 214, 'totalOpportunies': 16, 'pointsPerOpportunity': 4.75, 'fieldPosition': {'averageStart': 66.5, 'averagePredictedPoints': 1.649}, 'havoc': {'total': 0.095, 'frontSeven': 0.061, 'db': 0.034}, 'standardDowns': {'rate': 0.6959459459459459, 'ppa': 0.24550631882084753, 'successRate': 0.6116504854368932, 'explosiveness': 1.0324698237682466}, 'passingDowns': {'rate': 0.30405405405405406, 'ppa': 0.5382585670271964, 'successRate': 0.4222222222222222, 'explosiveness': 2.159953872221313}, 'rushingPlays': {'rate': 0.5675675675675675, 'ppa': 0.36989051072179757, 'totalPPA': 31.070802900630998, 'successRate': 0.5833333333333334, 'explosiveness': 1.1123780314420302}, 'passingPlays': {'rate': 0.41216216216216217, 'ppa': 0.30969834645025623, 'totalPPA': 18.89159913346563, 'successRate': 0.5245901639344263, 'explosiveness': 1.599225089534624}}","{'plays': 113, 'drives': 25, 'ppa': -0.27600404411258456, 'totalPPA': -31.18845698472206, 'successRate': 0.23893805309734514, 'explosiveness': 1.2854751137363396, 'powerSuccess': 0.3333333333333333, 'stuffRate': 0.31343283582089554, 'lineYards': 1.8671641791044775, 'lineYardsTotal': 125, 'secondLevelYards': 1.0447761194029852, 'secondLevelYardsTotal': 70, 'openFieldYards': 0.582089552238806, 'openFieldYardsTotal': 0, 'totalOpportunies': 3, 'pointsPerOpportunity': 1, 'fieldPosition': {'averageStart': 73, 'averagePredictedPoints': -1.182}, 'havoc': {'total': 0.257, 'frontSeven': 0.195, 'db': 0.062}, 'standardDowns': {'rate': 0.5221238938053098, 'ppa': -0.508998943567691, 'successRate': 0.2711864406779661, 'explosiveness': 0.8173087373754263}, 'passingDowns': {'rate': 0.4778761061946903, 'ppa': -0.021435542856079338, 'totalPPA': -12.73820552650078, 'successRate': 0.2037037037037037, 'explosiveness': 1.9664443884431226}, 'rushingPlays': {'rate': 0.5929203539823009, 'ppa': -0.17159311834050475, 'totalPPA': -11.496738928813818, 'successRate': 0.2537313432835821, 'explosiveness': 1.3631905964645534}, 'passingPlays': {'rate': 0.3805309734513274, 'ppa': -0.2962373378255995, 'totalPPA': -12.73820552650078, 'successRate': 0.20930232558139536, 'explosiveness': 1.2372490496198807}}"
2026,Kennesaw State,Conference USA,"{'plays': 140, 'drives': 25, 'ppa': 0.1300394206984425, 'totalPPA': 18.205518897781946, 'successRate': 0.5, 'explosiveness': 1.1358671054399663, 'powerSuccess': 0.8181818181818182, 'stuffRate': 0.21212121212121213, 'lineYards': 3.1045454545454545, 'lineYardsTotal': 205, 'secondLevelYards': 1.2878787878787878, 'secondLevelYardsTotal': 85, 'openFieldYards': 1.7878787878787878, 'openFieldYardsTotal': 118, 'totalOpportunies': 12, 'pointsPerOpportunity': 4.333333333333333, 'fieldPosition': {'averageStart': 69.5, 'averagePredictedPoints': 1.469}, 'havoc': {'total': 0.15, 'frontSeven': 0.093, 'db': 0.057}, 'standardDowns': {'rate': 0.7071428571428572, 'ppa': 0.2566466181457531, 'successRate': 0.6161616161616161, 'explosiveness': 0.9582933006894445}, 'passingDowns': {'rate': 0.29285714285714287, 'ppa': -0.17567064143042954, 'successRate': 0.21951219512195122, 'explosiveness': 2.3394228931935026}, 'rushingPlays': {'rate': 0.4714285714285714, 'ppa': 0.2301222003516052, 'totalPPA': 15.18806522320594, 'successRate': 0.5303030303030303, 'explosiveness': 1.1511854295209214}, 'passingPlays': {'rate': 0.5, 'ppa': 0.10593339019396043, 'totalPPA': 7.415337313577231, 'successRate': 0.4857142857142857, 'explosiveness': 1.1516750371221955}}","{'plays': 123, 'drives': 25, 'ppa': -0.01708887108299308, 'totalPPA': -2.101931143208149, 'successRate': 0.34959349593495936, 'explosiveness': 1.100274999432472, 'powerSuccess': 0.8571428571428571, 'stuffRate': 0.21428571428571427, 'lineYards': 2.7257142857142855, 'lineYardsTotal': 191, 'secondLevelYards': 1.0142857142857142, 'secondLevelYardsTotal': 71, 'openFieldYards': 0.6142857142857143, 'openFieldYardsTotal': 0, 'totalOpportunies': 8, 'pointsPerOpportunity': 3.75, 'fieldPosition': {'averageStart': 73.3, 'averagePredictedPoints': -1.277}, 'havoc': {'total': 0.106, 'frontSeven': 0.089, 'db': 0.016}, 'standardDowns': {'rate': 0.6585365853658537, 'ppa': -0.14873376551068412, 'successRate': 0.4074074074074074, 'explosiveness': 0.7362624696977541}, 'passingDowns': {'rate': 0.34146341463414637, 'ppa': 0.23679771102755393, 'totalPPA': 6.982529411372605, 'successRate': 0.23809523809523808, 'explosiveness': 2.301516347557041}, 'rushingPlays': {'rate': 0.5691056910569106, 'ppa': -0.11314567261605021, 'totalPPA': -7.920197083123515, 'successRate': 0.34285714285714286, 'explosiveness': 0.709071812436676}, 'passingPlays': {'rate': 0.3983739837398374, 'ppa': 0.14250060023209396, 'totalPPA': 6.982529411372605, 'successRate': 0.3673469387755102, 'explosiveness': 1.5550056218845907}}"
2026,Kent State,Mid-American,"{'plays': 122, 'drives': 22, 'ppa': 0.04193757647859985, 'totalPPA': 5.116384330389182, 'successRate': 0.3524590163934426, 'explosiveness': 1.3532133336258119, 'powerSuccess': 0.6, 'stuffRate': 0.19696969696969696, 'lineYards': 3.1166666666666667, 'lineYardsTotal': 206, 'secondLevelYards': 0.9242424242424242, 'secondLevelYardsTotal': 61, 'openFieldYards': 1.0606060606060606, 'openFieldYardsTotal': 70, 'totalOpportunies': 8, 'pointsPerOpportunity': 3.5, 'fieldPosition': {'averageStart': 74.9, 'averagePredictedPoints': 1.085}, 'havoc': {'total': 0.172, 'frontSeven': 0.082, 'db': 0.09}, 'standardDowns': {'rate': 0.6311475409836066, 'ppa': -0.005818460094798108, 'successRate': 0.42857142857142855, 'explosiveness': 1.0846274709072719}, 'passingDowns': {'rate': 0.36885245901639346, 'ppa': 0.1236534612819697, 'successRate': 0.2222222222222222, 'explosiveness': 2.2395466805969937}, 'rushingPlays': {'rate': 0.5409836065573771, 'ppa': 0.09383357116543266, 'totalPPA': 6.193015696918556, 'successRate': 0.36363636363636365, 'explosiveness': 1.0567327425790864}, 'passingPlays': {'rate': 0.4098360655737705, 'ppa': 0.12235645889176176, 'totalPPA': 6.117822944588088, 'successRate': 0.34, 'explosiveness': 1.7418659038266802}}","{'plays': 128, 'drives': 24, 'ppa': 0.21663105578464453, 'totalPPA': 27.7287751404345, 'successRate': 0.5234375, 'explosiveness': 1.1180399546611994, 'powerSuccess': 0.875, 'stuffRate': 0.1, 'lineYards': 3.8033333333333332, 'lineYardsTotal': 228, 'secondLevelYards': 1.3166666666666667, 'secondLevelYardsTotal': 79, 'openFieldYards': 1.6166666666666667, 'openFieldYardsTotal': 0, 'totalOpportunies': 13, 'pointsPerOpportunity': 4.769230769230769, 'fieldPosition': {'averageStart': 71.8, 'averagePredictedPoints': -1.245}, 'havoc': {'total': 0.141, 'frontSeven': 0.094, 'db': 0.047}, 'standardDowns': {'rate': 0.75, 'ppa': 0.29952948818333974, 'successRate': 0.6145833333333334, 'explosiveness': 0.9788229698189845}, 'passingDowns': {'rate': 0.25, 'ppa': -0.03206424141144103, 'totalPPA': 15.112730829265239, 'successRate': 0.25, 'explosiveness': 2.1447652178725343}, 'rushingPlays': {'rate': 0.46875, 'ppa': 0.3091582903240033, 'totalPPA': 18.5494974194402, 'successRate': 0.5666666666666667, 'explosiveness': 0.849030731642432}, 'passingPlays': {'rate': 0.5, 'ppa': 0.23613641920726935, 'totalPPA': 15.112730829265239, 'successRate': 0.484375, 'explosiveness': 1.414232637170272}}"
2026,Kentucky,SEC,"{'plays': 128, 'drives': 23, 'ppa': 0.08900330499445236, 'totalPPA': 11.392423039289902, 'successRate': 0.4609375, 'explosiveness': 1.1097461479075745, 'powerSuccess': 0.6666666666666666, 'stuffRate': 0.1935483870967742, 'lineYards': 3.109677419354839, 'lineYardsTotal': 193, 'secondLevelYards': 1.1774193548387097, 'secondLevelYardsTotal': 73, 'openFieldYards': 0.5, 'openFieldYardsTotal': 31, 'totalOpportunies': 9, 'pointsPerOpportunity': 6.111111111111111, 'fieldPosition': {'averageStart': 71.9, 'averagePredictedPoints': 1.233}, 'havoc': {'total': 0.172, 'frontSeven': 0.102, 'db': 0.07}, 'standardDowns': {'rate': 0.7421875, 'ppa': 0.08479129613163147, 'successRate': 0.5263157894736842, 'explosiveness': 0.9299581312144162}, 'passingDowns': {'rate': 0.2578125, 'ppa': 0.10112878505408826, 'successRate': 0.2727272727272727, 'explosiveness': 2.108568462869565}, 'rushingPlays': {'rate': 0.484375, 'ppa': -0.075217680998622, 'totalPPA': -4.6634962219145635, 'successRate': 0.4838709677419355, 'explosiveness': 0.5649056459234446}, 'passingPlays': {'rate': 0.46875, 'ppa': 0.28564640447405437, 'totalPPA': 17.138784268443263, 'successRate': 0.43333333333333335, 'explosiveness': 1.7319844967307205}}","{'plays': 130, 'drives': 21, 'ppa': 0.07979912045683929, 'totalPPA': 10.373885659389106, 'successRate': 0.4461538461538462, 'explosiveness': 1.1247264691002181, 'powerSuccess': 0.7777777777777778, 'stuffRate': 0.1935483870967742, 'lineYards': 2.6016129032258064, 'lineYardsTotal': 161, 'secondLevelYards': 0.7580645161290323, 'secondLevelYardsTotal': 47, 'openFieldYards': 0.7096774193548387, 'openFieldYardsTotal': 0, 'totalOpportunies': 14, 'pointsPerOpportunity': 3.642857142857143, 'fieldPosition': {'averageStart': 66.5, 'averagePredictedPoints': -1.618}, 'havoc': {'total': 0.208, 'frontSeven': 0.123, 'db': 0.085}, 'standardDowns': {'rate': 0.7153846153846154, 'ppa': 0.20222544495354863, 'successRate': 0.5053763440860215, 'explosiveness': 1.0386159341112127}, 'passingDowns': {'rate': 0.2846153846153846, 'ppa': -0.22792110057543014, 'totalPPA': 4.581187934834324, 'successRate': 0.2972972972972973, 'explosiveness': 1.4926533004168778}, 'rushingPlays': {'rate': 0.47692307692307695, 'ppa': 0.153518842163977, 'totalPPA': 9.518168214166572, 'successRate': 0.43548387096774194, 'explosiveness': 0.9791736424779517}, 'passingPlays': {'rate': 0.5, 'ppa': 0.07047981438206652, 'totalPPA': 4.581187934834324, 'successRate': 0.47692307692307695, 'explosiveness': 1.2514982858357404}}"
2026,Liberty,Conference USA,"{'plays': 136, 'drives': 24, 'ppa': -0.11610195104079693, 'totalPPA': -15.789865341548381, 'successRate': 0.38235294117647056, 'explosiveness': 1.2248301758367646, 'powerSuccess': 0.6666666666666666, 'stuffRate': 0.14102564102564102, 'lineYards': 2.9346153846153844, 'lineYardsTotal': 229, 'secondLevelYards': 1.1538461538461537, 'secondLevelYardsTotal': 90, 'openFieldYards': 0.9230769230769231, 'openFieldYardsTotal': 72, 'totalOpportunies': 13, 'pointsPerOpportunity': 1.7692307692307692, 'fieldPosition': {'averageStart': 69.3, 'averagePredictedPoints': 1.431}, 'havoc': {'total': 0.184, 'frontSeven': 0.103, 'db': 0.081}, 'standardDowns': {'rate': 0.6470588235294118, 'ppa': -0.2380688624804461, 'successRate': 0.4090909090909091, 'explosiveness': 0.8767500226594807}, 'passingDowns': {'rate': 0.35294117647058826, 'ppa': 0.10750405326522657, 'successRate': 0.3333333333333333, 'explosiveness': 2.008010520485653}, 'rushingPlays': {'rate': 0.5735294117647058, 'ppa': -0.18892442183943506, 'totalPPA': -14.736104903475935, 'successRate': 0.41025641025641024, 'explosiveness': 0.7364793446750121}, 'passingPlays': {'rate': 0.39705882352941174, 'ppa': 0.06377672973042212, 'totalPPA': 3.4439434054427944, 'successRate': 0.3333333333333333, 'explosiveness': 2.1401196814816066}}","{'plays': 123, 'drives': 22, 'ppa': 0.02950823087776632, 'totalPPA': 3.6295123979652573, 'successRate': 0.34959349593495936, 'explosiveness': 1.3481465092740088, 'powerSuccess': 0.4, 'stuffRate': 0.2698412698412698, 'lineYards': 2.673015873015873, 'lineYardsTotal': 168, 'secondLevelYards': 1.0317460317460316, 'secondLevelYardsTotal': 65, 'openFieldYards': 1.8571428571428572, 'openFieldYardsTotal': 0, 'totalOpportunies': 11, 'pointsPerOpportunity': 2.6363636363636362, 'fieldPosition': {'averageStart': 72, 'averagePredictedPoints': -1.335}, 'havoc': {'total': 0.211, 'frontSeven': 0.122, 'db': 0.089}, 'standardDowns': {'rate': 0.6666666666666666, 'ppa': -0.03372816954947087, 'successRate': 0.3902439024390244, 'explosiveness': 1.066589598610553}, 'passingDowns': {'rate': 0.3333333333333333, 'ppa': 0.15598103173224068, 'totalPPA': 1.743817754998677, 'successRate': 0.2682926829268293, 'explosiveness': 2.1672211584767904}, 'rushingPlays': {'rate': 0.5121951219512195, 'ppa': 0.10149388317954319, 'totalPPA': 6.394114640311221, 'successRate': 0.36507936507936506, 'explosiveness': 1.1419361708842999}, 'passingPlays': {'rate': 0.4634146341463415, 'ppa': 0.030593293947345213, 'totalPPA': 1.743817754998677, 'successRate': 0.3333333333333333, 'explosiveness': 1.6322372607156566}}"
2026,Louisiana,Sun Belt,"{'plays': 121, 'drives': 21, 'ppa': 0.2872702915830525, 'totalPPA': 34.75970528154935, 'successRate': 0.48760330578512395, 'explosiveness': 1.3131949696088556, 'powerSuccess': 0.8571428571428571, 'stuffRate': 0.18840579710144928, 'lineYards': 3.1449275362318843, 'lineYardsTotal': 217, 'secondLevelYards': 1.3478260869565217, 'secondLevelYardsTotal': 93, 'openFieldYards': 1.6811594202898552, 'openFieldYardsTotal': 116, 'totalOpportunies': 16, 'pointsPerOpportunity': 3.875, 'fieldPosition': {'averageStart': 68.7, 'averagePredictedPoints': 1.536}, 'havoc': {'total': 0.124, 'frontSeven': 0.074, 'db': 0.05}, 'standardDowns': {'rate': 0.6611570247933884, 'ppa': 0.1453582602258768, 'successRate': 0.5125, 'explosiveness': 0.9516948490969563}, 'passingDowns': {'rate': 0.33884297520661155, 'ppa': 0.5641718161824196, 'successRate': 0.43902439024390244, 'explosiveness': 2.1366119107748482}, 'rushingPlays': {'rate': 0.5702479338842975, 'ppa': 0.36146430411567293, 'totalPPA': 24.941036983981434, 'successRate': 0.4782608695652174, 'explosiveness': 1.2285956094069235}, 'passingPlays': {'rate': 0.4049586776859504, 'ppa': 0.4982667217668519, 'totalPPA': 24.415069366575743, 'successRate': 0.5306122448979592, 'explosiveness': 1.420571080634385}}","{'plays': 137, 'drives': 21, 'ppa': 0.022736662647973974, 'totalPPA': 3.1149227827724344, 'successRate': 0.45985401459854014, 'explosiveness': 1.1747564986988905, 'powerSuccess': 0.625, 'stuffRate': 0.22058823529411764, 'lineYards': 2.8529411764705883, 'lineYardsTotal': 194, 'secondLevelYards': 1.0882352941176472, 'secondLevelYardsTotal': 74, 'openFieldYards': 0.5882352941176471, 'openFieldYardsTotal': 0, 'totalOpportunies': 8, 'pointsPerOpportunity': 5.25, 'fieldPosition': {'averageStart': 74.3, 'averagePredictedPoints': -1.093}, 'havoc': {'total': 0.131, 'frontSeven': 0.073, 'db': 0.058}, 'standardDowns': {'rate': 0.708029197080292, 'ppa': -0.15039552782485494, 'successRate': 0.4845360824742268, 'explosiveness': 0.7975098982213832}, 'passingDowns': {'rate': 0.291970802919708, 'ppa': 0.44258222454458407, 'totalPPA': 21.461607575993984, 'successRate': 0.4, 'explosiveness': 2.282918387601568}, 'rushingPlays': {'rate': 0.49635036496350365, 'ppa': -0.09600466291802236, 'totalPPA': -6.528317078425521, 'successRate': 0.45588235294117646, 'explosiveness': 0.7541706371669415}, 'passingPlays': {'rate': 0.45255474452554745, 'ppa': 0.3461549609031288, 'totalPPA': 21.461607575993984, 'successRate': 0.5161290322580645, 'explosiveness': 1.582199052057966}}"
2026,Louisiana Tech,Sun Belt,"{'plays': 116, 'drives': 29, 'ppa': 0.015388137379630665, 'totalPPA': 1.7850239360371571, 'successRate': 0.3103448275862069, 'explosiveness': 1.6505202743028287, 'powerSuccess': 1, 'stuffRate': 0.19047619047619047, 'lineYards': 2.577777777777778, 'lineYardsTotal': 162, 'secondLevelYards': 0.7936507936507936, 'secondLevelYardsTotal': 50, 'openFieldYards': 1.2857142857142858, 'openFieldYardsTotal': 81, 'totalOpportunies': 14, 'pointsPerOpportunity': 5.214285714285714, 'fieldPosition': {'averageStart': 64, 'averagePredictedPoints': 1.857}, 'havoc': {'total': 0.181, 'frontSeven': 0.138, 'db': 0.043}, 'standardDowns': {'rate': 0.6379310344827587, 'ppa': 0.11264882458402249, 'successRate': 0.33783783783783783, 'explosiveness': 1.3984294486579814}, 'passingDowns': {'rate': 0.3620689655172414, 'ppa': -0.15597593055191686, 'successRate': 0.2619047619047619, 'explosiveness': 2.223453968950209}, 'rushingPlays': {'rate': 0.5431034482758621, 'ppa': -0.10999377301266837, 'totalPPA': -6.929607699798107, 'successRate': 0.31746031746031744, 'explosiveness': 0.9555043632668565}, 'passingPlays': {'rate': 0.43103448275862066, 'ppa': 0.2158565118873699, 'totalPPA': 10.792825594368496, 'successRate': 0.32, 'explosiveness': 2.5192901630977937}}","{'plays': 150, 'drives': 30, 'ppa': -0.11539314449611125, 'totalPPA': -17.308971674416686, 'successRate': 0.34, 'explosiveness': 1.201984888715524, 'powerSuccess': 0.6, 'stuffRate': 0.2857142857142857, 'lineYards': 1.6488095238095237, 'lineYardsTotal': 139, 'secondLevelYards': 0.8095238095238095, 'secondLevelYardsTotal': 68, 'openFieldYards': 0.9761904761904762, 'openFieldYardsTotal': 0, 'totalOpportunies': 12, 'pointsPerOpportunity': 3.5833333333333335, 'fieldPosition': {'averageStart': 65.8, 'averagePredictedPoints': -1.66}, 'havoc': {'total': 0.273, 'frontSeven': 0.18, 'db': 0.093}, 'standardDowns': {'rate': 0.6266666666666667, 'ppa': -0.05130785277362132, 'successRate': 0.40425531914893614, 'explosiveness': 1.00238407574535}, 'passingDowns': {'rate': 0.37333333333333335, 'ppa': -0.22296488417314791, 'totalPPA': 2.5745688720321875, 'successRate': 0.23214285714285715, 'explosiveness': 1.7854334189360332}, 'rushingPlays': {'rate': 0.56, 'ppa': -0.11759191992427422, 'totalPPA': -9.877721273639034, 'successRate': 0.32142857142857145, 'explosiveness': 0.8102404964447047}, 'passingPlays': {'rate': 0.4066666666666667, 'ppa': 0.042206047082494876, 'totalPPA': 2.5745688720321875, 'successRate': 0.36065573770491804, 'explosiveness': 1.7097008425059659}}"
2026,Louisville,ACC,"{'plays': 134, 'drives': 26, 'ppa': 0.45132467406375376, 'totalPPA': 60.47750632454301, 'successRate': 0.5447761194029851, 'explosiveness': 1.3397742698468325, 'powerSuccess': 0.75, 'stuffRate': 0.1643835616438356, 'lineYards': 3.063013698630137, 'lineYardsTotal': 224, 'secondLevelYards': 1.2465753424657533, 'secondLevelYardsTotal': 91, 'openFieldYards': 1.9726027397260275, 'openFieldYardsTotal': 144, 'totalOpportunies': 14, 'pointsPerOpportunity': 5.357142857142857, 'fieldPosition': {'averageStart': 68.5, 'averagePredictedPoints': 1.516}, 'havoc': {'total': 0.104, 'frontSeven': 0.09, 'db': 0.015}, 'standardDowns': {'rate': 0.7238805970149254, 'ppa': 0.4227183642970449, 'successRate': 0.6082474226804123, 'explosiveness': 1.1407598395067495}, 'passingDowns': {'rate': 0.27611940298507465, 'ppa': 0.5263195942629636, 'successRate': 0.3783783783783784, 'explosiveness': 2.1784779405657537}, 'rushingPlays': {'rate': 0.5447761194029851, 'ppa': 0.23910791110500287, 'totalPPA': 17.45487751066521, 'successRate': 0.5342465753424658, 'explosiveness': 0.9922690246773915}, 'passingPlays': {'rate': 0.44776119402985076, 'ppa': 0.7270514902185402, 'totalPPA': 43.62308941311241, 'successRate': 0.5666666666666667, 'explosiveness': 1.7383832275411912}}","{'plays': 142, 'drives': 25, 'ppa': 0.12277239681908461, 'totalPPA': 17.433680348310016, 'successRate': 0.3732394366197183, 'explosiveness': 1.2422274876914896, 'powerSuccess': 0.5714285714285714, 'stuffRate': 0.11764705882352941, 'lineYards': 2.5544117647058826, 'lineYardsTotal': 174, 'secondLevelYards': 0.6029411764705882, 'secondLevelYardsTotal': 41, 'openFieldYards': 0.16176470588235295, 'openFieldYardsTotal': 0, 'totalOpportunies': 10, 'pointsPerOpportunity': 4, 'fieldPosition': {'averageStart': 72.2, 'averagePredictedPoints': -1.141}, 'havoc': {'total': 0.148, 'frontSeven': 0.063, 'db': 0.085}, 'standardDowns': {'rate': 0.6690140845070423, 'ppa': 0.1335100901441154, 'successRate': 0.4631578947368421, 'explosiveness': 1.0378556277028725}, 'passingDowns': {'rate': 0.33098591549295775, 'ppa': 0.10106854860891597, 'totalPPA': 23.175992237292046, 'successRate': 0.19148936170212766, 'explosiveness': 2.2413788031913953}, 'rushingPlays': {'rate': 0.4788732394366197, 'ppa': -0.05019739939988757, 'totalPPA': -3.4134231591923547, 'successRate': 0.38235294117647056, 'explosiveness': 0.611085311019347}, 'passingPlays': {'rate': 0.4859154929577465, 'ppa': 0.33588394546800066, 'totalPPA': 23.175992237292046, 'successRate': 0.36231884057971014, 'explosiveness': 1.9512570340425348}}"
2026,LSU,SEC,"{'plays': 182, 'drives': 27, 'ppa': 0.2058175337268157, 'totalPPA': 37.45879113828045, 'successRate': 0.5, 'explosiveness': 1.2978100595291884, 'powerSuccess': 0.625, 'stuffRate': 0.15306122448979592, 'lineYards': 2.9102040816326533, 'lineYardsTotal': 285, 'secondLevelYards': 1.3673469387755102, 'secondLevelYardsTotal': 134, 'openFieldYards': 1.153061224489796, 'openFieldYardsTotal': 113, 'totalOpportunies': 21, 'pointsPerOpportunity': 3.9047619047619047, 'fieldPosition': {'averageStart': 62.9, 'averagePredictedPoints': 1.9}, 'havoc': {'total': 0.165, 'frontSeven': 0.082, 'db': 0.082}, 'standardDowns': {'rate': 0.7197802197802198, 'ppa': 0.13174667091834913, 'successRate': 0.5114503816793893, 'explosiveness': 1.0479061098718383}, 'passingDowns': {'rate': 0.2802197802197802, 'ppa': 0.39607798525444543, 'successRate': 0.47058823529411764, 'explosiveness': 1.9954585856559575}, 'rushingPlays': {'rate': 0.5384615384615384, 'ppa': 0.17600120782628273, 'totalPPA': 17.248118366975707, 'successRate': 0.5, 'explosiveness': 0.9841470030991799}, 'passingPlays': {'rate': 0.44505494505494503, 'ppa': 0.2113930380399202, 'totalPPA': 17.122836081233537, 'successRate': 0.48148148148148145, 'explosiveness': 1.712555783980131}}","{'plays': 106, 'drives': 28, 'ppa': -0.4640494005969776, 'totalPPA': -49.18923646327963, 'successRate': 0.18867924528301888, 'explosiveness': 0.9967369888711707, 'powerSuccess': 0.6666666666666666, 'stuffRate': 0.2916666666666667, 'lineYards': 1.6979166666666667, 'lineYardsTotal': 82, 'secondLevelYards': 0.5625, 'secondLevelYardsTotal': 27, 'openFieldYards': 0.041666666666666664, 'openFieldYardsTotal': 0, 'totalOpportunies': 6, 'pointsPerOpportunity': 2.8333333333333335, 'fieldPosition': {'averageStart': 72.5, 'averagePredictedPoints': -1.143}, 'havoc': {'total': 0.302, 'frontSeven': 0.236, 'db': 0.066}, 'standardDowns': {'rate': 0.5471698113207547, 'ppa': -0.2771184820730347, 'successRate': 0.27586206896551724, 'explosiveness': 0.9279542550206047}, 'passingDowns': {'rate': 0.4528301886792453, 'ppa': -0.6899242604800753, 'totalPPA': -24.668649910134135, 'successRate': 0.08333333333333333, 'explosiveness': 1.2718679242734348}, 'rushingPlays': {'rate': 0.4528301886792453, 'ppa': -0.4685732094812404, 'totalPPA': -22.491514055099543, 'successRate': 0.22916666666666666, 'explosiveness': 0.3407660831871696}, 'passingPlays': {'rate': 0.5188679245283019, 'ppa': -0.44852090745698425, 'totalPPA': -24.668649910134135, 'successRate': 0.16363636363636364, 'explosiveness': 1.7984792069293942}}"
2026,Marshall,Sun Belt,"{'plays': 118, 'drives': 25, 'ppa': -0.11706322616887685, 'totalPPA': -13.813460687927467, 'successRate': 0.3644067796610169, 'explosiveness': 1.035413167758098, 'powerSuccess': 0.6153846153846154, 'stuffRate': 0.3064516129032258, 'lineYards': 2.167741935483871, 'lineYardsTotal': 134, 'secondLevelYards': 0.6935483870967742, 'secondLevelYardsTotal': 43, 'openFieldYards': 0.22580645161290322, 'openFieldYardsTotal': 14, 'totalOpportunies': 10, 'pointsPerOpportunity': 1.4, 'fieldPosition': {'averageStart': 75.5, 'averagePredictedPoints': 0.994}, 'havoc': {'total': 0.212, 'frontSeven': 0.161, 'db': 0.051}, 'standardDowns': {'rate': 0.6864406779661016, 'ppa': -0.1960165939775602, 'successRate': 0.4444444444444444, 'explosiveness': 0.8937078953336}, 'passingDowns': {'rate': 0.3135593220338983, 'ppa': 0.055780633087970447, 'successRate': 0.1891891891891892, 'explosiveness': 1.7641831402269452}, 'rushingPlays': {'rate': 0.5254237288135594, 'ppa': -0.33624127794172765, 'totalPPA': -20.846959232387114, 'successRate': 0.3548387096774194, 'explosiveness': 0.7802795940587595}, 'passingPlays': {'rate': 0.4406779661016949, 'ppa': 0.21841495779049028, 'totalPPA': 11.357577805105494, 'successRate': 0.38461538461538464, 'explosiveness': 1.3567593081616376}}","{'plays': 144, 'drives': 23, 'ppa': 0.2992968190495405, 'totalPPA': 43.09874194313383, 'successRate': 0.4722222222222222, 'explosiveness': 1.1810159375430587, 'powerSuccess': 0.8888888888888888, 'stuffRate': 0.1076923076923077, 'lineYards': 3.3246153846153845, 'lineYardsTotal': 216, 'secondLevelYards': 0.8307692307692308, 'secondLevelYardsTotal': 54, 'openFieldYards': 0.38461538461538464, 'openFieldYardsTotal': 0, 'totalOpportunies': 12, 'pointsPerOpportunity': 4.833333333333333, 'fieldPosition': {'averageStart': 68.8, 'averagePredictedPoints': -1.501}, 'havoc': {'total': 0.111, 'frontSeven': 0.049, 'db': 0.063}, 'standardDowns': {'rate': 0.7083333333333334, 'ppa': 0.2616369389563038, 'successRate': 0.5490196078431373, 'explosiveness': 0.9766412079300013}, 'passingDowns': {'rate': 0.2916666666666667, 'ppa': 0.390756527847401, 'totalPPA': 35.759763991044345, 'successRate': 0.2857142857142857, 'explosiveness': 2.1347646757373266}, 'rushingPlays': {'rate': 0.4513888888888889, 'ppa': 0.08542590479077215, 'totalPPA': 5.55268381140019, 'successRate': 0.47692307692307695, 'explosiveness': 0.6661265417796101}, 'passingPlays': {'rate': 0.5277777777777778, 'ppa': 0.4705232104084782, 'totalPPA': 35.759763991044345, 'successRate': 0.4605263157894737, 'explosiveness': 1.6906518062515885}}"
2026,Maryland,Big Ten,"{'plays': 158, 'drives': 25, 'ppa': 0.3611516175193782, 'totalPPA': 57.061955568061755, 'successRate': 0.5316455696202531, 'explosiveness': 1.2757908671423983, 'powerSuccess': 0.6428571428571429, 'stuffRate': 0.17105263157894737, 'lineYards': 3.5723684210526314, 'lineYardsTotal': 272, 'secondLevelYards': 1.486842105263158, 'secondLevelYardsTotal': 113, 'openFieldYards': 1.9078947368421053, 'openFieldYardsTotal': 145, 'totalOpportunies': 20, 'pointsPerOpportunity': 4.3, 'fieldPosition': {'averageStart': 63.2, 'averagePredictedPoints': 1.945}, 'havoc': {'total': 0.114, 'frontSeven': 0.076, 'db': 0.038}, 'standardDowns': {'rate': 0.7658227848101266, 'ppa': 0.2795028770909019, 'successRate': 0.5619834710743802, 'explosiveness': 1.1246249688077867}, 'passingDowns': {'rate': 0.23417721518987342, 'ppa': 0.6281650659476385, 'successRate': 0.43243243243243246, 'explosiveness': 1.9182459350644976}, 'rushingPlays': {'rate': 0.4810126582278481, 'ppa': 0.3072036353843613, 'totalPPA': 23.347476289211457, 'successRate': 0.5526315789473685, 'explosiveness': 1.1106295357688665}, 'passingPlays': {'rate': 0.5063291139240507, 'ppa': 0.4414681647154164, 'totalPPA': 35.31745317723331, 'successRate': 0.5125, 'explosiveness': 1.4821483391440258}}","{'plays': 105, 'drives': 24, 'ppa': -0.2564575897215248, 'totalPPA': -26.928046920760107, 'successRate': 0.26666666666666666, 'explosiveness': 1.2470561585759148, 'powerSuccess': 0.6666666666666666, 'stuffRate': 0.2962962962962963, 'lineYards': 1.4, 'lineYardsTotal': 76, 'secondLevelYards': 0.5, 'secondLevelYardsTotal': 27, 'openFieldYards': 0.2962962962962963, 'openFieldYardsTotal': 0, 'totalOpportunies': 3, 'pointsPerOpportunity': 4.666666666666667, 'fieldPosition': {'averageStart': 74, 'averagePredictedPoints': -1.095}, 'havoc': {'total': 0.219, 'frontSeven': 0.171, 'db': 0.048}, 'standardDowns': {'rate': 0.5523809523809524, 'ppa': -0.330141353499058, 'successRate': 0.3103448275862069, 'explosiveness': 0.8303124604635687}, 'passingDowns': {'rate': 0.44761904761904764, 'ppa': -0.16552868974073925, 'totalPPA': -8.74318145209022, 'successRate': 0.2127659574468085, 'explosiveness': 1.9971948151781378}, 'rushingPlays': {'rate': 0.5142857142857142, 'ppa': -0.25312295444727223, 'totalPPA': -13.668639540152702, 'successRate': 0.2777777777777778, 'explosiveness': 0.7053343728141475}, 'passingPlays': {'rate': 0.44761904761904764, 'ppa': -0.18602513727851533, 'totalPPA': -8.74318145209022, 'successRate': 0.2765957446808511, 'explosiveness': 1.8721197575318003}}"
2026,Massachusetts,Mid-American,"{'plays': 105, 'drives': 20, 'ppa': 0.3734987579677579, 'totalPPA': 39.21736958661458, 'successRate': 0.5047619047619047, 'explosiveness': 1.165695439147868, 'powerSuccess': 0.5454545454545454, 'stuffRate': 0.18181818181818182, 'lineYards': 3.4045454545454543, 'lineYardsTotal': 225, 'secondLevelYards': 1.4090909090909092, 'secondLevelYardsTotal': 93, 'openFieldYards': 0.9393939393939394, 'openFieldYardsTotal': 62, 'totalOpportunies': 13, 'pointsPerOpportunity': 4.153846153846154, 'fieldPosition': {'averageStart': 67.7, 'averagePredictedPoints': 1.6}, 'havoc': {'total': 0.076, 'frontSeven': 0.067, 'db': 0.01}, 'standardDowns': {'rate': 0.7428571428571429, 'ppa': 0.34342349425150226, 'successRate': 0.5641025641025641, 'explosiveness': 1.081111773003381}, 'passingDowns': {'rate': 0.2571428571428571, 'ppa': 0.4603828531480519, 'successRate': 0.3333333333333333, 'explosiveness': 1.579215584743138}, 'rushingPlays': {'rate': 0.6285714285714286, 'ppa': 0.2534819031320107, 'totalPPA': 16.729805606712706, 'successRate': 0.5303030303030303, 'explosiveness': 0.9233595291072817}, 'passingPlays': {'rate': 0.3523809523809524, 'ppa': 0.6154239635294346, 'totalPPA': 22.77068665058908, 'successRate': 0.4594594594594595, 'explosiveness': 1.6825309806644762}}","{'plays': 134, 'drives': 23, 'ppa': -0.09025381631664471, 'totalPPA': -12.09401138643039, 'successRate': 0.3805970149253731, 'explosiveness': 1.24901703536941, 'powerSuccess': 0.75, 'stuffRate': 0.20967741935483872, 'lineYards': 2.5709677419354837, 'lineYardsTotal': 159, 'secondLevelYards': 0.4032258064516129, 'secondLevelYardsTotal': 25, 'openFieldYards': 0.03225806451612903, 'openFieldYardsTotal': 0, 'totalOpportunies': 12, 'pointsPerOpportunity': 0.8333333333333334, 'fieldPosition': {'averageStart': 75.8, 'averagePredictedPoints': -0.955}, 'havoc': {'total': 0.157, 'frontSeven': 0.067, 'db': 0.09}, 'standardDowns': {'rate': 0.6492537313432836, 'ppa': -0.2488343988379073, 'successRate': 0.40229885057471265, 'explosiveness': 0.9031928218147256}, 'passingDowns': {'rate': 0.35074626865671643, 'ppa': 0.20328896409505418, 'totalPPA': 7.034198360869106, 'successRate': 0.3404255319148936, 'explosiveness': 2.005507502520282}, 'rushingPlays': {'rate': 0.4626865671641791, 'ppa': -0.23797455201271808, 'totalPPA': -14.754422224788522, 'successRate': 0.3064516129032258, 'explosiveness': 0.6174664967412472}, 'passingPlays': {'rate': 0.5, 'ppa': 0.10498803523685234, 'totalPPA': 7.034198360869106, 'successRate': 0.44776119402985076, 'explosiveness': 1.6334206313233324}}"
2026,Memphis,American Athletic,"{'plays': 177, 'drives': 35, 'ppa': 0.23506116352548648, 'totalPPA': 41.60582594401111, 'successRate': 0.4350282485875706, 'explosiveness': 1.4482477541338634, 'powerSuccess': 0.7142857142857143, 'stuffRate': 0.18446601941747573, 'lineYards': 3.2854368932038835, 'lineYardsTotal': 338, 'secondLevelYards': 1.2815533980582523, 'secondLevelYardsTotal': 132, 'openFieldYards': 2.6019417475728157, 'openFieldYardsTotal': 268, 'totalOpportunies': 15, 'pointsPerOpportunity': 4.066666666666666, 'fieldPosition': {'averageStart': 77.9, 'averagePredictedPoints': 0.85}, 'havoc': {'total': 0.147, 'frontSeven': 0.079, 'db': 0.068}, 'standardDowns': {'rate': 0.711864406779661, 'ppa': 0.24596817622439426, 'successRate': 0.49206349206349204, 'explosiveness': 1.1182647069434528}, 'passingDowns': {'rate': 0.288135593220339, 'ppa': 0.20811442626936133, 'successRate': 0.29411764705882354, 'explosiveness': 2.8121776825208937}, 'rushingPlays': {'rate': 0.5819209039548022, 'ppa': 0.17596188557507234, 'totalPPA': 18.12407421423245, 'successRate': 0.4368932038834951, 'explosiveness': 0.9947859556695646}, 'passingPlays': {'rate': 0.3898305084745763, 'ppa': 0.557054447845296, 'totalPPA': 38.436756901325424, 'successRate': 0.4492753623188406, 'explosiveness': 2.1501857432037865}}","{'plays': 217, 'drives': 35, 'ppa': 0.19264927209905205, 'totalPPA': 41.8048920454943, 'successRate': 0.4377880184331797, 'explosiveness': 1.3872415249019707, 'powerSuccess': 0.8571428571428571, 'stuffRate': 0.1308411214953271, 'lineYards': 3.4065420560747666, 'lineYardsTotal': 365, 'secondLevelYards': 1.3177570093457944, 'secondLevelYardsTotal': 141, 'openFieldYards': 2.2429906542056073, 'openFieldYardsTotal': 0, 'totalOpportunies': 21, 'pointsPerOpportunity': 3.2857142857142856, 'fieldPosition': {'averageStart': 74.1, 'averagePredictedPoints': -1.096}, 'havoc': {'total': 0.147, 'frontSeven': 0.097, 'db': 0.051}, 'standardDowns': {'rate': 0.6497695852534562, 'ppa': 0.26910093267417484, 'successRate': 0.5390070921985816, 'explosiveness': 1.1519180274999528}, 'passingDowns': {'rate': 0.35023041474654376, 'ppa': 0.05081132287415324, 'totalPPA': 9.877850768046743, 'successRate': 0.25, 'explosiveness': 2.3285355145100426}, 'rushingPlays': {'rate': 0.4930875576036866, 'ppa': 0.33697401303048724, 'totalPPA': 36.056219394262136, 'successRate': 0.48598130841121495, 'explosiveness': 1.1482482530052887}, 'passingPlays': {'rate': 0.4792626728110599, 'ppa': 0.09497933430814176, 'totalPPA': 9.877850768046743, 'successRate': 0.40384615384615385, 'explosiveness': 1.6278487190203468}}"
2026,Miami,ACC,"{'plays': 144, 'drives': 26, 'ppa': 0.5489136509830088, 'totalPPA': 79.04356574155327, 'successRate': 0.625, 'explosiveness': 1.3307103400736222, 'powerSuccess': 1, 'stuffRate': 0.1038961038961039, 'lineYards': 4.062337662337662, 'lineYardsTotal': 313, 'secondLevelYards': 1.6753246753246753, 'secondLevelYardsTotal': 129, 'openFieldYards': 2.883116883116883, 'openFieldYardsTotal': 222, 'totalOpportunies': 20, 'pointsPerOpportunity': 5.4, 'fieldPosition': {'averageStart': 69.3, 'averagePredictedPoints': 1.493}, 'havoc': {'total': 0.049, 'frontSeven': 0.035, 'db': 0.014}, 'standardDowns': {'rate': 0.8402777777777778, 'ppa': 0.6558151069063306, 'successRate': 0.6776859504132231, 'explosiveness': 1.257956488230655}, 'passingDowns': {'rate': 0.1597222222222222, 'ppa': -0.013480964961423382, 'successRate': 0.34782608695652173, 'explosiveness': 2.076437321464037}, 'rushingPlays': {'rate': 0.5347222222222222, 'ppa': 0.13702120522882913, 'totalPPA': 10.550632802619843, 'successRate': 0.5454545454545454, 'explosiveness': 0.9521045672182697}, 'passingPlays': {'rate': 0.4236111111111111, 'ppa': 1.1677392840246608, 'totalPPA': 71.2320963255043, 'successRate': 0.7704918032786885, 'explosiveness': 1.6298802029647073}}","{'plays': 113, 'drives': 24, 'ppa': -0.08391526014233174, 'totalPPA': -9.482424396083486, 'successRate': 0.3008849557522124, 'explosiveness': 0.9249723221683477, 'powerSuccess': 0.5, 'stuffRate': 0.2682926829268293, 'lineYards': 2.3, 'lineYardsTotal': 94, 'secondLevelYards': 0.6097560975609756, 'secondLevelYardsTotal': 25, 'openFieldYards': 0.4146341463414634, 'openFieldYardsTotal': 0, 'totalOpportunies': 4, 'pointsPerOpportunity': 1.5, 'fieldPosition': {'averageStart': 78, 'averagePredictedPoints': -0.789}, 'havoc': {'total': 0.142, 'frontSeven': 0.062, 'db': 0.08}, 'standardDowns': {'rate': 0.6283185840707964, 'ppa': -0.08082156177486355, 'successRate': 0.39436619718309857, 'explosiveness': 0.7435933609912401}, 'passingDowns': {'rate': 0.37168141592920356, 'ppa': -0.08914508357305177, 'totalPPA': -3.129270460362933, 'successRate': 0.14285714285714285, 'explosiveness': 1.7714074743281831}, 'rushingPlays': {'rate': 0.36283185840707965, 'ppa': -0.13268562976218246, 'totalPPA': -5.440110820249481, 'successRate': 0.24390243902439024, 'explosiveness': 0.6347899670835647}, 'passingPlays': {'rate': 0.6283185840707964, 'ppa': -0.04407423183609765, 'totalPPA': -3.129270460362933, 'successRate': 0.3380281690140845, 'explosiveness': 1.0458816367870072}}"
2026,Miami (OH),Mid-American,"{'plays': 115, 'drives': 20, 'ppa': 0.2764031655999502, 'totalPPA': 31.786364043994272, 'successRate': 0.45217391304347826, 'explosiveness': 1.281499316052608, 'powerSuccess': 1, 'stuffRate': 0.1896551724137931, 'lineYards': 3.1, 'lineYardsTotal': 180, 'secondLevelYards': 1, 'secondLevelYardsTotal': 58, 'openFieldYards': 0.5, 'openFieldYardsTotal': 29, 'totalOpportunies': 8, 'pointsPerOpportunity': 5.625, 'fieldPosition': {'averageStart': 72.1, 'averagePredictedPoints': 1.263}, 'havoc': {'total': 0.096, 'frontSeven': 0.061, 'db': 0.035}, 'standardDowns': {'rate': 0.6782608695652174, 'ppa': 0.31519013282395913, 'successRate': 0.5384615384615384, 'explosiveness': 1.1133934386293258}, 'passingDowns': {'rate': 0.3217391304347826, 'ppa': 0.1946360455060935, 'successRate': 0.2702702702702703, 'explosiveness': 1.9875440012303938}, 'rushingPlays': {'rate': 0.5043478260869565, 'ppa': 0.07745179582214434, 'totalPPA': 4.492204157684372, 'successRate': 0.41379310344827586, 'explosiveness': 0.8130307989038793}, 'passingPlays': {'rate': 0.4608695652173913, 'ppa': 0.572526715527425, 'totalPPA': 30.34391592295352, 'successRate': 0.5094339622641509, 'explosiveness': 1.7213517905265403}}","{'plays': 123, 'drives': 21, 'ppa': 0.17855367419157972, 'totalPPA': 21.962101925564305, 'successRate': 0.45528455284552843, 'explosiveness': 1.2875594636535663, 'powerSuccess': 0.5714285714285714, 'stuffRate': 0.25, 'lineYards': 2.779166666666667, 'lineYardsTotal': 133, 'secondLevelYards': 0.8958333333333334, 'secondLevelYardsTotal': 43, 'openFieldYards': 1.0625, 'openFieldYardsTotal': 0, 'totalOpportunies': 9, 'pointsPerOpportunity': 5, 'fieldPosition': {'averageStart': 73.3, 'averagePredictedPoints': -1.175}, 'havoc': {'total': 0.098, 'frontSeven': 0.057, 'db': 0.041}, 'standardDowns': {'rate': 0.6747967479674797, 'ppa': 0.11128995388261945, 'successRate': 0.4819277108433735, 'explosiveness': 1.0257270058543093}, 'passingDowns': {'rate': 0.3252032520325203, 'ppa': 0.31812589383267226, 'totalPPA': 32.39783498399201, 'successRate': 0.4, 'explosiveness': 1.9421406081517087}, 'rushingPlays': {'rate': 0.3902439024390244, 'ppa': -0.027867425108957528, 'totalPPA': -1.3376364052299614, 'successRate': 0.375, 'explosiveness': 0.9090478158501145}, 'passingPlays': {'rate': 0.5772357723577236, 'ppa': 0.456307534985803, 'totalPPA': 32.39783498399201, 'successRate': 0.5211267605633803, 'explosiveness': 1.477159209946453}}"
2026,Michigan,Big Ten,"{'plays': 106, 'drives': 21, 'ppa': 0.084462587896415, 'totalPPA': 8.953034317019991, 'successRate': 0.3490566037735849, 'explosiveness': 1.3193032404170044, 'powerSuccess': 0.7142857142857143, 'stuffRate': 0.11290322580645161, 'lineYards': 2.932258064516129, 'lineYardsTotal': 182, 'secondLevelYards': 0.8387096774193549, 'secondLevelYardsTotal': 52, 'openFieldYards': 0.7419354838709677, 'openFieldYardsTotal': 46, 'totalOpportunies': 9, 'pointsPerOpportunity': 2.6666666666666665, 'fieldPosition': {'averageStart': 79.6, 'averagePredictedPoints': 0.812}, 'havoc': {'total': 0.189, 'frontSeven': 0.104, 'db': 0.085}, 'standardDowns': {'rate': 0.6792452830188679, 'ppa': -0.13764790339373656, 'successRate': 0.3472222222222222, 'explosiveness': 0.8213638167019153}, 'passingDowns': {'rate': 0.32075471698113206, 'ppa': 0.5548142165108536, 'successRate': 0.35294117647058826, 'explosiveness': 2.35667703982344}, 'rushingPlays': {'rate': 0.5849056603773585, 'ppa': 0.09912971095384462, 'totalPPA': 6.1460420791383665, 'successRate': 0.3387096774193548, 'explosiveness': 1.0127118444697178}, 'passingPlays': {'rate': 0.4056603773584906, 'ppa': 0.0663221472527085, 'totalPPA': 2.8518523318664655, 'successRate': 0.37209302325581395, 'explosiveness': 1.7217044475978178}}","{'plays': 134, 'drives': 22, 'ppa': -0.08984038830589929, 'totalPPA': -12.038612032990505, 'successRate': 0.34328358208955223, 'explosiveness': 1.0126403276397398, 'powerSuccess': 0.6666666666666666, 'stuffRate': 0.19718309859154928, 'lineYards': 2.907042253521127, 'lineYardsTotal': 206, 'secondLevelYards': 0.8873239436619719, 'secondLevelYardsTotal': 63, 'openFieldYards': 0.23943661971830985, 'openFieldYardsTotal': 0, 'totalOpportunies': 10, 'pointsPerOpportunity': 2.2, 'fieldPosition': {'averageStart': 71.5, 'averagePredictedPoints': -1.342}, 'havoc': {'total': 0.164, 'frontSeven': 0.134, 'db': 0.03}, 'standardDowns': {'rate': 0.664179104477612, 'ppa': -0.09485027887737783, 'successRate': 0.39325842696629215, 'explosiveness': 0.8792239823063585}, 'passingDowns': {'rate': 0.3358208955223881, 'ppa': -0.0799319380645306, 'totalPPA': -9.983556001306223, 'successRate': 0.24444444444444444, 'explosiveness': 1.4371468809732257}, 'rushingPlays': {'rate': 0.5298507462686567, 'ppa': -0.06286810798471876, 'totalPPA': -4.463635666915032, 'successRate': 0.39436619718309857, 'explosiveness': 0.6431729610535509}, 'passingPlays': {'rate': 0.43283582089552236, 'ppa': -0.17213027588459004, 'totalPPA': -9.983556001306223, 'successRate': 0.27586206896551724, 'explosiveness': 1.574311280672696}}"
2026,Michigan State,Big Ten,"{'plays': 158, 'drives': 20, 'ppa': 0.1426258389428377, 'totalPPA': 22.534882552968355, 'successRate': 0.45569620253164556, 'explosiveness': 1.1343727534949324, 'powerSuccess': 0.6428571428571429, 'stuffRate': 0.16666666666666666, 'lineYards': 3.2444444444444445, 'lineYardsTotal': 292, 'secondLevelYards': 1.0444444444444445, 'secondLevelYardsTotal': 94, 'openFieldYards': 0.9111111111111111, 'openFieldYardsTotal': 82, 'totalOpportunies': 18, 'pointsPerOpportunity': 3.555555555555556, 'fieldPosition': {'averageStart': 62.8, 'averagePredictedPoints': 1.926}, 'havoc': {'total': 0.127, 'frontSeven': 0.089, 'db': 0.038}, 'standardDowns': {'rate': 0.7531645569620253, 'ppa': 0.10028838745335239, 'successRate': 0.5042016806722689, 'explosiveness': 0.975495440314881}, 'passingDowns': {'rate': 0.2468354430379747, 'ppa': 0.27180934476972873, 'successRate': 0.3076923076923077, 'explosiveness': 1.9287593193951893}, 'rushingPlays': {'rate': 0.569620253164557, 'ppa': 0.07438321459029708, 'totalPPA': 6.694489313126737, 'successRate': 0.43333333333333335, 'explosiveness': 0.9509347497460828}, 'passingPlays': {'rate': 0.4050632911392405, 'ppa': 0.29146825784919456, 'totalPPA': 18.65396850234845, 'successRate': 0.5, 'explosiveness': 1.3899468290340302}}","{'plays': 95, 'drives': 19, 'ppa': 0.06748567520918225, 'totalPPA': 6.4111391448723145, 'successRate': 0.3684210526315789, 'explosiveness': 1.3619623909144192, 'powerSuccess': 0.5555555555555556, 'stuffRate': 0.2682926829268293, 'lineYards': 2.629268292682927, 'lineYardsTotal': 108, 'secondLevelYards': 1.3658536585365855, 'secondLevelYardsTotal': 56, 'openFieldYards': 2.2682926829268295, 'openFieldYardsTotal': 0, 'totalOpportunies': 7, 'pointsPerOpportunity': 3, 'fieldPosition': {'averageStart': 78.3, 'averagePredictedPoints': -0.78}, 'havoc': {'total': 0.232, 'frontSeven': 0.147, 'db': 0.084}, 'standardDowns': {'rate': 0.6421052631578947, 'ppa': -0.10906619777608698, 'successRate': 0.4098360655737705, 'explosiveness': 0.9686552521743207}, 'passingDowns': {'rate': 0.35789473684210527, 'ppa': 0.38424050615334177, 'totalPPA': -1.4723905328509477, 'successRate': 0.29411764705882354, 'explosiveness': 2.3452302377646657}, 'rushingPlays': {'rate': 0.43157894736842106, 'ppa': 0.1631449023187448, 'totalPPA': 6.688940995068537, 'successRate': 0.43902439024390244, 'explosiveness': 1.0185502628542373}, 'passingPlays': {'rate': 0.5473684210526316, 'ppa': -0.028315202554825915, 'totalPPA': -1.4723905328509477, 'successRate': 0.3076923076923077, 'explosiveness': 1.731601359947936}}"
2026,Middle Tennessee,Conference USA,"{'plays': 120, 'drives': 19, 'ppa': 0.2627298867802216, 'totalPPA': 31.527586413626587, 'successRate': 0.4583333333333333, 'explosiveness': 1.1566261463421283, 'powerSuccess': 0.75, 'stuffRate': 0.06976744186046512, 'lineYards': 4.1069767441860465, 'lineYardsTotal': 177, 'secondLevelYards': 1.7209302325581395, 'secondLevelYardsTotal': 74, 'openFieldYards': 2.0232558139534884, 'openFieldYardsTotal': 87, 'totalOpportunies': 11, 'pointsPerOpportunity': 4.636363636363637, 'fieldPosition': {'averageStart': 72.2, 'averagePredictedPoints': 1.295}, 'havoc': {'total': 0.1, 'frontSeven': 0.042, 'db': 0.058}, 'standardDowns': {'rate': 0.6833333333333333, 'ppa': 0.2298484435964269, 'successRate': 0.524390243902439, 'explosiveness': 0.8998070309903798}, 'passingDowns': {'rate': 0.31666666666666665, 'ppa': 0.33368457996630474, 'successRate': 0.3157894736842105, 'explosiveness': 2.0768946430192265}, 'rushingPlays': {'rate': 0.35833333333333334, 'ppa': 0.28616506510139883, 'totalPPA': 12.30509779936015, 'successRate': 0.5116279069767442, 'explosiveness': 0.9356522258091602}, 'passingPlays': {'rate': 0.6166666666666667, 'ppa': 0.24350626284842242, 'totalPPA': 18.01946345078326, 'successRate': 0.44594594594594594, 'explosiveness': 1.3039420933641068}}","{'plays': 113, 'drives': 22, 'ppa': 0.11796693621389893, 'totalPPA': 13.330263792170578, 'successRate': 0.4336283185840708, 'explosiveness': 1.152405043034228, 'powerSuccess': 0.7333333333333333, 'stuffRate': 0.2, 'lineYards': 2.98, 'lineYardsTotal': 194, 'secondLevelYards': 1.0153846153846153, 'secondLevelYardsTotal': 66, 'openFieldYards': 0.7846153846153846, 'openFieldYardsTotal': 0, 'totalOpportunies': 10, 'pointsPerOpportunity': 2.1, 'fieldPosition': {'averageStart': 76.1, 'averagePredictedPoints': -0.916}, 'havoc': {'total': 0.142, 'frontSeven': 0.088, 'db': 0.053}, 'standardDowns': {'rate': 0.7168141592920354, 'ppa': 0.070004091822492, 'successRate': 0.5061728395061729, 'explosiveness': 1.0436112196324514}, 'passingDowns': {'rate': 0.2831858407079646, 'ppa': 0.2393728860796477, 'totalPPA': 14.408722838540013, 'successRate': 0.25, 'explosiveness': 1.7099733879683339}, 'rushingPlays': {'rate': 0.5752212389380531, 'ppa': -0.024868246486721892, 'totalPPA': -1.616436021636923, 'successRate': 0.4461538461538462, 'explosiveness': 1.0469055068929487}, 'passingPlays': {'rate': 0.39823008849557523, 'ppa': 0.32019384085644476, 'totalPPA': 14.408722838540013, 'successRate': 0.4222222222222222, 'explosiveness': 1.362429390932048}}"
2026,Minnesota,Big Ten,"{'plays': 138, 'drives': 19, 'ppa': 0.12394843335841052, 'totalPPA': 17.104883803460652, 'successRate': 0.4927536231884058, 'explosiveness': 1.0062979745380276, 'powerSuccess': 0.6428571428571429, 'stuffRate': 0.25, 'lineYards': 2.2884615384615383, 'lineYardsTotal': 119, 'secondLevelYards': 0.7692307692307693, 'secondLevelYardsTotal': 40, 'openFieldYards': 0.7115384615384616, 'openFieldYardsTotal': 37, 'totalOpportunies': 13, 'pointsPerOpportunity': 3.923076923076923, 'fieldPosition': {'averageStart': 67, 'averagePredictedPoints': 1.622}, 'havoc': {'total': 0.13, 'frontSeven': 0.101, 'db': 0.029}, 'standardDowns': {'rate': 0.7463768115942029, 'ppa': 0.14441494477013186, 'successRate': 0.5728155339805825, 'explosiveness': 0.8598377084974034}, 'passingDowns': {'rate': 0.2536231884057971, 'ppa': 0.06371841406105914, 'successRate': 0.2571428571428571, 'explosiveness': 1.9664263852487858}, 'rushingPlays': {'rate': 0.37681159420289856, 'ppa': 0.028219829974996554, 'totalPPA': 1.4674311586998208, 'successRate': 0.5, 'explosiveness': 0.680221797113426}, 'passingPlays': {'rate': 0.5942028985507246, 'ppa': 0.2335042476097612, 'totalPPA': 19.147348304000417, 'successRate': 0.5, 'explosiveness': 1.1829346049388383}}","{'plays': 115, 'drives': 22, 'ppa': 0.1087202792925834, 'totalPPA': 12.502832118647092, 'successRate': 0.391304347826087, 'explosiveness': 1.1374772297950968, 'powerSuccess': 0.5454545454545454, 'stuffRate': 0.2876712328767123, 'lineYards': 2.710958904109589, 'lineYardsTotal': 198, 'secondLevelYards': 1.0821917808219177, 'secondLevelYardsTotal': 79, 'openFieldYards': 0.726027397260274, 'openFieldYardsTotal': 0, 'totalOpportunies': 11, 'pointsPerOpportunity': 4.090909090909091, 'fieldPosition': {'averageStart': 80.5, 'averagePredictedPoints': -0.683}, 'havoc': {'total': 0.178, 'frontSeven': 0.161, 'db': 0.017}, 'standardDowns': {'rate': 0.6782608695652174, 'ppa': 0.11429704988337692, 'successRate': 0.46153846153846156, 'explosiveness': 1.0726363187802914}, 'passingDowns': {'rate': 0.3217391304347826, 'ppa': 0.09696384399307274, 'totalPPA': 19.057889828283905, 'successRate': 0.24324324324324326, 'explosiveness': 1.396840873854318}, 'rushingPlays': {'rate': 0.6347826086956522, 'ppa': 0.11364067664447651, 'totalPPA': 8.295769395046786, 'successRate': 0.410958904109589, 'explosiveness': 0.853846441524339}, 'passingPlays': {'rate': 0.33043478260869563, 'ppa': 0.501523416533787, 'totalPPA': 19.057889828283905, 'successRate': 0.39473684210526316, 'explosiveness': 1.7047388063366122}}"
2026,Mississippi State,SEC,"{'plays': 148, 'drives': 22, 'ppa': 0.5444014212608463, 'totalPPA': 80.57141034660526, 'successRate': 0.581081081081081, 'explosiveness': 1.2894091808295536, 'powerSuccess': 0.7, 'stuffRate': 0.1686746987951807, 'lineYards': 3.792771084337349, 'lineYardsTotal': 315, 'secondLevelYards': 1.650602409638554, 'secondLevelYardsTotal': 137, 'openFieldYards': 2.301204819277108, 'openFieldYardsTotal': 191, 'totalOpportunies': 17, 'pointsPerOpportunity': 5.0588235294117645, 'fieldPosition': {'averageStart': 75, 'averagePredictedPoints': 1.068}, 'havoc': {'total': 0.105, 'frontSeven': 0.057, 'db': 0.047}, 'standardDowns': {'rate': 0.777027027027027, 'ppa': 0.4267673483988661, 'successRate': 0.6086956521739131, 'explosiveness': 1.0926744139087963}, 'passingDowns': {'rate': 0.22297297297297297, 'ppa': 0.9543383418404746, 'successRate': 0.48484848484848486, 'explosiveness': 2.150123786107866}, 'rushingPlays': {'rate': 0.5608108108108109, 'ppa': 0.4999587296176426, 'totalPPA': 41.496574558264335, 'successRate': 0.6024096385542169, 'explosiveness': 1.1357692052447306}, 'passingPlays': {'rate': 0.43243243243243246, 'ppa': 0.61424133600711, 'totalPPA': 39.31144550445504, 'successRate': 0.5625, 'explosiveness': 1.5027980358084745}}","{'plays': 136, 'drives': 22, 'ppa': -0.10046686830905559, 'totalPPA': -13.66349409003156, 'successRate': 0.33088235294117646, 'explosiveness': 1.059757060940559, 'powerSuccess': 0.5, 'stuffRate': 0.1568627450980392, 'lineYards': 2.5823529411764707, 'lineYardsTotal': 132, 'secondLevelYards': 0.5882352941176471, 'secondLevelYardsTotal': 30, 'openFieldYards': 0.3333333333333333, 'openFieldYardsTotal': 0, 'totalOpportunies': 8, 'pointsPerOpportunity': 2.375, 'fieldPosition': {'averageStart': 75.8, 'averagePredictedPoints': -0.907}, 'havoc': {'total': 0.14, 'frontSeven': 0.088, 'db': 0.051}, 'standardDowns': {'rate': 0.7205882352941176, 'ppa': -0.05008785266305078, 'successRate': 0.3979591836734694, 'explosiveness': 0.9894749158806414}, 'passingDowns': {'rate': 0.27941176470588236, 'ppa': -0.2303916981329627, 'totalPPA': -2.769117361800656, 'successRate': 0.15789473684210525, 'explosiveness': 1.5165910038300232}, 'rushingPlays': {'rate': 0.375, 'ppa': -0.09123376182021359, 'totalPPA': -4.652921852830893, 'successRate': 0.29411764705882354, 'explosiveness': 0.732879605707614}, 'passingPlays': {'rate': 0.5882352941176471, 'ppa': -0.034613967022508206, 'totalPPA': -2.769117361800656, 'successRate': 0.375, 'explosiveness': 1.2231957885570315}}"
2026,Missouri,SEC,"{'plays': 153, 'drives': 26, 'ppa': 0.24529734792988, 'totalPPA': 37.53049423327164, 'successRate': 0.47058823529411764, 'explosiveness': 1.2251672170226928, 'powerSuccess': 0.7, 'stuffRate': 0.17857142857142858, 'lineYards': 3.1202380952380953, 'lineYardsTotal': 262, 'secondLevelYards': 0.9166666666666666, 'secondLevelYardsTotal': 77, 'openFieldYards': 0.8095238095238095, 'openFieldYardsTotal': 68, 'totalOpportunies': 20, 'pointsPerOpportunity': 4.5, 'fieldPosition': {'averageStart': 61, 'averagePredictedPoints': 2.011}, 'havoc': {'total': 0.131, 'frontSeven': 0.098, 'db': 0.033}, 'standardDowns': {'rate': 0.6928104575163399, 'ppa': 0.20441113377139455, 'successRate': 0.5094339622641509, 'explosiveness': 0.8928401844570402}, 'passingDowns': {'rate': 0.30718954248366015, 'ppa': 0.33750880964901747, 'successRate': 0.3829787234042553, 'explosiveness': 2.2221483147196506}, 'rushingPlays': {'rate': 0.5490196078431373, 'ppa': 0.04879406771091451, 'totalPPA': 4.098701687716819, 'successRate': 0.40476190476190477, 'explosiveness': 0.7433574344657835}, 'passingPlays': {'rate': 0.40522875816993464, 'ppa': 0.7234468714570692, 'totalPPA': 44.853706030338294, 'successRate': 0.5645161290322581, 'explosiveness': 1.6822480569159801}}","{'plays': 121, 'drives': 24, 'ppa': -0.06393202264782849, 'totalPPA': -7.735774740387248, 'successRate': 0.2892561983471074, 'explosiveness': 1.6717351608971178, 'powerSuccess': 0.8, 'stuffRate': 0.21666666666666667, 'lineYards': 2.3666666666666667, 'lineYardsTotal': 142, 'secondLevelYards': 0.9666666666666667, 'secondLevelYardsTotal': 58, 'openFieldYards': 1.1166666666666667, 'openFieldYardsTotal': 0, 'totalOpportunies': 9, 'pointsPerOpportunity': 3.111111111111111, 'fieldPosition': {'averageStart': 74.8, 'averagePredictedPoints': -1.013}, 'havoc': {'total': 0.231, 'frontSeven': 0.157, 'db': 0.074}, 'standardDowns': {'rate': 0.5619834710743802, 'ppa': -0.1643187211193481, 'successRate': 0.3235294117647059, 'explosiveness': 1.3335307479809848}, 'passingDowns': {'rate': 0.4380165289256198, 'ppa': 0.06486600557978157, 'totalPPA': -5.41870017111454, 'successRate': 0.24528301886792453, 'explosiveness': 2.2440810904474966}, 'rushingPlays': {'rate': 0.49586776859504134, 'ppa': -0.04181218451691194, 'totalPPA': -2.5087310710147164, 'successRate': 0.3, 'explosiveness': 1.4481811256910253}, 'passingPlays': {'rate': 0.4793388429752066, 'ppa': -0.0934258650192162, 'totalPPA': -5.41870017111454, 'successRate': 0.27586206896551724, 'explosiveness': 1.7177711226387018}}"
2026,Missouri State,Conference USA,"{'plays': 120, 'drives': 23, 'ppa': 0.0668812857775394, 'totalPPA': 8.025754293304729, 'successRate': 0.36666666666666664, 'explosiveness': 1.3335725530755398, 'powerSuccess': 0.7692307692307693, 'stuffRate': 0.17333333333333334, 'lineYards': 2.7746666666666666, 'lineYardsTotal': 208, 'secondLevelYards': 0.8533333333333334, 'secondLevelYardsTotal': 64, 'openFieldYards': 0.7066666666666667, 'openFieldYardsTotal': 53, 'totalOpportunies': 9, 'pointsPerOpportunity': 4.666666666666667, 'fieldPosition': {'averageStart': 70.3, 'averagePredictedPoints': 1.355}, 'havoc': {'total': 0.15, 'frontSeven': 0.117, 'db': 0.033}, 'standardDowns': {'rate': 0.6833333333333333, 'ppa': 0.06118001828779252, 'successRate': 0.45121951219512196, 'explosiveness': 1.1459961214255376}, 'passingDowns': {'rate': 0.31666666666666665, 'ppa': 0.07918402088699324, 'successRate': 0.18421052631578946, 'explosiveness': 2.325047977511265}, 'rushingPlays': {'rate': 0.625, 'ppa': -0.017359314782477903, 'totalPPA': -1.3019486086858427, 'successRate': 0.4, 'explosiveness': 1.034054238857143}, 'passingPlays': {'rate': 0.35833333333333334, 'ppa': 0.2875529729657039, 'totalPPA': 12.364777837525269, 'successRate': 0.32558139534883723, 'explosiveness': 1.9753975121149616}}","{'plays': 145, 'drives': 23, 'ppa': 0.19099381546614114, 'totalPPA': 27.69410324259046, 'successRate': 0.503448275862069, 'explosiveness': 1.0068807445175092, 'powerSuccess': 0.9090909090909091, 'stuffRate': 0.16455696202531644, 'lineYards': 3.469620253164557, 'lineYardsTotal': 274, 'secondLevelYards': 1.4683544303797469, 'secondLevelYardsTotal': 116, 'openFieldYards': 1.2911392405063291, 'openFieldYardsTotal': 0, 'totalOpportunies': 15, 'pointsPerOpportunity': 4.133333333333333, 'fieldPosition': {'averageStart': 65.2, 'averagePredictedPoints': -1.701}, 'havoc': {'total': 0.179, 'frontSeven': 0.103, 'db': 0.076}, 'standardDowns': {'rate': 0.6758620689655173, 'ppa': 0.1583444840811967, 'successRate': 0.5714285714285714, 'explosiveness': 0.7821059668869961}, 'passingDowns': {'rate': 0.32413793103448274, 'ppa': 0.2590711447368763, 'totalPPA': 17.589004050122718, 'successRate': 0.3617021276595745, 'explosiveness': 1.7473153061239057}, 'rushingPlays': {'rate': 0.5448275862068965, 'ppa': 0.13018467629800626, 'totalPPA': 10.284589427542494, 'successRate': 0.5443037974683544, 'explosiveness': 0.6927964679408282}, 'passingPlays': {'rate': 0.4206896551724138, 'ppa': 0.28834432869053633, 'totalPPA': 17.589004050122718, 'successRate': 0.4262295081967213, 'explosiveness': 1.5521183824421423}}"
2026,Navy,American Athletic,"{'plays': 136, 'drives': 21, 'ppa': 0.3197706471886218, 'totalPPA': 43.488808017652566, 'successRate': 0.5294117647058824, 'explosiveness': 1.205369775240681, 'powerSuccess': 1, 'stuffRate': 0.102803738317757, 'lineYards': 3.885046728971963, 'lineYardsTotal': 416, 'secondLevelYards': 1.4766355140186915, 'secondLevelYardsTotal': 158, 'openFieldYards': 2.177570093457944, 'openFieldYardsTotal': 233, 'totalOpportunies': 10, 'pointsPerOpportunity': 5.6, 'fieldPosition': {'averageStart': 71.5, 'averagePredictedPoints': 1.296}, 'havoc': {'total': 0.125, 'frontSeven': 0.081, 'db': 0.044}, 'standardDowns': {'rate': 0.7132352941176471, 'ppa': 0.34093002221174584, 'successRate': 0.6185567010309279, 'explosiveness': 1.0181979086055983}, 'passingDowns': {'rate': 0.2867647058823529, 'ppa': 0.26714348366956964, 'successRate': 0.3076923076923077, 'explosiveness': 2.1412291084160944}, 'rushingPlays': {'rate': 0.7867647058823529, 'ppa': 0.463392821707368, 'totalPPA': 49.58303192268838, 'successRate': 0.5887850467289719, 'explosiveness': 1.1341776406065291}, 'passingPlays': {'rate': 0.21323529411764705, 'ppa': -0.21014565189778653, 'totalPPA': -6.094223905035809, 'successRate': 0.3103448275862069, 'explosiveness': 1.7037147176797434}}","{'plays': 122, 'drives': 21, 'ppa': 0.14706200169209924, 'totalPPA': 17.941564206436105, 'successRate': 0.39344262295081966, 'explosiveness': 1.3645400299509731, 'powerSuccess': 1, 'stuffRate': 0.22807017543859648, 'lineYards': 2.6315789473684212, 'lineYardsTotal': 150, 'secondLevelYards': 0.43859649122807015, 'secondLevelYardsTotal': 25, 'openFieldYards': 0.017543859649122806, 'openFieldYardsTotal': 0, 'totalOpportunies': 10, 'pointsPerOpportunity': 3.8, 'fieldPosition': {'averageStart': 69.5, 'averagePredictedPoints': -1.469}, 'havoc': {'total': 0.148, 'frontSeven': 0.131, 'db': 0.016}, 'standardDowns': {'rate': 0.6557377049180327, 'ppa': -0.08034037966635497, 'successRate': 0.45, 'explosiveness': 0.8169913398222893}, 'passingDowns': {'rate': 0.3442622950819672, 'ppa': 0.5802093947558216, 'totalPPA': 29.33423076392517, 'successRate': 0.2857142857142857, 'explosiveness': 3.007186100337024}, 'rushingPlays': {'rate': 0.4672131147540984, 'ppa': -0.08122493757663464, 'totalPPA': -4.629821441868175, 'successRate': 0.3333333333333333, 'explosiveness': 0.7097237307766372}, 'passingPlays': {'rate': 0.4672131147540984, 'ppa': 0.5146356274372837, 'totalPPA': 29.33423076392517, 'successRate': 0.49122807017543857, 'explosiveness': 1.8534415386360032}}"
2026,NC State,ACC,"{'plays': 122, 'drives': 24, 'ppa': 0.31257295390370166, 'totalPPA': 38.1339003762516, 'successRate': 0.5245901639344263, 'explosiveness': 1.215048351157467, 'powerSuccess': 0.8181818181818182, 'stuffRate': 0.1076923076923077, 'lineYards': 3.727692307692308, 'lineYardsTotal': 242, 'secondLevelYards': 1.2923076923076924, 'secondLevelYardsTotal': 84, 'openFieldYards': 3.3384615384615386, 'openFieldYardsTotal': 217, 'totalOpportunies': 11, 'pointsPerOpportunity': 6, 'fieldPosition': {'averageStart': 70.3, 'averagePredictedPoints': 1.397}, 'havoc': {'total': 0.172, 'frontSeven': 0.098, 'db': 0.074}, 'standardDowns': {'rate': 0.7295081967213115, 'ppa': 0.35555685432976675, 'successRate': 0.5955056179775281, 'explosiveness': 1.094180464133476}, 'passingDowns': {'rate': 0.27049180327868855, 'ppa': 0.1966466769970413, 'successRate': 0.3333333333333333, 'explosiveness': 1.7974118068185148}, 'rushingPlays': {'rate': 0.5327868852459017, 'ppa': 0.41979839620285436, 'totalPPA': 27.286895753185533, 'successRate': 0.5846153846153846, 'explosiveness': 1.0274470198129504}, 'passingPlays': {'rate': 0.45081967213114754, 'ppa': 0.262404222673031, 'totalPPA': 14.432232247016705, 'successRate': 0.45454545454545453, 'explosiveness': 1.508288542790749}}","{'plays': 122, 'drives': 26, 'ppa': 0.001209137409209233, 'totalPPA': 0.14751476392352642, 'successRate': 0.38524590163934425, 'explosiveness': 1.068971648909871, 'powerSuccess': 0.7692307692307693, 'stuffRate': 0.19480519480519481, 'lineYards': 2.6246753246753247, 'lineYardsTotal': 202, 'secondLevelYards': 0.922077922077922, 'secondLevelYardsTotal': 71, 'openFieldYards': 0.5974025974025974, 'openFieldYardsTotal': 0, 'totalOpportunies': 9, 'pointsPerOpportunity': 3, 'fieldPosition': {'averageStart': 71.2, 'averagePredictedPoints': -1.304}, 'havoc': {'total': 0.156, 'frontSeven': 0.09, 'db': 0.066}, 'standardDowns': {'rate': 0.7213114754098361, 'ppa': 0.019895038697315553, 'successRate': 0.4659090909090909, 'explosiveness': 1.020957341545281}, 'passingDowns': {'rate': 0.2786885245901639, 'ppa': -0.04715437180706595, 'totalPPA': 3.6482383899287907, 'successRate': 0.17647058823529413, 'explosiveness': 1.397069415901236}, 'rushingPlays': {'rate': 0.6311475409836066, 'ppa': -0.045786932224877314, 'totalPPA': -3.5255937813155533, 'successRate': 0.44155844155844154, 'explosiveness': 0.832641798211812}, 'passingPlays': {'rate': 0.32786885245901637, 'ppa': 0.09120595974821977, 'totalPPA': 3.6482383899287907, 'successRate': 0.275, 'explosiveness': 1.8436911668973945}}"
2026,Nebraska,Big Ten,"{'plays': 140, 'drives': 21, 'ppa': 0.5175659052512254, 'totalPPA': 72.45922673517155, 'successRate': 0.5571428571428572, 'explosiveness': 1.4534374670791135, 'powerSuccess': 0.8333333333333334, 'stuffRate': 0.136986301369863, 'lineYards': 3.8205479452054796, 'lineYardsTotal': 279, 'secondLevelYards': 1.7397260273972603, 'secondLevelYardsTotal': 127, 'openFieldYards': 2.3972602739726026, 'openFieldYardsTotal': 175, 'totalOpportunies': 14, 'pointsPerOpportunity': 6, 'fieldPosition': {'averageStart': 68.7, 'averagePredictedPoints': 1.447}, 'havoc': {'total': 0.107, 'frontSeven': 0.064, 'db': 0.043}, 'standardDowns': {'rate': 0.7571428571428571, 'ppa': 0.3425169084244322, 'successRate': 0.5377358490566038, 'explosiveness': 1.2754493695213114}, 'passingDowns': {'rate': 0.24285714285714285, 'ppa': 1.0633068953582865, 'successRate': 0.6176470588235294, 'explosiveness': 1.9365480175931473}, 'rushingPlays': {'rate': 0.5214285714285715, 'ppa': 0.5579122071712436, 'totalPPA': 40.72759112350079, 'successRate': 0.589041095890411, 'explosiveness': 1.3442653315705542}, 'passingPlays': {'rate': 0.4714285714285714, 'ppa': 0.5161268167823903, 'totalPPA': 34.06436990763776, 'successRate': 0.5303030303030303, 'explosiveness': 1.5875632335610574}}","{'plays': 118, 'drives': 23, 'ppa': 0.051734406750209114, 'totalPPA': 6.104659996524675, 'successRate': 0.3389830508474576, 'explosiveness': 1.2549763899900523, 'powerSuccess': 1, 'stuffRate': 0.14516129032258066, 'lineYards': 3.05, 'lineYardsTotal': 189, 'secondLevelYards': 0.9193548387096774, 'secondLevelYardsTotal': 57, 'openFieldYards': 0.5967741935483871, 'openFieldYardsTotal': 0, 'totalOpportunies': 8, 'pointsPerOpportunity': 3.375, 'fieldPosition': {'averageStart': 72.5, 'averagePredictedPoints': -1.184}, 'havoc': {'total': 0.212, 'frontSeven': 0.11, 'db': 0.102}, 'standardDowns': {'rate': 0.6440677966101694, 'ppa': 0.21114056415581234, 'successRate': 0.4605263157894737, 'explosiveness': 1.194681572725893}, 'passingDowns': {'rate': 0.3559322033898305, 'ppa': -0.23671483045993008, 'totalPPA': -6.035464365206821, 'successRate': 0.11904761904761904, 'explosiveness': 1.6770401108391668}, 'rushingPlays': {'rate': 0.5254237288135594, 'ppa': 0.14383553271834185, 'totalPPA': 8.917803028537195, 'successRate': 0.3548387096774194, 'explosiveness': 1.1409684254598114}, 'passingPlays': {'rate': 0.4322033898305085, 'ppa': -0.11834243853346708, 'totalPPA': -6.035464365206821, 'successRate': 0.27450980392156865, 'explosiveness': 1.470529248195705}}"
2026,Nevada,Mountain West,"{'plays': 131, 'drives': 23, 'ppa': 0.12534959810303492, 'totalPPA': 16.420797351497573, 'successRate': 0.44274809160305345, 'explosiveness': 1.3284449769173483, 'powerSuccess': 0.7857142857142857, 'stuffRate': 0.16666666666666666, 'lineYards': 3.6192307692307693, 'lineYardsTotal': 282, 'secondLevelYards': 1.564102564102564, 'secondLevelYardsTotal': 122, 'openFieldYards': 1.8974358974358974, 'openFieldYardsTotal': 148, 'totalOpportunies': 12, 'pointsPerOpportunity': 4.083333333333333, 'fieldPosition': {'averageStart': 74, 'averagePredictedPoints': 1.167}, 'havoc': {'total': 0.115, 'frontSeven': 0.038, 'db': 0.076}, 'standardDowns': {'rate': 0.6717557251908397, 'ppa': 0.12263454643322795, 'successRate': 0.5, 'explosiveness': 1.116803198753902}, 'passingDowns': {'rate': 0.3282442748091603, 'ppa': 0.1309059829156631, 'successRate': 0.32558139534883723, 'explosiveness': 1.993604851145322}, 'rushingPlays': {'rate': 0.5954198473282443, 'ppa': 0.30578741515888114, 'totalPPA': 23.85141838239273, 'successRate': 0.5256410256410257, 'explosiveness': 1.153955621065216}, 'passingPlays': {'rate': 0.37404580152671757, 'ppa': -0.05404204243287254, 'totalPPA': -2.6480600792107545, 'successRate': 0.32653061224489793, 'explosiveness': 1.7472905612314595}}","{'plays': 149, 'drives': 23, 'ppa': 0.08041411531454036, 'totalPPA': 11.981703181866513, 'successRate': 0.4429530201342282, 'explosiveness': 0.9720734947656507, 'powerSuccess': 0.6666666666666666, 'stuffRate': 0.20253164556962025, 'lineYards': 2.9873417721518987, 'lineYardsTotal': 236, 'secondLevelYards': 0.9873417721518988, 'secondLevelYardsTotal': 78, 'openFieldYards': 0.5189873417721519, 'openFieldYardsTotal': 0, 'totalOpportunies': 11, 'pointsPerOpportunity': 3.090909090909091, 'fieldPosition': {'averageStart': 72.3, 'averagePredictedPoints': -1.182}, 'havoc': {'total': 0.148, 'frontSeven': 0.101, 'db': 0.047}, 'standardDowns': {'rate': 0.6644295302013423, 'ppa': 0.04448306583314011, 'successRate': 0.5050505050505051, 'explosiveness': 0.8259229857878123}, 'passingDowns': {'rate': 0.33557046979865773, 'ppa': 0.15155759328771284, 'totalPPA': 17.686509327384982, 'successRate': 0.32, 'explosiveness': 1.4287938353213958}, 'rushingPlays': {'rate': 0.5302013422818792, 'ppa': -0.05909003671356077, 'totalPPA': -4.668112900371301, 'successRate': 0.45569620253164556, 'explosiveness': 0.5749033130657096}, 'passingPlays': {'rate': 0.4429530201342282, 'ppa': 0.2679774140512876, 'totalPPA': 17.686509327384982, 'successRate': 0.45454545454545453, 'explosiveness': 1.44867771280558}}"
2026,New Mexico,Mountain West,"{'plays': 144, 'drives': 27, 'ppa': 0.23523015869352826, 'totalPPA': 33.87314285186807, 'successRate': 0.4791666666666667, 'explosiveness': 1.1024318664396167, 'powerSuccess': 0.9166666666666666, 'stuffRate': 0.1276595744680851, 'lineYards': 3.401063829787234, 'lineYardsTotal': 320, 'secondLevelYards': 1.2234042553191489, 'secondLevelYardsTotal': 115, 'openFieldYards': 1.1702127659574468, 'openFieldYardsTotal': 110, 'totalOpportunies': 19, 'pointsPerOpportunity': 4.894736842105263, 'fieldPosition': {'averageStart': 60.4, 'averagePredictedPoints': 2.179}, 'havoc': {'total': 0.083, 'frontSeven': 0.056, 'db': 0.028}, 'standardDowns': {'rate': 0.7569444444444444, 'ppa': 0.26436941862449237, 'successRate': 0.5321100917431193, 'explosiveness': 1.048548299638846}, 'passingDowns': {'rate': 0.24305555555555555, 'ppa': 0.14448217776566857, 'successRate': 0.3142857142857143, 'explosiveness': 1.3865452186618619}, 'rushingPlays': {'rate': 0.6527777777777778, 'ppa': 0.3178008899223908, 'totalPPA': 29.873283652704735, 'successRate': 0.5319148936170213, 'explosiveness': 0.9876080834138979}, 'passingPlays': {'rate': 0.3194444444444444, 'ppa': 0.0951269825017262, 'totalPPA': 4.375841195079405, 'successRate': 0.391304347826087, 'explosiveness': 1.4485369937626507}}","{'plays': 105, 'drives': 27, 'ppa': -0.298944742674818, 'totalPPA': -31.389197980855894, 'successRate': 0.22857142857142856, 'explosiveness': 1.4412726077351177, 'powerSuccess': 0.5, 'stuffRate': 0.2, 'lineYards': 1.6927272727272726, 'lineYardsTotal': 93, 'secondLevelYards': 1.0545454545454545, 'secondLevelYardsTotal': 58, 'openFieldYards': 0.45454545454545453, 'openFieldYardsTotal': 0, 'totalOpportunies': 3, 'pointsPerOpportunity': 2.3333333333333335, 'fieldPosition': {'averageStart': 76.9, 'averagePredictedPoints': -0.85}, 'havoc': {'total': 0.305, 'frontSeven': 0.21, 'db': 0.095}, 'standardDowns': {'rate': 0.5619047619047619, 'ppa': -0.41074753588219276, 'successRate': 0.2711864406779661, 'explosiveness': 1.382127318982036}, 'passingDowns': {'rate': 0.4380952380952381, 'ppa': -0.15554550790883745, 'totalPPA': -13.409290205775232, 'successRate': 0.17391304347826086, 'explosiveness': 1.5595631852412815}, 'rushingPlays': {'rate': 0.5238095238095238, 'ppa': -0.12469164073711092, 'totalPPA': -6.858040240541101, 'successRate': 0.2909090909090909, 'explosiveness': 1.072937044821143}, 'passingPlays': {'rate': 0.4380952380952381, 'ppa': -0.29150630882120065, 'totalPPA': -13.409290205775232, 'successRate': 0.17391304347826086, 'explosiveness': 2.177943733563067}}"
2026,New Mexico State,Conference USA,"{'plays': 201, 'drives': 34, 'ppa': 0.1547919421257269, 'totalPPA': 31.113180367271106, 'successRate': 0.43781094527363185, 'explosiveness': 1.4261327937630708, 'powerSuccess': 0.6875, 'stuffRate': 0.14285714285714285, 'lineYards': 3.207692307692308, 'lineYardsTotal': 292, 'secondLevelYards': 1.2527472527472527, 'secondLevelYardsTotal': 114, 'openFieldYards': 1.032967032967033, 'openFieldYardsTotal': 94, 'totalOpportunies': 15, 'pointsPerOpportunity': 4.133333333333333, 'fieldPosition': {'averageStart': 74.8, 'averagePredictedPoints': 1.066}, 'havoc': {'total': 0.159, 'frontSeven': 0.07, 'db': 0.09}, 'standardDowns': {'rate': 0.7014925373134329, 'ppa': -0.010273270045490784, 'successRate': 0.46099290780141844, 'explosiveness': 1.1587111756128807}, 'passingDowns': {'rate': 0.29850746268656714, 'ppa': 0.5426951907280885, 'successRate': 0.38333333333333336, 'explosiveness': 2.18188954070926}, 'rushingPlays': {'rate': 0.4527363184079602, 'ppa': 0.1007894126823195, 'totalPPA': 9.171836554091074, 'successRate': 0.4725274725274725, 'explosiveness': 1.0255440775269689}, 'passingPlays': {'rate': 0.5174129353233831, 'ppa': 0.281151767305488, 'totalPPA': 29.239783799770755, 'successRate': 0.4326923076923077, 'explosiveness': 1.808917567055346}}","{'plays': 202, 'drives': 35, 'ppa': 0.09588152231816763, 'totalPPA': 19.36806750826986, 'successRate': 0.4158415841584158, 'explosiveness': 1.162391545945404, 'powerSuccess': 0.8333333333333334, 'stuffRate': 0.2247191011235955, 'lineYards': 2.953932584269663, 'lineYardsTotal': 263, 'secondLevelYards': 0.9213483146067416, 'secondLevelYardsTotal': 82, 'openFieldYards': 1.7415730337078652, 'openFieldYardsTotal': 0, 'totalOpportunies': 18, 'pointsPerOpportunity': 3.944444444444444, 'fieldPosition': {'averageStart': 67.9, 'averagePredictedPoints': -1.532}, 'havoc': {'total': 0.129, 'frontSeven': 0.079, 'db': 0.05}, 'standardDowns': {'rate': 0.6633663366336634, 'ppa': 0.08565004537247624, 'successRate': 0.4701492537313433, 'explosiveness': 1.019405165773308}, 'passingDowns': {'rate': 0.33663366336633666, 'ppa': 0.11604355041703006, 'totalPPA': 20.585040602348, 'successRate': 0.3088235294117647, 'explosiveness': 1.591350686461692}, 'rushingPlays': {'rate': 0.4405940594059406, 'ppa': 0.02461065397294369, 'totalPPA': 2.1903482035919883, 'successRate': 0.39325842696629215, 'explosiveness': 0.8667886745880662}, 'passingPlays': {'rate': 0.5346534653465347, 'ppa': 0.1906022277995185, 'totalPPA': 20.585040602348, 'successRate': 0.4351851851851852, 'explosiveness': 1.3872670017549606}}"
2026,North Carolina,ACC,"{'plays': 113, 'drives': 19, 'ppa': 0.2360141771942716, 'totalPPA': 26.669602022952688, 'successRate': 0.5132743362831859, 'explosiveness': 1.0323754501520834, 'powerSuccess': 0.6666666666666666, 'stuffRate': 0.1320754716981132, 'lineYards': 3.8264150943396227, 'lineYardsTotal': 203, 'secondLevelYards': 1.5283018867924527, 'secondLevelYardsTotal': 81, 'openFieldYards': 0.5283018867924528, 'openFieldYardsTotal': 28, 'totalOpportunies': 11, 'pointsPerOpportunity': 4.363636363636363, 'fieldPosition': {'averageStart': 71.2, 'averagePredictedPoints': 1.397}, 'havoc': {'total': 0.124, 'frontSeven': 0.08, 'db': 0.044}, 'standardDowns': {'rate': 0.6902654867256637, 'ppa': 0.12436750752597846, 'successRate': 0.5769230769230769, 'explosiveness': 0.7986511099662732}, 'passingDowns': {'rate': 0.30973451327433627, 'ppa': 0.484826755312182, 'successRate': 0.37142857142857144, 'explosiveness': 1.8414212431029653}, 'rushingPlays': {'rate': 0.4690265486725664, 'ppa': 0.029100137527346373, 'totalPPA': 1.5423072889493579, 'successRate': 0.49056603773584906, 'explosiveness': 0.6281497568153531}, 'passingPlays': {'rate': 0.504424778761062, 'ppa': 0.38903291440247506, 'totalPPA': 22.17487612094108, 'successRate': 0.5087719298245614, 'explosiveness': 1.3997746144330832}}","{'plays': 139, 'drives': 19, 'ppa': -0.12123967374772954, 'totalPPA': -16.852314650934407, 'successRate': 0.381294964028777, 'explosiveness': 0.8784887790699076, 'powerSuccess': 0.8333333333333334, 'stuffRate': 0.13636363636363635, 'lineYards': 2.7515151515151515, 'lineYardsTotal': 182, 'secondLevelYards': 0.5606060606060606, 'secondLevelYardsTotal': 37, 'openFieldYards': 0.6060606060606061, 'openFieldYardsTotal': 0, 'totalOpportunies': 10, 'pointsPerOpportunity': 1.3, 'fieldPosition': {'averageStart': 70.5, 'averagePredictedPoints': -1.274}, 'havoc': {'total': 0.137, 'frontSeven': 0.094, 'db': 0.043}, 'standardDowns': {'rate': 0.6546762589928058, 'ppa': -0.039890883457994256, 'successRate': 0.4835164835164835, 'explosiveness': 0.8108162192382596}, 'passingDowns': {'rate': 0.34532374100719426, 'ppa': -0.2754634220053527, 'totalPPA': -5.325682696646637, 'successRate': 0.1875, 'explosiveness': 1.20933240491352}, 'rushingPlays': {'rate': 0.4748201438848921, 'ppa': -0.09000680030303361, 'totalPPA': -5.940448820000218, 'successRate': 0.4090909090909091, 'explosiveness': 0.5845912799977665}, 'passingPlays': {'rate': 0.49640287769784175, 'ppa': -0.07718380719777734, 'totalPPA': -5.325682696646637, 'successRate': 0.37681159420289856, 'explosiveness': 1.1836900281063618}}"
2026,North Dakota State,Mountain West,"{'plays': 199, 'drives': 30, 'ppa': 0.1779024536014308, 'totalPPA': 35.40258826668473, 'successRate': 0.4321608040201005, 'explosiveness': 1.3082108261820105, 'powerSuccess': 0.6923076923076923, 'stuffRate': 0.1864406779661017, 'lineYards': 2.8686440677966103, 'lineYardsTotal': 339, 'secondLevelYards': 0.9322033898305084, 'secondLevelYardsTotal': 110, 'openFieldYards': 0.8135593220338984, 'openFieldYardsTotal': 96, 'totalOpportunies': 19, 'pointsPerOpportunity': 4.2631578947368425, 'fieldPosition': {'averageStart': 68.1, 'averagePredictedPoints': 1.533}, 'havoc': {'total': 0.121, 'frontSeven': 0.08, 'db': 0.04}, 'standardDowns': {'rate': 0.7135678391959799, 'ppa': 0.10492492544932767, 'successRate': 0.5, 'explosiveness': 1.056685011567415}, 'passingDowns': {'rate': 0.2864321608040201, 'ppa': 0.3597061202259685, 'successRate': 0.2631578947368421, 'explosiveness': 2.498766348691095}, 'rushingPlays': {'rate': 0.592964824120603, 'ppa': 0.09690818342322147, 'totalPPA': 11.435165643940133, 'successRate': 0.3898305084745763, 'explosiveness': 1.024167278399331}, 'passingPlays': {'rate': 0.38190954773869346, 'ppa': 0.35488108261791795, 'totalPPA': 26.970962278961764, 'successRate': 0.5, 'explosiveness': 1.6727096705979172}}","{'plays': 173, 'drives': 31, 'ppa': -0.1642277760509774, 'totalPPA': -28.411405256819094, 'successRate': 0.3815028901734104, 'explosiveness': 0.9781791324953276, 'powerSuccess': 0.7142857142857143, 'stuffRate': 0.14705882352941177, 'lineYards': 2.6372549019607843, 'lineYardsTotal': 269, 'secondLevelYards': 0.7843137254901961, 'secondLevelYardsTotal': 80, 'openFieldYards': 0.23529411764705882, 'openFieldYardsTotal': 0, 'totalOpportunies': 12, 'pointsPerOpportunity': 1.75, 'fieldPosition': {'averageStart': 73.4, 'averagePredictedPoints': -1.078}, 'havoc': {'total': 0.156, 'frontSeven': 0.092, 'db': 0.064}, 'standardDowns': {'rate': 0.6589595375722543, 'ppa': -0.04883876224483379, 'successRate': 0.49122807017543857, 'explosiveness': 0.817242253776463}, 'passingDowns': {'rate': 0.34104046242774566, 'ppa': -0.3871828196764075, 'totalPPA': -13.54991250199388, 'successRate': 0.1694915254237288, 'explosiveness': 1.8794256533209697}, 'rushingPlays': {'rate': 0.5895953757225434, 'ppa': -0.12301570662902667, 'totalPPA': -12.54760207616072, 'successRate': 0.4117647058823529, 'explosiveness': 0.7257486774069865}, 'passingPlays': {'rate': 0.3815028901734104, 'ppa': -0.20530170457566485, 'totalPPA': -13.54991250199388, 'successRate': 0.3484848484848485, 'explosiveness': 1.5004332881964253}}"
2026,Northern Illinois,Mountain West,"{'plays': 124, 'drives': 26, 'ppa': -0.24021033024150523, 'totalPPA': -29.786080949946648, 'successRate': 0.33064516129032256, 'explosiveness': 0.9335639254259359, 'powerSuccess': 0.6, 'stuffRate': 0.22807017543859648, 'lineYards': 2.3789473684210525, 'lineYardsTotal': 136, 'secondLevelYards': 0.5789473684210527, 'secondLevelYardsTotal': 33, 'openFieldYards': 0.3157894736842105, 'openFieldYardsTotal': 18, 'totalOpportunies': 8, 'pointsPerOpportunity': 1.25, 'fieldPosition': {'averageStart': 74.6, 'averagePredictedPoints': 1.032}, 'havoc': {'total': 0.177, 'frontSeven': 0.129, 'db': 0.048}, 'standardDowns': {'rate': 0.6854838709677419, 'ppa': -0.20172917022736778, 'successRate': 0.43529411764705883, 'explosiveness': 0.7614206717065528}, 'passingDowns': {'rate': 0.31451612903225806, 'ppa': -0.3240795251441125, 'successRate': 0.10256410256410256, 'explosiveness': 2.52588902233023}, 'rushingPlays': {'rate': 0.4596774193548387, 'ppa': -0.21093198321192339, 'totalPPA': -12.023123043079634, 'successRate': 0.3684210526315789, 'explosiveness': 0.5945894340700856}, 'passingPlays': {'rate': 0.5, 'ppa': -0.06425331110192231, 'totalPPA': -3.9837052883191837, 'successRate': 0.3225806451612903, 'explosiveness': 1.2894871413495788}}","{'plays': 143, 'drives': 24, 'ppa': 0.003955245944769085, 'totalPPA': 0.5656001701019792, 'successRate': 0.4125874125874126, 'explosiveness': 1.150449449041141, 'powerSuccess': 0.5454545454545454, 'stuffRate': 0.16901408450704225, 'lineYards': 3.0873239436619717, 'lineYardsTotal': 219, 'secondLevelYards': 1.3098591549295775, 'secondLevelYardsTotal': 93, 'openFieldYards': 1.7887323943661972, 'openFieldYardsTotal': 0, 'totalOpportunies': 15, 'pointsPerOpportunity': 2.7333333333333334, 'fieldPosition': {'averageStart': 65.8, 'averagePredictedPoints': -1.769}, 'havoc': {'total': 0.119, 'frontSeven': 0.063, 'db': 0.056}, 'standardDowns': {'rate': 0.6783216783216783, 'ppa': -0.09823755042901595, 'successRate': 0.4742268041237113, 'explosiveness': 0.8510696025236134}, 'passingDowns': {'rate': 0.32167832167832167, 'ppa': 0.21944875134166364, 'totalPPA': 3.111482698231136, 'successRate': 0.2826086956521739, 'explosiveness': 2.2097935213339315}, 'rushingPlays': {'rate': 0.4965034965034965, 'ppa': 0.1149786433100135, 'totalPPA': 8.163483675010959, 'successRate': 0.4225352112676056, 'explosiveness': 1.0192437412683166}, 'passingPlays': {'rate': 0.4755244755244755, 'ppa': 0.045757098503399055, 'totalPPA': 3.111482698231136, 'successRate': 0.4264705882352941, 'explosiveness': 1.2861794915647526}}"
2026,North Texas,American Athletic,"{'plays': 138, 'drives': 22, 'ppa': 0.1985668326897479, 'totalPPA': 27.402222911185213, 'successRate': 0.39855072463768115, 'explosiveness': 1.4371934204362449, 'powerSuccess': 0.5, 'stuffRate': 0.17567567567567569, 'lineYards': 3.0297297297297296, 'lineYardsTotal': 224, 'secondLevelYards': 1.1756756756756757, 'secondLevelYardsTotal': 87, 'openFieldYards': 0.9054054054054054, 'openFieldYardsTotal': 67, 'totalOpportunies': 14, 'pointsPerOpportunity': 4.285714285714286, 'fieldPosition': {'averageStart': 69.5, 'averagePredictedPoints': 1.469}, 'havoc': {'total': 0.123, 'frontSeven': 0.08, 'db': 0.043}, 'standardDowns': {'rate': 0.6666666666666666, 'ppa': 0.07808883464092634, 'successRate': 0.42391304347826086, 'explosiveness': 1.2409864316749977}, 'passingDowns': {'rate': 0.3333333333333333, 'ppa': 0.439522828787391, 'successRate': 0.34782608695652173, 'explosiveness': 1.9154479555417845}, 'rushingPlays': {'rate': 0.5362318840579711, 'ppa': 0.097083317632878, 'totalPPA': 7.184165504832972, 'successRate': 0.35135135135135137, 'explosiveness': 1.1692516609076917}, 'passingPlays': {'rate': 0.43478260869565216, 'ppa': 0.33528145122898717, 'totalPPA': 20.116887073739232, 'successRate': 0.4666666666666667, 'explosiveness': 1.6979677575858714}}","{'plays': 119, 'drives': 21, 'ppa': 0.10317773513901339, 'totalPPA': 12.278150481542594, 'successRate': 0.42016806722689076, 'explosiveness': 1.1068830125613625, 'powerSuccess': 0.75, 'stuffRate': 0.15151515151515152, 'lineYards': 2.4575757575757575, 'lineYardsTotal': 162, 'secondLevelYards': 0.6363636363636364, 'secondLevelYardsTotal': 42, 'openFieldYards': 0.8939393939393939, 'openFieldYardsTotal': 0, 'totalOpportunies': 11, 'pointsPerOpportunity': 4, 'fieldPosition': {'averageStart': 63.8, 'averagePredictedPoints': -1.843}, 'havoc': {'total': 0.151, 'frontSeven': 0.101, 'db': 0.05}, 'standardDowns': {'rate': 0.6974789915966386, 'ppa': -0.040648140358301714, 'successRate': 0.4457831325301205, 'explosiveness': 0.833339445500558}, 'passingDowns': {'rate': 0.3025210084033613, 'ppa': 0.4347762814244899, 'totalPPA': 31.51392768004934, 'successRate': 0.3611111111111111, 'explosiveness': 1.8854300880421133}, 'rushingPlays': {'rate': 0.5546218487394958, 'ppa': -0.20370330642269555, 'totalPPA': -13.444418223897907, 'successRate': 0.36363636363636365, 'explosiveness': 0.3285594599976487}, 'passingPlays': {'rate': 0.4117647058823529, 'ppa': 0.6431413812254967, 'totalPPA': 31.51392768004934, 'successRate': 0.5102040816326531, 'explosiveness': 1.835346189533448}}"
2026,Northwestern,Big Ten,"{'plays': 55, 'drives': 11, 'ppa': 0.4796492784465596, 'totalPPA': 26.380710314560776, 'successRate': 0.509090909090909, 'explosiveness': 1.4850398029259404, 'powerSuccess': 1, 'stuffRate': 0.10714285714285714, 'lineYards': 3.95, 'lineYardsTotal': 111, 'secondLevelYards': 1.75, 'secondLevelYardsTotal': 49, 'openFieldYards': 3.142857142857143, 'openFieldYardsTotal': 88, 'totalOpportunies': 6, 'pointsPerOpportunity': 4.5, 'fieldPosition': {'averageStart': 73.5, 'averagePredictedPoints': 1.104}, 'havoc': {'total': 0.127, 'frontSeven': 0.055, 'db': 0.073}, 'standardDowns': {'rate': 0.6545454545454545, 'ppa': 0.5291909597034333, 'successRate': 0.6111111111111112, 'explosiveness': 1.388266459364012}, 'passingDowns': {'rate': 0.34545454545454546, 'ppa': 0.38578082974932504, 'successRate': 0.3157894736842105, 'explosiveness': 1.8398753959863448}, 'rushingPlays': {'rate': 0.509090909090909, 'ppa': 0.5242767867523955, 'totalPPA': 14.679750029067074, 'successRate': 0.5357142857142857, 'explosiveness': 1.3202138321929449}, 'passingPlays': {'rate': 0.4727272727272727, 'ppa': 0.46709006175291307, 'totalPPA': 12.14434160557574, 'successRate': 0.46153846153846156, 'explosiveness': 1.8517740265928495}}","{'plays': 90, 'drives': 12, 'ppa': 0.08997341550625394, 'totalPPA': 8.097607395562855, 'successRate': 0.4222222222222222, 'explosiveness': 1.0576414342835372, 'powerSuccess': 0.7777777777777778, 'stuffRate': 0.13157894736842105, 'lineYards': 3.305263157894737, 'lineYardsTotal': 126, 'secondLevelYards': 0.8947368421052632, 'secondLevelYardsTotal': 34, 'openFieldYards': 0.13157894736842105, 'openFieldYardsTotal': 0, 'totalOpportunies': 7, 'pointsPerOpportunity': 2.7142857142857144, 'fieldPosition': {'averageStart': 67.9, 'averagePredictedPoints': -1.473}, 'havoc': {'total': 0.189, 'frontSeven': 0.033, 'db': 0.156}, 'standardDowns': {'rate': 0.7111111111111111, 'ppa': 0.046538190168823365, 'successRate': 0.46875, 'explosiveness': 0.9166595241549275}, 'passingDowns': {'rate': 0.28888888888888886, 'ppa': 0.1968908932599292, 'totalPPA': 3.3179840613464777, 'successRate': 0.3076923076923077, 'explosiveness': 1.5863235972658234}, 'rushingPlays': {'rate': 0.4222222222222222, 'ppa': 0.09707153280914538, 'totalPPA': 3.6887182467475244, 'successRate': 0.4473684210526316, 'explosiveness': 0.6043028233309146}, 'passingPlays': {'rate': 0.5555555555555556, 'ppa': 0.06635968122692955, 'totalPPA': 3.3179840613464777, 'successRate': 0.4, 'explosiveness': 1.43831633373808}}"
2026,Notre Dame,FBS Independents,"{'plays': 130, 'drives': 20, 'ppa': 0.3882939958255484, 'totalPPA': 50.478219457321295, 'successRate': 0.5076923076923077, 'explosiveness': 1.17940061549341, 'powerSuccess': 0.7272727272727273, 'stuffRate': 0.07936507936507936, 'lineYards': 2.773015873015873, 'lineYardsTotal': 175, 'secondLevelYards': 0.6031746031746031, 'secondLevelYardsTotal': 38, 'openFieldYards': 0.36507936507936506, 'openFieldYardsTotal': 23, 'totalOpportunies': 15, 'pointsPerOpportunity': 5.266666666666667, 'fieldPosition': {'averageStart': 72.3, 'averagePredictedPoints': 1.282}, 'havoc': {'total': 0.1, 'frontSeven': 0.038, 'db': 0.062}, 'standardDowns': {'rate': 0.7692307692307693, 'ppa': 0.4311300729002324, 'successRate': 0.59, 'explosiveness': 1.1182724580296692}, 'passingDowns': {'rate': 0.23076923076923078, 'ppa': 0.24550707224326845, 'successRate': 0.23333333333333334, 'explosiveness': 1.6946236569735103}, 'rushingPlays': {'rate': 0.4846153846153846, 'ppa': 0.18108716986286674, 'totalPPA': 11.408491701360605, 'successRate': 0.42857142857142855, 'explosiveness': 0.9102842935084624}, 'passingPlays': {'rate': 0.47692307692307695, 'ppa': 0.5781844490248605, 'totalPPA': 35.84743583954135, 'successRate': 0.5967741935483871, 'explosiveness': 1.34113826739938}}","{'plays': 108, 'drives': 21, 'ppa': -0.16198578807048677, 'totalPPA': -17.494465111612573, 'successRate': 0.3055555555555556, 'explosiveness': 1.3646248574810422, 'powerSuccess': 0.6666666666666666, 'stuffRate': 0.22580645161290322, 'lineYards': 2.1016129032258064, 'lineYardsTotal': 130, 'secondLevelYards': 0.5, 'secondLevelYardsTotal': 31, 'openFieldYards': 0.24193548387096775, 'openFieldYardsTotal': 0, 'totalOpportunies': 10, 'pointsPerOpportunity': 0.6, 'fieldPosition': {'averageStart': 72.4, 'averagePredictedPoints': -1.183}, 'havoc': {'total': 0.241, 'frontSeven': 0.185, 'db': 0.056}, 'standardDowns': {'rate': 0.6018518518518519, 'ppa': -0.10086496225782146, 'successRate': 0.36923076923076925, 'explosiveness': 1.0618158996325926}, 'passingDowns': {'rate': 0.39814814814814814, 'ppa': -0.2543777340663762, 'totalPPA': 4.47959734247474, 'successRate': 0.20930232558139536, 'explosiveness': 2.1721154117435746}, 'rushingPlays': {'rate': 0.5740740740740741, 'ppa': -0.3976888581912543, 'totalPPA': -24.65670920785777, 'successRate': 0.22580645161290322, 'explosiveness': 0.8971302237463907}, 'passingPlays': {'rate': 0.4074074074074074, 'ppa': 0.10180903051078954, 'totalPPA': 4.47959734247474, 'successRate': 0.4090909090909091, 'explosiveness': 1.6486589880953093}}"
2026,Ohio,Mid-American,"{'plays': 134, 'drives': 21, 'ppa': 0.0822707766879752, 'totalPPA': 11.024284076188676, 'successRate': 0.3805970149253731, 'explosiveness': 1.1226937199416582, 'powerSuccess': 0.9090909090909091, 'stuffRate': 0.10666666666666667, 'lineYards': 3.292, 'lineYardsTotal': 247, 'secondLevelYards': 0.92, 'secondLevelYardsTotal': 69, 'openFieldYards': 0.28, 'openFieldYardsTotal': 21, 'totalOpportunies': 9, 'pointsPerOpportunity': 4.111111111111111, 'fieldPosition': {'averageStart': 69.8, 'averagePredictedPoints': 1.411}, 'havoc': {'total': 0.165, 'frontSeven': 0.079, 'db': 0.086}, 'standardDowns': {'rate': 0.664179104477612, 'ppa': 0.20269068515225805, 'successRate': 0.47191011235955055, 'explosiveness': 1.1106242626952698}, 'passingDowns': {'rate': 0.3358208955223881, 'ppa': -0.15589304227471754, 'successRate': 0.2, 'explosiveness': 1.179017853758137}, 'rushingPlays': {'rate': 0.5597014925373134, 'ppa': 0.16139080823147536, 'totalPPA': 12.104310617360651, 'successRate': 0.4266666666666667, 'explosiveness': 0.9035947669080997}, 'passingPlays': {'rate': 0.417910447761194, 'ppa': -0.06625027572919742, 'totalPPA': -3.710015440835056, 'successRate': 0.30357142857142855, 'explosiveness': 1.4367258143970723}}","{'plays': 145, 'drives': 21, 'ppa': 0.36436680016988715, 'totalPPA': 52.83318602463363, 'successRate': 0.496551724137931, 'explosiveness': 1.3428370013336863, 'powerSuccess': 0.8333333333333334, 'stuffRate': 0.21176470588235294, 'lineYards': 3.14, 'lineYardsTotal': 267, 'secondLevelYards': 1.3058823529411765, 'secondLevelYardsTotal': 111, 'openFieldYards': 1.0352941176470587, 'openFieldYardsTotal': 0, 'totalOpportunies': 10, 'pointsPerOpportunity': 5.9, 'fieldPosition': {'averageStart': 74.1, 'averagePredictedPoints': -1.031}, 'havoc': {'total': 0.15, 'frontSeven': 0.095, 'db': 0.054}, 'standardDowns': {'rate': 0.7379310344827587, 'ppa': 0.186022390170931, 'successRate': 0.4766355140186916, 'explosiveness': 1.2138387401752762}, 'passingDowns': {'rate': 0.2620689655172414, 'ppa': 0.8665471125353689, 'totalPPA': 33.5560110628318, 'successRate': 0.5526315789473685, 'explosiveness': 1.6561184927183967}, 'rushingPlays': {'rate': 0.5862068965517241, 'ppa': 0.2267902936682569, 'totalPPA': 19.277174961801837, 'successRate': 0.4823529411764706, 'explosiveness': 1.0134164073411058}, 'passingPlays': {'rate': 0.41379310344827586, 'ppa': 0.5592668510471966, 'totalPPA': 33.5560110628318, 'successRate': 0.5166666666666667, 'explosiveness': 1.7785223030658088}}"
2026,Ohio State,Big Ten,"{'plays': 137, 'drives': 23, 'ppa': 0.3799475988897337, 'totalPPA': 52.05282104789352, 'successRate': 0.48175182481751827, 'explosiveness': 1.406900457467487, 'powerSuccess': 0.7142857142857143, 'stuffRate': 0.1935483870967742, 'lineYards': 3.117741935483871, 'lineYardsTotal': 193, 'secondLevelYards': 1.0483870967741935, 'secondLevelYardsTotal': 65, 'openFieldYards': 1.8548387096774195, 'openFieldYardsTotal': 115, 'totalOpportunies': 14, 'pointsPerOpportunity': 4.142857142857143, 'fieldPosition': {'averageStart': 70.4, 'averagePredictedPoints': 1.405}, 'havoc': {'total': 0.124, 'frontSeven': 0.08, 'db': 0.044}, 'standardDowns': {'rate': 0.7007299270072993, 'ppa': 0.35471845285136117, 'successRate': 0.5625, 'explosiveness': 1.1642162841927082}, 'passingDowns': {'rate': 0.29927007299270075, 'ppa': 0.4390207213210449, 'successRate': 0.2926829268292683, 'explosiveness': 2.4989792372039914}, 'rushingPlays': {'rate': 0.45255474452554745, 'ppa': 0.16989902863617878, 'totalPPA': 10.533739775443085, 'successRate': 0.41935483870967744, 'explosiveness': 1.1669060505792248}, 'passingPlays': {'rate': 0.5182481751824818, 'ppa': 0.6572827343788898, 'totalPPA': 46.66707414090118, 'successRate': 0.5492957746478874, 'explosiveness': 1.5878264361883783}}","{'plays': 140, 'drives': 24, 'ppa': -0.11224775449000869, 'totalPPA': -15.714685628601217, 'successRate': 0.36428571428571427, 'explosiveness': 1.0975764910784693, 'powerSuccess': 0.7272727272727273, 'stuffRate': 0.20967741935483872, 'lineYards': 2.361290322580645, 'lineYardsTotal': 146, 'secondLevelYards': 1.0806451612903225, 'secondLevelYardsTotal': 67, 'openFieldYards': 0.22580645161290322, 'openFieldYardsTotal': 0, 'totalOpportunies': 7, 'pointsPerOpportunity': 3.857142857142857, 'fieldPosition': {'averageStart': 74.7, 'averagePredictedPoints': -1.012}, 'havoc': {'total': 0.186, 'frontSeven': 0.121, 'db': 0.064}, 'standardDowns': {'rate': 0.6428571428571429, 'ppa': -0.19257611959182633, 'successRate': 0.4111111111111111, 'explosiveness': 0.8831849191244521}, 'passingDowns': {'rate': 0.35714285714285715, 'ppa': 0.032343302693263076, 'totalPPA': -9.386646353643442, 'successRate': 0.28, 'explosiveness': 1.6641827883855151}, 'rushingPlays': {'rate': 0.44285714285714284, 'ppa': -0.09315649096040535, 'totalPPA': -5.775702439545132, 'successRate': 0.45161290322580644, 'explosiveness': 0.8830026734039522}, 'passingPlays': {'rate': 0.5357142857142857, 'ppa': -0.1251552847152459, 'totalPPA': -9.386646353643442, 'successRate': 0.29333333333333333, 'explosiveness': 1.4067938128612674}}"
2026,Oklahoma,SEC,"{'plays': 124, 'drives': 22, 'ppa': 0.11560508684686054, 'totalPPA': 14.335030769010707, 'successRate': 0.45161290322580644, 'explosiveness': 1.096833600472846, 'powerSuccess': 0.5714285714285714, 'stuffRate': 0.23076923076923078, 'lineYards': 3.0553846153846154, 'lineYardsTotal': 199, 'secondLevelYards': 1.2, 'secondLevelYardsTotal': 78, 'openFieldYards': 0.7076923076923077, 'openFieldYardsTotal': 46, 'totalOpportunies': 11, 'pointsPerOpportunity': 4.2727272727272725, 'fieldPosition': {'averageStart': 69.4, 'averagePredictedPoints': 1.508}, 'havoc': {'total': 0.145, 'frontSeven': 0.121, 'db': 0.024}, 'standardDowns': {'rate': 0.7338709677419355, 'ppa': 0.1791581389984659, 'successRate': 0.4945054945054945, 'explosiveness': 1.055095853871792}, 'passingDowns': {'rate': 0.2661290322580645, 'ppa': -0.059647269086354204, 'successRate': 0.3333333333333333, 'explosiveness': 1.2675789274771578}, 'rushingPlays': {'rate': 0.5241935483870968, 'ppa': 0.05203860158244552, 'totalPPA': 3.382509102858959, 'successRate': 0.49230769230769234, 'explosiveness': 0.6795359740509501}, 'passingPlays': {'rate': 0.45161290322580644, 'ppa': 0.20900161636779224, 'totalPPA': 11.704090516596366, 'successRate': 0.39285714285714285, 'explosiveness': 1.8084136167723452}}","{'plays': 117, 'drives': 24, 'ppa': -0.2290988755324868, 'totalPPA': -26.804568437300954, 'successRate': 0.3076923076923077, 'explosiveness': 1.248361147173218, 'powerSuccess': 0.5, 'stuffRate': 0.20833333333333334, 'lineYards': 2.1333333333333333, 'lineYardsTotal': 154, 'secondLevelYards': 0.7777777777777778, 'secondLevelYardsTotal': 56, 'openFieldYards': 1.277777777777778, 'openFieldYardsTotal': 0, 'totalOpportunies': 12, 'pointsPerOpportunity': 1.4166666666666667, 'fieldPosition': {'averageStart': 72.8, 'averagePredictedPoints': -1.168}, 'havoc': {'total': 0.239, 'frontSeven': 0.171, 'db': 0.068}, 'standardDowns': {'rate': 0.6837606837606838, 'ppa': -0.29657996293022326, 'successRate': 0.3125, 'explosiveness': 1.0046408211559223}, 'passingDowns': {'rate': 0.3162393162393162, 'ppa': -0.08319382169954306, 'totalPPA': -8.883268330180657, 'successRate': 0.2972972972972973, 'explosiveness': 1.8022709790307085}, 'rushingPlays': {'rate': 0.6153846153846154, 'ppa': -0.11515749165872449, 'totalPPA': -8.291339399428164, 'successRate': 0.2916666666666667, 'explosiveness': 1.2169523879576554}, 'passingPlays': {'rate': 0.3504273504273504, 'ppa': -0.21666508122391848, 'totalPPA': -8.883268330180657, 'successRate': 0.36585365853658536, 'explosiveness': 1.292333410075006}}"
2026,Oklahoma State,Big 12,"{'plays': 175, 'drives': 27, 'ppa': -0.12053919550078301, 'totalPPA': -21.094359212637027, 'successRate': 0.4, 'explosiveness': 1.0288023416112881, 'powerSuccess': 0.5333333333333333, 'stuffRate': 0.18421052631578946, 'lineYards': 2.876315789473684, 'lineYardsTotal': 219, 'secondLevelYards': 1.0263157894736843, 'secondLevelYardsTotal': 78, 'openFieldYards': 1.2763157894736843, 'openFieldYardsTotal': 97, 'totalOpportunies': 14, 'pointsPerOpportunity': 2.5714285714285716, 'fieldPosition': {'averageStart': 72.7, 'averagePredictedPoints': 1.201}, 'havoc': {'total': 0.109, 'frontSeven': 0.034, 'db': 0.074}, 'standardDowns': {'rate': 0.6914285714285714, 'ppa': -0.18458667284627497, 'successRate': 0.4380165289256198, 'explosiveness': 0.8579272887260592}, 'passingDowns': {'rate': 0.30857142857142855, 'ppa': 0.0229745963289304, 'successRate': 0.3148148148148148, 'explosiveness': 1.5615304476652372}, 'rushingPlays': {'rate': 0.4342857142857143, 'ppa': -0.028781063319370415, 'totalPPA': -2.1873608122721513, 'successRate': 0.42105263157894735, 'explosiveness': 0.7779885073548557}, 'passingPlays': {'rate': 0.5314285714285715, 'ppa': -0.09408635156252775, 'totalPPA': -8.75003069531508, 'successRate': 0.3978494623655914, 'explosiveness': 1.256214005944468}}","{'plays': 119, 'drives': 25, 'ppa': 0.047945696014948504, 'totalPPA': 5.705537825778872, 'successRate': 0.36134453781512604, 'explosiveness': 1.3328402867977789, 'powerSuccess': 1, 'stuffRate': 0.15, 'lineYards': 2.945, 'lineYardsTotal': 177, 'secondLevelYards': 0.9333333333333333, 'secondLevelYardsTotal': 56, 'openFieldYards': 0.4666666666666667, 'openFieldYardsTotal': 0, 'totalOpportunies': 13, 'pointsPerOpportunity': 3.6923076923076925, 'fieldPosition': {'averageStart': 67.7, 'averagePredictedPoints': -1.534}, 'havoc': {'total': 0.134, 'frontSeven': 0.076, 'db': 0.059}, 'standardDowns': {'rate': 0.6134453781512605, 'ppa': 0.12758162628915995, 'successRate': 0.4794520547945205, 'explosiveness': 1.207272292110518}, 'passingDowns': {'rate': 0.3865546218487395, 'ppa': -0.078433062898474, 'totalPPA': 7.08665430501308, 'successRate': 0.17391304347826086, 'explosiveness': 1.8822002635545456}, 'rushingPlays': {'rate': 0.5042016806722689, 'ppa': -0.04141776559026412, 'totalPPA': -2.485065935415847, 'successRate': 0.36666666666666664, 'explosiveness': 0.89753176275121}, 'passingPlays': {'rate': 0.47058823529411764, 'ppa': 0.12654739830380501, 'totalPPA': 7.08665430501308, 'successRate': 0.3392857142857143, 'explosiveness': 1.897282833124709}}"
2026,Old Dominion,Sun Belt,"{'plays': 106, 'drives': 24, 'ppa': 0.033284008907971056, 'totalPPA': 3.5281049442449324, 'successRate': 0.37735849056603776, 'explosiveness': 1.4024901016608096, 'powerSuccess': 0.3333333333333333, 'stuffRate': 0.3181818181818182, 'lineYards': 1.4106060606060606, 'lineYardsTotal': 93, 'secondLevelYards': 1.3636363636363635, 'secondLevelYardsTotal': 90, 'openFieldYards': 1.9848484848484849, 'openFieldYardsTotal': 131, 'totalOpportunies': 13, 'pointsPerOpportunity': 3.3846153846153846, 'fieldPosition': {'averageStart': 70.4, 'averagePredictedPoints': 1.326}, 'havoc': {'total': 0.264, 'frontSeven': 0.245, 'db': 0.019}, 'standardDowns': {'rate': 0.660377358490566, 'ppa': -0.19461844426477043, 'successRate': 0.35714285714285715, 'explosiveness': 1.222925922852887}, 'passingDowns': {'rate': 0.33962264150943394, 'ppa': 0.47642766785496843, 'successRate': 0.4166666666666667, 'explosiveness': 1.701763733007347}, 'rushingPlays': {'rate': 0.6226415094339622, 'ppa': -0.004638108484177243, 'totalPPA': -0.30611515995569805, 'successRate': 0.3787878787878788, 'explosiveness': 1.202134082758179}, 'passingPlays': {'rate': 0.3584905660377358, 'ppa': 0.14467852123948172, 'totalPPA': 5.497783807100305, 'successRate': 0.39473684210526316, 'explosiveness': 1.7364167998318603}}","{'plays': 150, 'drives': 22, 'ppa': 0.012050977817025516, 'totalPPA': 1.8076466725538274, 'successRate': 0.32666666666666666, 'explosiveness': 1.3623687429640408, 'powerSuccess': 0.5, 'stuffRate': 0.2857142857142857, 'lineYards': 2.18961038961039, 'lineYardsTotal': 169, 'secondLevelYards': 0.7532467532467533, 'secondLevelYardsTotal': 58, 'openFieldYards': 1.051948051948052, 'openFieldYardsTotal': 0, 'totalOpportunies': 13, 'pointsPerOpportunity': 3.6153846153846154, 'fieldPosition': {'averageStart': 66.7, 'averagePredictedPoints': -1.579}, 'havoc': {'total': 0.2, 'frontSeven': 0.167, 'db': 0.033}, 'standardDowns': {'rate': 0.62, 'ppa': -0.24805218513919047, 'successRate': 0.3333333333333333, 'explosiveness': 0.7789366056182196}, 'passingDowns': {'rate': 0.38, 'ppa': 0.43642982264032526, 'totalPPA': 12.259709917759274, 'successRate': 0.3157894736842105, 'explosiveness': 2.367168535059622}, 'rushingPlays': {'rate': 0.5133333333333333, 'ppa': -0.12586997353611204, 'totalPPA': -9.691987962280626, 'successRate': 0.3116883116883117, 'explosiveness': 1.0052690976760181}, 'passingPlays': {'rate': 0.46, 'ppa': 0.17767695532984454, 'totalPPA': 12.259709917759274, 'successRate': 0.34782608695652173, 'explosiveness': 1.7374150511850681}}"
2026,Ole Miss,SEC,"{'plays': 140, 'drives': 23, 'ppa': 0.27685803767549483, 'totalPPA': 38.760125274569276, 'successRate': 0.5428571428571428, 'explosiveness': 1.142013776353691, 'powerSuccess': 0.75, 'stuffRate': 0.1875, 'lineYards': 3.0375, 'lineYardsTotal': 194, 'secondLevelYards': 1.0625, 'secondLevelYardsTotal': 68, 'openFieldYards': 0.5625, 'openFieldYardsTotal': 36, 'totalOpportunies': 14, 'pointsPerOpportunity': 5.357142857142857, 'fieldPosition': {'averageStart': 68.9, 'averagePredictedPoints': 1.429}, 'havoc': {'total': 0.121, 'frontSeven': 0.071, 'db': 0.05}, 'standardDowns': {'rate': 0.7642857142857142, 'ppa': 0.22830883733344448, 'successRate': 0.5981308411214953, 'explosiveness': 0.922096693281805}, 'passingDowns': {'rate': 0.2357142857142857, 'ppa': 0.4342751418148702, 'successRate': 0.36363636363636365, 'explosiveness': 2.3149048860704173}, 'rushingPlays': {'rate': 0.45714285714285713, 'ppa': 0.2151493498559879, 'totalPPA': 13.769558390783226, 'successRate': 0.5625, 'explosiveness': 0.8874315892531837}, 'passingPlays': {'rate': 0.4928571428571429, 'ppa': 0.498923064896926, 'totalPPA': 34.425691477887895, 'successRate': 0.5362318840579711, 'explosiveness': 1.4712442926989275}}","{'plays': 129, 'drives': 23, 'ppa': 0.1378585757061767, 'totalPPA': 17.7837562660968, 'successRate': 0.40310077519379844, 'explosiveness': 1.2762019335670447, 'powerSuccess': 0.6, 'stuffRate': 0.29411764705882354, 'lineYards': 2.3205882352941174, 'lineYardsTotal': 158, 'secondLevelYards': 0.8970588235294118, 'secondLevelYardsTotal': 61, 'openFieldYards': 1.6617647058823528, 'openFieldYardsTotal': 0, 'totalOpportunies': 12, 'pointsPerOpportunity': 3.25, 'fieldPosition': {'averageStart': 69.6, 'averagePredictedPoints': -1.417}, 'havoc': {'total': 0.155, 'frontSeven': 0.116, 'db': 0.039}, 'standardDowns': {'rate': 0.6821705426356589, 'ppa': 0.20784704930603068, 'successRate': 0.48863636363636365, 'explosiveness': 1.0732049111067377}, 'passingDowns': {'rate': 0.3178294573643411, 'ppa': -0.012360587142290312, 'totalPPA': 15.485165148105889, 'successRate': 0.21951219512195122, 'explosiveness': 2.2460765964329554}, 'rushingPlays': {'rate': 0.5271317829457365, 'ppa': 0.033802810558689826, 'totalPPA': 2.298591117990908, 'successRate': 0.4117647058823529, 'explosiveness': 0.9833615541398021}, 'passingPlays': {'rate': 0.4728682170542636, 'ppa': 0.25385516636239164, 'totalPPA': 15.485165148105889, 'successRate': 0.39344262295081966, 'explosiveness': 1.6178490428988275}}"
2026,Oregon,Big Ten,"{'plays': 125, 'drives': 26, 'ppa': 0.04942821790272396, 'totalPPA': 6.178527237840496, 'successRate': 0.384, 'explosiveness': 1.566587410092808, 'powerSuccess': 0.8333333333333334, 'stuffRate': 0.13725490196078433, 'lineYards': 3.2, 'lineYardsTotal': 163, 'secondLevelYards': 1, 'secondLevelYardsTotal': 51, 'openFieldYards': 0.7647058823529411, 'openFieldYardsTotal': 39, 'totalOpportunies': 16, 'pointsPerOpportunity': 3.625, 'fieldPosition': {'averageStart': 67, 'averagePredictedPoints': 1.579}, 'havoc': {'total': 0.152, 'frontSeven': 0.096, 'db': 0.056}, 'standardDowns': {'rate': 0.64, 'ppa': -0.036162847163360344, 'successRate': 0.4375, 'explosiveness': 1.3503855105567208}, 'passingDowns': {'rate': 0.36, 'ppa': 0.20159011135354052, 'successRate': 0.28888888888888886, 'explosiveness': 2.1486694473053505}, 'rushingPlays': {'rate': 0.408, 'ppa': 0.02190787519774199, 'totalPPA': 1.1173016350848415, 'successRate': 0.39215686274509803, 'explosiveness': 1.0081406008628515}, 'passingPlays': {'rate': 0.576, 'ppa': 0.054660311775402246, 'totalPPA': 3.935542447828962, 'successRate': 0.375, 'explosiveness': 1.969342984336817}}","{'plays': 154, 'drives': 28, 'ppa': 0.0018153496237937375, 'totalPPA': 0.27956384206423557, 'successRate': 0.4025974025974026, 'explosiveness': 1.0896122279284166, 'powerSuccess': 0.7, 'stuffRate': 0.136986301369863, 'lineYards': 2.9383561643835616, 'lineYardsTotal': 215, 'secondLevelYards': 0.7534246575342466, 'secondLevelYardsTotal': 55, 'openFieldYards': 1.178082191780822, 'openFieldYardsTotal': 0, 'totalOpportunies': 16, 'pointsPerOpportunity': 3.3125, 'fieldPosition': {'averageStart': 70, 'averagePredictedPoints': -1.447}, 'havoc': {'total': 0.123, 'frontSeven': 0.039, 'db': 0.084}, 'standardDowns': {'rate': 0.7142857142857143, 'ppa': 0.09431779237442554, 'successRate': 0.4727272727272727, 'explosiveness': 0.9927293212961046}, 'passingDowns': {'rate': 0.2857142857142857, 'ppa': -0.2294407572527858, 'totalPPA': -6.759489205039143, 'successRate': 0.22727272727272727, 'explosiveness': 1.5934033424164387}, 'rushingPlays': {'rate': 0.474025974025974, 'ppa': 0.10519669597523226, 'totalPPA': 7.679358806191955, 'successRate': 0.4383561643835616, 'explosiveness': 0.8291279816171417}, 'passingPlays': {'rate': 0.5, 'ppa': -0.08778557409141745, 'totalPPA': -6.759489205039143, 'successRate': 0.37662337662337664, 'explosiveness': 1.3925258366318558}}"
2026,Oregon State,Pac-12,"{'plays': 145, 'drives': 26, 'ppa': 0.11079361771673002, 'totalPPA': 16.06507456892585, 'successRate': 0.35172413793103446, 'explosiveness': 1.634882929376421, 'powerSuccess': 0.6, 'stuffRate': 0.07894736842105263, 'lineYards': 2.8578947368421055, 'lineYardsTotal': 109, 'secondLevelYards': 0.47368421052631576, 'secondLevelYardsTotal': 18, 'openFieldYards': 0.2631578947368421, 'openFieldYardsTotal': 10, 'totalOpportunies': 11, 'pointsPerOpportunity': 3.4545454545454546, 'fieldPosition': {'averageStart': 77, 'averagePredictedPoints': 0.885}, 'havoc': {'total': 0.179, 'frontSeven': 0.069, 'db': 0.11}, 'standardDowns': {'rate': 0.6, 'ppa': 0.10783796052462537, 'successRate': 0.39080459770114945, 'explosiveness': 1.3002259579667488}, 'passingDowns': {'rate': 0.4, 'ppa': 0.11522710350488699, 'successRate': 0.29310344827586204, 'explosiveness': 2.3041968721957655}, 'rushingPlays': {'rate': 0.2620689655172414, 'ppa': -0.16102269578265466, 'totalPPA': -6.118862439740877, 'successRate': 0.2894736842105263, 'explosiveness': 0.7175710198227495}, 'passingPlays': {'rate': 0.7310344827586207, 'ppa': 0.20936871846852095, 'totalPPA': 22.193084157663222, 'successRate': 0.37735849056603776, 'explosiveness': 1.8871437045036807}}","{'plays': 151, 'drives': 25, 'ppa': 0.23748105503617364, 'totalPPA': 35.85963931046222, 'successRate': 0.4503311258278146, 'explosiveness': 1.2130965561953597, 'powerSuccess': 0.8333333333333334, 'stuffRate': 0.15853658536585366, 'lineYards': 3.0609756097560976, 'lineYardsTotal': 251, 'secondLevelYards': 0.975609756097561, 'secondLevelYardsTotal': 80, 'openFieldYards': 1.2682926829268293, 'openFieldYardsTotal': 0, 'totalOpportunies': 15, 'pointsPerOpportunity': 4.133333333333333, 'fieldPosition': {'averageStart': 66.6, 'averagePredictedPoints': -1.644}, 'havoc': {'total': 0.172, 'frontSeven': 0.093, 'db': 0.079}, 'standardDowns': {'rate': 0.6556291390728477, 'ppa': 0.06485276693244599, 'successRate': 0.494949494949495, 'explosiveness': 0.8327508958279782}, 'passingDowns': {'rate': 0.3443708609271523, 'ppa': 0.5661387573875013, 'totalPPA': 24.469214526269273, 'successRate': 0.36538461538461536, 'explosiveness': 2.1939879960901854}, 'rushingPlays': {'rate': 0.543046357615894, 'ppa': 0.12646293573263823, 'totalPPA': 10.369960730076334, 'successRate': 0.4024390243902439, 'explosiveness': 0.8579556861960854}, 'passingPlays': {'rate': 0.423841059602649, 'ppa': 0.3823314769729574, 'totalPPA': 24.469214526269273, 'successRate': 0.515625, 'explosiveness': 1.579952438012078}}"
2026,Penn State,Big Ten,"{'plays': 138, 'drives': 21, 'ppa': 0.32221678334579124, 'totalPPA': 44.46591610171919, 'successRate': 0.4782608695652174, 'explosiveness': 1.2465262995318598, 'powerSuccess': 0.7692307692307693, 'stuffRate': 0.1125, 'lineYards': 2.545, 'lineYardsTotal': 204, 'secondLevelYards': 0.8375, 'secondLevelYardsTotal': 67, 'openFieldYards': 0.1625, 'openFieldYardsTotal': 13, 'totalOpportunies': 16, 'pointsPerOpportunity': 4.0625, 'fieldPosition': {'averageStart': 66.3, 'averagePredictedPoints': 1.723}, 'havoc': {'total': 0.08, 'frontSeven': 0.043, 'db': 0.036}, 'standardDowns': {'rate': 0.782608695652174, 'ppa': 0.24668384168827956, 'successRate': 0.5185185185185185, 'explosiveness': 1.0489333602453395}, 'passingDowns': {'rate': 0.21739130434782608, 'ppa': 0.5941353733128332, 'successRate': 0.3333333333333333, 'explosiveness': 2.3530467595363738}, 'rushingPlays': {'rate': 0.5797101449275363, 'ppa': 0.03882717244620399, 'totalPPA': 3.1061737956963196, 'successRate': 0.4125, 'explosiveness': 0.7372814833941164}, 'passingPlays': {'rate': 0.39855072463768115, 'ppa': 0.7146714686399728, 'totalPPA': 39.3069307751985, 'successRate': 0.5454545454545454, 'explosiveness': 1.8629211762090847}}","{'plays': 113, 'drives': 21, 'ppa': -0.13508491768137434, 'totalPPA': -15.264595697995299, 'successRate': 0.35398230088495575, 'explosiveness': 1.037253531298312, 'powerSuccess': 0.6666666666666666, 'stuffRate': 0.30357142857142855, 'lineYards': 2.2589285714285716, 'lineYardsTotal': 127, 'secondLevelYards': 0.7142857142857143, 'secondLevelYardsTotal': 40, 'openFieldYards': 1.0357142857142858, 'openFieldYardsTotal': 0, 'totalOpportunies': 5, 'pointsPerOpportunity': 2, 'fieldPosition': {'averageStart': 79.1, 'averagePredictedPoints': -0.778}, 'havoc': {'total': 0.177, 'frontSeven': 0.115, 'db': 0.062}, 'standardDowns': {'rate': 0.6814159292035398, 'ppa': -0.23171276257828263, 'successRate': 0.4025974025974026, 'explosiveness': 0.7845528528550335}, 'passingDowns': {'rate': 0.3185840707964602, 'ppa': 0.07159130612590173, 'totalPPA': -7.111289267862411, 'successRate': 0.25, 'explosiveness': 1.9076669792696048}, 'rushingPlays': {'rate': 0.49557522123893805, 'ppa': -0.08911579408075629, 'totalPPA': -4.990484468522352, 'successRate': 0.375, 'explosiveness': 0.9805206574506258}, 'passingPlays': {'rate': 0.46017699115044247, 'ppa': -0.1367555628435079, 'totalPPA': -7.111289267862411, 'successRate': 0.3269230769230769, 'explosiveness': 1.0669285751726159}}"
2026,Pittsburgh,ACC,"{'plays': 149, 'drives': 24, 'ppa': 0.19784428951403915, 'totalPPA': 29.478799137591835, 'successRate': 0.4563758389261745, 'explosiveness': 1.2308974355864892, 'powerSuccess': 0.5833333333333334, 'stuffRate': 0.22535211267605634, 'lineYards': 2.636619718309859, 'lineYardsTotal': 187, 'secondLevelYards': 0.7464788732394366, 'secondLevelYardsTotal': 53, 'openFieldYards': 0.704225352112676, 'openFieldYardsTotal': 50, 'totalOpportunies': 14, 'pointsPerOpportunity': 3.4285714285714284, 'fieldPosition': {'averageStart': 69.7, 'averagePredictedPoints': 1.513}, 'havoc': {'total': 0.094, 'frontSeven': 0.06, 'db': 0.034}, 'standardDowns': {'rate': 0.6778523489932886, 'ppa': -0.015070340397232726, 'successRate': 0.46534653465346537, 'explosiveness': 0.9166937892872138}, 'passingDowns': {'rate': 0.3221476510067114, 'ppa': 0.6458521566190071, 'successRate': 0.4375, 'explosiveness': 1.9341151201610582}, 'rushingPlays': {'rate': 0.47651006711409394, 'ppa': -0.10621095475497382, 'totalPPA': -7.540977787603142, 'successRate': 0.38028169014084506, 'explosiveness': 0.7663353690527518}, 'passingPlays': {'rate': 0.5033557046979866, 'ppa': 0.5316138466334431, 'totalPPA': 39.87103849750823, 'successRate': 0.5333333333333333, 'explosiveness': 1.548109803604452}}","{'plays': 113, 'drives': 24, 'ppa': -0.08140237778178047, 'totalPPA': -9.198468689341194, 'successRate': 0.3008849557522124, 'explosiveness': 1.4902418071661208, 'powerSuccess': 0.6666666666666666, 'stuffRate': 0.23684210526315788, 'lineYards': 1.2605263157894737, 'lineYardsTotal': 48, 'secondLevelYards': 0.7631578947368421, 'secondLevelYardsTotal': 29, 'openFieldYards': 0.34210526315789475, 'openFieldYardsTotal': 0, 'totalOpportunies': 5, 'pointsPerOpportunity': 2.8, 'fieldPosition': {'averageStart': 75.5, 'averagePredictedPoints': -1.033}, 'havoc': {'total': 0.186, 'frontSeven': 0.115, 'db': 0.071}, 'standardDowns': {'rate': 0.5663716814159292, 'ppa': -0.24368981664948072, 'successRate': 0.359375, 'explosiveness': 1.0798039761861333}, 'passingDowns': {'rate': 0.4336283185840708, 'ppa': 0.130564889310726, 'totalPPA': 7.180238987252438, 'successRate': 0.22448979591836735, 'explosiveness': 2.348429999215185}, 'rushingPlays': {'rate': 0.336283185840708, 'ppa': -0.27126556728164014, 'totalPPA': -10.308091556702326, 'successRate': 0.2631578947368421, 'explosiveness': 0.8729987207527538}, 'passingPlays': {'rate': 0.6283185840707964, 'ppa': 0.10113012658102026, 'totalPPA': 7.180238987252438, 'successRate': 0.3380281690140845, 'explosiveness': 1.7474264265050237}}"
2026,Purdue,Big Ten,"{'plays': 158, 'drives': 20, 'ppa': 0.3108941299854006, 'totalPPA': 49.1212725376933, 'successRate': 0.5, 'explosiveness': 1.1304623389649444, 'powerSuccess': 0.8, 'stuffRate': 0.16, 'lineYards': 3.1826666666666665, 'lineYardsTotal': 239, 'secondLevelYards': 0.9733333333333334, 'secondLevelYardsTotal': 73, 'openFieldYards': 0.6933333333333334, 'openFieldYardsTotal': 52, 'totalOpportunies': 18, 'pointsPerOpportunity': 3.1666666666666665, 'fieldPosition': {'averageStart': 73, 'averagePredictedPoints': 1.146}, 'havoc': {'total': 0.12, 'frontSeven': 0.082, 'db': 0.038}, 'standardDowns': {'rate': 0.759493670886076, 'ppa': 0.2963831280709404, 'successRate': 0.5416666666666666, 'explosiveness': 0.9687399163467602}, 'passingDowns': {'rate': 0.24050632911392406, 'ppa': 0.35671834655738016, 'successRate': 0.3684210526315789, 'explosiveness': 1.8813164439779424}, 'rushingPlays': {'rate': 0.47468354430379744, 'ppa': 0.14442660072183555, 'totalPPA': 10.831995054137666, 'successRate': 0.41333333333333333, 'explosiveness': 0.9218482099425102}, 'passingPlays': {'rate': 0.5063291139240507, 'ppa': 0.5098643990103264, 'totalPPA': 40.789151920826114, 'successRate': 0.5875, 'explosiveness': 1.251647409554276}}","{'plays': 117, 'drives': 19, 'ppa': 0.2136557537252784, 'totalPPA': 24.997723185857573, 'successRate': 0.4188034188034188, 'explosiveness': 1.51055182193848, 'powerSuccess': 0.625, 'stuffRate': 0.21666666666666667, 'lineYards': 2.5716666666666668, 'lineYardsTotal': 154, 'secondLevelYards': 1.0833333333333333, 'secondLevelYardsTotal': 65, 'openFieldYards': 1.2833333333333332, 'openFieldYardsTotal': 0, 'totalOpportunies': 9, 'pointsPerOpportunity': 4, 'fieldPosition': {'averageStart': 73.6, 'averagePredictedPoints': -1.109}, 'havoc': {'total': 0.179, 'frontSeven': 0.145, 'db': 0.034}, 'standardDowns': {'rate': 0.6324786324786325, 'ppa': -0.11150089967493819, 'successRate': 0.4189189189189189, 'explosiveness': 0.8361685212252566}, 'passingDowns': {'rate': 0.36752136752136755, 'ppa': 0.7732276688791395, 'totalPPA': 16.68812348136158, 'successRate': 0.4186046511627907, 'explosiveness': 2.671989728722364}, 'rushingPlays': {'rate': 0.5128205128205128, 'ppa': 0.09998880504716356, 'totalPPA': 5.999328302829814, 'successRate': 0.4166666666666667, 'explosiveness': 1.0736219767291955}, 'passingPlays': {'rate': 0.46153846153846156, 'ppa': 0.3090393237289181, 'totalPPA': 16.68812348136158, 'successRate': 0.4074074074074074, 'explosiveness': 2.0029422320124426}}"
2026,Rice,American Athletic,"{'plays': 129, 'drives': 21, 'ppa': 0.003926867075844833, 'totalPPA': 0.5065658527839835, 'successRate': 0.4186046511627907, 'explosiveness': 1.061196296851244, 'powerSuccess': 0.6666666666666666, 'stuffRate': 0.1262135922330097, 'lineYards': 3.3864077669902914, 'lineYardsTotal': 349, 'secondLevelYards': 1.2427184466019416, 'secondLevelYardsTotal': 128, 'openFieldYards': 1.1262135922330097, 'openFieldYardsTotal': 116, 'totalOpportunies': 8, 'pointsPerOpportunity': 3.875, 'fieldPosition': {'averageStart': 73.6, 'averagePredictedPoints': 1.181}, 'havoc': {'total': 0.132, 'frontSeven': 0.132, 'db': 0}, 'standardDowns': {'rate': 0.6821705426356589, 'ppa': 0.05268452976833873, 'successRate': 0.5227272727272727, 'explosiveness': 0.827688432432771}, 'passingDowns': {'rate': 0.3178294573643411, 'ppa': -0.10072372602023963, 'successRate': 0.1951219512195122, 'explosiveness': 2.4038665172574647}, 'rushingPlays': {'rate': 0.7984496124031008, 'ppa': 0.01736745577448694, 'totalPPA': 1.7888479447721548, 'successRate': 0.46601941747572817, 'explosiveness': 0.9024734514987596}, 'passingPlays': {'rate': 0.17829457364341086, 'ppa': 0.019831279702840755, 'totalPPA': 0.4561194331653373, 'successRate': 0.21739130434782608, 'explosiveness': 2.237787795863474}}","{'plays': 126, 'drives': 19, 'ppa': 0.0841271372543652, 'totalPPA': 10.600019294050016, 'successRate': 0.4365079365079365, 'explosiveness': 1.2114703432849558, 'powerSuccess': 0.6, 'stuffRate': 0.15384615384615385, 'lineYards': 2.7953846153846156, 'lineYardsTotal': 182, 'secondLevelYards': 0.7538461538461538, 'secondLevelYardsTotal': 49, 'openFieldYards': 0.9230769230769231, 'openFieldYardsTotal': 0, 'totalOpportunies': 14, 'pointsPerOpportunity': 3.4285714285714284, 'fieldPosition': {'averageStart': 69.6, 'averagePredictedPoints': -1.449}, 'havoc': {'total': 0.151, 'frontSeven': 0.095, 'db': 0.056}, 'standardDowns': {'rate': 0.6825396825396826, 'ppa': 0.11164472158659561, 'successRate': 0.5232558139534884, 'explosiveness': 1.0055451085546028}, 'passingDowns': {'rate': 0.31746031746031744, 'ppa': 0.024964330940069838, 'totalPPA': 10.18680985901236, 'successRate': 0.25, 'explosiveness': 2.1381338995715446}, 'rushingPlays': {'rate': 0.5158730158730159, 'ppa': 0.014972938512779628, 'totalPPA': 0.9732410033306758, 'successRate': 0.4307692307692308, 'explosiveness': 0.8824948315837129}, 'passingPlays': {'rate': 0.4603174603174603, 'ppa': 0.17563465274159243, 'totalPPA': 10.18680985901236, 'successRate': 0.4482758620689655, 'explosiveness': 1.5698012501483058}}"
2026,Rutgers,Big Ten,"{'plays': 131, 'drives': 23, 'ppa': -0.05291693840878024, 'totalPPA': -6.932118931550212, 'successRate': 0.40458015267175573, 'explosiveness': 1.469779676521196, 'powerSuccess': 0.38461538461538464, 'stuffRate': 0.23728813559322035, 'lineYards': 2.716949152542373, 'lineYardsTotal': 160, 'secondLevelYards': 0.7796610169491526, 'secondLevelYardsTotal': 46, 'openFieldYards': 0.4576271186440678, 'openFieldYardsTotal': 27, 'totalOpportunies': 11, 'pointsPerOpportunity': 2.5454545454545454, 'fieldPosition': {'averageStart': 70.3, 'averagePredictedPoints': 1.354}, 'havoc': {'total': 0.229, 'frontSeven': 0.107, 'db': 0.122}, 'standardDowns': {'rate': 0.7099236641221374, 'ppa': -0.24593881276303667, 'successRate': 0.3978494623655914, 'explosiveness': 1.2133906714698386}, 'passingDowns': {'rate': 0.2900763358778626, 'ppa': 0.41947870145821575, 'successRate': 0.42105263157894735, 'explosiveness': 2.06267925070246}, 'rushingPlays': {'rate': 0.45038167938931295, 'ppa': -0.26499899676878863, 'totalPPA': -15.63494080935853, 'successRate': 0.3559322033898305, 'explosiveness': 0.836290990837012}, 'passingPlays': {'rate': 0.5267175572519084, 'ppa': 0.27524967733665967, 'totalPPA': 18.99222773622952, 'successRate': 0.4492753623188406, 'explosiveness': 1.88412949478659}}","{'plays': 129, 'drives': 24, 'ppa': 0.1558907367674346, 'totalPPA': 20.10990504299906, 'successRate': 0.4418604651162791, 'explosiveness': 1.1203976295300062, 'powerSuccess': 0.75, 'stuffRate': 0.18309859154929578, 'lineYards': 3.1633802816901406, 'lineYardsTotal': 225, 'secondLevelYards': 1.408450704225352, 'secondLevelYardsTotal': 100, 'openFieldYards': 0.8169014084507042, 'openFieldYardsTotal': 0, 'totalOpportunies': 14, 'pointsPerOpportunity': 4.071428571428571, 'fieldPosition': {'averageStart': 70.3, 'averagePredictedPoints': -1.374}, 'havoc': {'total': 0.109, 'frontSeven': 0.07, 'db': 0.039}, 'standardDowns': {'rate': 0.6976744186046512, 'ppa': 0.05335737539035908, 'successRate': 0.4888888888888889, 'explosiveness': 0.9029894858725199}, 'passingDowns': {'rate': 0.3023255813953488, 'ppa': 0.3925061860991473, 'totalPPA': 22.41096813184957, 'successRate': 0.3333333333333333, 'explosiveness': 1.8562405772938058}, 'rushingPlays': {'rate': 0.5503875968992248, 'ppa': 0.09702298416857331, 'totalPPA': 6.888631875968705, 'successRate': 0.4647887323943662, 'explosiveness': 0.748688405156093}, 'passingPlays': {'rate': 0.40310077519379844, 'ppa': 0.4309801563817225, 'totalPPA': 22.41096813184957, 'successRate': 0.4423076923076923, 'explosiveness': 1.6649869316640535}}"
2026,Sacramento State,Mid-American,"{'plays': 203, 'drives': 39, 'ppa': -0.013486306162425995, 'totalPPA': -2.7377201509724767, 'successRate': 0.4088669950738916, 'explosiveness': 1.1057548738363008, 'powerSuccess': 0.7222222222222222, 'stuffRate': 0.2857142857142857, 'lineYards': 2.4824175824175825, 'lineYardsTotal': 226, 'secondLevelYards': 1.0769230769230769, 'secondLevelYardsTotal': 98, 'openFieldYards': 0.978021978021978, 'openFieldYardsTotal': 89, 'totalOpportunies': 18, 'pointsPerOpportunity': 3.2222222222222223, 'fieldPosition': {'averageStart': 69.6, 'averagePredictedPoints': 1.461}, 'havoc': {'total': 0.153, 'frontSeven': 0.069, 'db': 0.084}, 'standardDowns': {'rate': 0.6896551724137931, 'ppa': 0.0859584345487195, 'successRate': 0.5, 'explosiveness': 1.0738614819130368}, 'passingDowns': {'rate': 0.3103448275862069, 'ppa': -0.23447461885386042, 'successRate': 0.20634920634920634, 'explosiveness': 1.2774885226538761}, 'rushingPlays': {'rate': 0.4482758620689655, 'ppa': 0.06481680413956195, 'totalPPA': 5.898329176700138, 'successRate': 0.4835164835164835, 'explosiveness': 0.9151191417909617}, 'passingPlays': {'rate': 0.5320197044334976, 'ppa': -0.03194215580314439, 'totalPPA': -3.4497528267395947, 'successRate': 0.3611111111111111, 'explosiveness': 1.320831084348991}}","{'plays': 188, 'drives': 39, 'ppa': 0.09923423696013305, 'totalPPA': 18.656036548505014, 'successRate': 0.3723404255319149, 'explosiveness': 1.3377447707118555, 'powerSuccess': 0.5833333333333334, 'stuffRate': 0.1978021978021978, 'lineYards': 2.601098901098901, 'lineYardsTotal': 237, 'secondLevelYards': 0.7912087912087912, 'secondLevelYardsTotal': 72, 'openFieldYards': 1.4175824175824177, 'openFieldYardsTotal': 0, 'totalOpportunies': 17, 'pointsPerOpportunity': 3.6470588235294117, 'fieldPosition': {'averageStart': 70.8, 'averagePredictedPoints': -1.343}, 'havoc': {'total': 0.144, 'frontSeven': 0.117, 'db': 0.027}, 'standardDowns': {'rate': 0.6702127659574468, 'ppa': 0.13892577749382856, 'successRate': 0.46825396825396826, 'explosiveness': 1.2026055124409665}, 'passingDowns': {'rate': 0.32978723404255317, 'ppa': 0.01857078361746151, 'totalPPA': 30.022848435230884, 'successRate': 0.1774193548387097, 'explosiveness': 2.062582610528442}, 'rushingPlays': {'rate': 0.48404255319148937, 'ppa': -0.11236369451197059, 'totalPPA': -10.225096200589324, 'successRate': 0.32967032967032966, 'explosiveness': 1.0574840421800182}, 'passingPlays': {'rate': 0.48404255319148937, 'ppa': 0.32992141137616354, 'totalPPA': 30.022848435230884, 'successRate': 0.4175824175824176, 'explosiveness': 1.5107817934033507}}"
2026,Sam Houston,Conference USA,"{'plays': 135, 'drives': 23, 'ppa': 0.06792769200348772, 'totalPPA': 9.170238420470842, 'successRate': 0.45185185185185184, 'explosiveness': 1.1803148453958008, 'powerSuccess': 0.5555555555555556, 'stuffRate': 0.2608695652173913, 'lineYards': 2.0978260869565215, 'lineYardsTotal': 97, 'secondLevelYards': 0.7391304347826086, 'secondLevelYardsTotal': 34, 'openFieldYards': 0.45652173913043476, 'openFieldYardsTotal': 21, 'totalOpportunies': 10, 'pointsPerOpportunity': 3.1, 'fieldPosition': {'averageStart': 79, 'averagePredictedPoints': 0.76}, 'havoc': {'total': 0.222, 'frontSeven': 0.156, 'db': 0.067}, 'standardDowns': {'rate': 0.674074074074074, 'ppa': -0.06197826998110166, 'successRate': 0.5054945054945055, 'explosiveness': 0.8898260258141957}, 'passingDowns': {'rate': 0.32592592592592595, 'ppa': 0.3365968406534339, 'successRate': 0.3409090909090909, 'explosiveness': 2.0711472254460563}, 'rushingPlays': {'rate': 0.34074074074074073, 'ppa': -0.1995633565695523, 'totalPPA': -9.179914402199406, 'successRate': 0.45652173913043476, 'explosiveness': 0.6390279042223032}, 'passingPlays': {'rate': 0.6518518518518519, 'ppa': 0.2330861441291865, 'totalPPA': 20.51158068336841, 'successRate': 0.45454545454545453, 'explosiveness': 1.4644904895118869}}","{'plays': 143, 'drives': 25, 'ppa': 0.08012982147440162, 'totalPPA': 11.458564470839432, 'successRate': 0.32867132867132864, 'explosiveness': 1.5889012766547106, 'powerSuccess': 0.8, 'stuffRate': 0.22972972972972974, 'lineYards': 2.918918918918919, 'lineYardsTotal': 216, 'secondLevelYards': 1.2837837837837838, 'secondLevelYardsTotal': 95, 'openFieldYards': 2.364864864864865, 'openFieldYardsTotal': 0, 'totalOpportunies': 13, 'pointsPerOpportunity': 2.6153846153846154, 'fieldPosition': {'averageStart': 69.6, 'averagePredictedPoints': -1.448}, 'havoc': {'total': 0.203, 'frontSeven': 0.112, 'db': 0.091}, 'standardDowns': {'rate': 0.6013986013986014, 'ppa': -0.004534274887204602, 'successRate': 0.38372093023255816, 'explosiveness': 1.3027440886277157}, 'passingDowns': {'rate': 0.3986013986013986, 'ppa': 0.20786863352875487, 'totalPPA': -7.276464320454773, 'successRate': 0.24561403508771928, 'explosiveness': 2.2634146484326267}, 'rushingPlays': {'rate': 0.5174825174825175, 'ppa': 0.22703022600097222, 'totalPPA': 16.800236724071944, 'successRate': 0.35135135135135137, 'explosiveness': 1.6079862206608586}, 'passingPlays': {'rate': 0.44755244755244755, 'ppa': -0.11369475500710582, 'totalPPA': -7.276464320454773, 'successRate': 0.296875, 'explosiveness': 1.5862955093664615}}"
2026,San Diego State,Pac-12,"{'plays': 121, 'drives': 23, 'ppa': -0.04136513425762041, 'totalPPA': -5.00518124517207, 'successRate': 0.3884297520661157, 'explosiveness': 0.9233051483900415, 'powerSuccess': 0.6428571428571429, 'stuffRate': 0.22666666666666666, 'lineYards': 3.1093333333333333, 'lineYardsTotal': 233, 'secondLevelYards': 1.1866666666666668, 'secondLevelYardsTotal': 89, 'openFieldYards': 1.0666666666666667, 'openFieldYardsTotal': 80, 'totalOpportunies': 12, 'pointsPerOpportunity': 4.583333333333333, 'fieldPosition': {'averageStart': 70.4, 'averagePredictedPoints': 1.399}, 'havoc': {'total': 0.165, 'frontSeven': 0.116, 'db': 0.05}, 'standardDowns': {'rate': 0.71900826446281, 'ppa': -0.17712159350542164, 'successRate': 0.41379310344827586, 'explosiveness': 0.6694751984036885}, 'passingDowns': {'rate': 0.2809917355371901, 'ppa': 0.3060116879352828, 'successRate': 0.3235294117647059, 'explosiveness': 1.7540213483453786}, 'rushingPlays': {'rate': 0.6198347107438017, 'ppa': 0.08190814567677729, 'totalPPA': 6.143110925758297, 'successRate': 0.4266666666666667, 'explosiveness': 0.7563440762972681}, 'passingPlays': {'rate': 0.33884297520661155, 'ppa': -0.14728193085739374, 'totalPPA': -6.038559165153143, 'successRate': 0.34146341463414637, 'explosiveness': 1.3805401497272922}}","{'plays': 148, 'drives': 26, 'ppa': 0.007128891353500146, 'totalPPA': 1.0550759203180216, 'successRate': 0.42567567567567566, 'explosiveness': 0.9192161403297917, 'powerSuccess': 0.9, 'stuffRate': 0.09859154929577464, 'lineYards': 3.511267605633803, 'lineYardsTotal': 249, 'secondLevelYards': 0.8450704225352113, 'secondLevelYardsTotal': 60, 'openFieldYards': 0.6197183098591549, 'openFieldYardsTotal': 0, 'totalOpportunies': 14, 'pointsPerOpportunity': 3.4285714285714284, 'fieldPosition': {'averageStart': 65.5, 'averagePredictedPoints': -1.68}, 'havoc': {'total': 0.101, 'frontSeven': 0.047, 'db': 0.054}, 'standardDowns': {'rate': 0.7162162162162162, 'ppa': -0.07638443684838922, 'successRate': 0.46226415094339623, 'explosiveness': 0.7370667271618508}, 'passingDowns': {'rate': 0.28378378378378377, 'ppa': 0.21790062443445904, 'totalPPA': -0.4577978398843077, 'successRate': 0.3333333333333333, 'explosiveness': 1.5567390864175847}, 'rushingPlays': {'rate': 0.4797297297297297, 'ppa': 0.07531010287473831, 'totalPPA': 5.34701730410642, 'successRate': 0.5070422535211268, 'explosiveness': 0.6217051315574045}, 'passingPlays': {'rate': 0.5, 'ppa': -0.006186457295733888, 'totalPPA': -0.4577978398843077, 'successRate': 0.36486486486486486, 'explosiveness': 1.3158974853596412}}"
2026,San José State,Mountain West,"{'plays': 213, 'drives': 37, 'ppa': 0.16404115607775288, 'totalPPA': 34.94076624456137, 'successRate': 0.41784037558685444, 'explosiveness': 1.2548924396738512, 'powerSuccess': 0.7142857142857143, 'stuffRate': 0.19607843137254902, 'lineYards': 3.226470588235294, 'lineYardsTotal': 329, 'secondLevelYards': 1.392156862745098, 'secondLevelYardsTotal': 142, 'openFieldYards': 0.7352941176470589, 'openFieldYardsTotal': 75, 'totalOpportunies': 21, 'pointsPerOpportunity': 3.5238095238095237, 'fieldPosition': {'averageStart': 69.6, 'averagePredictedPoints': 1.435}, 'havoc': {'total': 0.136, 'frontSeven': 0.08, 'db': 0.056}, 'standardDowns': {'rate': 0.6431924882629108, 'ppa': 0.12842118931130092, 'successRate': 0.48905109489051096, 'explosiveness': 1.0856328642884692}, 'passingDowns': {'rate': 0.3568075117370892, 'ppa': 0.228250833012015, 'successRate': 0.2894736842105263, 'explosiveness': 1.7703647828929687}, 'rushingPlays': {'rate': 0.4788732394366197, 'ppa': -0.0029341745448778975, 'totalPPA': -0.29928580357754553, 'successRate': 0.39215686274509803, 'explosiveness': 0.9872211660306851}, 'passingPlays': {'rate': 0.5023474178403756, 'ppa': 0.36625330044481813, 'totalPPA': 39.18910314759554, 'successRate': 0.4485981308411215, 'explosiveness': 1.487784768450314}}","{'plays': 218, 'drives': 36, 'ppa': 0.07569306543146938, 'totalPPA': 16.501088264060325, 'successRate': 0.47706422018348627, 'explosiveness': 0.9896230258720575, 'powerSuccess': 0.9, 'stuffRate': 0.12643678160919541, 'lineYards': 3.1528735632183906, 'lineYardsTotal': 274, 'secondLevelYards': 1.0804597701149425, 'secondLevelYardsTotal': 94, 'openFieldYards': 0.6666666666666666, 'openFieldYardsTotal': 0, 'totalOpportunies': 21, 'pointsPerOpportunity': 3.6666666666666665, 'fieldPosition': {'averageStart': 71.5, 'averagePredictedPoints': -1.263}, 'havoc': {'total': 0.133, 'frontSeven': 0.06, 'db': 0.073}, 'standardDowns': {'rate': 0.7155963302752294, 'ppa': 0.09288577563900632, 'successRate': 0.5641025641025641, 'explosiveness': 0.8846211344508086}, 'passingDowns': {'rate': 0.28440366972477066, 'ppa': 0.0324339881350861, 'totalPPA': 11.074485141173572, 'successRate': 0.25806451612903225, 'explosiveness': 1.567133428688927}, 'rushingPlays': {'rate': 0.39908256880733944, 'ppa': 0.20873739107978329, 'totalPPA': 18.160153023941145, 'successRate': 0.5632183908045977, 'explosiveness': 0.8330372988773316}, 'passingPlays': {'rate': 0.5642201834862385, 'ppa': 0.09003646456238676, 'totalPPA': 11.074485141173572, 'successRate': 0.43089430894308944, 'explosiveness': 1.165218660936632}}"
2026,SMU,ACC,"{'plays': 122, 'drives': 24, 'ppa': 0.4587713273473277, 'totalPPA': 55.97010193637397, 'successRate': 0.5573770491803278, 'explosiveness': 1.4281739344272317, 'powerSuccess': 0.3333333333333333, 'stuffRate': 0.18867924528301888, 'lineYards': 2.9660377358490564, 'lineYardsTotal': 157, 'secondLevelYards': 0.9433962264150944, 'secondLevelYardsTotal': 50, 'openFieldYards': 1.150943396226415, 'openFieldYardsTotal': 61, 'totalOpportunies': 14, 'pointsPerOpportunity': 3.9285714285714284, 'fieldPosition': {'averageStart': 66, 'averagePredictedPoints': 1.657}, 'havoc': {'total': 0.139, 'frontSeven': 0.09, 'db': 0.049}, 'standardDowns': {'rate': 0.7295081967213115, 'ppa': 0.4128861943340517, 'successRate': 0.6292134831460674, 'explosiveness': 1.0973771636918452}, 'passingDowns': {'rate': 0.27049180327868855, 'ppa': 0.5825221406255566, 'successRate': 0.36363636363636365, 'explosiveness': 2.971892197859035}, 'rushingPlays': {'rate': 0.4344262295081967, 'ppa': -0.03105424440663553, 'totalPPA': -1.645874953551683, 'successRate': 0.4528301886792453, 'explosiveness': 0.7306006444729429}, 'passingPlays': {'rate': 0.5655737704918032, 'ppa': 0.8350141578250095, 'totalPPA': 57.615976889925655, 'successRate': 0.6376811594202898, 'explosiveness': 1.8086684562204802}}","{'plays': 131, 'drives': 26, 'ppa': -0.08462204776416807, 'totalPPA': -11.085488257106018, 'successRate': 0.3282442748091603, 'explosiveness': 1.2842625511359242, 'powerSuccess': 0.25, 'stuffRate': 0.203125, 'lineYards': 2.9375, 'lineYardsTotal': 188, 'secondLevelYards': 1, 'secondLevelYardsTotal': 64, 'openFieldYards': 1.0625, 'openFieldYardsTotal': 0, 'totalOpportunies': 10, 'pointsPerOpportunity': 3.4, 'fieldPosition': {'averageStart': 73, 'averagePredictedPoints': -1.15}, 'havoc': {'total': 0.183, 'frontSeven': 0.122, 'db': 0.061}, 'standardDowns': {'rate': 0.6717557251908397, 'ppa': -0.24052200928801845, 'successRate': 0.375, 'explosiveness': 0.894400349327385}, 'passingDowns': {'rate': 0.3282442748091603, 'ppa': 0.23442903628464198, 'totalPPA': -2.9763877685362394, 'successRate': 0.23255813953488372, 'explosiveness': 2.5708078171041033}, 'rushingPlays': {'rate': 0.48854961832061067, 'ppa': -0.10110856031325231, 'totalPPA': -6.470947860048148, 'successRate': 0.375, 'explosiveness': 0.9904493330425276}, 'passingPlays': {'rate': 0.48854961832061067, 'ppa': -0.04650605888337874, 'totalPPA': -2.9763877685362394, 'successRate': 0.28125, 'explosiveness': 1.7291032498157384}}"
2026,South Alabama,Sun Belt,"{'plays': 162, 'drives': 21, 'ppa': 0.16853103853805293, 'totalPPA': 27.302028243164575, 'successRate': 0.4382716049382716, 'explosiveness': 1.2176774412969205, 'powerSuccess': 0.7857142857142857, 'stuffRate': 0.13541666666666666, 'lineYards': 3.31875, 'lineYardsTotal': 319, 'secondLevelYards': 1.15625, 'secondLevelYardsTotal': 111, 'openFieldYards': 0.5625, 'openFieldYardsTotal': 54, 'totalOpportunies': 13, 'pointsPerOpportunity': 4.153846153846154, 'fieldPosition': {'averageStart': 71.5, 'averagePredictedPoints': 1.37}, 'havoc': {'total': 0.136, 'frontSeven': 0.086, 'db': 0.049}, 'standardDowns': {'rate': 0.6790123456790124, 'ppa': 0.05941158817749114, 'successRate': 0.4727272727272727, 'explosiveness': 0.9994646747520802}, 'passingDowns': {'rate': 0.32098765432098764, 'ppa': 0.39936064507001057, 'successRate': 0.36538461538461536, 'explosiveness': 1.814891328682799}, 'rushingPlays': {'rate': 0.5925925925925926, 'ppa': 0.14063825518059667, 'totalPPA': 13.501272497337279, 'successRate': 0.4479166666666667, 'explosiveness': 0.9750142037077932}, 'passingPlays': {'rate': 0.3765432098765432, 'ppa': 0.2864538821887935, 'totalPPA': 17.4736868135164, 'successRate': 0.4426229508196721, 'explosiveness': 1.6068326004836928}}","{'plays': 89, 'drives': 20, 'ppa': 0.1632686372144404, 'totalPPA': 14.530908712085196, 'successRate': 0.38202247191011235, 'explosiveness': 1.780175832903859, 'powerSuccess': 0.42857142857142855, 'stuffRate': 0.3111111111111111, 'lineYards': 1.8, 'lineYardsTotal': 81, 'secondLevelYards': 1.0444444444444445, 'secondLevelYardsTotal': 47, 'openFieldYards': 3.488888888888889, 'openFieldYardsTotal': 0, 'totalOpportunies': 10, 'pointsPerOpportunity': 3.3, 'fieldPosition': {'averageStart': 71.5, 'averagePredictedPoints': -1.302}, 'havoc': {'total': 0.225, 'frontSeven': 0.124, 'db': 0.101}, 'standardDowns': {'rate': 0.6629213483146067, 'ppa': 0.03704813745050167, 'successRate': 0.423728813559322, 'explosiveness': 1.4203435335487584}, 'passingDowns': {'rate': 0.33707865168539325, 'ppa': 0.4115022867501866, 'totalPPA': 17.230355779378495, 'successRate': 0.3, 'explosiveness': 2.779709997779139}, 'rushingPlays': {'rate': 0.5056179775280899, 'ppa': -7.567641882883357e-05, 'totalPPA': -0.0034054388472975106, 'successRate': 0.3111111111111111, 'explosiveness': 1.6531271143575406}, 'passingPlays': {'rate': 0.47191011235955055, 'ppa': 0.41024656617567845, 'totalPPA': 17.230355779378495, 'successRate': 0.47619047619047616, 'explosiveness': 1.869109935886282}}"
2026,South Carolina,SEC,"{'plays': 142, 'drives': 22, 'ppa': 0.438343965195304, 'totalPPA': 62.24484305773317, 'successRate': 0.5915492957746479, 'explosiveness': 1.2175363639723062, 'powerSuccess': 0.8333333333333334, 'stuffRate': 0.0759493670886076, 'lineYards': 4.2025316455696204, 'lineYardsTotal': 332, 'secondLevelYards': 1.6962025316455696, 'secondLevelYardsTotal': 134, 'openFieldYards': 3.620253164556962, 'openFieldYardsTotal': 286, 'totalOpportunies': 15, 'pointsPerOpportunity': 4.866666666666667, 'fieldPosition': {'averageStart': 72, 'averagePredictedPoints': 1.263}, 'havoc': {'total': 0.099, 'frontSeven': 0.063, 'db': 0.035}, 'standardDowns': {'rate': 0.8028169014084507, 'ppa': 0.29358101599418646, 'successRate': 0.6228070175438597, 'explosiveness': 0.9667345697641905}, 'passingDowns': {'rate': 0.19718309859154928, 'ppa': 1.0277359726569968, 'successRate': 0.4642857142857143, 'explosiveness': 2.5873000092627847}, 'rushingPlays': {'rate': 0.5563380281690141, 'ppa': 0.582241096986529, 'totalPPA': 45.9970466619358, 'successRate': 0.6708860759493671, 'explosiveness': 1.098332169303219}, 'passingPlays': {'rate': 0.4154929577464789, 'ppa': 0.3360026920905322, 'totalPPA': 19.8241588333414, 'successRate': 0.4915254237288136, 'explosiveness': 1.44348376780772}}","{'plays': 115, 'drives': 24, 'ppa': -0.09124290900659039, 'totalPPA': -10.492934535757895, 'successRate': 0.26956521739130435, 'explosiveness': 1.4126566341430444, 'powerSuccess': 0.4, 'stuffRate': 0.24489795918367346, 'lineYards': 2.0918367346938775, 'lineYardsTotal': 103, 'secondLevelYards': 0.3877551020408163, 'secondLevelYardsTotal': 19, 'openFieldYards': 0.5918367346938775, 'openFieldYardsTotal': 0, 'totalOpportunies': 5, 'pointsPerOpportunity': 3.4, 'fieldPosition': {'averageStart': 78, 'averagePredictedPoints': -0.78}, 'havoc': {'total': 0.139, 'frontSeven': 0.096, 'db': 0.043}, 'standardDowns': {'rate': 0.5565217391304348, 'ppa': -0.20615957039034227, 'successRate': 0.296875, 'explosiveness': 1.0241297431095613}, 'passingDowns': {'rate': 0.4434782608695652, 'ppa': 0.05296623469066688, 'totalPPA': 8.394291511257206, 'successRate': 0.23529411764705882, 'explosiveness': 2.027824211612726}, 'rushingPlays': {'rate': 0.4260869565217391, 'ppa': -0.20357949185389684, 'totalPPA': -9.975395100840945, 'successRate': 0.1836734693877551, 'explosiveness': 1.1311403930630786}, 'passingPlays': {'rate': 0.5304347826086957, 'ppa': 0.13761133625011812, 'totalPPA': 8.394291511257206, 'successRate': 0.3442622950819672, 'explosiveness': 1.4538276064445854}}"
2026,Southern Miss,Sun Belt,"{'plays': 145, 'drives': 23, 'ppa': 0.10776425003214611, 'totalPPA': 15.625816254661185, 'successRate': 0.4896551724137931, 'explosiveness': 1.006474011399464, 'powerSuccess': 0.8125, 'stuffRate': 0.07692307692307693, 'lineYards': 3.7, 'lineYardsTotal': 289, 'secondLevelYards': 1.141025641025641, 'secondLevelYardsTotal': 89, 'openFieldYards': 0.4230769230769231, 'openFieldYardsTotal': 33, 'totalOpportunies': 9, 'pointsPerOpportunity': 6.222222222222222, 'fieldPosition': {'averageStart': 74.2, 'averagePredictedPoints': 1.15}, 'havoc': {'total': 0.131, 'frontSeven': 0.055, 'db': 0.076}, 'standardDowns': {'rate': 0.7931034482758621, 'ppa': 0.10355932217504578, 'successRate': 0.5217391304347826, 'explosiveness': 0.9341994242619042}, 'passingDowns': {'rate': 0.20689655172413793, 'ppa': 0.1238831401510307, 'successRate': 0.36666666666666664, 'explosiveness': 1.4006990321497896}, 'rushingPlays': {'rate': 0.5379310344827586, 'ppa': 0.2948421961338424, 'totalPPA': 22.997691298439705, 'successRate': 0.5641025641025641, 'explosiveness': 0.8145236252357152}, 'passingPlays': {'rate': 0.42758620689655175, 'ppa': 0.0025343001512636264, 'totalPPA': 0.15712660937834486, 'successRate': 0.43548387096774194, 'explosiveness': 1.3192820481107579}}","{'plays': 146, 'drives': 24, 'ppa': 0.06083959260013439, 'totalPPA': 8.882580519619621, 'successRate': 0.3904109589041096, 'explosiveness': 1.2299504868649154, 'powerSuccess': 0.7142857142857143, 'stuffRate': 0.20238095238095238, 'lineYards': 3.2, 'lineYardsTotal': 269, 'secondLevelYards': 1.2857142857142858, 'secondLevelYardsTotal': 108, 'openFieldYards': 1.2619047619047619, 'openFieldYardsTotal': 0, 'totalOpportunies': 11, 'pointsPerOpportunity': 3.3636363636363638, 'fieldPosition': {'averageStart': 74, 'averagePredictedPoints': -1.104}, 'havoc': {'total': 0.137, 'frontSeven': 0.089, 'db': 0.048}, 'standardDowns': {'rate': 0.684931506849315, 'ppa': -0.16217919191293795, 'successRate': 0.38, 'explosiveness': 0.7089851944358071}, 'passingDowns': {'rate': 0.3150684931506849, 'ppa': 0.54566303719377, 'totalPPA': 11.793704337839223, 'successRate': 0.41304347826086957, 'explosiveness': 2.271881071723132}, 'rushingPlays': {'rate': 0.5753424657534246, 'ppa': 0.158327549409082, 'totalPPA': 13.299514150362889, 'successRate': 0.44047619047619047, 'explosiveness': 0.9635189822953688}, 'passingPlays': {'rate': 0.3767123287671233, 'ppa': 0.21443098796071314, 'totalPPA': 11.793704337839223, 'successRate': 0.36363636363636365, 'explosiveness': 1.7228487703185764}}"
2026,South Florida,American Athletic,"{'plays': 114, 'drives': 19, 'ppa': 0.140587628627423, 'totalPPA': 16.026989663526223, 'successRate': 0.47368421052631576, 'explosiveness': 1.0043796944285208, 'powerSuccess': 0.8571428571428571, 'stuffRate': 0.22580645161290322, 'lineYards': 2.629032258064516, 'lineYardsTotal': 163, 'secondLevelYards': 1.096774193548387, 'secondLevelYardsTotal': 68, 'openFieldYards': 0.45161290322580644, 'openFieldYardsTotal': 28, 'totalOpportunies': 10, 'pointsPerOpportunity': 4.7, 'fieldPosition': {'averageStart': 67.4, 'averagePredictedPoints': 1.6}, 'havoc': {'total': 0.132, 'frontSeven': 0.079, 'db': 0.053}, 'standardDowns': {'rate': 0.6666666666666666, 'ppa': 0.1072423252379292, 'successRate': 0.5526315789473685, 'explosiveness': 0.749633321504074}, 'passingDowns': {'rate': 0.3333333333333333, 'ppa': 0.2072782354064106, 'successRate': 0.3157894736842105, 'explosiveness': 1.8959919996640848}, 'rushingPlays': {'rate': 0.543859649122807, 'ppa': 0.06987952457484374, 'totalPPA': 4.332530523640312, 'successRate': 0.45161290322580644, 'explosiveness': 0.8122282602415618}, 'passingPlays': {'rate': 0.4298245614035088, 'ppa': 0.3134979315584752, 'totalPPA': 15.361398646365286, 'successRate': 0.5102040816326531, 'explosiveness': 1.2432533361020766}}","{'plays': 140, 'drives': 19, 'ppa': -0.005883454988759246, 'totalPPA': -0.8236836984262944, 'successRate': 0.44285714285714284, 'explosiveness': 0.8079743699415228, 'powerSuccess': 0.7272727272727273, 'stuffRate': 0.18666666666666668, 'lineYards': 3.0453333333333332, 'lineYardsTotal': 228, 'secondLevelYards': 0.9333333333333333, 'secondLevelYardsTotal': 70, 'openFieldYards': 0.5333333333333333, 'openFieldYardsTotal': 0, 'totalOpportunies': 8, 'pointsPerOpportunity': 4.25, 'fieldPosition': {'averageStart': 75.5, 'averagePredictedPoints': -1.075}, 'havoc': {'total': 0.136, 'frontSeven': 0.1, 'db': 0.036}, 'standardDowns': {'rate': 0.7071428571428572, 'ppa': 0.009692763758493442, 'successRate': 0.5252525252525253, 'explosiveness': 0.7022883141994024}, 'passingDowns': {'rate': 0.29285714285714287, 'ppa': -0.04349432464675964, 'totalPPA': 9.42922899322447, 'successRate': 0.24390243902439024, 'explosiveness': 1.3575418598005493}, 'rushingPlays': {'rate': 0.5357142857142857, 'ppa': -0.12538388869979794, 'totalPPA': -9.403791652484845, 'successRate': 0.4533333333333333, 'explosiveness': 0.3661386574895946}, 'passingPlays': {'rate': 0.44285714285714284, 'ppa': 0.15208433860039466, 'totalPPA': 9.42922899322447, 'successRate': 0.45161290322580644, 'explosiveness': 1.34448916363315}}"
2026,Stanford,ACC,"{'plays': 139, 'drives': 24, 'ppa': 0.16528711647074237, 'totalPPA': 22.974909189433188, 'successRate': 0.39568345323741005, 'explosiveness': 1.1457214486158334, 'powerSuccess': 0.8571428571428571, 'stuffRate': 0.1694915254237288, 'lineYards': 2.886440677966102, 'lineYardsTotal': 170, 'secondLevelYards': 0.8135593220338984, 'secondLevelYardsTotal': 48, 'openFieldYards': 0.864406779661017, 'openFieldYardsTotal': 51, 'totalOpportunies': 11, 'pointsPerOpportunity': 3.090909090909091, 'fieldPosition': {'averageStart': 75.7, 'averagePredictedPoints': 1.01}, 'havoc': {'total': 0.094, 'frontSeven': 0.043, 'db': 0.05}, 'standardDowns': {'rate': 0.6834532374100719, 'ppa': 0.14393538717388266, 'successRate': 0.47368421052631576, 'explosiveness': 0.9459425806920415}, 'passingDowns': {'rate': 0.31654676258992803, 'ppa': 0.2113874410889622, 'successRate': 0.22727272727272727, 'explosiveness': 2.0447263542728966}, 'rushingPlays': {'rate': 0.4244604316546763, 'ppa': 0.11023164428708991, 'totalPPA': 6.503667012938305, 'successRate': 0.3898305084745763, 'explosiveness': 0.8559829327861136}, 'passingPlays': {'rate': 0.5539568345323741, 'ppa': 0.2106466742791542, 'totalPPA': 16.219793919494876, 'successRate': 0.4025974025974026, 'explosiveness': 1.3530970100389736}}","{'plays': 145, 'drives': 25, 'ppa': 0.24458484935107738, 'totalPPA': 35.464803155906225, 'successRate': 0.4482758620689655, 'explosiveness': 1.3156744634857456, 'powerSuccess': 1, 'stuffRate': 0.1509433962264151, 'lineYards': 2.922641509433962, 'lineYardsTotal': 155, 'secondLevelYards': 0.9056603773584906, 'secondLevelYardsTotal': 48, 'openFieldYards': 0.5849056603773585, 'openFieldYardsTotal': 0, 'totalOpportunies': 12, 'pointsPerOpportunity': 6.083333333333333, 'fieldPosition': {'averageStart': 74.8, 'averagePredictedPoints': -1.051}, 'havoc': {'total': 0.124, 'frontSeven': 0.083, 'db': 0.041}, 'standardDowns': {'rate': 0.6344827586206897, 'ppa': 0.20612749905097477, 'successRate': 0.5, 'explosiveness': 1.1368987213340467}, 'passingDowns': {'rate': 0.36551724137931035, 'ppa': 0.3113410045889914, 'totalPPA': 44.96516441779237, 'successRate': 0.3584905660377358, 'explosiveness': 1.748499944484596}, 'rushingPlays': {'rate': 0.36551724137931035, 'ppa': -0.04882960717127035, 'totalPPA': -2.587969180077329, 'successRate': 0.41509433962264153, 'explosiveness': 0.9410665515301696}, 'passingPlays': {'rate': 0.6, 'ppa': 0.5168409703194525, 'totalPPA': 44.96516441779237, 'successRate': 0.4942528735632184, 'explosiveness': 1.5073343254165055}}"
2026,Syracuse,ACC,"{'plays': 165, 'drives': 26, 'ppa': 0.09061803486807517, 'totalPPA': 14.951975753232402, 'successRate': 0.41818181818181815, 'explosiveness': 1.3627569146430043, 'powerSuccess': 0.9285714285714286, 'stuffRate': 0.1780821917808219, 'lineYards': 2.9397260273972603, 'lineYardsTotal': 215, 'secondLevelYards': 1.2876712328767124, 'secondLevelYardsTotal': 94, 'openFieldYards': 1.5068493150684932, 'openFieldYardsTotal': 110, 'totalOpportunies': 19, 'pointsPerOpportunity': 4.157894736842105, 'fieldPosition': {'averageStart': 63.3, 'averagePredictedPoints': 1.868}, 'havoc': {'total': 0.115, 'frontSeven': 0.073, 'db': 0.042}, 'standardDowns': {'rate': 0.6606060606060606, 'ppa': 0.003459488746065845, 'successRate': 0.45871559633027525, 'explosiveness': 1.0485730709346812}, 'passingDowns': {'rate': 0.3393939393939394, 'ppa': 0.260265919284129, 'successRate': 0.3392857142857143, 'explosiveness': 2.189556503349117}, 'rushingPlays': {'rate': 0.44242424242424244, 'ppa': 0.16136977218524023, 'totalPPA': 11.779993369522536, 'successRate': 0.4657534246575342, 'explosiveness': 0.967136730830801}, 'passingPlays': {'rate': 0.5272727272727272, 'ppa': 0.14150337042883807, 'totalPPA': 12.310793227308912, 'successRate': 0.39080459770114945, 'explosiveness': 1.7837958960587694}}","{'plays': 123, 'drives': 26, 'ppa': -0.25379058887179007, 'totalPPA': -31.216242431230178, 'successRate': 0.3089430894308943, 'explosiveness': 1.00832564007365, 'powerSuccess': 0.75, 'stuffRate': 0.2727272727272727, 'lineYards': 1.8909090909090909, 'lineYardsTotal': 104, 'secondLevelYards': 0.6727272727272727, 'secondLevelYardsTotal': 37, 'openFieldYards': 1.0181818181818183, 'openFieldYardsTotal': 0, 'totalOpportunies': 9, 'pointsPerOpportunity': 1.8888888888888888, 'fieldPosition': {'averageStart': 74.7, 'averagePredictedPoints': -1.078}, 'havoc': {'total': 0.203, 'frontSeven': 0.163, 'db': 0.041}, 'standardDowns': {'rate': 0.5772357723577236, 'ppa': -0.2883867179365343, 'successRate': 0.39436619718309857, 'explosiveness': 0.8995505232472384}, 'passingDowns': {'rate': 0.42276422764227645, 'ppa': -0.20655356649492776, 'totalPPA': -14.866840897642911, 'successRate': 0.19230769230769232, 'explosiveness': 1.3128959671876024}, 'rushingPlays': {'rate': 0.44715447154471544, 'ppa': -0.24563975076831024, 'totalPPA': -13.510186292257062, 'successRate': 0.34545454545454546, 'explosiveness': 0.6915791728971363}, 'passingPlays': {'rate': 0.5284552845528455, 'ppa': -0.2287206291945063, 'totalPPA': -14.866840897642911, 'successRate': 0.27692307692307694, 'explosiveness': 1.4063576080215252}}"
2026,TCU,Big 12,"{'plays': 143, 'drives': 24, 'ppa': 0.27208954739075486, 'totalPPA': 38.90880527687794, 'successRate': 0.5104895104895105, 'explosiveness': 1.1928228045964784, 'powerSuccess': 0.8181818181818182, 'stuffRate': 0.1388888888888889, 'lineYards': 3.498611111111111, 'lineYardsTotal': 252, 'secondLevelYards': 1.4166666666666667, 'secondLevelYardsTotal': 102, 'openFieldYards': 1.6111111111111112, 'openFieldYardsTotal': 116, 'totalOpportunies': 15, 'pointsPerOpportunity': 3.933333333333333, 'fieldPosition': {'averageStart': 62.9, 'averagePredictedPoints': 1.846}, 'havoc': {'total': 0.112, 'frontSeven': 0.091, 'db': 0.021}, 'standardDowns': {'rate': 0.7272727272727273, 'ppa': 0.36858266399831385, 'successRate': 0.625, 'explosiveness': 1.1203654438200226}, 'passingDowns': {'rate': 0.2727272727272727, 'ppa': 0.014774569770597596, 'successRate': 0.20512820512820512, 'explosiveness': 1.7815388609051823}, 'rushingPlays': {'rate': 0.5034965034965035, 'ppa': 0.23626203766405335, 'totalPPA': 17.01086671181184, 'successRate': 0.5555555555555556, 'explosiveness': 0.8542526931422193}, 'passingPlays': {'rate': 0.46853146853146854, 'ppa': 0.2969657233636885, 'totalPPA': 19.89670346536713, 'successRate': 0.4626865671641791, 'explosiveness': 1.5501550081142663}}","{'plays': 112, 'drives': 24, 'ppa': -0.1211075290029854, 'totalPPA': -13.564043248334364, 'successRate': 0.3392857142857143, 'explosiveness': 0.9668444329735346, 'powerSuccess': 0, 'stuffRate': 0.24528301886792453, 'lineYards': 2.3358490566037737, 'lineYardsTotal': 124, 'secondLevelYards': 0.6792452830188679, 'secondLevelYardsTotal': 36, 'openFieldYards': 0.018867924528301886, 'openFieldYardsTotal': 0, 'totalOpportunies': 8, 'pointsPerOpportunity': 2.5, 'fieldPosition': {'averageStart': 74, 'averagePredictedPoints': -1.126}, 'havoc': {'total': 0.232, 'frontSeven': 0.161, 'db': 0.071}, 'standardDowns': {'rate': 0.6517857142857143, 'ppa': -0.19727730497879534, 'successRate': 0.3561643835616438, 'explosiveness': 0.6765569625849157}, 'passingDowns': {'rate': 0.3482142857142857, 'ppa': 0.021466667054299893, 'totalPPA': 7.541544319924318, 'successRate': 0.3076923076923077, 'explosiveness': 1.5958006188155422}, 'rushingPlays': {'rate': 0.4732142857142857, 'ppa': -0.37098536056484827, 'totalPPA': -19.662224109936957, 'successRate': 0.2641509433962264, 'explosiveness': 0.22038892185872594}, 'passingPlays': {'rate': 0.5, 'ppa': 0.13467043428436282, 'totalPPA': 7.541544319924318, 'successRate': 0.4107142857142857, 'explosiveness': 1.4397078528283083}}"
2026,Temple,American Athletic,"{'plays': 121, 'drives': 19, 'ppa': 0.13071739838321295, 'totalPPA': 15.816805204368766, 'successRate': 0.4380165289256198, 'explosiveness': 1.1366621926292704, 'powerSuccess': 0.8333333333333334, 'stuffRate': 0.2, 'lineYards': 3.041333333333333, 'lineYardsTotal': 228, 'secondLevelYards': 1.0933333333333333, 'secondLevelYardsTotal': 82, 'openFieldYards': 1.72, 'openFieldYardsTotal': 129, 'totalOpportunies': 9, 'pointsPerOpportunity': 3.7777777777777777, 'fieldPosition': {'averageStart': 75.3, 'averagePredictedPoints': 1.031}, 'havoc': {'total': 0.107, 'frontSeven': 0.058, 'db': 0.05}, 'standardDowns': {'rate': 0.7024793388429752, 'ppa': 0.12408479149628776, 'successRate': 0.49411764705882355, 'explosiveness': 0.9260015825655742}, 'passingDowns': {'rate': 0.2975206611570248, 'ppa': 0.14637772019956405, 'successRate': 0.3055555555555556, 'explosiveness': 1.941002703781565}, 'rushingPlays': {'rate': 0.6198347107438017, 'ppa': 0.25268476625915126, 'totalPPA': 18.951357469436342, 'successRate': 0.4666666666666667, 'explosiveness': 1.139592646262883}, 'passingPlays': {'rate': 0.33884297520661155, 'ppa': -0.10887645656513639, 'totalPPA': -4.4639347191705925, 'successRate': 0.36585365853658536, 'explosiveness': 1.1291300938526527}}","{'plays': 126, 'drives': 21, 'ppa': 0.08897436292663265, 'totalPPA': 11.210769728755713, 'successRate': 0.4126984126984127, 'explosiveness': 1.1673451255258795, 'powerSuccess': 0.7272727272727273, 'stuffRate': 0.171875, 'lineYards': 2.05, 'lineYardsTotal': 131, 'secondLevelYards': 1.0625, 'secondLevelYardsTotal': 68, 'openFieldYards': 0.40625, 'openFieldYardsTotal': 0, 'totalOpportunies': 13, 'pointsPerOpportunity': 3.1538461538461537, 'fieldPosition': {'averageStart': 73.3, 'averagePredictedPoints': -1.155}, 'havoc': {'total': 0.143, 'frontSeven': 0.071, 'db': 0.071}, 'standardDowns': {'rate': 0.6825396825396826, 'ppa': -0.025089559611329113, 'successRate': 0.45348837209302323, 'explosiveness': 0.8162312395728357}, 'passingDowns': {'rate': 0.31746031746031744, 'ppa': 0.33421179638325044, 'totalPPA': 12.643531771960308, 'successRate': 0.325, 'explosiveness': 2.2206867833850112}, 'rushingPlays': {'rate': 0.5079365079365079, 'ppa': -0.03433963256654329, 'totalPPA': -2.1977364842587708, 'successRate': 0.375, 'explosiveness': 0.7532143977725373}, 'passingPlays': {'rate': 0.47619047619047616, 'ppa': 0.2107255295326718, 'totalPPA': 12.643531771960308, 'successRate': 0.45, 'explosiveness': 1.5206791551457393}}"
2026,Tennessee,SEC,"{'plays': 143, 'drives': 24, 'ppa': 0.36633065914131246, 'totalPPA': 52.38528425720769, 'successRate': 0.5104895104895105, 'explosiveness': 1.3176765686521934, 'powerSuccess': 0.8181818181818182, 'stuffRate': 0.12222222222222222, 'lineYards': 3.716666666666667, 'lineYardsTotal': 335, 'secondLevelYards': 1.511111111111111, 'secondLevelYardsTotal': 136, 'openFieldYards': 2.3222222222222224, 'openFieldYardsTotal': 209, 'totalOpportunies': 14, 'pointsPerOpportunity': 6.214285714285714, 'fieldPosition': {'averageStart': 68.3, 'averagePredictedPoints': 1.53}, 'havoc': {'total': 0.126, 'frontSeven': 0.084, 'db': 0.042}, 'standardDowns': {'rate': 0.7482517482517482, 'ppa': 0.4189962414796246, 'successRate': 0.5607476635514018, 'explosiveness': 1.221102736159826}, 'passingDowns': {'rate': 0.2517482517482518, 'ppa': 0.20979684496910692, 'successRate': 0.3611111111111111, 'explosiveness': 1.763401949386197}, 'rushingPlays': {'rate': 0.6293706293706294, 'ppa': 0.3536906656472745, 'totalPPA': 31.832159908254706, 'successRate': 0.5333333333333333, 'explosiveness': 1.1064887256052207}, 'passingPlays': {'rate': 0.34965034965034963, 'ppa': 0.5511272287311174, 'totalPPA': 27.55636143655587, 'successRate': 0.5, 'explosiveness': 1.7231572273023807}}","{'plays': 132, 'drives': 25, 'ppa': -0.133299706225414, 'totalPPA': -17.59556122175465, 'successRate': 0.36363636363636365, 'explosiveness': 1.0633150711559853, 'powerSuccess': 0.6, 'stuffRate': 0.17857142857142858, 'lineYards': 3.5125, 'lineYardsTotal': 197, 'secondLevelYards': 1.4821428571428572, 'secondLevelYardsTotal': 83, 'openFieldYards': 1.5178571428571428, 'openFieldYardsTotal': 0, 'totalOpportunies': 12, 'pointsPerOpportunity': 2.25, 'fieldPosition': {'averageStart': 72.4, 'averagePredictedPoints': -1.171}, 'havoc': {'total': 0.242, 'frontSeven': 0.152, 'db': 0.091}, 'standardDowns': {'rate': 0.6590909090909091, 'ppa': -0.23977980117168404, 'successRate': 0.42528735632183906, 'explosiveness': 0.8084606635773478}, 'passingDowns': {'rate': 0.3409090909090909, 'ppa': 0.07256181067070802, 'totalPPA': -27.259358248101375, 'successRate': 0.24444444444444444, 'explosiveness': 1.920552623920493}, 'rushingPlays': {'rate': 0.42424242424242425, 'ppa': 0.18942255543653871, 'totalPPA': 10.607663104446168, 'successRate': 0.42857142857142855, 'explosiveness': 1.1209558561838844}, 'passingPlays': {'rate': 0.5454545454545454, 'ppa': -0.37860219789029687, 'totalPPA': -27.259358248101375, 'successRate': 0.3333333333333333, 'explosiveness': 1.005674286128086}}"
2026,Texas,SEC,"{'plays': 148, 'drives': 20, 'ppa': 0.2502956329255999, 'totalPPA': 37.043753672988785, 'successRate': 0.49324324324324326, 'explosiveness': 1.2917938180626174, 'powerSuccess': 0.75, 'stuffRate': 0.21333333333333335, 'lineYards': 2.7826666666666666, 'lineYardsTotal': 209, 'secondLevelYards': 1.1466666666666667, 'secondLevelYardsTotal': 86, 'openFieldYards': 0.7733333333333333, 'openFieldYardsTotal': 58, 'totalOpportunies': 13, 'pointsPerOpportunity': 5.846153846153846, 'fieldPosition': {'averageStart': 70.4, 'averagePredictedPoints': 1.363}, 'havoc': {'total': 0.162, 'frontSeven': 0.122, 'db': 0.041}, 'standardDowns': {'rate': 0.6891891891891891, 'ppa': 0.10064073669946219, 'successRate': 0.5098039215686274, 'explosiveness': 1.0640002542483484}, 'passingDowns': {'rate': 0.3108108108108108, 'ppa': 0.582139098470514, 'successRate': 0.45652173913043476, 'explosiveness': 1.8558540713169978}, 'rushingPlays': {'rate': 0.5067567567567568, 'ppa': 0.06797639524482794, 'totalPPA': 5.098229643362096, 'successRate': 0.48, 'explosiveness': 0.885120904035297}, 'passingPlays': {'rate': 0.4797297297297297, 'ppa': 0.49985622779861794, 'totalPPA': 35.48979217370187, 'successRate': 0.5070422535211268, 'explosiveness': 1.725937051848805}}","{'plays': 137, 'drives': 22, 'ppa': 0.050000138355594574, 'totalPPA': 6.8500189547164565, 'successRate': 0.40145985401459855, 'explosiveness': 1.2231481170189105, 'powerSuccess': 0.625, 'stuffRate': 0.20588235294117646, 'lineYards': 2.738235294117647, 'lineYardsTotal': 186, 'secondLevelYards': 0.9558823529411765, 'secondLevelYardsTotal': 65, 'openFieldYards': 1.3823529411764706, 'openFieldYardsTotal': 0, 'totalOpportunies': 13, 'pointsPerOpportunity': 2.3076923076923075, 'fieldPosition': {'averageStart': 70.9, 'averagePredictedPoints': -1.272}, 'havoc': {'total': 0.175, 'frontSeven': 0.117, 'db': 0.058}, 'standardDowns': {'rate': 0.7299270072992701, 'ppa': -0.10483566646989409, 'successRate': 0.4, 'explosiveness': 0.9024009429127557}, 'passingDowns': {'rate': 0.27007299270072993, 'ppa': 0.46847528653259096, 'totalPPA': 17.815367372494528, 'successRate': 0.40540540540540543, 'explosiveness': 2.078473914635323}, 'rushingPlays': {'rate': 0.49635036496350365, 'ppa': -0.1574802263879155, 'totalPPA': -10.708655394378253, 'successRate': 0.36764705882352944, 'explosiveness': 0.7703234381213341}, 'passingPlays': {'rate': 0.45985401459854014, 'ppa': 0.2827836090872147, 'totalPPA': 17.815367372494528, 'successRate': 0.42857142857142855, 'explosiveness': 1.667767150207301}}"
2026,Texas A&M,SEC,"{'plays': 151, 'drives': 25, 'ppa': 0.20301539114565498, 'totalPPA': 30.655324062993902, 'successRate': 0.4966887417218543, 'explosiveness': 1.0605418819511832, 'powerSuccess': 1, 'stuffRate': 0.14814814814814814, 'lineYards': 3.208641975308642, 'lineYardsTotal': 260, 'secondLevelYards': 1.1851851851851851, 'secondLevelYardsTotal': 96, 'openFieldYards': 1.0740740740740742, 'openFieldYardsTotal': 87, 'totalOpportunies': 17, 'pointsPerOpportunity': 4.823529411764706, 'fieldPosition': {'averageStart': 60.1, 'averagePredictedPoints': 2.07}, 'havoc': {'total': 0.139, 'frontSeven': 0.079, 'db': 0.06}, 'standardDowns': {'rate': 0.7152317880794702, 'ppa': 0.2049717936380002, 'successRate': 0.5555555555555556, 'explosiveness': 0.910501700432986}, 'passingDowns': {'rate': 0.2847682119205298, 'ppa': 0.1981016360486019, 'successRate': 0.3488372093023256, 'explosiveness': 1.6607026080239724}, 'rushingPlays': {'rate': 0.5364238410596026, 'ppa': 0.10282066218022445, 'totalPPA': 8.328473636598181, 'successRate': 0.5061728395061729, 'explosiveness': 0.7211556908316366}, 'passingPlays': {'rate': 0.4304635761589404, 'ppa': 0.36641884425812665, 'totalPPA': 23.81722487677823, 'successRate': 0.47692307692307695, 'explosiveness': 1.5343375902130012}}","{'plays': 105, 'drives': 25, 'ppa': -0.36707368492015235, 'totalPPA': -38.542736916616, 'successRate': 0.2761904761904762, 'explosiveness': 1.1434497655113145, 'powerSuccess': 0.5, 'stuffRate': 0.25, 'lineYards': 2.2442307692307693, 'lineYardsTotal': 117, 'secondLevelYards': 0.6923076923076923, 'secondLevelYardsTotal': 36, 'openFieldYards': 0.34615384615384615, 'openFieldYardsTotal': 0, 'totalOpportunies': 6, 'pointsPerOpportunity': 1, 'fieldPosition': {'averageStart': 72.9, 'averagePredictedPoints': -1.126}, 'havoc': {'total': 0.248, 'frontSeven': 0.171, 'db': 0.076}, 'standardDowns': {'rate': 0.6571428571428571, 'ppa': -0.6874472508629572, 'successRate': 0.30434782608695654, 'explosiveness': 0.6450185796070226}, 'passingDowns': {'rate': 0.34285714285714286, 'ppa': 0.24697564980355696, 'totalPPA': -13.996081375696589, 'successRate': 0.2222222222222222, 'explosiveness': 2.451831628510081}, 'rushingPlays': {'rate': 0.49523809523809526, 'ppa': -0.44632296823705436, 'totalPPA': -23.208794348326826, 'successRate': 0.2692307692307692, 'explosiveness': 0.5671516018540097}, 'passingPlays': {'rate': 0.4857142857142857, 'ppa': -0.2744329681509135, 'totalPPA': -13.996081375696589, 'successRate': 0.29411764705882354, 'explosiveness': 1.6813280515914657}}"
2026,Texas State,Pac-12,"{'plays': 153, 'drives': 23, 'ppa': 0.07133416604981976, 'totalPPA': 10.914127405622423, 'successRate': 0.4444444444444444, 'explosiveness': 1.0653942023826526, 'powerSuccess': 0.7142857142857143, 'stuffRate': 0.1348314606741573, 'lineYards': 3.2168539325842698, 'lineYardsTotal': 286, 'secondLevelYards': 1, 'secondLevelYardsTotal': 89, 'openFieldYards': 1.9325842696629214, 'openFieldYardsTotal': 172, 'totalOpportunies': 12, 'pointsPerOpportunity': 2.8333333333333335, 'fieldPosition': {'averageStart': 75.5, 'averagePredictedPoints': 0.966}, 'havoc': {'total': 0.144, 'frontSeven': 0.098, 'db': 0.046}, 'standardDowns': {'rate': 0.7843137254901961, 'ppa': -0.02490382765445178, 'successRate': 0.4166666666666667, 'explosiveness': 0.9346427504088407}, 'passingDowns': {'rate': 0.21568627450980393, 'ppa': 0.42129050679262536, 'successRate': 0.5454545454545454, 'explosiveness': 1.4285926800876854}, 'rushingPlays': {'rate': 0.5816993464052288, 'ppa': 0.03846736720355638, 'totalPPA': 3.423595681116518, 'successRate': 0.42696629213483145, 'explosiveness': 0.7906717343663923}, 'passingPlays': {'rate': 0.37254901960784315, 'ppa': 0.2128638555655282, 'totalPPA': 12.133239767235107, 'successRate': 0.49122807017543857, 'explosiveness': 1.428806224826265}}","{'plays': 144, 'drives': 20, 'ppa': 0.34083552826692753, 'totalPPA': 49.08031607043757, 'successRate': 0.4791666666666667, 'explosiveness': 1.3393729023888385, 'powerSuccess': 0.7, 'stuffRate': 0.24242424242424243, 'lineYards': 2.6712121212121214, 'lineYardsTotal': 176, 'secondLevelYards': 0.8939393939393939, 'secondLevelYardsTotal': 59, 'openFieldYards': 1.2575757575757576, 'openFieldYardsTotal': 0, 'totalOpportunies': 15, 'pointsPerOpportunity': 5.066666666666666, 'fieldPosition': {'averageStart': 65.1, 'averagePredictedPoints': -1.823}, 'havoc': {'total': 0.139, 'frontSeven': 0.076, 'db': 0.063}, 'standardDowns': {'rate': 0.6527777777777778, 'ppa': 0.2572743104265872, 'successRate': 0.5212765957446809, 'explosiveness': 1.0529427672613414}, 'passingDowns': {'rate': 0.3472222222222222, 'ppa': 0.49793061780676734, 'totalPPA': 42.058776873798905, 'successRate': 0.4, 'explosiveness': 2.0411267334512067}, 'rushingPlays': {'rate': 0.4583333333333333, 'ppa': 0.16467681284026123, 'totalPPA': 10.86866964745724, 'successRate': 0.4393939393939394, 'explosiveness': 0.9061315521114408}, 'passingPlays': {'rate': 0.5347222222222222, 'ppa': 0.5462178814779078, 'totalPPA': 42.058776873798905, 'successRate': 0.5194805194805194, 'explosiveness': 1.653472881339952}}"
2026,Texas Tech,Big 12,"{'plays': 151, 'drives': 25, 'ppa': 0.23603314073143525, 'totalPPA': 35.64100425044672, 'successRate': 0.4503311258278146, 'explosiveness': 1.1224683496118188, 'powerSuccess': 0.7857142857142857, 'stuffRate': 0.16049382716049382, 'lineYards': 3.0641975308641975, 'lineYardsTotal': 248, 'secondLevelYards': 0.8518518518518519, 'secondLevelYardsTotal': 69, 'openFieldYards': 0.5679012345679012, 'openFieldYardsTotal': 46, 'totalOpportunies': 14, 'pointsPerOpportunity': 4.357142857142857, 'fieldPosition': {'averageStart': 67.2, 'averagePredictedPoints': 1.598}, 'havoc': {'total': 0.166, 'frontSeven': 0.099, 'db': 0.066}, 'standardDowns': {'rate': 0.6887417218543046, 'ppa': 0.10731112940760111, 'successRate': 0.5192307692307693, 'explosiveness': 0.7567225757027338}, 'passingDowns': {'rate': 0.31125827814569534, 'ppa': 0.520864825362898, 'successRate': 0.2978723404255319, 'explosiveness': 2.5332020489754328}, 'rushingPlays': {'rate': 0.5364238410596026, 'ppa': 0.13888274670347608, 'totalPPA': 11.249502482981564, 'successRate': 0.43209876543209874, 'explosiveness': 0.7912853055887008}, 'passingPlays': {'rate': 0.4304635761589404, 'ppa': 0.4661713340930219, 'totalPPA': 30.301136716046425, 'successRate': 0.5076923076923077, 'explosiveness': 1.4737230932727017}}","{'plays': 134, 'drives': 24, 'ppa': -0.011894466726235649, 'totalPPA': -1.593858541315577, 'successRate': 0.2835820895522388, 'explosiveness': 1.7023564913908251, 'powerSuccess': 0.6666666666666666, 'stuffRate': 0.16279069767441862, 'lineYards': 2.858139534883721, 'lineYardsTotal': 123, 'secondLevelYards': 0.7674418604651163, 'secondLevelYardsTotal': 33, 'openFieldYards': 0.4883720930232558, 'openFieldYardsTotal': 0, 'totalOpportunies': 10, 'pointsPerOpportunity': 2, 'fieldPosition': {'averageStart': 76.1, 'averagePredictedPoints': -0.903}, 'havoc': {'total': 0.187, 'frontSeven': 0.09, 'db': 0.097}, 'standardDowns': {'rate': 0.582089552238806, 'ppa': -0.1585033542502256, 'successRate': 0.2692307692307692, 'explosiveness': 1.2727009517357257}, 'passingDowns': {'rate': 0.417910447761194, 'ppa': 0.1923107694678932, 'totalPPA': 4.171444117389457, 'successRate': 0.30357142857142855, 'explosiveness': 2.2331074521412417}, 'rushingPlays': {'rate': 0.3208955223880597, 'ppa': -0.11309417074966421, 'totalPPA': -4.863049342235562, 'successRate': 0.23255813953488372, 'explosiveness': 1.0754586103371082}, 'passingPlays': {'rate': 0.664179104477612, 'ppa': 0.04687015862235345, 'totalPPA': 4.171444117389457, 'successRate': 0.3146067415730337, 'explosiveness': 1.9262485917671526}}"
2026,Toledo,Mid-American,"{'plays': 118, 'drives': 23, 'ppa': 0.23924590646230187, 'totalPPA': 28.23101696255162, 'successRate': 0.3898305084745763, 'explosiveness': 1.8495923322833918, 'powerSuccess': 0.5, 'stuffRate': 0.2698412698412698, 'lineYards': 2.6333333333333333, 'lineYardsTotal': 166, 'secondLevelYards': 1.0793650793650793, 'secondLevelYardsTotal': 68, 'openFieldYards': 2.142857142857143, 'openFieldYardsTotal': 135, 'totalOpportunies': 12, 'pointsPerOpportunity': 5.25, 'fieldPosition': {'averageStart': 69.2, 'averagePredictedPoints': 1.49}, 'havoc': {'total': 0.178, 'frontSeven': 0.093, 'db': 0.085}, 'standardDowns': {'rate': 0.6440677966101694, 'ppa': 0.08879604083411437, 'successRate': 0.4473684210526316, 'explosiveness': 1.3080714699331735}, 'passingDowns': {'rate': 0.3559322033898305, 'ppa': 0.511488520456165, 'successRate': 0.2857142857142857, 'explosiveness': 3.3839014422756777}, 'rushingPlays': {'rate': 0.5338983050847458, 'ppa': 0.22235452131298364, 'totalPPA': 14.00833484271797, 'successRate': 0.36507936507936506, 'explosiveness': 1.4448641321435545}, 'passingPlays': {'rate': 0.4576271186440678, 'ppa': 0.2714305671970436, 'totalPPA': 14.657250628640353, 'successRate': 0.42592592592592593, 'explosiveness': 2.2543205324232294}}","{'plays': 147, 'drives': 25, 'ppa': -0.13157169724172987, 'totalPPA': -19.34103949453429, 'successRate': 0.29931972789115646, 'explosiveness': 1.159274640459017, 'powerSuccess': 0.3333333333333333, 'stuffRate': 0.22535211267605634, 'lineYards': 2.5422535211267605, 'lineYardsTotal': 181, 'secondLevelYards': 0.7887323943661971, 'secondLevelYardsTotal': 56, 'openFieldYards': 0.5070422535211268, 'openFieldYardsTotal': 0, 'totalOpportunies': 13, 'pointsPerOpportunity': 1.9230769230769231, 'fieldPosition': {'averageStart': 70.5, 'averagePredictedPoints': -1.358}, 'havoc': {'total': 0.15, 'frontSeven': 0.075, 'db': 0.075}, 'standardDowns': {'rate': 0.6530612244897959, 'ppa': -0.09562661975424434, 'successRate': 0.375, 'explosiveness': 0.9951963495368772}, 'passingDowns': {'rate': 0.3469387755102041, 'ppa': -0.19923301957111436, 'totalPPA': 7.182396711878389, 'successRate': 0.1568627450980392, 'explosiveness': 1.897626949608647}, 'rushingPlays': {'rate': 0.48299319727891155, 'ppa': -0.15931649656488947, 'totalPPA': -11.311471256107152, 'successRate': 0.2535211267605634, 'explosiveness': 0.9548919819144687}, 'passingPlays': {'rate': 0.46938775510204084, 'ppa': 0.10409270596925202, 'totalPPA': 7.182396711878389, 'successRate': 0.36231884057971014, 'explosiveness': 1.3172324291293578}}"
2026,Troy,Sun Belt,"{'plays': 139, 'drives': 27, 'ppa': 0.18322326119528756, 'totalPPA': 25.46803330614497, 'successRate': 0.3669064748201439, 'explosiveness': 1.5275409306952863, 'powerSuccess': 0.45454545454545453, 'stuffRate': 0.23376623376623376, 'lineYards': 2.918181818181818, 'lineYardsTotal': 225, 'secondLevelYards': 1.1948051948051948, 'secondLevelYardsTotal': 92, 'openFieldYards': 1.8311688311688312, 'openFieldYardsTotal': 141, 'totalOpportunies': 14, 'pointsPerOpportunity': 3.642857142857143, 'fieldPosition': {'averageStart': 70, 'averagePredictedPoints': 1.416}, 'havoc': {'total': 0.18, 'frontSeven': 0.086, 'db': 0.094}, 'standardDowns': {'rate': 0.6762589928057554, 'ppa': 0.13276283034698722, 'successRate': 0.39361702127659576, 'explosiveness': 1.4332807295574974}, 'passingDowns': {'rate': 0.3237410071942446, 'ppa': 0.2886294945228483, 'successRate': 0.3111111111111111, 'explosiveness': 1.7766571765594426}, 'rushingPlays': {'rate': 0.5539568345323741, 'ppa': 0.13394815381906489, 'totalPPA': 10.314007844067996, 'successRate': 0.36363636363636365, 'explosiveness': 1.2784487854032165}, 'passingPlays': {'rate': 0.41007194244604317, 'ppa': 0.23607599553003034, 'totalPPA': 13.45633174521173, 'successRate': 0.3684210526315789, 'explosiveness': 1.845905298994524}}","{'plays': 131, 'drives': 25, 'ppa': -0.07309036672333533, 'totalPPA': -9.574838040756928, 'successRate': 0.366412213740458, 'explosiveness': 1.258450956311019, 'powerSuccess': 0.6666666666666666, 'stuffRate': 0.35185185185185186, 'lineYards': 1.4537037037037037, 'lineYardsTotal': 79, 'secondLevelYards': 0.7407407407407407, 'secondLevelYardsTotal': 40, 'openFieldYards': 1.2407407407407407, 'openFieldYardsTotal': 0, 'totalOpportunies': 10, 'pointsPerOpportunity': 3.8, 'fieldPosition': {'averageStart': 72.9, 'averagePredictedPoints': -1.18}, 'havoc': {'total': 0.237, 'frontSeven': 0.176, 'db': 0.061}, 'standardDowns': {'rate': 0.6335877862595419, 'ppa': -0.1203749648826487, 'successRate': 0.4578313253012048, 'explosiveness': 0.9330753117446157}, 'passingDowns': {'rate': 0.366412213740458, 'ppa': 0.008672584260477383, 'totalPPA': 2.5687124681241285, 'successRate': 0.20833333333333334, 'explosiveness': 2.494878405663352}, 'rushingPlays': {'rate': 0.4122137404580153, 'ppa': -0.20995105356920216, 'totalPPA': -11.337356892736915, 'successRate': 0.3333333333333333, 'explosiveness': 0.9753062172721874}, 'passingPlays': {'rate': 0.5801526717557252, 'ppa': 0.03379884826479117, 'totalPPA': 2.5687124681241285, 'successRate': 0.39473684210526316, 'explosiveness': 1.428337799734318}}"
2026,Tulane,American Athletic,"{'plays': 107, 'drives': 22, 'ppa': 0.10564017788046957, 'totalPPA': 11.303499033210244, 'successRate': 0.3364485981308411, 'explosiveness': 1.4986254812812285, 'powerSuccess': 0.75, 'stuffRate': 0.23076923076923078, 'lineYards': 2.4134615384615383, 'lineYardsTotal': 126, 'secondLevelYards': 0.7115384615384616, 'secondLevelYardsTotal': 37, 'openFieldYards': 3.2884615384615383, 'openFieldYardsTotal': 171, 'totalOpportunies': 9, 'pointsPerOpportunity': 2.6666666666666665, 'fieldPosition': {'averageStart': 73.8, 'averagePredictedPoints': 1.135}, 'havoc': {'total': 0.215, 'frontSeven': 0.121, 'db': 0.093}, 'standardDowns': {'rate': 0.6355140186915887, 'ppa': 0.20904313967744906, 'successRate': 0.4411764705882353, 'explosiveness': 1.2129166838795822}, 'passingDowns': {'rate': 0.3644859813084112, 'ppa': -0.07465216576554592, 'successRate': 0.15384615384615385, 'explosiveness': 2.9271694682894607}, 'rushingPlays': {'rate': 0.48598130841121495, 'ppa': 0.0459880558843786, 'totalPPA': 2.391378905987687, 'successRate': 0.3076923076923077, 'explosiveness': 1.2716847096213548}, 'passingPlays': {'rate': 0.4953271028037383, 'ppa': 0.13712298928509772, 'totalPPA': 7.26751843211018, 'successRate': 0.3584905660377358, 'explosiveness': 1.6502881833936467}}","{'plays': 152, 'drives': 23, 'ppa': 0.06011898109867321, 'totalPPA': 9.138085126998329, 'successRate': 0.375, 'explosiveness': 1.2544088524193848, 'powerSuccess': 0.8333333333333334, 'stuffRate': 0.1590909090909091, 'lineYards': 3.1545454545454543, 'lineYardsTotal': 278, 'secondLevelYards': 1.1818181818181819, 'secondLevelYardsTotal': 104, 'openFieldYards': 1.0340909090909092, 'openFieldYardsTotal': 0, 'totalOpportunies': 13, 'pointsPerOpportunity': 2.6153846153846154, 'fieldPosition': {'averageStart': 71.9, 'averagePredictedPoints': -1.283}, 'havoc': {'total': 0.105, 'frontSeven': 0.053, 'db': 0.053}, 'standardDowns': {'rate': 0.6052631578947368, 'ppa': -0.025105284171643788, 'successRate': 0.41304347826086957, 'explosiveness': 0.9145462857746061}, 'passingDowns': {'rate': 0.39473684210526316, 'ppa': 0.1907961878464926, 'totalPPA': 7.119989650055379, 'successRate': 0.31666666666666665, 'explosiveness': 1.9341339857089426}, 'rushingPlays': {'rate': 0.5789473684210527, 'ppa': 0.09016970956306948, 'totalPPA': 7.934934441550114, 'successRate': 0.375, 'explosiveness': 1.0294733369364004}, 'passingPlays': {'rate': 0.39473684210526316, 'ppa': 0.11866649416758963, 'totalPPA': 7.119989650055379, 'successRate': 0.4, 'explosiveness': 1.5636951862084887}}"
2026,Tulsa,American Athletic,"{'plays': 132, 'drives': 23, 'ppa': 0.0855581218000294, 'totalPPA': 11.293672077603881, 'successRate': 0.36363636363636365, 'explosiveness': 1.304618216522995, 'powerSuccess': 1, 'stuffRate': 0.16176470588235295, 'lineYards': 2.988235294117647, 'lineYardsTotal': 203, 'secondLevelYards': 1.0441176470588236, 'secondLevelYardsTotal': 71, 'openFieldYards': 2.088235294117647, 'openFieldYardsTotal': 142, 'totalOpportunies': 14, 'pointsPerOpportunity': 2.4285714285714284, 'fieldPosition': {'averageStart': 67.7, 'averagePredictedPoints': 1.591}, 'havoc': {'total': 0.159, 'frontSeven': 0.083, 'db': 0.076}, 'standardDowns': {'rate': 0.6363636363636364, 'ppa': 0.15588740129089806, 'successRate': 0.4880952380952381, 'explosiveness': 1.1460810619340749}, 'passingDowns': {'rate': 0.36363636363636365, 'ppa': -0.037518117308990746, 'successRate': 0.14583333333333334, 'explosiveness': 2.23319297911524}, 'rushingPlays': {'rate': 0.5151515151515151, 'ppa': 0.2510977232787257, 'totalPPA': 17.074645182953347, 'successRate': 0.38235294117647056, 'explosiveness': 1.3706626032438431}, 'passingPlays': {'rate': 0.45454545454545453, 'ppa': -0.08218567890985472, 'totalPPA': -4.931140734591283, 'successRate': 0.3333333333333333, 'explosiveness': 1.3554152285007626}}","{'plays': 153, 'drives': 23, 'ppa': -0.08812009797204856, 'totalPPA': -13.482374989723429, 'successRate': 0.39215686274509803, 'explosiveness': 1.018737931677684, 'powerSuccess': 0.5384615384615384, 'stuffRate': 0.1935483870967742, 'lineYards': 2.6048387096774195, 'lineYardsTotal': 162, 'secondLevelYards': 0.8225806451612904, 'secondLevelYardsTotal': 51, 'openFieldYards': 0.22580645161290322, 'openFieldYardsTotal': 0, 'totalOpportunies': 10, 'pointsPerOpportunity': 2, 'fieldPosition': {'averageStart': 78.4, 'averagePredictedPoints': -0.793}, 'havoc': {'total': 0.15, 'frontSeven': 0.085, 'db': 0.065}, 'standardDowns': {'rate': 0.6666666666666666, 'ppa': -0.25205325769716247, 'successRate': 0.4117647058823529, 'explosiveness': 0.768504147531432}, 'passingDowns': {'rate': 0.3333333333333333, 'ppa': 0.23974622147817928, 'totalPPA': 12.385407473205987, 'successRate': 0.35294117647058826, 'explosiveness': 1.6026167613522713}, 'rushingPlays': {'rate': 0.40522875816993464, 'ppa': -0.21297646538122578, 'totalPPA': -13.204540853635999, 'successRate': 0.4032258064516129, 'explosiveness': 0.5194230368710235}, 'passingPlays': {'rate': 0.5620915032679739, 'ppa': 0.14401636596751147, 'totalPPA': 12.385407473205987, 'successRate': 0.4069767441860465, 'explosiveness': 1.3753914279681554}}"
2026,UAB,American Athletic,"{'plays': 148, 'drives': 17, 'ppa': 0.12517964609053203, 'totalPPA': 18.526587621398743, 'successRate': 0.46621621621621623, 'explosiveness': 1.126405942245425, 'powerSuccess': 0.8333333333333334, 'stuffRate': 0.13829787234042554, 'lineYards': 3.4340425531914893, 'lineYardsTotal': 323, 'secondLevelYards': 1.053191489361702, 'secondLevelYardsTotal': 99, 'openFieldYards': 0.5106382978723404, 'openFieldYardsTotal': 48, 'totalOpportunies': 12, 'pointsPerOpportunity': 2.9166666666666665, 'fieldPosition': {'averageStart': 68.6, 'averagePredictedPoints': 1.475}, 'havoc': {'total': 0.149, 'frontSeven': 0.095, 'db': 0.054}, 'standardDowns': {'rate': 0.722972972972973, 'ppa': 0.03348073313427391, 'successRate': 0.48598130841121495, 'explosiveness': 0.8993504314061388}, 'passingDowns': {'rate': 0.27702702702702703, 'ppa': 0.36449144331783984, 'successRate': 0.4146341463414634, 'explosiveness': 1.8209286812832415}, 'rushingPlays': {'rate': 0.6351351351351351, 'ppa': 0.25158640233216684, 'totalPPA': 23.649121819223684, 'successRate': 0.48936170212765956, 'explosiveness': 0.9727105120217476}, 'passingPlays': {'rate': 0.34459459459459457, 'ppa': -0.06029402270532787, 'totalPPA': -3.0749951579717214, 'successRate': 0.43137254901960786, 'explosiveness': 1.4891474510693403}}","{'plays': 107, 'drives': 18, 'ppa': 0.08329417434843475, 'totalPPA': 8.912476655282518, 'successRate': 0.4953271028037383, 'explosiveness': 1.0527084819556491, 'powerSuccess': 0.5454545454545454, 'stuffRate': 0.15151515151515152, 'lineYards': 3.3515151515151516, 'lineYardsTotal': 221, 'secondLevelYards': 1.1818181818181819, 'secondLevelYardsTotal': 78, 'openFieldYards': 1.2272727272727273, 'openFieldYardsTotal': 0, 'totalOpportunies': 11, 'pointsPerOpportunity': 4.363636363636363, 'fieldPosition': {'averageStart': 65.6, 'averagePredictedPoints': -1.661}, 'havoc': {'total': 0.112, 'frontSeven': 0.065, 'db': 0.047}, 'standardDowns': {'rate': 0.7289719626168224, 'ppa': 0.13035720395053715, 'successRate': 0.5384615384615384, 'explosiveness': 0.9505839244846924}, 'passingDowns': {'rate': 0.27102803738317754, 'ppa': -0.043289146650323435, 'totalPPA': 4.868748786536953, 'successRate': 0.3793103448275862, 'explosiveness': 1.4426386104811204}, 'rushingPlays': {'rate': 0.616822429906542, 'ppa': 0.08320591443536758, 'totalPPA': 5.49159035273426, 'successRate': 0.48484848484848486, 'explosiveness': 0.9113062679685473}, 'passingPlays': {'rate': 0.3644859813084112, 'ppa': 0.12483971247530648, 'totalPPA': 4.868748786536953, 'successRate': 0.5128205128205128, 'explosiveness': 1.2264008860165245}}"
2026,UCF,Big 12,"{'plays': 116, 'drives': 25, 'ppa': 0.1461303427358404, 'totalPPA': 16.95111975735749, 'successRate': 0.43103448275862066, 'explosiveness': 1.4198403210291637, 'powerSuccess': 0.6, 'stuffRate': 0.16071428571428573, 'lineYards': 3.0107142857142857, 'lineYardsTotal': 169, 'secondLevelYards': 1.7142857142857142, 'secondLevelYardsTotal': 96, 'openFieldYards': 3.0892857142857144, 'openFieldYardsTotal': 173, 'totalOpportunies': 13, 'pointsPerOpportunity': 5.076923076923077, 'fieldPosition': {'averageStart': 63.1, 'averagePredictedPoints': 1.993}, 'havoc': {'total': 0.155, 'frontSeven': 0.103, 'db': 0.052}, 'standardDowns': {'rate': 0.6724137931034483, 'ppa': 0.0014688210715617664, 'successRate': 0.5, 'explosiveness': 1.1369679873943386}, 'passingDowns': {'rate': 0.3275862068965517, 'ppa': 0.44306715036251765, 'successRate': 0.2894736842105263, 'explosiveness': 2.422751322098089}, 'rushingPlays': {'rate': 0.4827586206896552, 'ppa': 0.38791260764134866, 'totalPPA': 21.723106027915524, 'successRate': 0.44642857142857145, 'explosiveness': 1.5955196690466025}, 'passingPlays': {'rate': 0.4827586206896552, 'ppa': -0.060728348784732926, 'totalPPA': -3.400787531945044, 'successRate': 0.42857142857142855, 'explosiveness': 1.227093870472624}}","{'plays': 134, 'drives': 27, 'ppa': -0.099013594878991, 'totalPPA': -13.267821713784794, 'successRate': 0.291044776119403, 'explosiveness': 1.1114470879006333, 'powerSuccess': 0.6666666666666666, 'stuffRate': 0.27848101265822783, 'lineYards': 2.062025316455696, 'lineYardsTotal': 163, 'secondLevelYards': 0.6835443037974683, 'secondLevelYardsTotal': 54, 'openFieldYards': 0.2911392405063291, 'openFieldYardsTotal': 0, 'totalOpportunies': 10, 'pointsPerOpportunity': 1.7, 'fieldPosition': {'averageStart': 72.4, 'averagePredictedPoints': -1.246}, 'havoc': {'total': 0.164, 'frontSeven': 0.127, 'db': 0.037}, 'standardDowns': {'rate': 0.5746268656716418, 'ppa': -0.36221452986604946, 'successRate': 0.3246753246753247, 'explosiveness': 0.7166549008640062}, 'passingDowns': {'rate': 0.4253731343283582, 'ppa': 0.2565385453666844, 'totalPPA': 3.772604097618503, 'successRate': 0.24561403508771928, 'explosiveness': 1.8164331361803245}, 'rushingPlays': {'rate': 0.5895522388059702, 'ppa': -0.19290893594770853, 'totalPPA': -15.239805939868972, 'successRate': 0.27848101265822783, 'explosiveness': 0.5739998291923047}, 'passingPlays': {'rate': 0.3880597014925373, 'ppa': 0.07255007880035583, 'totalPPA': 3.772604097618503, 'successRate': 0.3269230769230769, 'explosiveness': 1.8069670697584703}}"
2026,UCLA,Big Ten,"{'plays': 120, 'drives': 26, 'ppa': 0.24142107117552244, 'totalPPA': 28.970528541062695, 'successRate': 0.49166666666666664, 'explosiveness': 1.1737632639003537, 'powerSuccess': 1, 'stuffRate': 0.07042253521126761, 'lineYards': 4.164788732394366, 'lineYardsTotal': 296, 'secondLevelYards': 1.4366197183098592, 'secondLevelYardsTotal': 102, 'openFieldYards': 2.1267605633802815, 'openFieldYardsTotal': 151, 'totalOpportunies': 15, 'pointsPerOpportunity': 4.4, 'fieldPosition': {'averageStart': 60.8, 'averagePredictedPoints': 2.105}, 'havoc': {'total': 0.133, 'frontSeven': 0.05, 'db': 0.083}, 'standardDowns': {'rate': 0.75, 'ppa': 0.2999142782572018, 'successRate': 0.5666666666666667, 'explosiveness': 1.1033159949308973}, 'passingDowns': {'rate': 0.25, 'ppa': 0.06594144993048436, 'successRate': 0.26666666666666666, 'explosiveness': 1.622864603580639}, 'rushingPlays': {'rate': 0.5916666666666667, 'ppa': 0.4596656183761937, 'totalPPA': 32.636258904709756, 'successRate': 0.6056338028169014, 'explosiveness': 1.0246108838801073}, 'passingPlays': {'rate': 0.4, 'ppa': -0.07086916619330802, 'totalPPA': -3.4017199772787845, 'successRate': 0.3333333333333333, 'explosiveness': 1.5746102852047656}}","{'plays': 146, 'drives': 25, 'ppa': -0.1287180100332439, 'totalPPA': -18.79282946485361, 'successRate': 0.3219178082191781, 'explosiveness': 1.2133801014622048, 'powerSuccess': 0.8333333333333334, 'stuffRate': 0.21621621621621623, 'lineYards': 2.8027027027027027, 'lineYardsTotal': 207, 'secondLevelYards': 0.9864864864864865, 'secondLevelYardsTotal': 73, 'openFieldYards': 0.22972972972972974, 'openFieldYardsTotal': 0, 'totalOpportunies': 9, 'pointsPerOpportunity': 3.7777777777777777, 'fieldPosition': {'averageStart': 77.2, 'averagePredictedPoints': -0.875}, 'havoc': {'total': 0.192, 'frontSeven': 0.103, 'db': 0.089}, 'standardDowns': {'rate': 0.636986301369863, 'ppa': -0.16047316938090056, 'successRate': 0.3763440860215054, 'explosiveness': 0.9540162706064509}, 'passingDowns': {'rate': 0.363013698630137, 'ppa': -0.07299669268735581, 'totalPPA': -8.47826462997677, 'successRate': 0.22641509433962265, 'explosiveness': 1.9698579414581536}, 'rushingPlays': {'rate': 0.5068493150684932, 'ppa': -0.09554870156818038, 'totalPPA': -7.070603916045348, 'successRate': 0.35135135135135137, 'explosiveness': 0.7598696912783476}, 'passingPlays': {'rate': 0.4520547945205479, 'ppa': -0.12845855499964806, 'totalPPA': -8.47826462997677, 'successRate': 0.2878787878787879, 'explosiveness': 1.8154749419199594}}"
2026,UConn,FBS Independents,"{'plays': 127, 'drives': 25, 'ppa': 0.2841507501072622, 'totalPPA': 36.087145263622304, 'successRate': 0.4251968503937008, 'explosiveness': 1.549718549984598, 'powerSuccess': 0.6666666666666666, 'stuffRate': 0.20588235294117646, 'lineYards': 2.8779411764705882, 'lineYardsTotal': 196, 'secondLevelYards': 1.2352941176470589, 'secondLevelYardsTotal': 84, 'openFieldYards': 1.7205882352941175, 'openFieldYardsTotal': 117, 'totalOpportunies': 11, 'pointsPerOpportunity': 5.090909090909091, 'fieldPosition': {'averageStart': 70.3, 'averagePredictedPoints': 1.381}, 'havoc': {'total': 0.134, 'frontSeven': 0.102, 'db': 0.031}, 'standardDowns': {'rate': 0.6614173228346457, 'ppa': 0.2250483403000078, 'successRate': 0.47619047619047616, 'explosiveness': 1.1946839152505802}, 'passingDowns': {'rate': 0.33858267716535434, 'ppa': 0.3996066204284104, 'successRate': 0.32558139534883723, 'explosiveness': 2.564103220653221}, 'rushingPlays': {'rate': 0.5354330708661418, 'ppa': 0.19094769630330416, 'totalPPA': 12.984443348624684, 'successRate': 0.4264705882352941, 'explosiveness': 1.1438542323888572}, 'passingPlays': {'rate': 0.4409448818897638, 'ppa': 0.41508354630158084, 'totalPPA': 23.244678592888526, 'successRate': 0.44642857142857145, 'explosiveness': 2.0205211583956575}}","{'plays': 151, 'drives': 25, 'ppa': 0.04680402776093564, 'totalPPA': 7.067408191901282, 'successRate': 0.37748344370860926, 'explosiveness': 1.1704590494412488, 'powerSuccess': 0.5454545454545454, 'stuffRate': 0.21875, 'lineYards': 2.5328125, 'lineYardsTotal': 162, 'secondLevelYards': 0.6875, 'secondLevelYardsTotal': 44, 'openFieldYards': 0.1875, 'openFieldYardsTotal': 0, 'totalOpportunies': 12, 'pointsPerOpportunity': 3.1666666666666665, 'fieldPosition': {'averageStart': 70.9, 'averagePredictedPoints': -1.337}, 'havoc': {'total': 0.152, 'frontSeven': 0.073, 'db': 0.079}, 'standardDowns': {'rate': 0.6423841059602649, 'ppa': -0.02072136648982579, 'successRate': 0.4329896907216495, 'explosiveness': 0.9029264609981472}, 'passingDowns': {'rate': 0.3576158940397351, 'ppa': 0.16809964335952562, 'totalPPA': 8.498436105556136, 'successRate': 0.2777777777777778, 'explosiveness': 1.9195502970819327}, 'rushingPlays': {'rate': 0.423841059602649, 'ppa': 0.0038857271243166913, 'totalPPA': 0.24868653595626825, 'successRate': 0.375, 'explosiveness': 0.8864524226812902}, 'passingPlays': {'rate': 0.5629139072847682, 'ppa': 0.0999816012418369, 'totalPPA': 8.498436105556136, 'successRate': 0.38823529411764707, 'explosiveness': 1.3770093234484913}}"
2026,UL Monroe,Sun Belt,"{'plays': 134, 'drives': 23, 'ppa': -0.12741408575265062, 'totalPPA': -17.073487490855182, 'successRate': 0.3656716417910448, 'explosiveness': 0.8989095633271335, 'powerSuccess': 0.45454545454545453, 'stuffRate': 0.10256410256410256, 'lineYards': 3.2371794871794872, 'lineYardsTotal': 253, 'secondLevelYards': 1.0512820512820513, 'secondLevelYardsTotal': 82, 'openFieldYards': 0.5641025641025641, 'openFieldYardsTotal': 44, 'totalOpportunies': 11, 'pointsPerOpportunity': 3, 'fieldPosition': {'averageStart': 70, 'averagePredictedPoints': 1.314}, 'havoc': {'total': 0.157, 'frontSeven': 0.09, 'db': 0.067}, 'standardDowns': {'rate': 0.7238805970149254, 'ppa': -0.07103786652830722, 'successRate': 0.422680412371134, 'explosiveness': 0.8084543820063351}, 'passingDowns': {'rate': 0.27611940298507465, 'ppa': -0.2752112010164698, 'successRate': 0.21621621621621623, 'explosiveness': 1.3624923675962248}, 'rushingPlays': {'rate': 0.582089552238806, 'ppa': 0.004572300401940418, 'totalPPA': 0.3566394313513526, 'successRate': 0.3974358974358974, 'explosiveness': 0.7771707872033679}, 'passingPlays': {'rate': 0.3880597014925373, 'ppa': -0.22998666518267868, 'totalPPA': -11.959306589499292, 'successRate': 0.34615384615384615, 'explosiveness': 1.1085707888736185}}","{'plays': 148, 'drives': 22, 'ppa': 0.39148276802261345, 'totalPPA': 57.939449667346786, 'successRate': 0.5472972972972973, 'explosiveness': 1.2758591261242123, 'powerSuccess': 0.9090909090909091, 'stuffRate': 0.1411764705882353, 'lineYards': 3.8341176470588234, 'lineYardsTotal': 326, 'secondLevelYards': 1.4941176470588236, 'secondLevelYardsTotal': 127, 'openFieldYards': 2.023529411764706, 'openFieldYardsTotal': 0, 'totalOpportunies': 15, 'pointsPerOpportunity': 4.466666666666667, 'fieldPosition': {'averageStart': 70.4, 'averagePredictedPoints': -1.363}, 'havoc': {'total': 0.128, 'frontSeven': 0.061, 'db': 0.068}, 'standardDowns': {'rate': 0.75, 'ppa': 0.22436805962878317, 'successRate': 0.5765765765765766, 'explosiveness': 1.0136310182525505}, 'passingDowns': {'rate': 0.25, 'ppa': 0.8928268932041041, 'totalPPA': 20.84861858619135, 'successRate': 0.4594594594594595, 'explosiveness': 2.2630708263469392}, 'rushingPlays': {'rate': 0.5743243243243243, 'ppa': 0.44295285982607174, 'totalPPA': 37.6509930852161, 'successRate': 0.5764705882352941, 'explosiveness': 1.1281630018087836}, 'passingPlays': {'rate': 0.41216216216216217, 'ppa': 0.34178063256051394, 'totalPPA': 20.84861858619135, 'successRate': 0.5081967213114754, 'explosiveness': 1.5435006319039473}}"
2026,UNLV,Mountain West,"{'plays': 218, 'drives': 37, 'ppa': -0.05248930944528065, 'totalPPA': -11.442669459071181, 'successRate': 0.3532110091743119, 'explosiveness': 1.1623632231536607, 'powerSuccess': 0.6875, 'stuffRate': 0.1504424778761062, 'lineYards': 3.023008849557522, 'lineYardsTotal': 342, 'secondLevelYards': 1.0884955752212389, 'secondLevelYardsTotal': 123, 'openFieldYards': 1.5132743362831858, 'openFieldYardsTotal': 171, 'totalOpportunies': 15, 'pointsPerOpportunity': 2.7333333333333334, 'fieldPosition': {'averageStart': 72.8, 'averagePredictedPoints': 1.18}, 'havoc': {'total': 0.179, 'frontSeven': 0.115, 'db': 0.064}, 'standardDowns': {'rate': 0.6651376146788991, 'ppa': -0.029280654443616286, 'successRate': 0.43448275862068964, 'explosiveness': 1.0221751272965882}, 'passingDowns': {'rate': 0.3348623853211009, 'ppa': -0.09858869266776465, 'successRate': 0.1917808219178082, 'explosiveness': 1.7932096545104863}, 'rushingPlays': {'rate': 0.518348623853211, 'ppa': 0.026761209620820965, 'totalPPA': 3.024016687152769, 'successRate': 0.3805309734513274, 'explosiveness': 0.9169955530950954}, 'passingPlays': {'rate': 0.44495412844036697, 'ppa': -0.03517878935521562, 'totalPPA': -3.412342567455916, 'successRate': 0.35051546391752575, 'explosiveness': 1.4726811588159636}}","{'plays': 206, 'drives': 35, 'ppa': 0.14710564000270926, 'totalPPA': 30.303761840558106, 'successRate': 0.41262135922330095, 'explosiveness': 1.1832290095991715, 'powerSuccess': 0.7777777777777778, 'stuffRate': 0.15151515151515152, 'lineYards': 3.576767676767677, 'lineYardsTotal': 354, 'secondLevelYards': 1.4646464646464645, 'secondLevelYardsTotal': 145, 'openFieldYards': 1.2323232323232323, 'openFieldYardsTotal': 0, 'totalOpportunies': 17, 'pointsPerOpportunity': 4.117647058823529, 'fieldPosition': {'averageStart': 72.9, 'averagePredictedPoints': -1.229}, 'havoc': {'total': 0.15, 'frontSeven': 0.073, 'db': 0.078}, 'standardDowns': {'rate': 0.6456310679611651, 'ppa': 0.07457549914150856, 'successRate': 0.47368421052631576, 'explosiveness': 0.9596395776388554}, 'passingDowns': {'rate': 0.35436893203883496, 'ppa': 0.2792495952703763, 'totalPPA': 23.25850122308559, 'successRate': 0.3013698630136986, 'explosiveness': 1.8235078374855314}, 'rushingPlays': {'rate': 0.48058252427184467, 'ppa': 0.1276897900169189, 'totalPPA': 12.641289211674973, 'successRate': 0.48484848484848486, 'explosiveness': 0.7776756892527998}, 'passingPlays': {'rate': 0.49514563106796117, 'ppa': 0.22802452179495677, 'totalPPA': 23.25850122308559, 'successRate': 0.35294117647058826, 'explosiveness': 1.7262231945501698}}"
2026,USC,Big Ten,"{'plays': 221, 'drives': 30, 'ppa': 0.3050545251396018, 'totalPPA': 67.417050055852, 'successRate': 0.5701357466063348, 'explosiveness': 1.097506176595752, 'powerSuccess': 0.7894736842105263, 'stuffRate': 0.17796610169491525, 'lineYards': 3.2491525423728813, 'lineYardsTotal': 383, 'secondLevelYards': 1.2627118644067796, 'secondLevelYardsTotal': 149, 'openFieldYards': 0.5254237288135594, 'openFieldYardsTotal': 62, 'totalOpportunies': 22, 'pointsPerOpportunity': 5.090909090909091, 'fieldPosition': {'averageStart': 70, 'averagePredictedPoints': 1.412}, 'havoc': {'total': 0.072, 'frontSeven': 0.054, 'db': 0.018}, 'standardDowns': {'rate': 0.7647058823529411, 'ppa': 0.17393263253266103, 'successRate': 0.5976331360946746, 'explosiveness': 0.8166787666222292}, 'passingDowns': {'rate': 0.23529411764705882, 'ppa': 0.7312006761121593, 'successRate': 0.4807692307692308, 'explosiveness': 2.232048912888784}, 'rushingPlays': {'rate': 0.5339366515837104, 'ppa': 0.016019172434003925, 'totalPPA': 1.8902623472124633, 'successRate': 0.5, 'explosiveness': 0.7401374076521128}, 'passingPlays': {'rate': 0.4434389140271493, 'ppa': 0.7045185462022224, 'totalPPA': 69.04281752781779, 'successRate': 0.673469387755102, 'explosiveness': 1.4274680424734232}}","{'plays': 155, 'drives': 30, 'ppa': 0.08308021234347392, 'totalPPA': 12.877432913238458, 'successRate': 0.36774193548387096, 'explosiveness': 1.3280287170782532, 'powerSuccess': 0.75, 'stuffRate': 0.22077922077922077, 'lineYards': 2.433766233766234, 'lineYardsTotal': 187, 'secondLevelYards': 0.9090909090909091, 'secondLevelYardsTotal': 70, 'openFieldYards': 0.922077922077922, 'openFieldYardsTotal': 0, 'totalOpportunies': 15, 'pointsPerOpportunity': 3.2, 'fieldPosition': {'averageStart': 74.5, 'averagePredictedPoints': -1.057}, 'havoc': {'total': 0.135, 'frontSeven': 0.11, 'db': 0.026}, 'standardDowns': {'rate': 0.6387096774193548, 'ppa': -0.018783851756481746, 'successRate': 0.40404040404040403, 'explosiveness': 0.9613084629513265}, 'passingDowns': {'rate': 0.36129032258064514, 'ppa': 0.2631613256630384, 'totalPPA': 25.57735949331438, 'successRate': 0.30357142857142855, 'explosiveness': 2.190899903259257}, 'rushingPlays': {'rate': 0.4967741935483871, 'ppa': 0.02596516015056205, 'totalPPA': 1.9993173315932777, 'successRate': 0.3116883116883117, 'explosiveness': 1.232334861531806}, 'passingPlays': {'rate': 0.45161290322580644, 'ppa': 0.36539084990449117, 'totalPPA': 25.57735949331438, 'successRate': 0.45714285714285713, 'explosiveness': 1.4168340185177128}}"
2026,Utah,Big 12,"{'plays': 140, 'drives': 24, 'ppa': 0.4085654273644835, 'totalPPA': 57.199159831027686, 'successRate': 0.5428571428571428, 'explosiveness': 1.3590442825949345, 'powerSuccess': 0.7272727272727273, 'stuffRate': 0.17073170731707318, 'lineYards': 3.8182926829268293, 'lineYardsTotal': 313, 'secondLevelYards': 1.5853658536585367, 'secondLevelYardsTotal': 130, 'openFieldYards': 1.3902439024390243, 'openFieldYardsTotal': 114, 'totalOpportunies': 18, 'pointsPerOpportunity': 6, 'fieldPosition': {'averageStart': 61.2, 'averagePredictedPoints': 2}, 'havoc': {'total': 0.093, 'frontSeven': 0.064, 'db': 0.029}, 'standardDowns': {'rate': 0.8142857142857143, 'ppa': 0.3157658163488998, 'successRate': 0.5350877192982456, 'explosiveness': 1.256834746419512}, 'passingDowns': {'rate': 0.18571428571428572, 'ppa': 0.8154560295097352, 'successRate': 0.5769230769230769, 'explosiveness': 1.7746963963749864}, 'rushingPlays': {'rate': 0.5857142857142857, 'ppa': 0.3898067902720537, 'totalPPA': 31.964156802308406, 'successRate': 0.524390243902439, 'explosiveness': 1.1728277287437772}, 'passingPlays': {'rate': 0.39285714285714285, 'ppa': 0.4782194192587101, 'totalPPA': 26.302068059229054, 'successRate': 0.5818181818181818, 'explosiveness': 1.6263139424828155}}","{'plays': 141, 'drives': 24, 'ppa': -0.018014907820374293, 'totalPPA': -2.5401020026727754, 'successRate': 0.3262411347517731, 'explosiveness': 1.4369604703869312, 'powerSuccess': 0.8, 'stuffRate': 0.16666666666666666, 'lineYards': 2.598148148148148, 'lineYardsTotal': 140, 'secondLevelYards': 0.7962962962962963, 'secondLevelYardsTotal': 43, 'openFieldYards': 0.5555555555555556, 'openFieldYardsTotal': 0, 'totalOpportunies': 9, 'pointsPerOpportunity': 2.6666666666666665, 'fieldPosition': {'averageStart': 76.9, 'averagePredictedPoints': -0.863}, 'havoc': {'total': 0.206, 'frontSeven': 0.085, 'db': 0.121}, 'standardDowns': {'rate': 0.5319148936170213, 'ppa': -0.284930132471674, 'successRate': 0.3466666666666667, 'explosiveness': 0.7465629037920518}, 'passingDowns': {'rate': 0.46808510638297873, 'ppa': 0.2852978474651935, 'totalPPA': -10.14151296098937, 'successRate': 0.30303030303030304, 'explosiveness': 2.3344773069602742}, 'rushingPlays': {'rate': 0.3829787234042553, 'ppa': 0.07064264428161476, 'totalPPA': 3.8147027912071967, 'successRate': 0.37037037037037035, 'explosiveness': 0.9266260741082811}, 'passingPlays': {'rate': 0.5957446808510638, 'ppa': -0.12073229715463535, 'totalPPA': -10.14151296098937, 'successRate': 0.2857142857142857, 'explosiveness': 1.7845541493490045}}"
2026,Utah State,Pac-12,"{'plays': 147, 'drives': 24, 'ppa': -0.125510359104815, 'totalPPA': -18.450022788407804, 'successRate': 0.38095238095238093, 'explosiveness': 1.3459850217275187, 'powerSuccess': 0.16666666666666666, 'stuffRate': 0.2753623188405797, 'lineYards': 2.9695652173913043, 'lineYardsTotal': 205, 'secondLevelYards': 1.1594202898550725, 'secondLevelYardsTotal': 80, 'openFieldYards': 0.5942028985507246, 'openFieldYardsTotal': 41, 'totalOpportunies': 10, 'pointsPerOpportunity': 2.4, 'fieldPosition': {'averageStart': 71, 'averagePredictedPoints': 1.286}, 'havoc': {'total': 0.211, 'frontSeven': 0.102, 'db': 0.109}, 'standardDowns': {'rate': 0.6462585034013606, 'ppa': -0.34838017836120094, 'successRate': 0.35789473684210527, 'explosiveness': 0.9396006231595883}, 'passingDowns': {'rate': 0.35374149659863946, 'ppa': 0.2816556568443517, 'successRate': 0.4230769230769231, 'explosiveness': 1.9740336376961383}, 'rushingPlays': {'rate': 0.46938775510204084, 'ppa': -0.14264388370790498, 'totalPPA': -9.842427975845444, 'successRate': 0.391304347826087, 'explosiveness': 0.8089430391610053}, 'passingPlays': {'rate': 0.5170068027210885, 'ppa': -0.07614888298214846, 'totalPPA': -5.787315106643283, 'successRate': 0.3684210526315789, 'explosiveness': 1.8750551749610882}}","{'plays': 142, 'drives': 25, 'ppa': 0.03298395912116417, 'totalPPA': 4.683722195205312, 'successRate': 0.3873239436619718, 'explosiveness': 0.9975056067009984, 'powerSuccess': 0.6363636363636364, 'stuffRate': 0.22033898305084745, 'lineYards': 2.4067796610169494, 'lineYardsTotal': 142, 'secondLevelYards': 0.7288135593220338, 'secondLevelYardsTotal': 43, 'openFieldYards': 0.7966101694915254, 'openFieldYardsTotal': 0, 'totalOpportunies': 13, 'pointsPerOpportunity': 3.4615384615384617, 'fieldPosition': {'averageStart': 72.9, 'averagePredictedPoints': -1.327}, 'havoc': {'total': 0.099, 'frontSeven': 0.07, 'db': 0.028}, 'standardDowns': {'rate': 0.6971830985915493, 'ppa': -0.08057449932595591, 'successRate': 0.4444444444444444, 'explosiveness': 0.8292396627783005}, 'passingDowns': {'rate': 0.3028169014084507, 'ppa': 0.29443250298778945, 'totalPPA': 7.62572235136005, 'successRate': 0.2558139534883721, 'explosiveness': 1.67056938239179}, 'rushingPlays': {'rate': 0.4154929577464789, 'ppa': -0.014534105797950362, 'totalPPA': -0.8575122420790714, 'successRate': 0.3898305084745763, 'explosiveness': 0.7506500449546853}, 'passingPlays': {'rate': 0.5492957746478874, 'ppa': 0.0977656711712827, 'totalPPA': 7.62572235136005, 'successRate': 0.38461538461538464, 'explosiveness': 1.1559975003434484}}"
2026,UTEP,Mountain West,"{'plays': 114, 'drives': 25, 'ppa': -0.13494344677365602, 'totalPPA': -15.383552932196789, 'successRate': 0.4298245614035088, 'explosiveness': 1.1795692615247384, 'powerSuccess': 0.4, 'stuffRate': 0.2537313432835821, 'lineYards': 2.6373134328358208, 'lineYardsTotal': 177, 'secondLevelYards': 1.3432835820895521, 'secondLevelYardsTotal': 90, 'openFieldYards': 2.626865671641791, 'openFieldYardsTotal': 176, 'totalOpportunies': 11, 'pointsPerOpportunity': 2.1818181818181817, 'fieldPosition': {'averageStart': 67.2, 'averagePredictedPoints': 1.491}, 'havoc': {'total': 0.211, 'frontSeven': 0.167, 'db': 0.044}, 'standardDowns': {'rate': 0.7368421052631579, 'ppa': -0.16263214445428553, 'successRate': 0.47619047619047616, 'explosiveness': 1.021101417811732}, 'passingDowns': {'rate': 0.2631578947368421, 'ppa': -0.05741509326789347, 'successRate': 0.3, 'explosiveness': 1.883870789138101}, 'rushingPlays': {'rate': 0.5877192982456141, 'ppa': -0.19374324395906933, 'totalPPA': -12.980797345257646, 'successRate': 0.417910447761194, 'explosiveness': 0.9272791500704065}, 'passingPlays': {'rate': 0.37719298245614036, 'ppa': 0.18526095818504879, 'totalPPA': 7.966221201957098, 'successRate': 0.4883720930232558, 'explosiveness': 1.515956076797181}}","{'plays': 124, 'drives': 24, 'ppa': 0.17973647983784447, 'totalPPA': 22.287323499892715, 'successRate': 0.4112903225806452, 'explosiveness': 1.21273847936996, 'powerSuccess': 0.5833333333333334, 'stuffRate': 0.26666666666666666, 'lineYards': 2.614666666666667, 'lineYardsTotal': 196, 'secondLevelYards': 0.96, 'secondLevelYardsTotal': 72, 'openFieldYards': 0.5333333333333333, 'openFieldYardsTotal': 0, 'totalOpportunies': 12, 'pointsPerOpportunity': 3.9166666666666665, 'fieldPosition': {'averageStart': 66.6, 'averagePredictedPoints': -1.608}, 'havoc': {'total': 0.153, 'frontSeven': 0.129, 'db': 0.024}, 'standardDowns': {'rate': 0.7258064516129032, 'ppa': 0.10606413015216547, 'successRate': 0.4444444444444444, 'explosiveness': 1.0335612725415546}, 'passingDowns': {'rate': 0.27419354838709675, 'ppa': 0.3747515231234653, 'totalPPA': 21.045456837208945, 'successRate': 0.3235294117647059, 'explosiveness': 1.8642919587459792}, 'rushingPlays': {'rate': 0.6048387096774194, 'ppa': 0.08784670871342992, 'totalPPA': 6.5885031535072445, 'successRate': 0.41333333333333333, 'explosiveness': 0.9303065176179977}, 'passingPlays': {'rate': 0.3548387096774194, 'ppa': 0.4783058372092942, 'totalPPA': 21.045456837208945, 'successRate': 0.4090909090909091, 'explosiveness': 1.8393637479255993}}"
2026,UTSA,American Athletic,"{'plays': 134, 'drives': 23, 'ppa': 0.34100860148757944, 'totalPPA': 45.69515259933564, 'successRate': 0.5373134328358209, 'explosiveness': 1.0961411603228002, 'powerSuccess': 0.8, 'stuffRate': 0.15, 'lineYards': 3.28, 'lineYardsTotal': 197, 'secondLevelYards': 0.9666666666666667, 'secondLevelYardsTotal': 58, 'openFieldYards': 2.45, 'openFieldYardsTotal': 147, 'totalOpportunies': 11, 'pointsPerOpportunity': 3.7272727272727275, 'fieldPosition': {'averageStart': 69, 'averagePredictedPoints': 1.531}, 'havoc': {'total': 0.112, 'frontSeven': 0.045, 'db': 0.067}, 'standardDowns': {'rate': 0.7238805970149254, 'ppa': 0.38974380256173136, 'successRate': 0.6288659793814433, 'explosiveness': 0.8944638620080596}, 'passingDowns': {'rate': 0.27611940298507465, 'ppa': 0.21324334461750552, 'successRate': 0.2972972972972973, 'explosiveness': 2.2145334509772705}, 'rushingPlays': {'rate': 0.44776119402985076, 'ppa': 0.3043729839351065, 'totalPPA': 18.26237903610639, 'successRate': 0.6, 'explosiveness': 0.8418058004230464}, 'passingPlays': {'rate': 0.5373134328358209, 'ppa': 0.3637112174182814, 'totalPPA': 26.187207654116257, 'successRate': 0.4861111111111111, 'explosiveness': 1.362198185812786}}","{'plays': 162, 'drives': 25, 'ppa': -0.012230816535119541, 'totalPPA': -1.9813922786893656, 'successRate': 0.42592592592592593, 'explosiveness': 1.0332895004531055, 'powerSuccess': 0.5, 'stuffRate': 0.12048192771084337, 'lineYards': 3.455421686746988, 'lineYardsTotal': 287, 'secondLevelYards': 0.9879518072289156, 'secondLevelYardsTotal': 82, 'openFieldYards': 1.6746987951807228, 'openFieldYardsTotal': 0, 'totalOpportunies': 14, 'pointsPerOpportunity': 3.0714285714285716, 'fieldPosition': {'averageStart': 75.5, 'averagePredictedPoints': -1.012}, 'havoc': {'total': 0.136, 'frontSeven': 0.056, 'db': 0.08}, 'standardDowns': {'rate': 0.7222222222222222, 'ppa': -0.09192449938686112, 'successRate': 0.452991452991453, 'explosiveness': 0.8645622123532819}, 'passingDowns': {'rate': 0.2777777777777778, 'ppa': 0.19497275887940857, 'totalPPA': -2.828424287427684, 'successRate': 0.35555555555555557, 'explosiveness': 1.592198642283771}, 'rushingPlays': {'rate': 0.5123456790123457, 'ppa': 0.17450250715253898, 'totalPPA': 14.483708093660736, 'successRate': 0.4457831325301205, 'explosiveness': 0.9614746689009798}, 'passingPlays': {'rate': 0.4567901234567901, 'ppa': -0.03822194983010384, 'totalPPA': -2.828424287427684, 'successRate': 0.43243243243243246, 'explosiveness': 1.1163253994352507}}"
2026,Vanderbilt,SEC,"{'plays': 135, 'drives': 22, 'ppa': 0.0770759026769088, 'totalPPA': 10.405246861382688, 'successRate': 0.4222222222222222, 'explosiveness': 1.0785680522088028, 'powerSuccess': 0.875, 'stuffRate': 0.1506849315068493, 'lineYards': 2.9712328767123286, 'lineYardsTotal': 217, 'secondLevelYards': 0.9452054794520548, 'secondLevelYardsTotal': 69, 'openFieldYards': 0.5616438356164384, 'openFieldYardsTotal': 41, 'totalOpportunies': 13, 'pointsPerOpportunity': 3.1538461538461537, 'fieldPosition': {'averageStart': 69.5, 'averagePredictedPoints': 1.456}, 'havoc': {'total': 0.119, 'frontSeven': 0.081, 'db': 0.037}, 'standardDowns': {'rate': 0.7185185185185186, 'ppa': 0.07782097766880341, 'successRate': 0.5051546391752577, 'explosiveness': 0.8723961640727314}, 'passingDowns': {'rate': 0.2814814814814815, 'ppa': 0.07517400072391463, 'successRate': 0.21052631578947367, 'explosiveness': 2.3413708670422406}, 'rushingPlays': {'rate': 0.5407407407407407, 'ppa': 0.06449815905858389, 'totalPPA': 4.708365611276624, 'successRate': 0.3835616438356164, 'explosiveness': 0.9277786457197225}, 'passingPlays': {'rate': 0.42962962962962964, 'ppa': 0.24190118460234963, 'totalPPA': 14.03026870693628, 'successRate': 0.5, 'explosiveness': 1.2241578239913633}}","{'plays': 116, 'drives': 23, 'ppa': -0.1188975264171307, 'totalPPA': -13.792113064387161, 'successRate': 0.3275862068965517, 'explosiveness': 1.3261548666811334, 'powerSuccess': 0.7777777777777778, 'stuffRate': 0.24, 'lineYards': 2.43, 'lineYardsTotal': 122, 'secondLevelYards': 1.22, 'secondLevelYardsTotal': 61, 'openFieldYards': 1.18, 'openFieldYardsTotal': 0, 'totalOpportunies': 8, 'pointsPerOpportunity': 2.875, 'fieldPosition': {'averageStart': 75.2, 'averagePredictedPoints': -0.947}, 'havoc': {'total': 0.259, 'frontSeven': 0.172, 'db': 0.086}, 'standardDowns': {'rate': 0.5689655172413793, 'ppa': -0.14693759783122282, 'successRate': 0.4393939393939394, 'explosiveness': 1.0842948004477966}, 'passingDowns': {'rate': 0.43103448275862066, 'ppa': -0.08188463215052912, 'totalPPA': -9.219666476877343, 'successRate': 0.18, 'explosiveness': 2.10548174676633}, 'rushingPlays': {'rate': 0.43103448275862066, 'ppa': 0.06908974766199524, 'totalPPA': 3.4544873830997624, 'successRate': 0.42, 'explosiveness': 1.0086263467955026}, 'passingPlays': {'rate': 0.5344827586206896, 'ppa': -0.1487042980141507, 'totalPPA': -9.219666476877343, 'successRate': 0.27419354838709675, 'explosiveness': 1.7183959794810302}}"
2026,Virginia,ACC,"{'plays': 135, 'drives': 24, 'ppa': 0.33633601159564497, 'totalPPA': 45.40536156541207, 'successRate': 0.5407407407407407, 'explosiveness': 1.133641635334511, 'powerSuccess': 0.8666666666666667, 'stuffRate': 0.16129032258064516, 'lineYards': 3.4172043010752686, 'lineYardsTotal': 318, 'secondLevelYards': 1.4086021505376345, 'secondLevelYardsTotal': 131, 'openFieldYards': 1.1505376344086022, 'openFieldYardsTotal': 107, 'totalOpportunies': 16, 'pointsPerOpportunity': 4.9375, 'fieldPosition': {'averageStart': 63.8, 'averagePredictedPoints': 1.858}, 'havoc': {'total': 0.089, 'frontSeven': 0.059, 'db': 0.03}, 'standardDowns': {'rate': 0.7851851851851852, 'ppa': 0.33393927584311883, 'successRate': 0.6037735849056604, 'explosiveness': 1.0291222568995093}, 'passingDowns': {'rate': 0.21481481481481482, 'ppa': 0.34509649400143017, 'successRate': 0.3103448275862069, 'explosiveness': 1.8768905486500782}, 'rushingPlays': {'rate': 0.6888888888888889, 'ppa': 0.22381389694199894, 'totalPPA': 20.8146924156059, 'successRate': 0.5268817204301075, 'explosiveness': 0.8456544491904147}, 'passingPlays': {'rate': 0.26666666666666666, 'ppa': 0.8428521544845053, 'totalPPA': 30.342677561442194, 'successRate': 0.6388888888888888, 'explosiveness': 1.7083987516516261}}","{'plays': 117, 'drives': 25, 'ppa': -0.3674973969331185, 'totalPPA': -42.99719544117486, 'successRate': 0.3162393162393162, 'explosiveness': 0.6429044390651262, 'powerSuccess': 0.7142857142857143, 'stuffRate': 0.21568627450980393, 'lineYards': 2.4823529411764707, 'lineYardsTotal': 127, 'secondLevelYards': 0.5294117647058824, 'secondLevelYardsTotal': 27, 'openFieldYards': 0.09803921568627451, 'openFieldYardsTotal': 0, 'totalOpportunies': 6, 'pointsPerOpportunity': 0.5, 'fieldPosition': {'averageStart': 75.1, 'averagePredictedPoints': -1.044}, 'havoc': {'total': 0.248, 'frontSeven': 0.111, 'db': 0.137}, 'standardDowns': {'rate': 0.6239316239316239, 'ppa': -0.4169340908373087, 'successRate': 0.3835616438356164, 'explosiveness': 0.42820471951220046}, 'passingDowns': {'rate': 0.37606837606837606, 'ppa': -0.2854774275011665, 'totalPPA': -20.135038889459523, 'successRate': 0.20454545454545456, 'explosiveness': 1.310859122118673}, 'rushingPlays': {'rate': 0.4358974358974359, 'ppa': -0.2804519750063615, 'totalPPA': -14.303050725324438, 'successRate': 0.29411764705882354, 'explosiveness': 0.24149149722865998}, 'passingPlays': {'rate': 0.5384615384615384, 'ppa': -0.31960379189618293, 'totalPPA': -20.135038889459523, 'successRate': 0.3492063492063492, 'explosiveness': 0.9165950812263531}}"
2026,Virginia Tech,ACC,"{'plays': 163, 'drives': 25, 'ppa': 0.3246569715301723, 'totalPPA': 52.91908635941809, 'successRate': 0.49693251533742333, 'explosiveness': 1.2420419780551708, 'powerSuccess': 0.7, 'stuffRate': 0.175, 'lineYards': 3.12625, 'lineYardsTotal': 250, 'secondLevelYards': 1.225, 'secondLevelYardsTotal': 98, 'openFieldYards': 1.0125, 'openFieldYardsTotal': 81, 'totalOpportunies': 17, 'pointsPerOpportunity': 5.235294117647059, 'fieldPosition': {'averageStart': 64.1, 'averagePredictedPoints': 1.798}, 'havoc': {'total': 0.11, 'frontSeven': 0.092, 'db': 0.018}, 'standardDowns': {'rate': 0.7607361963190185, 'ppa': 0.227600450433357, 'successRate': 0.5403225806451613, 'explosiveness': 1.038062544913382}, 'passingDowns': {'rate': 0.2392638036809816, 'ppa': 0.6332469360431237, 'successRate': 0.358974358974359, 'explosiveness': 2.218229265233731}, 'rushingPlays': {'rate': 0.49079754601226994, 'ppa': 0.24524988353423233, 'totalPPA': 19.619990682738585, 'successRate': 0.5375, 'explosiveness': 0.9131809738442195}, 'passingPlays': {'rate': 0.4785276073619632, 'ppa': 0.45003537268658583, 'totalPPA': 35.10275906955369, 'successRate': 0.46153846153846156, 'explosiveness': 1.677604287565764}}","{'plays': 106, 'drives': 27, 'ppa': -0.25480730614335934, 'totalPPA': -27.00957445119609, 'successRate': 0.19811320754716982, 'explosiveness': 1.6993340374331178, 'powerSuccess': 0.3333333333333333, 'stuffRate': 0.5230769230769231, 'lineYards': -0.40615384615384614, 'lineYardsTotal': -26, 'secondLevelYards': 0.6153846153846154, 'secondLevelYardsTotal': 40, 'openFieldYards': 1.4307692307692308, 'openFieldYardsTotal': 0, 'totalOpportunies': 12, 'pointsPerOpportunity': 1.3333333333333333, 'fieldPosition': {'averageStart': 71.1, 'averagePredictedPoints': -1.294}, 'havoc': {'total': 0.387, 'frontSeven': 0.358, 'db': 0.028}, 'standardDowns': {'rate': 0.5, 'ppa': -0.33653741972866763, 'successRate': 0.18867924528301888, 'explosiveness': 1.7488258199308164}, 'passingDowns': {'rate': 0.5, 'ppa': -0.17307719255805107, 'totalPPA': 1.8143686464681272, 'successRate': 0.20754716981132076, 'explosiveness': 1.6543415078897552}, 'rushingPlays': {'rate': 0.6132075471698113, 'ppa': -0.3360171902375587, 'totalPPA': -21.841117365441317, 'successRate': 0.15384615384615385, 'explosiveness': 1.717471708226384}, 'passingPlays': {'rate': 0.36792452830188677, 'ppa': 0.04652227298636224, 'totalPPA': 1.8143686464681272, 'successRate': 0.28205128205128205, 'explosiveness': 1.6828452458028755}}"
2026,Wake Forest,ACC,"{'plays': 137, 'drives': 20, 'ppa': 0.41684734285405456, 'totalPPA': 57.10808597100547, 'successRate': 0.4744525547445255, 'explosiveness': 1.3477531823845286, 'powerSuccess': 0.6666666666666666, 'stuffRate': 0.14084507042253522, 'lineYards': 3.1169014084507043, 'lineYardsTotal': 221, 'secondLevelYards': 1.1126760563380282, 'secondLevelYardsTotal': 79, 'openFieldYards': 1.6619718309859155, 'openFieldYardsTotal': 118, 'totalOpportunies': 12, 'pointsPerOpportunity': 4.416666666666667, 'fieldPosition': {'averageStart': 73.1, 'averagePredictedPoints': 1.193}, 'havoc': {'total': 0.117, 'frontSeven': 0.088, 'db': 0.029}, 'standardDowns': {'rate': 0.6715328467153284, 'ppa': 0.2468787874388672, 'successRate': 0.4891304347826087, 'explosiveness': 1.0313546603268335}, 'passingDowns': {'rate': 0.3284671532846715, 'ppa': 0.764338611702882, 'successRate': 0.4444444444444444, 'explosiveness': 2.0596498570143424}, 'rushingPlays': {'rate': 0.5182481751824818, 'ppa': 0.24668536235670233, 'totalPPA': 17.514660727325865, 'successRate': 0.49295774647887325, 'explosiveness': 0.9168952733674479}, 'passingPlays': {'rate': 0.46715328467153283, 'ppa': 0.5762856842322703, 'totalPPA': 36.8822837908653, 'successRate': 0.4375, 'explosiveness': 1.8857671726542633}}","{'plays': 154, 'drives': 21, 'ppa': 0.14714322533493113, 'totalPPA': 22.660056701579396, 'successRate': 0.5, 'explosiveness': 0.9222951986550347, 'powerSuccess': 0.6, 'stuffRate': 0.22857142857142856, 'lineYards': 2.857142857142857, 'lineYardsTotal': 200, 'secondLevelYards': 0.9857142857142858, 'secondLevelYardsTotal': 69, 'openFieldYards': 0.7857142857142857, 'openFieldYardsTotal': 0, 'totalOpportunies': 11, 'pointsPerOpportunity': 3.3636363636363638, 'fieldPosition': {'averageStart': 75.5, 'averagePredictedPoints': -0.925}, 'havoc': {'total': 0.143, 'frontSeven': 0.11, 'db': 0.032}, 'standardDowns': {'rate': 0.7727272727272727, 'ppa': 0.06494052351084464, 'successRate': 0.5294117647058824, 'explosiveness': 0.8561169104434205}, 'passingDowns': {'rate': 0.22727272727272727, 'ppa': 0.4266324115368252, 'totalPPA': 20.395320435980786, 'successRate': 0.4, 'explosiveness': 1.2200974956072985}, 'rushingPlays': {'rate': 0.45454545454545453, 'ppa': 0.05927683870975228, 'totalPPA': 4.14937870968266, 'successRate': 0.4714285714285714, 'explosiveness': 0.8955212428506654}, 'passingPlays': {'rate': 0.5194805194805194, 'ppa': 0.2549415054497598, 'totalPPA': 20.395320435980786, 'successRate': 0.5375, 'explosiveness': 0.9200634246838116}}"
2026,Washington,Big Ten,"{'plays': 141, 'drives': 24, 'ppa': 0.03838453371429715, 'totalPPA': 5.412219253715898, 'successRate': 0.4397163120567376, 'explosiveness': 0.994167021990533, 'powerSuccess': 0.5714285714285714, 'stuffRate': 0.2542372881355932, 'lineYards': 2.6491525423728812, 'lineYardsTotal': 156, 'secondLevelYards': 0.8983050847457628, 'secondLevelYardsTotal': 53, 'openFieldYards': 0.847457627118644, 'openFieldYardsTotal': 50, 'totalOpportunies': 15, 'pointsPerOpportunity': 2.6666666666666665, 'fieldPosition': {'averageStart': 68.7, 'averagePredictedPoints': 1.58}, 'havoc': {'total': 0.092, 'frontSeven': 0.064, 'db': 0.028}, 'standardDowns': {'rate': 0.7446808510638298, 'ppa': 0.007045831688941443, 'successRate': 0.5333333333333333, 'explosiveness': 0.8768035296824362}, 'passingDowns': {'rate': 0.2553191489361702, 'ppa': 0.12978908128825128, 'successRate': 0.16666666666666666, 'explosiveness': 2.0895596168661026}, 'rushingPlays': {'rate': 0.41843971631205673, 'ppa': -0.013339506806573437, 'totalPPA': -0.7870309015878328, 'successRate': 0.423728813559322, 'explosiveness': 0.8406311664392037}, 'passingPlays': {'rate': 0.5460992907801419, 'ppa': 0.12932374470270003, 'totalPPA': 9.957928342107902, 'successRate': 0.44155844155844154, 'explosiveness': 1.1012935570636837}}","{'plays': 115, 'drives': 23, 'ppa': -0.19702204908338372, 'totalPPA': -22.657535644589128, 'successRate': 0.3130434782608696, 'explosiveness': 1.346076863245751, 'powerSuccess': 0, 'stuffRate': 0.37037037037037035, 'lineYards': 2.509259259259259, 'lineYardsTotal': 136, 'secondLevelYards': 1.0740740740740742, 'secondLevelYardsTotal': 58, 'openFieldYards': 0.5925925925925926, 'openFieldYardsTotal': 0, 'totalOpportunies': 6, 'pointsPerOpportunity': 2.8333333333333335, 'fieldPosition': {'averageStart': 73.6, 'averagePredictedPoints': -1.131}, 'havoc': {'total': 0.278, 'frontSeven': 0.157, 'db': 0.122}, 'standardDowns': {'rate': 0.6608695652173913, 'ppa': -0.24348672655316225, 'successRate': 0.34210526315789475, 'explosiveness': 1.1603751818272967}, 'passingDowns': {'rate': 0.3391304347826087, 'ppa': -0.10647549811663583, 'totalPPA': -11.255863464877935, 'successRate': 0.2564102564102564, 'explosiveness': 1.8289012349337321}, 'rushingPlays': {'rate': 0.46956521739130436, 'ppa': -0.1603857392938297, 'totalPPA': -8.660829921866805, 'successRate': 0.2777777777777778, 'explosiveness': 1.114763828910217}, 'passingPlays': {'rate': 0.5130434782608696, 'ppa': -0.19077734686233788, 'totalPPA': -11.255863464877935, 'successRate': 0.3389830508474576, 'explosiveness': 1.5312858967317828}}"
2026,Washington State,Pac-12,"{'plays': 109, 'drives': 22, 'ppa': -0.22040022832758283, 'totalPPA': -24.023624887706525, 'successRate': 0.28440366972477066, 'explosiveness': 1.0891204891875985, 'powerSuccess': 0, 'stuffRate': 0.23214285714285715, 'lineYards': 2.7767857142857144, 'lineYardsTotal': 156, 'secondLevelYards': 1.1785714285714286, 'secondLevelYardsTotal': 66, 'openFieldYards': 0.5357142857142857, 'openFieldYardsTotal': 30, 'totalOpportunies': 6, 'pointsPerOpportunity': 1.6666666666666667, 'fieldPosition': {'averageStart': 74.9, 'averagePredictedPoints': 1.042}, 'havoc': {'total': 0.257, 'frontSeven': 0.174, 'db': 0.083}, 'standardDowns': {'rate': 0.6238532110091743, 'ppa': -0.18250166683471253, 'successRate': 0.36764705882352944, 'explosiveness': 0.944031930705812}, 'passingDowns': {'rate': 0.3761467889908257, 'ppa': -0.28325637909624574, 'successRate': 0.14634146341463414, 'explosiveness': 1.6936561495283757}, 'rushingPlays': {'rate': 0.5137614678899083, 'ppa': -0.14215120273175308, 'totalPPA': -7.960467352978172, 'successRate': 0.26785714285714285, 'explosiveness': 1.1666713576661771}, 'passingPlays': {'rate': 0.47706422018348627, 'ppa': -0.3302836392939706, 'totalPPA': -17.17474924328647, 'successRate': 0.28846153846153844, 'explosiveness': 1.010071539417652}}","{'plays': 140, 'drives': 24, 'ppa': 0.09300014352116284, 'totalPPA': 13.020020092962797, 'successRate': 0.4642857142857143, 'explosiveness': 1.226918406593459, 'powerSuccess': 0.6, 'stuffRate': 0.17647058823529413, 'lineYards': 3.1205882352941177, 'lineYardsTotal': 212, 'secondLevelYards': 1.2941176470588236, 'secondLevelYardsTotal': 88, 'openFieldYards': 2.176470588235294, 'openFieldYardsTotal': 0, 'totalOpportunies': 17, 'pointsPerOpportunity': 2.588235294117647, 'fieldPosition': {'averageStart': 67.9, 'averagePredictedPoints': -1.543}, 'havoc': {'total': 0.1, 'frontSeven': 0.064, 'db': 0.036}, 'standardDowns': {'rate': 0.7, 'ppa': -0.039454041513653, 'successRate': 0.5204081632653061, 'explosiveness': 0.8784550540854486}, 'passingDowns': {'rate': 0.3, 'ppa': 0.40205990860239976, 'totalPPA': 3.760611982830479, 'successRate': 0.3333333333333333, 'explosiveness': 2.4963206193012115}, 'rushingPlays': {'rate': 0.4857142857142857, 'ppa': 0.20690592559506968, 'totalPPA': 14.069602940464737, 'successRate': 0.4852941176470588, 'explosiveness': 1.123927502030737}, 'passingPlays': {'rate': 0.4857142857142857, 'ppa': 0.05530311739456587, 'totalPPA': 3.760611982830479, 'successRate': 0.45588235294117646, 'explosiveness': 1.3677234168898875}}"
2026,Western Kentucky,Conference USA,"{'plays': 158, 'drives': 28, 'ppa': -0.06666970271123328, 'totalPPA': -10.533813028374858, 'successRate': 0.36075949367088606, 'explosiveness': 1.1031430607162847, 'powerSuccess': 0.6, 'stuffRate': 0.2236842105263158, 'lineYards': 2.7289473684210526, 'lineYardsTotal': 207, 'secondLevelYards': 0.868421052631579, 'secondLevelYardsTotal': 66, 'openFieldYards': 0.6710526315789473, 'openFieldYardsTotal': 51, 'totalOpportunies': 10, 'pointsPerOpportunity': 3.5, 'fieldPosition': {'averageStart': 70.3, 'averagePredictedPoints': 1.288}, 'havoc': {'total': 0.165, 'frontSeven': 0.12, 'db': 0.044}, 'standardDowns': {'rate': 0.5949367088607594, 'ppa': -0.041316267692728205, 'successRate': 0.43617021276595747, 'explosiveness': 0.9485213284889068}, 'passingDowns': {'rate': 0.4050632911392405, 'ppa': -0.10390756039466262, 'successRate': 0.25, 'explosiveness': 1.4993612495489401}, 'rushingPlays': {'rate': 0.4810126582278481, 'ppa': -0.11988165084341595, 'totalPPA': -9.111005464099613, 'successRate': 0.39473684210526316, 'explosiveness': 0.6023252754683329}, 'passingPlays': {'rate': 0.5063291139240507, 'ppa': -0.02400933954455267, 'totalPPA': -1.9207471635642135, 'successRate': 0.3375, 'explosiveness': 1.659607266547342}}","{'plays': 121, 'drives': 27, 'ppa': 0.5273760342953311, 'totalPPA': 63.812500149735065, 'successRate': 0.5041322314049587, 'explosiveness': 1.6223388487633628, 'powerSuccess': 0.9, 'stuffRate': 0.17105263157894737, 'lineYards': 3.5907894736842105, 'lineYardsTotal': 273, 'secondLevelYards': 1.3421052631578947, 'secondLevelYardsTotal': 102, 'openFieldYards': 2.75, 'openFieldYardsTotal': 0, 'totalOpportunies': 14, 'pointsPerOpportunity': 6, 'fieldPosition': {'averageStart': 70.8, 'averagePredictedPoints': -1.387}, 'havoc': {'total': 0.107, 'frontSeven': 0.083, 'db': 0.025}, 'standardDowns': {'rate': 0.7603305785123967, 'ppa': 0.4635440062002864, 'successRate': 0.532608695652174, 'explosiveness': 1.4246076683884865}, 'passingDowns': {'rate': 0.2396694214876033, 'ppa': 0.729877640665818, 'totalPPA': 24.058476154968158, 'successRate': 0.41379310344827586, 'explosiveness': 2.4297411686274404}, 'rushingPlays': {'rate': 0.628099173553719, 'ppa': 0.4424788956733872, 'totalPPA': 33.62839607117743, 'successRate': 0.5131578947368421, 'explosiveness': 1.3220922041215453}, 'passingPlays': {'rate': 0.33884297520661155, 'ppa': 0.5867921013406868, 'totalPPA': 24.058476154968158, 'successRate': 0.4634146341463415, 'explosiveness': 2.1698782041930857}}"
2026,Western Michigan,Mid-American,"{'plays': 128, 'drives': 24, 'ppa': 0.17981530059349746, 'totalPPA': 23.016358475967674, 'successRate': 0.3984375, 'explosiveness': 1.2124813230554417, 'powerSuccess': 0.7272727272727273, 'stuffRate': 0.16, 'lineYards': 2.8666666666666667, 'lineYardsTotal': 215, 'secondLevelYards': 0.8933333333333333, 'secondLevelYardsTotal': 67, 'openFieldYards': 0.38666666666666666, 'openFieldYardsTotal': 29, 'totalOpportunies': 14, 'pointsPerOpportunity': 4.357142857142857, 'fieldPosition': {'averageStart': 67.9, 'averagePredictedPoints': 1.565}, 'havoc': {'total': 0.117, 'frontSeven': 0.086, 'db': 0.031}, 'standardDowns': {'rate': 0.671875, 'ppa': 0.09561717358301408, 'successRate': 0.45348837209302323, 'explosiveness': 0.9817448933034371}, 'passingDowns': {'rate': 0.328125, 'ppa': 0.3522209892340111, 'successRate': 0.2857142857142857, 'explosiveness': 1.9623747197494568}, 'rushingPlays': {'rate': 0.5859375, 'ppa': 0.0871745238990027, 'totalPPA': 6.5380892924252025, 'successRate': 0.4, 'explosiveness': 0.854476496369664}, 'passingPlays': {'rate': 0.3828125, 'ppa': 0.2825538920795606, 'totalPPA': 13.84514071189847, 'successRate': 0.40816326530612246, 'explosiveness': 1.6452943306768024}}","{'plays': 140, 'drives': 22, 'ppa': -0.020098411711851217, 'totalPPA': -2.8137776396591705, 'successRate': 0.45, 'explosiveness': 0.96082370279726, 'powerSuccess': 0.6875, 'stuffRate': 0.14925373134328357, 'lineYards': 2.962686567164179, 'lineYardsTotal': 199, 'secondLevelYards': 0.8208955223880597, 'secondLevelYardsTotal': 55, 'openFieldYards': 0.19402985074626866, 'openFieldYardsTotal': 0, 'totalOpportunies': 8, 'pointsPerOpportunity': 2.625, 'fieldPosition': {'averageStart': 77.3, 'averagePredictedPoints': -0.874}, 'havoc': {'total': 0.143, 'frontSeven': 0.064, 'db': 0.079}, 'standardDowns': {'rate': 0.75, 'ppa': -0.1469651950345998, 'successRate': 0.4857142857142857, 'explosiveness': 0.6968487369250366}, 'passingDowns': {'rate': 0.25, 'ppa': 0.36050193825639454, 'totalPPA': 3.7643633914010004, 'successRate': 0.34285714285714286, 'explosiveness': 2.0827173077542103}, 'rushingPlays': {'rate': 0.4785714285714286, 'ppa': -0.13335001522701495, 'totalPPA': -8.93445102021, 'successRate': 0.43283582089552236, 'explosiveness': 0.4981954234385232}, 'passingPlays': {'rate': 0.5, 'ppa': 0.05377661987715715, 'totalPPA': 3.7643633914010004, 'successRate': 0.44285714285714284, 'explosiveness': 1.4105779357213026}}"
2026,West Virginia,Big 12,"{'plays': 140, 'drives': 26, 'ppa': 0.2732145325843711, 'totalPPA': 38.25003456181196, 'successRate': 0.4785714285714286, 'explosiveness': 1.1936925918671564, 'powerSuccess': 0.8461538461538461, 'stuffRate': 0.12612612612612611, 'lineYards': 3.1585585585585587, 'lineYardsTotal': 351, 'secondLevelYards': 0.9279279279279279, 'secondLevelYardsTotal': 103, 'openFieldYards': 1.7477477477477477, 'openFieldYardsTotal': 194, 'totalOpportunies': 14, 'pointsPerOpportunity': 3.9285714285714284, 'fieldPosition': {'averageStart': 68.9, 'averagePredictedPoints': 1.585}, 'havoc': {'total': 0.093, 'frontSeven': 0.071, 'db': 0.021}, 'standardDowns': {'rate': 0.7642857142857142, 'ppa': 0.29989840516032057, 'successRate': 0.5233644859813084, 'explosiveness': 1.029987934804084}, 'passingDowns': {'rate': 0.2357142857142857, 'ppa': 0.18669409726235328, 'successRate': 0.3333333333333333, 'explosiveness': 2.0270981187337074}, 'rushingPlays': {'rate': 0.7928571428571428, 'ppa': 0.10064860772858814, 'totalPPA': 11.171995457873283, 'successRate': 0.4594594594594595, 'explosiveness': 0.8883418870927888}, 'passingPlays': {'rate': 0.19285714285714287, 'ppa': 1.0013544824424618, 'totalPPA': 27.03657102594647, 'successRate': 0.5555555555555556, 'explosiveness': 2.2738979139196194}}","{'plays': 138, 'drives': 24, 'ppa': -0.036148900779465545, 'totalPPA': -4.988548307566245, 'successRate': 0.41304347826086957, 'explosiveness': 1.207286883972729, 'powerSuccess': 0.5714285714285714, 'stuffRate': 0.3, 'lineYards': 2.3, 'lineYardsTotal': 138, 'secondLevelYards': 1.05, 'secondLevelYardsTotal': 63, 'openFieldYards': 1.25, 'openFieldYardsTotal': 0, 'totalOpportunies': 11, 'pointsPerOpportunity': 2.1818181818181817, 'fieldPosition': {'averageStart': 72.8, 'averagePredictedPoints': -1.157}, 'havoc': {'total': 0.217, 'frontSeven': 0.159, 'db': 0.058}, 'standardDowns': {'rate': 0.6376811594202898, 'ppa': -0.19001357122199844, 'successRate': 0.4772727272727273, 'explosiveness': 0.925878909943183}, 'passingDowns': {'rate': 0.36231884057971014, 'ppa': 0.23465291919939235, 'totalPPA': 17.70164254751548, 'successRate': 0.3, 'explosiveness': 1.9952292112554586}, 'rushingPlays': {'rate': 0.43478260869565216, 'ppa': -0.2767081992216951, 'totalPPA': -16.602491953301705, 'successRate': 0.3333333333333333, 'explosiveness': 0.8549705018155763}, 'passingPlays': {'rate': 0.5289855072463768, 'ppa': 0.24248825407555452, 'totalPPA': 17.70164254751548, 'successRate': 0.4794520547945205, 'explosiveness': 1.392947872611319}}"
2026,Wisconsin,Big Ten,"{'plays': 117, 'drives': 20, 'ppa': 0.09728455785954927, 'totalPPA': 11.382293269567265, 'successRate': 0.38461538461538464, 'explosiveness': 1.4262012820270968, 'powerSuccess': 0.625, 'stuffRate': 0.16666666666666666, 'lineYards': 2.8733333333333335, 'lineYardsTotal': 172, 'secondLevelYards': 0.7666666666666667, 'secondLevelYardsTotal': 46, 'openFieldYards': 1.7333333333333334, 'openFieldYardsTotal': 104, 'totalOpportunies': 14, 'pointsPerOpportunity': 2.0714285714285716, 'fieldPosition': {'averageStart': 67.4, 'averagePredictedPoints': 1.591}, 'havoc': {'total': 0.162, 'frontSeven': 0.103, 'db': 0.06}, 'standardDowns': {'rate': 0.6581196581196581, 'ppa': 0.1572768120592523, 'successRate': 0.45454545454545453, 'explosiveness': 1.272880075242149}, 'passingDowns': {'rate': 0.3418803418803419, 'ppa': -0.018200531474879048, 'successRate': 0.25, 'explosiveness': 1.9628255057744142}, 'rushingPlays': {'rate': 0.5128205128205128, 'ppa': 0.10729179813784882, 'totalPPA': 6.43750788827093, 'successRate': 0.35, 'explosiveness': 1.2219607305960607}, 'passingPlays': {'rate': 0.452991452991453, 'ppa': 0.1012428086922316, 'totalPPA': 5.365868860688275, 'successRate': 0.4339622641509434, 'explosiveness': 1.63908161756213}}","{'plays': 127, 'drives': 20, 'ppa': 0.14164879253112636, 'totalPPA': 17.98939665145305, 'successRate': 0.41732283464566927, 'explosiveness': 0.9995894298541818, 'powerSuccess': 0.75, 'stuffRate': 0.07142857142857142, 'lineYards': 3.0585714285714287, 'lineYardsTotal': 214, 'secondLevelYards': 0.7428571428571429, 'secondLevelYardsTotal': 52, 'openFieldYards': 0.44285714285714284, 'openFieldYardsTotal': 0, 'totalOpportunies': 10, 'pointsPerOpportunity': 4.3, 'fieldPosition': {'averageStart': 78.8, 'averagePredictedPoints': -0.757}, 'havoc': {'total': 0.102, 'frontSeven': 0.039, 'db': 0.063}, 'standardDowns': {'rate': 0.7322834645669292, 'ppa': 0.22925146314629022, 'successRate': 0.5053763440860215, 'explosiveness': 0.9371589907016366}, 'passingDowns': {'rate': 0.2677165354330709, 'ppa': -0.09797027709270419, 'totalPPA': 14.025624165300849, 'successRate': 0.17647058823529413, 'explosiveness': 1.488627869882452}, 'rushingPlays': {'rate': 0.5511811023622047, 'ppa': 0.12135991749035323, 'totalPPA': 8.495194224324726, 'successRate': 0.38571428571428573, 'explosiveness': 0.7691251464220886}, 'passingPlays': {'rate': 0.41732283464566927, 'ppa': 0.2646344182132236, 'totalPPA': 14.025624165300849, 'successRate': 0.4716981132075472, 'explosiveness': 1.1870957246915352}}"
2026,Wyoming,Mountain West,"{'plays': 117, 'drives': 23, 'ppa': -0.002827735068849334, 'totalPPA': -0.33084500305537207, 'successRate': 0.4188034188034188, 'explosiveness': 0.8959098386901093, 'powerSuccess': 1, 'stuffRate': 0.1791044776119403, 'lineYards': 3.2388059701492535, 'lineYardsTotal': 217, 'secondLevelYards': 1.2537313432835822, 'secondLevelYardsTotal': 84, 'openFieldYards': 0.6865671641791045, 'openFieldYardsTotal': 46, 'totalOpportunies': 11, 'pointsPerOpportunity': 3.090909090909091, 'fieldPosition': {'averageStart': 67.8, 'averagePredictedPoints': 1.52}, 'havoc': {'total': 0.179, 'frontSeven': 0.128, 'db': 0.051}, 'standardDowns': {'rate': 0.7094017094017094, 'ppa': -0.026566435385541137, 'successRate': 0.46987951807228917, 'explosiveness': 0.8053856517780612}, 'passingDowns': {'rate': 0.2905982905982906, 'ppa': 0.055122621586604185, 'successRate': 0.29411764705882354, 'explosiveness': 1.2489541676470974}, 'rushingPlays': {'rate': 0.5726495726495726, 'ppa': 0.027462779163850256, 'totalPPA': 1.8400062039779672, 'successRate': 0.40298507462686567, 'explosiveness': 0.7483842544829751}, 'passingPlays': {'rate': 0.38461538461538464, 'ppa': 0.16870910430016797, 'totalPPA': 7.591909693507559, 'successRate': 0.4666666666666667, 'explosiveness': 1.1138025453357303}}","{'plays': 130, 'drives': 22, 'ppa': 0.06489075558866486, 'totalPPA': 8.435798226526432, 'successRate': 0.4230769230769231, 'explosiveness': 1.172048736832227, 'powerSuccess': 1, 'stuffRate': 0.18181818181818182, 'lineYards': 2.793939393939394, 'lineYardsTotal': 184, 'secondLevelYards': 1.1060606060606062, 'secondLevelYardsTotal': 73, 'openFieldYards': 1.121212121212121, 'openFieldYardsTotal': 0, 'totalOpportunies': 12, 'pointsPerOpportunity': 2.8333333333333335, 'fieldPosition': {'averageStart': 69.7, 'averagePredictedPoints': -1.388}, 'havoc': {'total': 0.154, 'frontSeven': 0.092, 'db': 0.062}, 'standardDowns': {'rate': 0.6846153846153846, 'ppa': 0.06972121859271825, 'successRate': 0.48314606741573035, 'explosiveness': 0.8929336822053933}, 'passingDowns': {'rate': 0.3153846153846154, 'ppa': 0.05440511638474409, 'totalPPA': 21.535942192948177, 'successRate': 0.2926829268292683, 'explosiveness': 2.172211015911715}, 'rushingPlays': {'rate': 0.5076923076923077, 'ppa': -0.05535178130471394, 'totalPPA': -3.65321756611112, 'successRate': 0.4090909090909091, 'explosiveness': 0.636618541922282}, 'passingPlays': {'rate': 0.46153846153846156, 'ppa': 0.35893236988246957, 'totalPPA': 21.535942192948177, 'successRate': 0.45, 'explosiveness': 1.7467909107567139}}"
