season,team,conference,offense,defense
2026,Air Force,Mountain West,"{'plays': 79, 'drives': 9, 'ppa': 0.39889458010897205, 'totalPPA': 31.512671828608795, 'successRate': 0.5443037974683544, 'explosiveness': 0.9961783497840123, 'powerSuccess': 1, 'stuffRate': 0.04225352112676056, 'lineYards': 4.357746478873239, 'lineYardsTotal': 309, 'secondLevelYards': 1.5352112676056338, 'secondLevelYardsTotal': 109, 'openFieldYards': 0.676056338028169, 'openFieldYardsTotal': 48, 'totalOpportunies': 7, 'pointsPerOpportunity': 4.857142857142857, 'fieldPosition': {'averageStart': 73, 'averagePredictedPoints': 1.087}, 'havoc': {'total': 0.038, 'frontSeven': 0.013, 'db': 0.025}, 'standardDowns': {'rate': 0.8227848101265823, 'ppa': 0.4122282703939418, 'successRate': 0.5846153846153846, 'explosiveness': 0.982374462126526}, 'passingDowns': {'rate': 0.17721518987341772, 'ppa': 0.3369881609287557, 'successRate': 0.35714285714285715, 'explosiveness': 1.1010878959809076}, 'rushingPlays': {'rate': 0.8987341772151899, 'ppa': 0.5063322160735828, 'totalPPA': 35.94958734122438, 'successRate': 0.5915492957746479, 'explosiveness': 1.0092549532826978}, 'passingPlays': {'rate': 0.08860759493670886, 'ppa': -0.5075098810097615, 'totalPPA': -3.552569167068331, 'successRate': 0.14285714285714285, 'explosiveness': 0.4469610028392202}}","{'plays': 45, 'drives': 9, 'ppa': -0.33906363990619187, 'totalPPA': -15.257863795778636, 'successRate': 0.2222222222222222, 'explosiveness': 1.1005872277594584, 'powerSuccess': 1, 'stuffRate': 0.25, 'lineYards': 2.47, 'lineYardsTotal': 49, 'secondLevelYards': 0.7, 'secondLevelYardsTotal': 14, 'openFieldYards': 0.15, 'openFieldYardsTotal': 0, 'totalOpportunies': 0, 'pointsPerOpportunity': 0, 'fieldPosition': {'averageStart': 75.3, 'averagePredictedPoints': -0.93}, 'havoc': {'total': 0.178, 'frontSeven': 0.044, 'db': 0.133}, 'standardDowns': {'rate': 0.6666666666666666, 'ppa': -0.35004174763731116, 'successRate': 0.26666666666666666, 'explosiveness': 0.8297659103519205}, 'passingDowns': {'rate': 0.3333333333333333, 'ppa': -0.3171074244439534, 'totalPPA': -8.176371881860781, 'successRate': 0.13333333333333333, 'explosiveness': 2.18387249738961}, 'rushingPlays': {'rate': 0.4444444444444444, 'ppa': -0.1528518736141988, 'totalPPA': -3.0570374722839757, 'successRate': 0.25, 'explosiveness': 0.9396014514269556}, 'passingPlays': {'rate': 0.4888888888888889, 'ppa': -0.3716532673573083, 'totalPPA': -8.176371881860781, 'successRate': 0.22727272727272727, 'explosiveness': 1.261573004091961}}"
2026,Akron,Mid-American,"{'plays': 70, 'drives': 11, 'ppa': -0.02740230098845742, 'totalPPA': -1.9181610691920195, 'successRate': 0.5, 'explosiveness': 0.7212615614875549, 'powerSuccess': 0.6, 'stuffRate': 0.18181818181818182, 'lineYards': 3.103030303030303, 'lineYardsTotal': 102, 'secondLevelYards': 1.1515151515151516, 'secondLevelYardsTotal': 38, 'openFieldYards': 0.8181818181818182, 'openFieldYardsTotal': 27, 'totalOpportunies': 3, 'pointsPerOpportunity': 5.666666666666667, 'fieldPosition': {'averageStart': 77.3, 'averagePredictedPoints': 0.804}, 'havoc': {'total': 0.143, 'frontSeven': 0.114, 'db': 0.029}, 'standardDowns': {'rate': 0.7714285714285715, 'ppa': -0.12109866296770375, 'successRate': 0.5370370370370371, 'explosiveness': 0.6762538782434034}, 'passingDowns': {'rate': 0.22857142857142856, 'ppa': 0.2888229206914989, 'successRate': 0.375, 'explosiveness': 0.9387986971676205}, 'rushingPlays': {'rate': 0.4714285714285714, 'ppa': -0.012183932912401642, 'totalPPA': -0.40206978610925415, 'successRate': 0.5454545454545454, 'explosiveness': 0.7448574873448729}, 'passingPlays': {'rate': 0.5, 'ppa': 0.051888130454863256, 'totalPPA': 1.816084565920214, 'successRate': 0.4857142857142857, 'explosiveness': 0.6962776399915712}}","{'plays': 68, 'drives': 11, 'ppa': 0.47758894733523144, 'totalPPA': 32.476048418795735, 'successRate': 0.4264705882352941, 'explosiveness': 1.5275719114401596, 'powerSuccess': 0.8, 'stuffRate': 0.15625, 'lineYards': 3.265625, 'lineYardsTotal': 105, 'secondLevelYards': 1.15625, 'secondLevelYardsTotal': 37, 'openFieldYards': 2.09375, 'openFieldYardsTotal': 0, 'totalOpportunies': 7, 'pointsPerOpportunity': 4.285714285714286, 'fieldPosition': {'averageStart': 70.5, 'averagePredictedPoints': -1.385}, 'havoc': {'total': 0.132, 'frontSeven': 0.074, 'db': 0.059}, 'standardDowns': {'rate': 0.6176470588235294, 'ppa': 0.4019333780328736, 'successRate': 0.47619047619047616, 'explosiveness': 1.327649602697261}, 'passingDowns': {'rate': 0.38235294117647056, 'ppa': 0.5998017900544248, 'totalPPA': 22.46483724694252, 'successRate': 0.34615384615384615, 'explosiveness': 1.9718437086466003}, 'rushingPlays': {'rate': 0.47058823529411764, 'ppa': 0.30647462535732695, 'totalPPA': 9.807188011434462, 'successRate': 0.5, 'explosiveness': 0.9018223547590158}, 'passingPlays': {'rate': 0.5147058823529411, 'ppa': 0.6418524927697862, 'totalPPA': 22.46483724694252, 'successRate': 0.34285714285714286, 'explosiveness': 2.472200382933468}}"
2026,Alabama,SEC,"{'plays': 80, 'drives': 11, 'ppa': 0.2401798962265042, 'totalPPA': 19.214391698120338, 'successRate': 0.525, 'explosiveness': 1.1065101966937536, 'powerSuccess': 0.8333333333333334, 'stuffRate': 0.16666666666666666, 'lineYards': 3.25, 'lineYardsTotal': 156, 'secondLevelYards': 1.2083333333333333, 'secondLevelYardsTotal': 58, 'openFieldYards': 0.6666666666666666, 'openFieldYardsTotal': 32, 'totalOpportunies': 7, 'pointsPerOpportunity': 5.857142857142857, 'fieldPosition': {'averageStart': 71.6, 'averagePredictedPoints': 1.251}, 'havoc': {'total': 0.1, 'frontSeven': 0.075, 'db': 0.025}, 'standardDowns': {'rate': 0.7125, 'ppa': 0.1053619727228849, 'successRate': 0.543859649122807, 'explosiveness': 0.840982798818786}, 'passingDowns': {'rate': 0.2875, 'ppa': 0.5742938805615608, 'successRate': 0.4782608695652174, 'explosiveness': 1.8548146816141171}, 'rushingPlays': {'rate': 0.6, 'ppa': 0.25645703102275985, 'totalPPA': 12.309937489092473, 'successRate': 0.625, 'explosiveness': 0.9421918958698788}, 'passingPlays': {'rate': 0.4, 'ppa': 0.21576419403212077, 'totalPPA': 6.904454209027865, 'successRate': 0.375, 'explosiveness': 1.5173059487534406}}","{'plays': 41, 'drives': 12, 'ppa': -0.19854331617785437, 'totalPPA': -8.14027596329203, 'successRate': 0.21951219512195122, 'explosiveness': 1.548265437530798, 'powerSuccess': 0, 'stuffRate': 0.3684210526315789, 'lineYards': 0.13157894736842105, 'lineYardsTotal': 3, 'secondLevelYards': 0.3684210526315789, 'secondLevelYardsTotal': 7, 'openFieldYards': 0, 'openFieldYardsTotal': 0, 'totalOpportunies': 2, 'pointsPerOpportunity': 5, 'fieldPosition': {'averageStart': 72.3, 'averagePredictedPoints': -1.133}, 'havoc': {'total': 0.195, 'frontSeven': 0.122, 'db': 0.073}, 'standardDowns': {'rate': 0.6097560975609756, 'ppa': -0.19277396782996778, 'successRate': 0.2, 'explosiveness': 1.289743510017113}, 'passingDowns': {'rate': 0.3902439024390244, 'ppa': -0.2075579229714272, 'totalPPA': -0.9094183290781254, 'successRate': 0.25, 'explosiveness': 1.8714178469229044}, 'rushingPlays': {'rate': 0.4634146341463415, 'ppa': -0.3805714544323107, 'totalPPA': -7.230857634213904, 'successRate': 0.15789473684210525, 'explosiveness': 0.3502995301529825}, 'passingPlays': {'rate': 0.5365853658536586, 'ppa': -0.04133719677627842, 'totalPPA': -0.9094183290781254, 'successRate': 0.2727272727272727, 'explosiveness': 2.147248391219706}}"
2026,App State,Sun Belt,"{'plays': 74, 'drives': 10, 'ppa': 0.607856950791685, 'totalPPA': 44.98141435858469, 'successRate': 0.6486486486486487, 'explosiveness': 1.2037359766532603, 'powerSuccess': 1, 'stuffRate': 0.10256410256410256, 'lineYards': 3.5871794871794873, 'lineYardsTotal': 140, 'secondLevelYards': 1.794871794871795, 'secondLevelYardsTotal': 70, 'openFieldYards': 2.8461538461538463, 'openFieldYardsTotal': 111, 'totalOpportunies': 10, 'pointsPerOpportunity': 5.5, 'fieldPosition': {'averageStart': 68.7, 'averagePredictedPoints': 1.49}, 'havoc': {'total': 0.095, 'frontSeven': 0.081, 'db': 0.014}, 'standardDowns': {'rate': 0.7972972972972973, 'ppa': 0.49232263863383036, 'successRate': 0.6440677966101694, 'explosiveness': 1.051573703580967}, 'passingDowns': {'rate': 0.20270270270270271, 'ppa': 1.062291911945913, 'successRate': 0.6666666666666666, 'explosiveness': 1.7819526143279754}, 'rushingPlays': {'rate': 0.527027027027027, 'ppa': 0.516283652660888, 'totalPPA': 20.135062453774633, 'successRate': 0.5897435897435898, 'explosiveness': 1.1559120692847369}, 'passingPlays': {'rate': 0.44594594594594594, 'ppa': 0.7392625024999993, 'totalPPA': 24.395662582499973, 'successRate': 0.7272727272727273, 'explosiveness': 1.2120757431259943}}","{'plays': 61, 'drives': 11, 'ppa': -0.15966021726368834, 'totalPPA': -9.739273253084988, 'successRate': 0.3114754098360656, 'explosiveness': 1.2470294348667017, 'powerSuccess': 0, 'stuffRate': 0.3076923076923077, 'lineYards': 1.6961538461538461, 'lineYardsTotal': 44, 'secondLevelYards': 0.5, 'secondLevelYardsTotal': 13, 'openFieldYards': 0.34615384615384615, 'openFieldYardsTotal': 0, 'totalOpportunies': 4, 'pointsPerOpportunity': 0.75, 'fieldPosition': {'averageStart': 76.2, 'averagePredictedPoints': -0.852}, 'havoc': {'total': 0.213, 'frontSeven': 0.131, 'db': 0.082}, 'standardDowns': {'rate': 0.6885245901639344, 'ppa': -0.07361421075171337, 'successRate': 0.35714285714285715, 'explosiveness': 0.9717882681161444}, 'passingDowns': {'rate': 0.3114754098360656, 'ppa': -0.34986717902700143, 'totalPPA': 2.377351532307202, 'successRate': 0.21052631578947367, 'explosiveness': 2.279183810181291}, 'rushingPlays': {'rate': 0.4262295081967213, 'ppa': -0.3680344499424583, 'totalPPA': -9.568895698503917, 'successRate': 0.2692307692307692, 'explosiveness': 0.4693352896063786}, 'passingPlays': {'rate': 0.5409836065573771, 'ppa': 0.07204095552446066, 'totalPPA': 2.377351532307202, 'successRate': 0.36363636363636365, 'explosiveness': 1.7006843529352234}}"
2026,Arizona,Big 12,"{'plays': 74, 'drives': 13, 'ppa': 0.16129640335424053, 'totalPPA': 11.9359338482138, 'successRate': 0.6081081081081081, 'explosiveness': 0.8430082118391723, 'powerSuccess': 1, 'stuffRate': 0.030303030303030304, 'lineYards': 4.409090909090909, 'lineYardsTotal': 146, 'secondLevelYards': 2.0606060606060606, 'secondLevelYardsTotal': 68, 'openFieldYards': 1.7878787878787878, 'openFieldYardsTotal': 59, 'totalOpportunies': 7, 'pointsPerOpportunity': 5, 'fieldPosition': {'averageStart': 64.9, 'averagePredictedPoints': 1.789}, 'havoc': {'total': 0.068, 'frontSeven': 0.054, 'db': 0.014}, 'standardDowns': {'rate': 0.7702702702702703, 'ppa': 0.094960223850003, 'successRate': 0.6666666666666666, 'explosiveness': 0.6164799989330308}, 'passingDowns': {'rate': 0.22972972972972974, 'ppa': 0.38371771110374286, 'successRate': 0.4117647058823529, 'explosiveness': 2.0727327961867967}, 'rushingPlays': {'rate': 0.44594594594594594, 'ppa': 0.17558204084113882, 'totalPPA': 5.794207347757581, 'successRate': 0.696969696969697, 'explosiveness': 0.42389465649731634}, 'passingPlays': {'rate': 0.5135135135135135, 'ppa': 0.23287935721216324, 'totalPPA': 8.849415574062203, 'successRate': 0.5526315789473685, 'explosiveness': 1.2348229284620726}}","{'plays': 53, 'drives': 11, 'ppa': -0.428629771025105, 'totalPPA': -22.717377864330565, 'successRate': 0.16981132075471697, 'explosiveness': 1.7768342308359768, 'powerSuccess': None, 'stuffRate': 0.4375, 'lineYards': 1.33125, 'lineYardsTotal': 21, 'secondLevelYards': 0.3125, 'secondLevelYardsTotal': 5, 'openFieldYards': 0, 'openFieldYardsTotal': 0, 'totalOpportunies': 3, 'pointsPerOpportunity': 0, 'fieldPosition': {'averageStart': 74.8, 'averagePredictedPoints': -1.06}, 'havoc': {'total': 0.34, 'frontSeven': 0.226, 'db': 0.113}, 'standardDowns': {'rate': 0.49056603773584906, 'ppa': -1.0379902804823562, 'successRate': 0.11538461538461539, 'explosiveness': 1.1834354524783712}, 'passingDowns': {'rate': 0.5094339622641509, 'ppa': 0.1581618306744701, 'totalPPA': -8.673129595040717, 'successRate': 0.2222222222222222, 'explosiveness': 2.07353362001478}, 'rushingPlays': {'rate': 0.3018867924528302, 'ppa': -0.4657697324130241, 'totalPPA': -7.452315718608386, 'successRate': 0.0625, 'explosiveness': 0.4360999685176684}, 'passingPlays': {'rate': 0.660377358490566, 'ppa': -0.24780370271544905, 'totalPPA': -8.673129595040717, 'successRate': 0.22857142857142856, 'explosiveness': 1.9444260136257654}}"
2026,Arizona State,Big 12,"{'plays': 71, 'drives': 12, 'ppa': 0.6536481044994057, 'totalPPA': 46.4090154194578, 'successRate': 0.5774647887323944, 'explosiveness': 1.6060940675308157, 'powerSuccess': 1, 'stuffRate': 0.14285714285714285, 'lineYards': 3.145714285714286, 'lineYardsTotal': 110, 'secondLevelYards': 1.5714285714285714, 'secondLevelYardsTotal': 55, 'openFieldYards': 2.8285714285714287, 'openFieldYardsTotal': 99, 'totalOpportunies': 9, 'pointsPerOpportunity': 5.444444444444445, 'fieldPosition': {'averageStart': 64, 'averagePredictedPoints': 1.873}, 'havoc': {'total': 0.113, 'frontSeven': 0.07, 'db': 0.042}, 'standardDowns': {'rate': 0.704225352112676, 'ppa': 0.6560311170117541, 'successRate': 0.62, 'explosiveness': 1.440854295412477}, 'passingDowns': {'rate': 0.29577464788732394, 'ppa': 0.6479742651842902, 'successRate': 0.47619047619047616, 'explosiveness': 2.118337361097666}, 'rushingPlays': {'rate': 0.49295774647887325, 'ppa': 0.4349373730725675, 'totalPPA': 15.222808057539863, 'successRate': 0.5428571428571428, 'explosiveness': 1.314825844870588}, 'passingPlays': {'rate': 0.5070422535211268, 'ppa': 0.8662835378310538, 'totalPPA': 31.18620736191794, 'successRate': 0.6111111111111112, 'explosiveness': 1.8576438961919215}}","{'plays': 52, 'drives': 12, 'ppa': -0.11511361950725567, 'totalPPA': -5.985908214377295, 'successRate': 0.3076923076923077, 'explosiveness': 0.9935711179315883, 'powerSuccess': 0.6666666666666666, 'stuffRate': 0.08695652173913043, 'lineYards': 3.0217391304347827, 'lineYardsTotal': 70, 'secondLevelYards': 0.8260869565217391, 'secondLevelYardsTotal': 19, 'openFieldYards': 1.3043478260869565, 'openFieldYardsTotal': 0, 'totalOpportunies': 3, 'pointsPerOpportunity': 2.3333333333333335, 'fieldPosition': {'averageStart': 71.7, 'averagePredictedPoints': -1.263}, 'havoc': {'total': 0.115, 'frontSeven': 0.038, 'db': 0.077}, 'standardDowns': {'rate': 0.6923076923076923, 'ppa': -0.1478043234675914, 'successRate': 0.3888888888888889, 'explosiveness': 0.9845718974718439}, 'passingDowns': {'rate': 0.3076923076923077, 'ppa': -0.041559535596500295, 'totalPPA': -2.714505070452134, 'successRate': 0.125, 'explosiveness': 1.0565656611497989}, 'rushingPlays': {'rate': 0.4423076923076923, 'ppa': -0.023907567106661982, 'totalPPA': -0.5498740434532257, 'successRate': 0.43478260869565216, 'explosiveness': 1.032512109128444}, 'passingPlays': {'rate': 0.5, 'ppa': -0.10440404117123592, 'totalPPA': -2.714505070452134, 'successRate': 0.23076923076923078, 'explosiveness': 0.928669465936829}}"
2026,Arkansas,SEC,"{'plays': 84, 'drives': 13, 'ppa': 0.09167774607079805, 'totalPPA': 7.700930669947036, 'successRate': 0.5238095238095238, 'explosiveness': 0.851926423740633, 'powerSuccess': 0.7777777777777778, 'stuffRate': 0.21739130434782608, 'lineYards': 2.5804347826086955, 'lineYardsTotal': 119, 'secondLevelYards': 0.6956521739130435, 'secondLevelYardsTotal': 32, 'openFieldYards': 0.13043478260869565, 'openFieldYardsTotal': 6, 'totalOpportunies': 7, 'pointsPerOpportunity': 4.428571428571429, 'fieldPosition': {'averageStart': 68.6, 'averagePredictedPoints': 1.442}, 'havoc': {'total': 0.119, 'frontSeven': 0.083, 'db': 0.036}, 'standardDowns': {'rate': 0.7023809523809523, 'ppa': -0.06279249009593271, 'successRate': 0.559322033898305, 'explosiveness': 0.5272992780977503}, 'passingDowns': {'rate': 0.2976190476190476, 'ppa': 0.45622750342428264, 'successRate': 0.44, 'explosiveness': 1.825807860669281}, 'rushingPlays': {'rate': 0.5476190476190477, 'ppa': -0.1553738125375569, 'totalPPA': -7.147195376727616, 'successRate': 0.43478260869565216, 'explosiveness': 0.28045620980184044}, 'passingPlays': {'rate': 0.42857142857142855, 'ppa': 0.4874594115787019, 'totalPPA': 17.548538816833265, 'successRate': 0.6388888888888888, 'explosiveness': 1.3335932863727806}}","{'plays': 45, 'drives': 13, 'ppa': -0.07461714556735355, 'totalPPA': -3.35777155053091, 'successRate': 0.26666666666666666, 'explosiveness': 1.0536179785110653, 'powerSuccess': None, 'stuffRate': 0.2631578947368421, 'lineYards': 1.8473684210526315, 'lineYardsTotal': 35, 'secondLevelYards': 0.8421052631578947, 'secondLevelYardsTotal': 16, 'openFieldYards': 0.15789473684210525, 'openFieldYardsTotal': 0, 'totalOpportunies': 4, 'pointsPerOpportunity': 3.5, 'fieldPosition': {'averageStart': 68.7, 'averagePredictedPoints': -1.443}, 'havoc': {'total': 0.222, 'frontSeven': 0.133, 'db': 0.089}, 'standardDowns': {'rate': 0.6, 'ppa': -0.10333460632205878, 'successRate': 0.4074074074074074, 'explosiveness': 0.7664921201509258}, 'passingDowns': {'rate': 0.4, 'ppa': -0.031540954435295705, 'totalPPA': -1.696087118728492, 'successRate': 0.05555555555555555, 'explosiveness': 4.212002420472599}, 'rushingPlays': {'rate': 0.4222222222222222, 'ppa': -0.049773781927934, 'totalPPA': -0.9457018566307459, 'successRate': 0.2631578947368421, 'explosiveness': 1.0529002013877111}, 'passingPlays': {'rate': 0.5333333333333333, 'ppa': -0.07067029661368718, 'totalPPA': -1.696087118728492, 'successRate': 0.25, 'explosiveness': 1.2155679932583647}}"
2026,Arkansas State,Sun Belt,"{'plays': 60, 'drives': 12, 'ppa': 0.09122889892267824, 'totalPPA': 5.473733935360695, 'successRate': 0.5, 'explosiveness': 1.25818527156254, 'powerSuccess': 0.8333333333333334, 'stuffRate': 0.11538461538461539, 'lineYards': 3.2192307692307693, 'lineYardsTotal': 84, 'secondLevelYards': 1.2692307692307692, 'secondLevelYardsTotal': 33, 'openFieldYards': 0.9615384615384616, 'openFieldYardsTotal': 25, 'totalOpportunies': 7, 'pointsPerOpportunity': 2.4285714285714284, 'fieldPosition': {'averageStart': 68.8, 'averagePredictedPoints': 1.429}, 'havoc': {'total': 0.167, 'frontSeven': 0.083, 'db': 0.083}, 'standardDowns': {'rate': 0.7333333333333333, 'ppa': 0.3241143611597589, 'successRate': 0.5909090909090909, 'explosiveness': 1.219350496822385}, 'passingDowns': {'rate': 0.26666666666666666, 'ppa': -0.5492061222292937, 'successRate': 0.25, 'explosiveness': 1.5106113073735468}, 'rushingPlays': {'rate': 0.43333333333333335, 'ppa': 0.20898975839630018, 'totalPPA': 5.433733718303805, 'successRate': 0.5384615384615384, 'explosiveness': 0.793789330496586}, 'passingPlays': {'rate': 0.5333333333333333, 'ppa': 0.1724444144622322, 'totalPPA': 5.51822126279143, 'successRate': 0.5, 'explosiveness': 1.6645317199952496}}","{'plays': 65, 'drives': 12, 'ppa': 0.4325343128713606, 'totalPPA': 28.11473033663844, 'successRate': 0.49230769230769234, 'explosiveness': 1.4906452469735614, 'powerSuccess': 0.6, 'stuffRate': 0.1276595744680851, 'lineYards': 3.546808510638298, 'lineYardsTotal': 167, 'secondLevelYards': 1.4042553191489362, 'secondLevelYardsTotal': 66, 'openFieldYards': 2.7872340425531914, 'openFieldYardsTotal': 0, 'totalOpportunies': 6, 'pointsPerOpportunity': 5.833333333333333, 'fieldPosition': {'averageStart': 77.6, 'averagePredictedPoints': -0.866}, 'havoc': {'total': 0.092, 'frontSeven': 0.062, 'db': 0.031}, 'standardDowns': {'rate': 0.8, 'ppa': 0.3925982185701612, 'successRate': 0.5, 'explosiveness': 1.3010135422690035}, 'passingDowns': {'rate': 0.2, 'ppa': 0.5922786900761583, 'totalPPA': 14.398706227038716, 'successRate': 0.46153846153846156, 'explosiveness': 2.3123826340266462}, 'rushingPlays': {'rate': 0.7230769230769231, 'ppa': 0.37840577583396307, 'totalPPA': 17.785071464196264, 'successRate': 0.48936170212765956, 'explosiveness': 1.2455356874472387}, 'passingPlays': {'rate': 0.23076923076923078, 'ppa': 0.9599137484692477, 'totalPPA': 14.398706227038716, 'successRate': 0.5333333333333333, 'explosiveness': 2.369922008500973}}"
2026,Army,American Athletic,"{'plays': 72, 'drives': 12, 'ppa': 0.68581428710163, 'totalPPA': 49.37862867131736, 'successRate': 0.6527777777777778, 'explosiveness': 1.2871934570965313, 'powerSuccess': 0.8333333333333334, 'stuffRate': 0.05263157894736842, 'lineYards': 4.65438596491228, 'lineYardsTotal': 265, 'secondLevelYards': 2.0526315789473686, 'secondLevelYardsTotal': 117, 'openFieldYards': 3.982456140350877, 'openFieldYardsTotal': 227, 'totalOpportunies': 10, 'pointsPerOpportunity': 5.2, 'fieldPosition': {'averageStart': 64.6, 'averagePredictedPoints': 1.779}, 'havoc': {'total': 0, 'frontSeven': 0, 'db': 0}, 'standardDowns': {'rate': 0.8194444444444444, 'ppa': 0.6651967651794334, 'successRate': 0.7288135593220338, 'explosiveness': 1.1306409309428218}, 'passingDowns': {'rate': 0.18055555555555555, 'ppa': 0.7793861173639067, 'successRate': 0.3076923076923077, 'explosiveness': 2.9701331132489086}, 'rushingPlays': {'rate': 0.7916666666666666, 'ppa': 0.8466502068587076, 'totalPPA': 48.25906179094633, 'successRate': 0.7017543859649122, 'explosiveness': 1.3526897967119178}, 'passingPlays': {'rate': 0.18055555555555555, 'ppa': -0.02571825175856758, 'totalPPA': -0.3343372728613786, 'successRate': 0.46153846153846156, 'explosiveness': 0.681183317242104}}","{'plays': 54, 'drives': 11, 'ppa': -0.13524123380199463, 'totalPPA': -7.30302662530771, 'successRate': 0.3148148148148148, 'explosiveness': 0.8508825653985219, 'powerSuccess': 0.6666666666666666, 'stuffRate': 0.2413793103448276, 'lineYards': 2.317241379310345, 'lineYardsTotal': 67, 'secondLevelYards': 0.6896551724137931, 'secondLevelYardsTotal': 20, 'openFieldYards': 0.20689655172413793, 'openFieldYardsTotal': 0, 'totalOpportunies': 3, 'pointsPerOpportunity': 1, 'fieldPosition': {'averageStart': 75.7, 'averagePredictedPoints': -0.92}, 'havoc': {'total': 0.204, 'frontSeven': 0.13, 'db': 0.074}, 'standardDowns': {'rate': 0.6111111111111112, 'ppa': -0.11679250498453299, 'successRate': 0.3939393939393939, 'explosiveness': 0.7316517075689729}, 'passingDowns': {'rate': 0.3888888888888889, 'ppa': -0.16423209337229147, 'totalPPA': -4.878992538892561, 'successRate': 0.19047619047619047, 'explosiveness': 1.2383828533445564}, 'rushingPlays': {'rate': 0.5370370370370371, 'ppa': -0.08540625330900195, 'totalPPA': -2.4767813459610566, 'successRate': 0.3793103448275862, 'explosiveness': 0.8186661733039462}, 'passingPlays': {'rate': 0.4444444444444444, 'ppa': -0.20329135578719007, 'totalPPA': -4.878992538892561, 'successRate': 0.25, 'explosiveness': 0.9099459509052442}}"
2026,Auburn,SEC,"{'plays': 75, 'drives': 13, 'ppa': -0.043635825123135366, 'totalPPA': -3.2726868842351524, 'successRate': 0.38666666666666666, 'explosiveness': 1.1601768480225931, 'powerSuccess': 1, 'stuffRate': 0.22857142857142856, 'lineYards': 2.6742857142857144, 'lineYardsTotal': 94, 'secondLevelYards': 0.8857142857142857, 'secondLevelYardsTotal': 31, 'openFieldYards': 0.9714285714285714, 'openFieldYardsTotal': 34, 'totalOpportunies': 7, 'pointsPerOpportunity': 2.4285714285714284, 'fieldPosition': {'averageStart': 69.8, 'averagePredictedPoints': 1.478}, 'havoc': {'total': 0.24, 'frontSeven': 0.147, 'db': 0.093}, 'standardDowns': {'rate': 0.7066666666666667, 'ppa': -0.05498839683088968, 'successRate': 0.4339622641509434, 'explosiveness': 1.012242376112937}, 'passingDowns': {'rate': 0.29333333333333333, 'ppa': -0.016286447827181808, 'successRate': 0.2727272727272727, 'explosiveness': 1.7272589903429412}, 'rushingPlays': {'rate': 0.4666666666666667, 'ppa': -0.1384575864498446, 'totalPPA': -4.84601552574456, 'successRate': 0.34285714285714286, 'explosiveness': 0.8303175764442267}, 'passingPlays': {'rate': 0.52, 'ppa': 0.011978142282993674, 'totalPPA': 0.4671475490367533, 'successRate': 0.41025641025641024, 'explosiveness': 1.4109460364282391}}","{'plays': 101, 'drives': 13, 'ppa': -0.01107254511121855, 'totalPPA': -1.1183270562330734, 'successRate': 0.38613861386138615, 'explosiveness': 1.2316141474915536, 'powerSuccess': 0.4, 'stuffRate': 0.23255813953488372, 'lineYards': 2.097674418604651, 'lineYardsTotal': 90, 'secondLevelYards': 0.4418604651162791, 'secondLevelYardsTotal': 19, 'openFieldYards': 0, 'openFieldYardsTotal': 0, 'totalOpportunies': 7, 'pointsPerOpportunity': 2.4285714285714284, 'fieldPosition': {'averageStart': 76.3, 'averagePredictedPoints': -0.963}, 'havoc': {'total': 0.198, 'frontSeven': 0.099, 'db': 0.099}, 'standardDowns': {'rate': 0.7227722772277227, 'ppa': -0.21587801693755465, 'successRate': 0.3835616438356164, 'explosiveness': 0.866201757005735}, 'passingDowns': {'rate': 0.27722772277227725, 'ppa': 0.5228845778645863, 'totalPPA': 11.730305046331061, 'successRate': 0.39285714285714285, 'explosiveness': 2.1617547778190924}, 'rushingPlays': {'rate': 0.42574257425742573, 'ppa': -0.2870894363892516, 'totalPPA': -12.34484576473782, 'successRate': 0.3953488372093023, 'explosiveness': 0.5969408440523553}, 'passingPlays': {'rate': 0.5445544554455446, 'ppa': 0.21327827356965565, 'totalPPA': 11.730305046331061, 'successRate': 0.38181818181818183, 'explosiveness': 1.7989064408460083}}"
2026,Ball State,Mid-American,"{'plays': 62, 'drives': 13, 'ppa': -0.33311077862339405, 'totalPPA': -20.652868274650434, 'successRate': 0.20967741935483872, 'explosiveness': 1.3049899715616444, 'powerSuccess': 0, 'stuffRate': 0.3181818181818182, 'lineYards': 1.2, 'lineYardsTotal': 26, 'secondLevelYards': 0.6363636363636364, 'secondLevelYardsTotal': 14, 'openFieldYards': 0.3181818181818182, 'openFieldYardsTotal': 7, 'totalOpportunies': 3, 'pointsPerOpportunity': 1, 'fieldPosition': {'averageStart': 71.3, 'averagePredictedPoints': 1.24}, 'havoc': {'total': 0.226, 'frontSeven': 0.113, 'db': 0.113}, 'standardDowns': {'rate': 0.5483870967741935, 'ppa': -0.36691353750248584, 'successRate': 0.2647058823529412, 'explosiveness': 0.8769138692177606}, 'passingDowns': {'rate': 0.45161290322580644, 'ppa': -0.29206457141306835, 'successRate': 0.14285714285714285, 'explosiveness': 2.2681612018353836}, 'rushingPlays': {'rate': 0.3548387096774194, 'ppa': -0.2707182861351678, 'totalPPA': -5.955802294973691, 'successRate': 0.22727272727272727, 'explosiveness': 1.2281110154716495}, 'passingPlays': {'rate': 0.6129032258064516, 'ppa': -0.36425965361896584, 'totalPPA': -13.841866837520703, 'successRate': 0.21052631578947367, 'explosiveness': 1.3530393191178913}}","{'plays': 73, 'drives': 12, 'ppa': 0.6119600604298888, 'totalPPA': 44.673084411381886, 'successRate': 0.5616438356164384, 'explosiveness': 1.448948844124814, 'powerSuccess': 0.75, 'stuffRate': 0.18181818181818182, 'lineYards': 3.3181818181818183, 'lineYardsTotal': 110, 'secondLevelYards': 1.121212121212121, 'secondLevelYardsTotal': 37, 'openFieldYards': 3.4242424242424243, 'openFieldYardsTotal': 0, 'totalOpportunies': 5, 'pointsPerOpportunity': 7, 'fieldPosition': {'averageStart': 76.2, 'averagePredictedPoints': -1.089}, 'havoc': {'total': 0.11, 'frontSeven': 0.082, 'db': 0.027}, 'standardDowns': {'rate': 0.7397260273972602, 'ppa': 0.6963463512773419, 'successRate': 0.6481481481481481, 'explosiveness': 1.3669760970714453}, 'passingDowns': {'rate': 0.2602739726027397, 'ppa': 0.3721253390739696, 'totalPPA': 33.16054642564697, 'successRate': 0.3157894736842105, 'explosiveness': 1.927123201936131}, 'rushingPlays': {'rate': 0.4520547945205479, 'ppa': 0.45917884960417765, 'totalPPA': 15.152902036937864, 'successRate': 0.45454545454545453, 'explosiveness': 1.5135904943012624}, 'passingPlays': {'rate': 0.5205479452054794, 'ppa': 0.8726459585696572, 'totalPPA': 33.16054642564697, 'successRate': 0.6842105263157895, 'explosiveness': 1.4116555844076322}}"
2026,Baylor,Big 12,"{'plays': 101, 'drives': 13, 'ppa': -0.01107254511121855, 'totalPPA': -1.1183270562330734, 'successRate': 0.38613861386138615, 'explosiveness': 1.2316141474915536, 'powerSuccess': 0.4, 'stuffRate': 0.23255813953488372, 'lineYards': 2.097674418604651, 'lineYardsTotal': 90, 'secondLevelYards': 0.4418604651162791, 'secondLevelYardsTotal': 19, 'openFieldYards': 0, 'openFieldYardsTotal': 0, 'totalOpportunies': 7, 'pointsPerOpportunity': 2.4285714285714284, 'fieldPosition': {'averageStart': 76.3, 'averagePredictedPoints': 0.963}, 'havoc': {'total': 0.198, 'frontSeven': 0.099, 'db': 0.099}, 'standardDowns': {'rate': 0.7227722772277227, 'ppa': -0.21587801693755465, 'successRate': 0.3835616438356164, 'explosiveness': 0.866201757005735}, 'passingDowns': {'rate': 0.27722772277227725, 'ppa': 0.5228845778645863, 'successRate': 0.39285714285714285, 'explosiveness': 2.1617547778190924}, 'rushingPlays': {'rate': 0.42574257425742573, 'ppa': -0.2870894363892516, 'totalPPA': -12.34484576473782, 'successRate': 0.3953488372093023, 'explosiveness': 0.5969408440523553}, 'passingPlays': {'rate': 0.5445544554455446, 'ppa': 0.21327827356965565, 'totalPPA': 11.730305046331061, 'successRate': 0.38181818181818183, 'explosiveness': 1.7989064408460083}}","{'plays': 75, 'drives': 13, 'ppa': -0.043635825123135366, 'totalPPA': -3.2726868842351524, 'successRate': 0.38666666666666666, 'explosiveness': 1.1601768480225931, 'powerSuccess': 1, 'stuffRate': 0.22857142857142856, 'lineYards': 2.6742857142857144, 'lineYardsTotal': 94, 'secondLevelYards': 0.8857142857142857, 'secondLevelYardsTotal': 31, 'openFieldYards': 0.9714285714285714, 'openFieldYardsTotal': 0, 'totalOpportunies': 7, 'pointsPerOpportunity': 2.4285714285714284, 'fieldPosition': {'averageStart': 69.8, 'averagePredictedPoints': -1.478}, 'havoc': {'total': 0.24, 'frontSeven': 0.147, 'db': 0.093}, 'standardDowns': {'rate': 0.7066666666666667, 'ppa': -0.05498839683088968, 'successRate': 0.4339622641509434, 'explosiveness': 1.012242376112937}, 'passingDowns': {'rate': 0.29333333333333333, 'ppa': -0.016286447827181808, 'totalPPA': 0.4671475490367533, 'successRate': 0.2727272727272727, 'explosiveness': 1.7272589903429412}, 'rushingPlays': {'rate': 0.4666666666666667, 'ppa': -0.1384575864498446, 'totalPPA': -4.84601552574456, 'successRate': 0.34285714285714286, 'explosiveness': 0.8303175764442267}, 'passingPlays': {'rate': 0.52, 'ppa': 0.011978142282993674, 'totalPPA': 0.4671475490367533, 'successRate': 0.41025641025641024, 'explosiveness': 1.4109460364282391}}"
2026,Boise State,Pac-12,"{'plays': 67, 'drives': 13, 'ppa': 0.05056954805199873, 'totalPPA': 3.388159719483915, 'successRate': 0.3582089552238806, 'explosiveness': 1.0180962329024892, 'powerSuccess': 1, 'stuffRate': 0.12121212121212122, 'lineYards': 2.9212121212121214, 'lineYardsTotal': 96, 'secondLevelYards': 0.3333333333333333, 'secondLevelYardsTotal': 11, 'openFieldYards': 0, 'openFieldYardsTotal': 0, 'totalOpportunies': 7, 'pointsPerOpportunity': 3.857142857142857, 'fieldPosition': {'averageStart': 72.8, 'averagePredictedPoints': 1.279}, 'havoc': {'total': 0.134, 'frontSeven': 0.075, 'db': 0.06}, 'standardDowns': {'rate': 0.7014925373134329, 'ppa': 0.10337364563212095, 'successRate': 0.425531914893617, 'explosiveness': 0.9318589944743615}, 'passingDowns': {'rate': 0.29850746268656714, 'ppa': -0.07352008126128848, 'successRate': 0.2, 'explosiveness': 1.4492824250431278}, 'rushingPlays': {'rate': 0.4925373134328358, 'ppa': -0.023646851259018553, 'totalPPA': -0.7803460915476123, 'successRate': 0.3939393939393939, 'explosiveness': 0.5260356570907669}, 'passingPlays': {'rate': 0.47761194029850745, 'ppa': 0.16105180042704878, 'totalPPA': 5.153657613665561, 'successRate': 0.34375, 'explosiveness': 1.5996223679527064}}","{'plays': 64, 'drives': 13, 'ppa': 0.17398030401949954, 'totalPPA': 11.13473945724797, 'successRate': 0.453125, 'explosiveness': 1.5147413609415246, 'powerSuccess': 0.6666666666666666, 'stuffRate': 0.125, 'lineYards': 3.2375, 'lineYardsTotal': 78, 'secondLevelYards': 0.9583333333333334, 'secondLevelYardsTotal': 23, 'openFieldYards': 1.2916666666666667, 'openFieldYardsTotal': 0, 'totalOpportunies': 11, 'pointsPerOpportunity': 3.090909090909091, 'fieldPosition': {'averageStart': 62.9, 'averagePredictedPoints': -1.886}, 'havoc': {'total': 0.156, 'frontSeven': 0.109, 'db': 0.047}, 'standardDowns': {'rate': 0.703125, 'ppa': -0.0012634001714455613, 'successRate': 0.4888888888888889, 'explosiveness': 1.2296200262434507}, 'passingDowns': {'rate': 0.296875, 'ppa': 0.5890311823664748, 'totalPPA': 7.027172325657091, 'successRate': 0.3684210526315789, 'explosiveness': 2.4108369842783284}, 'rushingPlays': {'rate': 0.375, 'ppa': 0.20179196111532854, 'totalPPA': 4.8430070667678855, 'successRate': 0.4583333333333333, 'explosiveness': 1.0032055604530528}, 'passingPlays': {'rate': 0.609375, 'ppa': 0.18018390578607923, 'totalPPA': 7.027172325657091, 'successRate': 0.46153846153846156, 'explosiveness': 1.8273465723511462}}"
2026,Boston College,ACC,"{'plays': 73, 'drives': 11, 'ppa': -0.03731038253606711, 'totalPPA': -2.7236579251328994, 'successRate': 0.3972602739726027, 'explosiveness': 1.3219912430962921, 'powerSuccess': 1, 'stuffRate': 0.2, 'lineYards': 3.182857142857143, 'lineYardsTotal': 111, 'secondLevelYards': 1.542857142857143, 'secondLevelYardsTotal': 54, 'openFieldYards': 0.7142857142857143, 'openFieldYardsTotal': 25, 'totalOpportunies': 4, 'pointsPerOpportunity': 3.5, 'fieldPosition': {'averageStart': 75.2, 'averagePredictedPoints': 1.023}, 'havoc': {'total': 0.233, 'frontSeven': 0.151, 'db': 0.082}, 'standardDowns': {'rate': 0.6438356164383562, 'ppa': -0.025955140389011602, 'successRate': 0.425531914893617, 'explosiveness': 1.2132883867646493}, 'passingDowns': {'rate': 0.3561643835616438, 'ppa': -0.05783716641728285, 'successRate': 0.34615384615384615, 'explosiveness': 1.563553146055498}, 'rushingPlays': {'rate': 0.4794520547945205, 'ppa': 0.03759080399254402, 'totalPPA': 1.3156781397390407, 'successRate': 0.4857142857142857, 'explosiveness': 0.997786738682669}, 'passingPlays': {'rate': 0.4794520547945205, 'ppa': 0.019806353289004455, 'totalPPA': 0.6932223651151559, 'successRate': 0.34285714285714286, 'explosiveness': 1.7812809576822581}}","{'plays': 62, 'drives': 12, 'ppa': 0.2410406579313317, 'totalPPA': 14.944520791742566, 'successRate': 0.3870967741935484, 'explosiveness': 1.255243118893256, 'powerSuccess': 1, 'stuffRate': 0.09090909090909091, 'lineYards': 3.5568181818181817, 'lineYardsTotal': 157, 'secondLevelYards': 1.25, 'secondLevelYardsTotal': 55, 'openFieldYards': 1.4772727272727273, 'openFieldYardsTotal': 0, 'totalOpportunies': 7, 'pointsPerOpportunity': 4.857142857142857, 'fieldPosition': {'averageStart': 70.2, 'averagePredictedPoints': -1.424}, 'havoc': {'total': 0.113, 'frontSeven': 0.113, 'db': 0}, 'standardDowns': {'rate': 0.6774193548387096, 'ppa': 0.24387051777775073, 'successRate': 0.40476190476190477, 'explosiveness': 1.0817504848579962}, 'passingDowns': {'rate': 0.3225806451612903, 'ppa': 0.2350979522538517, 'totalPPA': 3.265764635226383, 'successRate': 0.35, 'explosiveness': 1.6765823729788871}, 'rushingPlays': {'rate': 0.7096774193548387, 'ppa': 0.27080376983250654, 'totalPPA': 11.915365872630288, 'successRate': 0.38636363636363635, 'explosiveness': 1.2482570592829285}, 'passingPlays': {'rate': 0.27419354838709675, 'ppa': 0.19210380207214017, 'totalPPA': 3.265764635226383, 'successRate': 0.4117647058823529, 'explosiveness': 1.2722092636611944}}"
2026,Bowling Green,Mid-American,"{'plays': 66, 'drives': 10, 'ppa': -0.10179089851400286, 'totalPPA': -6.718199301924189, 'successRate': 0.3939393939393939, 'explosiveness': 0.8420116698683161, 'powerSuccess': 0.5, 'stuffRate': 0.25, 'lineYards': 2.308333333333333, 'lineYardsTotal': 83, 'secondLevelYards': 0.4166666666666667, 'secondLevelYardsTotal': 15, 'openFieldYards': 0.2222222222222222, 'openFieldYardsTotal': 8, 'totalOpportunies': 6, 'pointsPerOpportunity': 2.1666666666666665, 'fieldPosition': {'averageStart': 70.6, 'averagePredictedPoints': 1.352}, 'havoc': {'total': 0.121, 'frontSeven': 0.091, 'db': 0.03}, 'standardDowns': {'rate': 0.7121212121212122, 'ppa': -0.1671161810158493, 'successRate': 0.46808510638297873, 'explosiveness': 0.6224839919641795}, 'passingDowns': {'rate': 0.2878787878787879, 'ppa': 0.05980322135898568, 'successRate': 0.21052631578947367, 'explosiveness': 2.0494138983410677}, 'rushingPlays': {'rate': 0.5454545454545454, 'ppa': -0.6426119201981584, 'totalPPA': -23.1340291271337, 'successRate': 0.25, 'explosiveness': -0.039032745746308835}, 'passingPlays': {'rate': 0.4393939393939394, 'ppa': 0.5649679324685173, 'totalPPA': 16.384070041587, 'successRate': 0.5517241379310345, 'explosiveness': 1.3882398965419056}}","{'plays': 59, 'drives': 10, 'ppa': 0.03778610091820554, 'totalPPA': 2.229379954174127, 'successRate': 0.3898305084745763, 'explosiveness': 1.3986920519909742, 'powerSuccess': 0.5, 'stuffRate': 0.25, 'lineYards': 2.909375, 'lineYardsTotal': 93, 'secondLevelYards': 1.125, 'secondLevelYardsTotal': 36, 'openFieldYards': 4.25, 'openFieldYardsTotal': 0, 'totalOpportunies': 6, 'pointsPerOpportunity': 3.3333333333333335, 'fieldPosition': {'averageStart': 74.5, 'averagePredictedPoints': -1.19}, 'havoc': {'total': 0.085, 'frontSeven': 0.051, 'db': 0.034}, 'standardDowns': {'rate': 0.6949152542372882, 'ppa': 0.059840451592834396, 'successRate': 0.4878048780487805, 'explosiveness': 1.349909448112058}, 'passingDowns': {'rate': 0.3050847457627119, 'ppa': -0.012448808951782409, 'totalPPA': 7.661908586552134, 'successRate': 0.16666666666666666, 'explosiveness': 1.72390941118375}, 'rushingPlays': {'rate': 0.5423728813559322, 'ppa': -0.1689179265233346, 'totalPPA': -5.405373648746707, 'successRate': 0.40625, 'explosiveness': 1.062940248300047}, 'passingPlays': {'rate': 0.423728813559322, 'ppa': 0.30647634346208535, 'totalPPA': 7.661908586552134, 'successRate': 0.4, 'explosiveness': 1.8351693967891796}}"
2026,Buffalo,Mid-American,"{'plays': 83, 'drives': 15, 'ppa': 0.15231379137916468, 'totalPPA': 12.642044684470667, 'successRate': 0.39759036144578314, 'explosiveness': 1.1454912933763308, 'powerSuccess': 1, 'stuffRate': 0.18181818181818182, 'lineYards': 2.9909090909090907, 'lineYardsTotal': 99, 'secondLevelYards': 0.5454545454545454, 'secondLevelYardsTotal': 18, 'openFieldYards': 1.3636363636363635, 'openFieldYardsTotal': 45, 'totalOpportunies': 5, 'pointsPerOpportunity': 4.2, 'fieldPosition': {'averageStart': 72.6, 'averagePredictedPoints': 1.303}, 'havoc': {'total': 0.145, 'frontSeven': 0.06, 'db': 0.084}, 'standardDowns': {'rate': 0.6746987951807228, 'ppa': 0.07061267053319471, 'successRate': 0.44642857142857145, 'explosiveness': 0.9006957816268581}, 'passingDowns': {'rate': 0.3253012048192771, 'ppa': 0.32176796794858387, 'successRate': 0.2962962962962963, 'explosiveness': 1.9104772675934332}, 'rushingPlays': {'rate': 0.39759036144578314, 'ppa': -0.02538262545523417, 'totalPPA': -0.8376266400227276, 'successRate': 0.36363636363636365, 'explosiveness': 0.5854796541963979}, 'passingPlays': {'rate': 0.5662650602409639, 'ppa': 0.19718469932098898, 'totalPPA': 9.267680868086481, 'successRate': 0.40425531914893614, 'explosiveness': 1.3399759016482082}}","{'plays': 72, 'drives': 14, 'ppa': -0.05863751843180534, 'totalPPA': -4.221901327089984, 'successRate': 0.2916666666666667, 'explosiveness': 1.290213068638229, 'powerSuccess': 0.6666666666666666, 'stuffRate': 0.2857142857142857, 'lineYards': 2.35, 'lineYardsTotal': 66, 'secondLevelYards': 0.6785714285714286, 'secondLevelYardsTotal': 19, 'openFieldYards': 0.21428571428571427, 'openFieldYardsTotal': 0, 'totalOpportunies': 4, 'pointsPerOpportunity': 4.25, 'fieldPosition': {'averageStart': 73.8, 'averagePredictedPoints': -1.127}, 'havoc': {'total': 0.194, 'frontSeven': 0.111, 'db': 0.083}, 'standardDowns': {'rate': 0.5277777777777778, 'ppa': -0.0872875725040851, 'successRate': 0.3684210526315789, 'explosiveness': 0.9066007904156754}, 'passingDowns': {'rate': 0.4722222222222222, 'ppa': -0.02661686976278679, 'totalPPA': 4.082633562058399, 'successRate': 0.20588235294117646, 'explosiveness': 2.057437625083336}, 'rushingPlays': {'rate': 0.3888888888888889, 'ppa': -0.2113728706581222, 'totalPPA': -5.918440378427421, 'successRate': 0.35714285714285715, 'explosiveness': 0.28473201971745155}, 'passingPlays': {'rate': 0.5972222222222222, 'ppa': 0.09494496655949766, 'totalPPA': 4.082633562058399, 'successRate': 0.2558139534883721, 'explosiveness': 2.2042867494752993}}"
2026,BYU,Big 12,"{'plays': 70, 'drives': 11, 'ppa': 0.5424702666968887, 'totalPPA': 37.97291866878221, 'successRate': 0.6571428571428571, 'explosiveness': 1.0634948151667478, 'powerSuccess': 0.8333333333333334, 'stuffRate': 0.06666666666666667, 'lineYards': 4.348888888888889, 'lineYardsTotal': 196, 'secondLevelYards': 1.8444444444444443, 'secondLevelYardsTotal': 83, 'openFieldYards': 1.3555555555555556, 'openFieldYardsTotal': 61, 'totalOpportunies': 10, 'pointsPerOpportunity': 5.6, 'fieldPosition': {'averageStart': 60.7, 'averagePredictedPoints': 2.082}, 'havoc': {'total': 0.057, 'frontSeven': 0.014, 'db': 0.043}, 'standardDowns': {'rate': 0.8857142857142857, 'ppa': 0.5083017868642049, 'successRate': 0.6935483870967742, 'explosiveness': 0.9326035382091}, 'passingDowns': {'rate': 0.11428571428571428, 'ppa': 0.8072759854001876, 'successRate': 0.375, 'explosiveness': 2.9396031182263673}, 'rushingPlays': {'rate': 0.6428571428571429, 'ppa': 0.5627014090970583, 'totalPPA': 25.321563409367627, 'successRate': 0.6666666666666666, 'explosiveness': 1.0764933767418805}, 'passingPlays': {'rate': 0.32857142857142857, 'ppa': 0.5309861490053432, 'totalPPA': 12.212681427122895, 'successRate': 0.6521739130434783, 'explosiveness': 1.0758749489952601}}","{'plays': 57, 'drives': 12, 'ppa': -0.29489822716552755, 'totalPPA': -16.80919894843507, 'successRate': 0.3157894736842105, 'explosiveness': 1.1129858127235353, 'powerSuccess': 1, 'stuffRate': 0.25, 'lineYards': 1.5375, 'lineYardsTotal': 37, 'secondLevelYards': 0.4583333333333333, 'secondLevelYardsTotal': 11, 'openFieldYards': 0.375, 'openFieldYardsTotal': 0, 'totalOpportunies': 2, 'pointsPerOpportunity': 3.5, 'fieldPosition': {'averageStart': 73.1, 'averagePredictedPoints': -1.076}, 'havoc': {'total': 0.193, 'frontSeven': 0.088, 'db': 0.105}, 'standardDowns': {'rate': 0.6491228070175439, 'ppa': -0.4030296797347925, 'successRate': 0.2972972972972973, 'explosiveness': 0.7760915114792735}, 'passingDowns': {'rate': 0.3508771929824561, 'ppa': -0.09485503991238747, 'totalPPA': 1.2235654107720908, 'successRate': 0.35, 'explosiveness': 1.6423911432502325}, 'rushingPlays': {'rate': 0.42105263157894735, 'ppa': -0.37561955194075325, 'totalPPA': -9.014869246578078, 'successRate': 0.2916666666666667, 'explosiveness': 0.6372755238377805}, 'passingPlays': {'rate': 0.5263157894736842, 'ppa': 0.040785513692403026, 'totalPPA': 1.2235654107720908, 'successRate': 0.36666666666666664, 'explosiveness': 1.4157105420144702}}"
2026,California,ACC,"{'plays': 89, 'drives': 14, 'ppa': -0.06110146746890826, 'totalPPA': -5.438030604732835, 'successRate': 0.33707865168539325, 'explosiveness': 1.4836215579250063, 'powerSuccess': 0.6666666666666666, 'stuffRate': 0.20512820512820512, 'lineYards': 2.528205128205128, 'lineYardsTotal': 99, 'secondLevelYards': 0.8205128205128205, 'secondLevelYardsTotal': 32, 'openFieldYards': 0.3333333333333333, 'openFieldYardsTotal': 13, 'totalOpportunies': 5, 'pointsPerOpportunity': 4.8, 'fieldPosition': {'averageStart': 78.7, 'averagePredictedPoints': 0.719}, 'havoc': {'total': 0.191, 'frontSeven': 0.09, 'db': 0.101}, 'standardDowns': {'rate': 0.6292134831460674, 'ppa': -0.16638236533404022, 'successRate': 0.3392857142857143, 'explosiveness': 1.12388073724581}, 'passingDowns': {'rate': 0.3707865168539326, 'ppa': 0.11755702587798232, 'successRate': 0.3333333333333333, 'explosiveness': 2.104992066370891}, 'rushingPlays': {'rate': 0.43820224719101125, 'ppa': -0.15738430513398663, 'totalPPA': -6.137987900225479, 'successRate': 0.3076923076923077, 'explosiveness': 0.9629843911527259}, 'passingPlays': {'rate': 0.5168539325842697, 'ppa': 0.07491640676116985, 'totalPPA': 3.4461547110138135, 'successRate': 0.34782608695652173, 'explosiveness': 1.8859128215568823}}","{'plays': 53, 'drives': 14, 'ppa': 0.41406384052818057, 'totalPPA': 21.945383547993572, 'successRate': 0.5660377358490566, 'explosiveness': 1.2513254603824528, 'powerSuccess': 1, 'stuffRate': 0.034482758620689655, 'lineYards': 4.813793103448276, 'lineYardsTotal': 140, 'secondLevelYards': 2.0344827586206895, 'secondLevelYardsTotal': 59, 'openFieldYards': 3.689655172413793, 'openFieldYardsTotal': 0, 'totalOpportunies': 8, 'pointsPerOpportunity': 4.75, 'fieldPosition': {'averageStart': 59.3, 'averagePredictedPoints': -2.232}, 'havoc': {'total': 0.17, 'frontSeven': 0.057, 'db': 0.113}, 'standardDowns': {'rate': 0.7924528301886793, 'ppa': 0.5124062230851982, 'successRate': 0.6666666666666666, 'explosiveness': 1.2146932833906228}, 'passingDowns': {'rate': 0.20754716981132076, 'ppa': 0.038574743492295144, 'totalPPA': 0.3212708138735935, 'successRate': 0.18181818181818182, 'explosiveness': 1.764175938268073}, 'rushingPlays': {'rate': 0.5471698113207547, 'ppa': 0.7456590597972406, 'totalPPA': 21.62411273411998, 'successRate': 0.7241379310344828, 'explosiveness': 1.1655912859043478}, 'passingPlays': {'rate': 0.4528301886792453, 'ppa': 0.013386283911399729, 'totalPPA': 0.3212708138735935, 'successRate': 0.375, 'explosiveness': 1.4513718674980312}}"
2026,Central Michigan,Mid-American,"{'plays': 49, 'drives': 10, 'ppa': -0.18361237950368256, 'totalPPA': -8.997006595680446, 'successRate': 0.2653061224489796, 'explosiveness': 1.2713447189179048, 'powerSuccess': 0.6666666666666666, 'stuffRate': 0.03333333333333333, 'lineYards': 2.8266666666666667, 'lineYardsTotal': 85, 'secondLevelYards': 1.1, 'secondLevelYardsTotal': 33, 'openFieldYards': 0.6666666666666666, 'openFieldYardsTotal': 20, 'totalOpportunies': 1, 'pointsPerOpportunity': 7, 'fieldPosition': {'averageStart': 74.8, 'averagePredictedPoints': 0.947}, 'havoc': {'total': 0.204, 'frontSeven': 0.102, 'db': 0.102}, 'standardDowns': {'rate': 0.6122448979591837, 'ppa': -0.3312847541690672, 'successRate': 0.3, 'explosiveness': 1.2124472686794374}, 'passingDowns': {'rate': 0.3877551020408163, 'ppa': 0.049554527862714255, 'successRate': 0.21052631578947367, 'explosiveness': 1.4038639819544563}, 'rushingPlays': {'rate': 0.6122448979591837, 'ppa': -0.01297679832100375, 'totalPPA': -0.3893039496301125, 'successRate': 0.36666666666666664, 'explosiveness': 1.0845612736335868}, 'passingPlays': {'rate': 0.3469387755102041, 'ppa': -0.11174879359419176, 'totalPPA': -1.89972949110126, 'successRate': 0.11764705882352941, 'explosiveness': 2.298653667981653}}","{'plays': 71, 'drives': 10, 'ppa': 0.21871077160983587, 'totalPPA': 15.528464784298349, 'successRate': 0.49295774647887325, 'explosiveness': 0.9281654236514942, 'powerSuccess': 1, 'stuffRate': 0.07142857142857142, 'lineYards': 3.657142857142857, 'lineYardsTotal': 154, 'secondLevelYards': 1.2142857142857142, 'secondLevelYardsTotal': 51, 'openFieldYards': 0.7619047619047619, 'openFieldYardsTotal': 0, 'totalOpportunies': 8, 'pointsPerOpportunity': 4.625, 'fieldPosition': {'averageStart': 65.9, 'averagePredictedPoints': -1.743}, 'havoc': {'total': 0.085, 'frontSeven': 0.056, 'db': 0.028}, 'standardDowns': {'rate': 0.7746478873239436, 'ppa': 0.30126777320469217, 'successRate': 0.5454545454545454, 'explosiveness': 0.9171483080509165}, 'passingDowns': {'rate': 0.22535211267605634, 'ppa': -0.06507892137248254, 'totalPPA': 1.8565609638461564, 'successRate': 0.3125, 'explosiveness': 0.9942681172549603}, 'rushingPlays': {'rate': 0.5915492957746479, 'ppa': 0.34322399643343376, 'totalPPA': 14.415407850204218, 'successRate': 0.5, 'explosiveness': 1.012364601316946}, 'passingPlays': {'rate': 0.38028169014084506, 'ppa': 0.06876151717948727, 'totalPPA': 1.8565609638461564, 'successRate': 0.5185185185185185, 'explosiveness': 0.8018666571533165}}"
2026,Charlotte,American Athletic,"{'plays': 78, 'drives': 13, 'ppa': 0.2118768408760004, 'totalPPA': 16.52639358832803, 'successRate': 0.46153846153846156, 'explosiveness': 1.4901022812832405, 'powerSuccess': 0.5714285714285714, 'stuffRate': 0.15625, 'lineYards': 3.43125, 'lineYardsTotal': 110, 'secondLevelYards': 1.5625, 'secondLevelYardsTotal': 50, 'openFieldYards': 2.46875, 'openFieldYardsTotal': 79, 'totalOpportunies': 5, 'pointsPerOpportunity': 2.8, 'fieldPosition': {'averageStart': 73.4, 'averagePredictedPoints': 1.12}, 'havoc': {'total': 0.115, 'frontSeven': 0.051, 'db': 0.064}, 'standardDowns': {'rate': 0.7051282051282052, 'ppa': 0.07608486815768403, 'successRate': 0.4727272727272727, 'explosiveness': 1.219072809430039}, 'passingDowns': {'rate': 0.2948717948717949, 'ppa': 0.5365967756371918, 'successRate': 0.43478260869565216, 'explosiveness': 2.1947789081015645}, 'rushingPlays': {'rate': 0.41025641025641024, 'ppa': 0.408566305638644, 'totalPPA': 13.074121780436608, 'successRate': 0.5, 'explosiveness': 1.487744633604528}, 'passingPlays': {'rate': 0.5384615384615384, 'ppa': 0.12771978481985496, 'totalPPA': 5.364230962433908, 'successRate': 0.47619047619047616, 'explosiveness': 1.4919883994262106}}","{'plays': 64, 'drives': 13, 'ppa': 0.3753893366264918, 'totalPPA': 24.024917544095477, 'successRate': 0.484375, 'explosiveness': 1.3295321578112234, 'powerSuccess': 0.8888888888888888, 'stuffRate': 0.1875, 'lineYards': 3.1395833333333334, 'lineYardsTotal': 151, 'secondLevelYards': 1.0833333333333333, 'secondLevelYardsTotal': 52, 'openFieldYards': 1.9791666666666667, 'openFieldYardsTotal': 0, 'totalOpportunies': 3, 'pointsPerOpportunity': 7, 'fieldPosition': {'averageStart': 69.5, 'averagePredictedPoints': -1.418}, 'havoc': {'total': 0.109, 'frontSeven': 0.109, 'db': 0}, 'standardDowns': {'rate': 0.671875, 'ppa': 0.014641278829416612, 'successRate': 0.4883720930232558, 'explosiveness': 0.7365726885351397}, 'passingDowns': {'rate': 0.328125, 'ppa': 1.11406393116336, 'totalPPA': 5.673921939404969, 'successRate': 0.47619047619047616, 'explosiveness': 2.574747043290999}, 'rushingPlays': {'rate': 0.75, 'ppa': 0.37743877727612335, 'totalPPA': 18.11706130925392, 'successRate': 0.4791666666666667, 'explosiveness': 1.2950680937573218}, 'passingPlays': {'rate': 0.234375, 'ppa': 0.37826146262699795, 'totalPPA': 5.673921939404969, 'successRate': 0.4666666666666667, 'explosiveness': 1.5992852057561342}}"
2026,Cincinnati,Big 12,"{'plays': 62, 'drives': 12, 'ppa': 0.2410406579313317, 'totalPPA': 14.944520791742566, 'successRate': 0.3870967741935484, 'explosiveness': 1.255243118893256, 'powerSuccess': 1, 'stuffRate': 0.09090909090909091, 'lineYards': 3.5568181818181817, 'lineYardsTotal': 157, 'secondLevelYards': 1.25, 'secondLevelYardsTotal': 55, 'openFieldYards': 1.4772727272727273, 'openFieldYardsTotal': 65, 'totalOpportunies': 7, 'pointsPerOpportunity': 4.857142857142857, 'fieldPosition': {'averageStart': 70.2, 'averagePredictedPoints': 1.424}, 'havoc': {'total': 0.113, 'frontSeven': 0.113, 'db': 0}, 'standardDowns': {'rate': 0.6774193548387096, 'ppa': 0.24387051777775073, 'successRate': 0.40476190476190477, 'explosiveness': 1.0817504848579962}, 'passingDowns': {'rate': 0.3225806451612903, 'ppa': 0.2350979522538517, 'successRate': 0.35, 'explosiveness': 1.6765823729788871}, 'rushingPlays': {'rate': 0.7096774193548387, 'ppa': 0.27080376983250654, 'totalPPA': 11.915365872630288, 'successRate': 0.38636363636363635, 'explosiveness': 1.2482570592829285}, 'passingPlays': {'rate': 0.27419354838709675, 'ppa': 0.19210380207214017, 'totalPPA': 3.265764635226383, 'successRate': 0.4117647058823529, 'explosiveness': 1.2722092636611944}}","{'plays': 73, 'drives': 11, 'ppa': -0.03731038253606711, 'totalPPA': -2.7236579251328994, 'successRate': 0.3972602739726027, 'explosiveness': 1.3219912430962921, 'powerSuccess': 1, 'stuffRate': 0.2, 'lineYards': 3.182857142857143, 'lineYardsTotal': 111, 'secondLevelYards': 1.542857142857143, 'secondLevelYardsTotal': 54, 'openFieldYards': 0.7142857142857143, 'openFieldYardsTotal': 0, 'totalOpportunies': 4, 'pointsPerOpportunity': 3.5, 'fieldPosition': {'averageStart': 75.2, 'averagePredictedPoints': -1.023}, 'havoc': {'total': 0.233, 'frontSeven': 0.151, 'db': 0.082}, 'standardDowns': {'rate': 0.6438356164383562, 'ppa': -0.025955140389011602, 'successRate': 0.425531914893617, 'explosiveness': 1.2132883867646493}, 'passingDowns': {'rate': 0.3561643835616438, 'ppa': -0.05783716641728285, 'totalPPA': 0.6932223651151559, 'successRate': 0.34615384615384615, 'explosiveness': 1.563553146055498}, 'rushingPlays': {'rate': 0.4794520547945205, 'ppa': 0.03759080399254402, 'totalPPA': 1.3156781397390407, 'successRate': 0.4857142857142857, 'explosiveness': 0.997786738682669}, 'passingPlays': {'rate': 0.4794520547945205, 'ppa': 0.019806353289004455, 'totalPPA': 0.6932223651151559, 'successRate': 0.34285714285714286, 'explosiveness': 1.7812809576822581}}"
2026,Clemson,ACC,"{'plays': 50, 'drives': 13, 'ppa': -0.30114137984516925, 'totalPPA': -15.057068992258463, 'successRate': 0.24, 'explosiveness': 0.9456595506388837, 'powerSuccess': 0.6666666666666666, 'stuffRate': 0.3181818181818182, 'lineYards': 1.9363636363636365, 'lineYardsTotal': 43, 'secondLevelYards': 0.7727272727272727, 'secondLevelYardsTotal': 17, 'openFieldYards': 0.045454545454545456, 'openFieldYardsTotal': 1, 'totalOpportunies': 3, 'pointsPerOpportunity': 3.3333333333333335, 'fieldPosition': {'averageStart': 74, 'averagePredictedPoints': 1.069}, 'havoc': {'total': 0.28, 'frontSeven': 0.22, 'db': 0.06}, 'standardDowns': {'rate': 0.56, 'ppa': -0.14871560940554143, 'successRate': 0.39285714285714285, 'explosiveness': 0.9778286503494761}, 'passingDowns': {'rate': 0.44, 'ppa': -0.49513781495015013, 'successRate': 0.045454545454545456, 'explosiveness': 0.5917994538223681}, 'rushingPlays': {'rate': 0.44, 'ppa': -0.2075215324935029, 'totalPPA': -4.565473714857064, 'successRate': 0.3181818181818182, 'explosiveness': 0.6871392955561845}, 'passingPlays': {'rate': 0.52, 'ppa': -0.36066246434040855, 'totalPPA': -9.377224072850622, 'successRate': 0.19230769230769232, 'explosiveness': 1.3075879077546626}}","{'plays': 95, 'drives': 12, 'ppa': 0.3755592605891147, 'totalPPA': 35.6781297559659, 'successRate': 0.5368421052631579, 'explosiveness': 1.3354778721633653, 'powerSuccess': 0.7777777777777778, 'stuffRate': 0.08620689655172414, 'lineYards': 3.532758620689655, 'lineYardsTotal': 205, 'secondLevelYards': 1.603448275862069, 'secondLevelYardsTotal': 93, 'openFieldYards': 0.7068965517241379, 'openFieldYardsTotal': 0, 'totalOpportunies': 11, 'pointsPerOpportunity': 4.090909090909091, 'fieldPosition': {'averageStart': 72.9, 'averagePredictedPoints': -1.218}, 'havoc': {'total': 0.105, 'frontSeven': 0.032, 'db': 0.074}, 'standardDowns': {'rate': 0.7263157894736842, 'ppa': 0.12802446423730027, 'successRate': 0.5217391304347826, 'explosiveness': 1.058911721168759}, 'passingDowns': {'rate': 0.2736842105263158, 'ppa': 1.0324785278304685, 'totalPPA': 15.605374470191554, 'successRate': 0.5769230769230769, 'explosiveness': 1.9992366345504198}, 'rushingPlays': {'rate': 0.6105263157894737, 'ppa': 0.32407303415614797, 'totalPPA': 18.796235981056583, 'successRate': 0.5344827586206896, 'explosiveness': 1.060199625379372}, 'passingPlays': {'rate': 0.37894736842105264, 'ppa': 0.4334826241719876, 'totalPPA': 15.605374470191554, 'successRate': 0.5277777777777778, 'explosiveness': 1.7877191467817546}}"
2026,Coastal Carolina,Sun Belt,"{'plays': 65, 'drives': 13, 'ppa': 0.1681653776154878, 'totalPPA': 10.930749545006709, 'successRate': 0.4307692307692308, 'explosiveness': 1.400877125686242, 'powerSuccess': 0.6666666666666666, 'stuffRate': 0.32, 'lineYards': 1.944, 'lineYardsTotal': 49, 'secondLevelYards': 1.04, 'secondLevelYardsTotal': 26, 'openFieldYards': 1.2, 'openFieldYardsTotal': 30, 'totalOpportunies': 6, 'pointsPerOpportunity': 4, 'fieldPosition': {'averageStart': 75.2, 'averagePredictedPoints': 1.031}, 'havoc': {'total': 0.262, 'frontSeven': 0.185, 'db': 0.077}, 'standardDowns': {'rate': 0.6307692307692307, 'ppa': -0.09609299352590259, 'successRate': 0.4146341463414634, 'explosiveness': 1.0831932619673794}, 'passingDowns': {'rate': 0.36923076923076925, 'ppa': 0.6196067616486964, 'successRate': 0.4583333333333333, 'explosiveness': 1.8918430968881206}, 'rushingPlays': {'rate': 0.38461538461538464, 'ppa': -0.33987899663803367, 'totalPPA': -8.496974915950842, 'successRate': 0.36, 'explosiveness': 0.4924266615937112}, 'passingPlays': {'rate': 0.6, 'ppa': 0.4530111652312557, 'totalPPA': 17.66743544401897, 'successRate': 0.46153846153846156, 'explosiveness': 1.835135030440711}}","{'plays': 77, 'drives': 14, 'ppa': 0.1252039921408981, 'totalPPA': 9.640707394849155, 'successRate': 0.4155844155844156, 'explosiveness': 1.017452011076191, 'powerSuccess': 0.75, 'stuffRate': 0.15, 'lineYards': 2.725, 'lineYardsTotal': 164, 'secondLevelYards': 0.7333333333333333, 'secondLevelYardsTotal': 44, 'openFieldYards': 1.55, 'openFieldYardsTotal': 0, 'totalOpportunies': 7, 'pointsPerOpportunity': 3.4285714285714284, 'fieldPosition': {'averageStart': 67.3, 'averagePredictedPoints': -1.754}, 'havoc': {'total': 0.117, 'frontSeven': 0.104, 'db': 0.013}, 'standardDowns': {'rate': 0.7272727272727273, 'ppa': 0.11557677644176455, 'successRate': 0.44642857142857145, 'explosiveness': 0.9158886100229026}, 'passingDowns': {'rate': 0.2727272727272727, 'ppa': 0.15087656733858765, 'totalPPA': 9.542256926018563, 'successRate': 0.3333333333333333, 'explosiveness': 1.3801784434093645}, 'rushingPlays': {'rate': 0.7792207792207793, 'ppa': 0.0009497065139730973, 'totalPPA': 0.05698239083838584, 'successRate': 0.4, 'explosiveness': 0.7391222620626183}, 'passingPlays': {'rate': 0.19480519480519481, 'ppa': 0.6361504617345709, 'totalPPA': 9.542256926018563, 'successRate': 0.4666666666666667, 'explosiveness': 2.036575908623189}}"
2026,Colorado,Big 12,"{'plays': 77, 'drives': 10, 'ppa': 0.05210285600303121, 'totalPPA': 4.011919912233403, 'successRate': 0.37662337662337664, 'explosiveness': 1.1248231734306042, 'powerSuccess': 1, 'stuffRate': 0.10869565217391304, 'lineYards': 2.730434782608696, 'lineYardsTotal': 126, 'secondLevelYards': 0.8260869565217391, 'secondLevelYardsTotal': 38, 'openFieldYards': 0.34782608695652173, 'openFieldYardsTotal': 16, 'totalOpportunies': 7, 'pointsPerOpportunity': 2, 'fieldPosition': {'averageStart': 68.6, 'averagePredictedPoints': 1.462}, 'havoc': {'total': 0.143, 'frontSeven': 0.104, 'db': 0.039}, 'standardDowns': {'rate': 0.6363636363636364, 'ppa': -0.03533431107648401, 'successRate': 0.40816326530612246, 'explosiveness': 0.9482628510659695}, 'passingDowns': {'rate': 0.36363636363636365, 'ppa': 0.20511789839218283, 'successRate': 0.32142857142857145, 'explosiveness': 1.517179445352015}, 'rushingPlays': {'rate': 0.5974025974025974, 'ppa': 0.01709257843491629, 'totalPPA': 0.7862586080061494, 'successRate': 0.43478260869565216, 'explosiveness': 0.8057638368265346}, 'passingPlays': {'rate': 0.36363636363636365, 'ppa': 0.07143736429863184, 'totalPPA': 2.000246200361692, 'successRate': 0.2857142857142857, 'explosiveness': 1.8999215011350108}}","{'plays': 54, 'drives': 9, 'ppa': 0.07402206857335174, 'totalPPA': 3.997191702960994, 'successRate': 0.37037037037037035, 'explosiveness': 1.2001545717095805, 'powerSuccess': 0.3333333333333333, 'stuffRate': 0.4444444444444444, 'lineYards': 1.9037037037037037, 'lineYardsTotal': 51, 'secondLevelYards': 0.9629629629629629, 'secondLevelYardsTotal': 26, 'openFieldYards': 0.037037037037037035, 'openFieldYardsTotal': 0, 'totalOpportunies': 7, 'pointsPerOpportunity': 0.8571428571428571, 'fieldPosition': {'averageStart': 77.2, 'averagePredictedPoints': -0.997}, 'havoc': {'total': 0.204, 'frontSeven': 0.204, 'db': 0}, 'standardDowns': {'rate': 0.6111111111111112, 'ppa': -0.014195870995196707, 'successRate': 0.3939393939393939, 'explosiveness': 0.9807039300061378}, 'passingDowns': {'rate': 0.3888888888888889, 'ppa': 0.21265025932392786, 'totalPPA': 11.123244095054707, 'successRate': 0.3333333333333333, 'explosiveness': 1.6077057634445457}, 'rushingPlays': {'rate': 0.5, 'ppa': -0.25602878732190437, 'totalPPA': -6.912777257691418, 'successRate': 0.3333333333333333, 'explosiveness': 0.487428931903253}, 'passingPlays': {'rate': 0.48148148148148145, 'ppa': 0.4278170805790272, 'totalPPA': 11.123244095054707, 'successRate': 0.4230769230769231, 'explosiveness': 1.7832937315511213}}"
2026,Colorado State,Pac-12,"{'plays': 68, 'drives': 11, 'ppa': 0.3012418203750481, 'totalPPA': 20.48444378550327, 'successRate': 0.4852941176470588, 'explosiveness': 1.2087905981747544, 'powerSuccess': 1, 'stuffRate': 0.21212121212121213, 'lineYards': 2.4939393939393937, 'lineYardsTotal': 82, 'secondLevelYards': 1.0303030303030303, 'secondLevelYardsTotal': 34, 'openFieldYards': 1.3636363636363635, 'openFieldYardsTotal': 45, 'totalOpportunies': 6, 'pointsPerOpportunity': 4.666666666666667, 'fieldPosition': {'averageStart': 65.6, 'averagePredictedPoints': 1.632}, 'havoc': {'total': 0.118, 'frontSeven': 0.074, 'db': 0.044}, 'standardDowns': {'rate': 0.75, 'ppa': 0.20817308652068345, 'successRate': 0.5098039215686274, 'explosiveness': 1.0106444488960338}, 'passingDowns': {'rate': 0.25, 'ppa': 0.580448021938142, 'successRate': 0.4117647058823529, 'explosiveness': 1.9447620097814309}, 'rushingPlays': {'rate': 0.4852941176470588, 'ppa': 0.06387372555360847, 'totalPPA': 2.1078329432690794, 'successRate': 0.42424242424242425, 'explosiveness': 0.7748140659598562}, 'passingPlays': {'rate': 0.5, 'ppa': 0.5372348687880762, 'totalPPA': 18.26598553879459, 'successRate': 0.5294117647058824, 'explosiveness': 1.607337084049406}}","{'plays': 55, 'drives': 11, 'ppa': -0.13299268813930754, 'totalPPA': -7.314597847661915, 'successRate': 0.41818181818181815, 'explosiveness': 0.899961606833427, 'powerSuccess': 1, 'stuffRate': 0.12121212121212122, 'lineYards': 3.3545454545454545, 'lineYardsTotal': 111, 'secondLevelYards': 1.1818181818181819, 'secondLevelYardsTotal': 39, 'openFieldYards': 0.6060606060606061, 'openFieldYardsTotal': 0, 'totalOpportunies': 5, 'pointsPerOpportunity': 2.6, 'fieldPosition': {'averageStart': 72.4, 'averagePredictedPoints': -1.192}, 'havoc': {'total': 0.255, 'frontSeven': 0.145, 'db': 0.109}, 'standardDowns': {'rate': 0.7636363636363637, 'ppa': -0.14447302770015225, 'successRate': 0.47619047619047616, 'explosiveness': 0.7657817269045784}, 'passingDowns': {'rate': 0.23636363636363636, 'ppa': -0.09590236032734772, 'totalPPA': -0.7802358419444767, 'successRate': 0.23076923076923078, 'explosiveness': 1.7944941396924177}, 'rushingPlays': {'rate': 0.6, 'ppa': 0.08273525202219534, 'totalPPA': 2.7302633167324464, 'successRate': 0.42424242424242425, 'explosiveness': 0.7724802415196903}, 'passingPlays': {'rate': 0.34545454545454546, 'ppa': -0.0410650443128672, 'totalPPA': -0.7802358419444767, 'successRate': 0.47368421052631576, 'explosiveness': 1.0982659528770171}}"
2026,Delaware,Conference USA,"{'plays': 72, 'drives': 15, 'ppa': 0.3376314112606297, 'totalPPA': 24.30946161076534, 'successRate': 0.4722222222222222, 'explosiveness': 1.4629954002722116, 'powerSuccess': 0.6, 'stuffRate': 0.25, 'lineYards': 2.9035714285714285, 'lineYardsTotal': 81, 'secondLevelYards': 1, 'secondLevelYardsTotal': 28, 'openFieldYards': 0.6071428571428571, 'openFieldYardsTotal': 17, 'totalOpportunies': 8, 'pointsPerOpportunity': 4.375, 'fieldPosition': {'averageStart': 65.6, 'averagePredictedPoints': 1.666}, 'havoc': {'total': 0.139, 'frontSeven': 0.056, 'db': 0.083}, 'standardDowns': {'rate': 0.6666666666666666, 'ppa': 0.2583652437255162, 'successRate': 0.5416666666666666, 'explosiveness': 1.140078884715304}, 'passingDowns': {'rate': 0.3333333333333333, 'ppa': 0.49616374633085664, 'successRate': 0.3333333333333333, 'explosiveness': 2.5124740758321615}, 'rushingPlays': {'rate': 0.3888888888888889, 'ppa': 0.24407485106617074, 'totalPPA': 6.834095829852781, 'successRate': 0.4642857142857143, 'explosiveness': 1.0654096497547754}, 'passingPlays': {'rate': 0.5972222222222222, 'ppa': 0.5161915603918441, 'totalPPA': 22.196237096849295, 'successRate': 0.4883720930232558, 'explosiveness': 1.7091199124972913}}","{'plays': 72, 'drives': 14, 'ppa': -0.21786965568833802, 'totalPPA': -15.686615209560337, 'successRate': 0.25, 'explosiveness': 1.4441213197823703, 'powerSuccess': 0, 'stuffRate': 0.18181818181818182, 'lineYards': 2.0454545454545454, 'lineYardsTotal': 45, 'secondLevelYards': 0.5454545454545454, 'secondLevelYardsTotal': 12, 'openFieldYards': 0.36363636363636365, 'openFieldYardsTotal': 0, 'totalOpportunies': 5, 'pointsPerOpportunity': 1.4, 'fieldPosition': {'averageStart': 73.8, 'averagePredictedPoints': -1.059}, 'havoc': {'total': 0.222, 'frontSeven': 0.083, 'db': 0.139}, 'standardDowns': {'rate': 0.5555555555555556, 'ppa': -0.2634853456119054, 'successRate': 0.3, 'explosiveness': 1.1653350366841948}, 'passingDowns': {'rate': 0.4444444444444444, 'ppa': -0.16085004328387878, 'totalPPA': -0.3366440313026065, 'successRate': 0.1875, 'explosiveness': 2.0016938859787214}, 'rushingPlays': {'rate': 0.3055555555555556, 'ppa': -0.36147182314599763, 'totalPPA': -7.952380109211949, 'successRate': 0.18181818181818182, 'explosiveness': 1.3177842466433578}, 'passingPlays': {'rate': 0.6527777777777778, 'ppa': -0.007162638963885245, 'totalPPA': -0.3366440313026065, 'successRate': 0.2978723404255319, 'explosiveness': 1.4802176263935167}}"
2026,Duke,ACC,"{'plays': 78, 'drives': 13, 'ppa': -0.12645337701343248, 'totalPPA': -9.863363407047732, 'successRate': 0.2948717948717949, 'explosiveness': 1.1339409920879744, 'powerSuccess': 1, 'stuffRate': 0.1836734693877551, 'lineYards': 3.0408163265306123, 'lineYardsTotal': 149, 'secondLevelYards': 1.2448979591836735, 'secondLevelYardsTotal': 61, 'openFieldYards': 1.2244897959183674, 'openFieldYardsTotal': 60, 'totalOpportunies': 8, 'pointsPerOpportunity': 2.125, 'fieldPosition': {'averageStart': 67.2, 'averagePredictedPoints': 1.658}, 'havoc': {'total': 0.09, 'frontSeven': 0.026, 'db': 0.064}, 'standardDowns': {'rate': 0.6025641025641025, 'ppa': -0.2357163612873952, 'successRate': 0.3191489361702128, 'explosiveness': 0.6766790147824235}, 'passingDowns': {'rate': 0.3974358974358974, 'ppa': 0.03920340559547877, 'successRate': 0.25806451612903225, 'explosiveness': 1.9913071995358822}, 'rushingPlays': {'rate': 0.6282051282051282, 'ppa': 0.05583613186939553, 'totalPPA': 2.735970461600381, 'successRate': 0.30612244897959184, 'explosiveness': 1.0868203211032839}, 'passingPlays': {'rate': 0.34615384615384615, 'ppa': -0.29975024617726587, 'totalPPA': -8.093256646786179, 'successRate': 0.2962962962962963, 'explosiveness': 1.222292250184269}}","{'plays': 55, 'drives': 12, 'ppa': -0.13128979416335887, 'totalPPA': -7.220938678984737, 'successRate': 0.3090909090909091, 'explosiveness': 0.76980868998075, 'powerSuccess': 1, 'stuffRate': 0.13043478260869565, 'lineYards': 2.9565217391304346, 'lineYardsTotal': 68, 'secondLevelYards': 0.391304347826087, 'secondLevelYardsTotal': 9, 'openFieldYards': 1.2608695652173914, 'openFieldYardsTotal': 0, 'totalOpportunies': 4, 'pointsPerOpportunity': 0.75, 'fieldPosition': {'averageStart': 74.9, 'averagePredictedPoints': -1.077}, 'havoc': {'total': 0.255, 'frontSeven': 0.145, 'db': 0.109}, 'standardDowns': {'rate': 0.6545454545454545, 'ppa': 0.0972871162724814, 'successRate': 0.4722222222222222, 'explosiveness': 0.76980868998075}, 'passingDowns': {'rate': 0.34545454545454546, 'ppa': -0.5643828876207404, 'totalPPA': -3.474930418596548, 'successRate': 0, 'explosiveness': 0}, 'rushingPlays': {'rate': 0.41818181818181815, 'ppa': -0.260612815134411, 'totalPPA': -5.994094748091453, 'successRate': 0.30434782608695654, 'explosiveness': -0.010986245963966714}, 'passingPlays': {'rate': 0.5636363636363636, 'ppa': -0.11209452963214672, 'totalPPA': -3.474930418596548, 'successRate': 0.2903225806451613, 'explosiveness': 1.2128405515241394}}"
2026,East Carolina,American Athletic,"{'plays': 41, 'drives': 12, 'ppa': -0.19854331617785437, 'totalPPA': -8.14027596329203, 'successRate': 0.21951219512195122, 'explosiveness': 1.548265437530798, 'powerSuccess': 0, 'stuffRate': 0.3684210526315789, 'lineYards': 0.13157894736842105, 'lineYardsTotal': 3, 'secondLevelYards': 0.3684210526315789, 'secondLevelYardsTotal': 7, 'openFieldYards': 0, 'openFieldYardsTotal': 0, 'totalOpportunies': 2, 'pointsPerOpportunity': 5, 'fieldPosition': {'averageStart': 72.3, 'averagePredictedPoints': 1.133}, 'havoc': {'total': 0.195, 'frontSeven': 0.122, 'db': 0.073}, 'standardDowns': {'rate': 0.6097560975609756, 'ppa': -0.19277396782996778, 'successRate': 0.2, 'explosiveness': 1.289743510017113}, 'passingDowns': {'rate': 0.3902439024390244, 'ppa': -0.2075579229714272, 'successRate': 0.25, 'explosiveness': 1.8714178469229044}, 'rushingPlays': {'rate': 0.4634146341463415, 'ppa': -0.3805714544323107, 'totalPPA': -7.230857634213904, 'successRate': 0.15789473684210525, 'explosiveness': 0.3502995301529825}, 'passingPlays': {'rate': 0.5365853658536586, 'ppa': -0.04133719677627842, 'totalPPA': -0.9094183290781254, 'successRate': 0.2727272727272727, 'explosiveness': 2.147248391219706}}","{'plays': 80, 'drives': 11, 'ppa': 0.2401798962265042, 'totalPPA': 19.214391698120338, 'successRate': 0.525, 'explosiveness': 1.1065101966937536, 'powerSuccess': 0.8333333333333334, 'stuffRate': 0.16666666666666666, 'lineYards': 3.25, 'lineYardsTotal': 156, 'secondLevelYards': 1.2083333333333333, 'secondLevelYardsTotal': 58, 'openFieldYards': 0.6666666666666666, 'openFieldYardsTotal': 0, 'totalOpportunies': 7, 'pointsPerOpportunity': 5.857142857142857, 'fieldPosition': {'averageStart': 71.6, 'averagePredictedPoints': -1.251}, 'havoc': {'total': 0.1, 'frontSeven': 0.075, 'db': 0.025}, 'standardDowns': {'rate': 0.7125, 'ppa': 0.1053619727228849, 'successRate': 0.543859649122807, 'explosiveness': 0.840982798818786}, 'passingDowns': {'rate': 0.2875, 'ppa': 0.5742938805615608, 'totalPPA': 6.904454209027865, 'successRate': 0.4782608695652174, 'explosiveness': 1.8548146816141171}, 'rushingPlays': {'rate': 0.6, 'ppa': 0.25645703102275985, 'totalPPA': 12.309937489092473, 'successRate': 0.625, 'explosiveness': 0.9421918958698788}, 'passingPlays': {'rate': 0.4, 'ppa': 0.21576419403212077, 'totalPPA': 6.904454209027865, 'successRate': 0.375, 'explosiveness': 1.5173059487534406}}"
2026,Eastern Michigan,Mid-American,"{'plays': 139, 'drives': 28, 'ppa': -0.058820733111016335, 'totalPPA': -8.176081902431271, 'successRate': 0.35251798561151076, 'explosiveness': 1.1963855437894064, 'powerSuccess': 0.8888888888888888, 'stuffRate': 0.18518518518518517, 'lineYards': 2.401851851851852, 'lineYardsTotal': 130, 'secondLevelYards': 0.6296296296296297, 'secondLevelYardsTotal': 34, 'openFieldYards': 1.2407407407407407, 'openFieldYardsTotal': 67, 'totalOpportunies': 14, 'pointsPerOpportunity': 3, 'fieldPosition': {'averageStart': 73.6, 'averagePredictedPoints': 1.121}, 'havoc': {'total': 0.165, 'frontSeven': 0.079, 'db': 0.086}, 'standardDowns': {'rate': 0.6834532374100719, 'ppa': -0.05105078237148727, 'successRate': 0.4421052631578947, 'explosiveness': 1.1848003411913883}, 'passingDowns': {'rate': 0.31654676258992803, 'ppa': -0.07559676311681773, 'successRate': 0.1590909090909091, 'explosiveness': 1.2658967593775157}, 'rushingPlays': {'rate': 0.38848920863309355, 'ppa': -0.1266803824279568, 'totalPPA': -6.840740651109667, 'successRate': 0.3148148148148148, 'explosiveness': 1.1713840890643592}, 'passingPlays': {'rate': 0.5827338129496403, 'ppa': 0.08005727008632321, 'totalPPA': 6.484638876992181, 'successRate': 0.38271604938271603, 'explosiveness': 1.2232227655670689}}","{'plays': 142, 'drives': 29, 'ppa': -0.014384160797594166, 'totalPPA': -2.0425508332583715, 'successRate': 0.3380281690140845, 'explosiveness': 1.3282440556423494, 'powerSuccess': 0.6666666666666666, 'stuffRate': 0.29411764705882354, 'lineYards': 2.268627450980392, 'lineYardsTotal': 116, 'secondLevelYards': 1.0784313725490196, 'secondLevelYardsTotal': 55, 'openFieldYards': 0.7058823529411765, 'openFieldYardsTotal': 0, 'totalOpportunies': 12, 'pointsPerOpportunity': 3.0833333333333335, 'fieldPosition': {'averageStart': 68.2, 'averagePredictedPoints': -1.539}, 'havoc': {'total': 0.211, 'frontSeven': 0.092, 'db': 0.12}, 'standardDowns': {'rate': 0.5774647887323944, 'ppa': -0.10856928581528338, 'successRate': 0.4146341463414634, 'explosiveness': 1.1077460388084819}, 'passingDowns': {'rate': 0.4225352112676056, 'ppa': 0.11433551005991442, 'totalPPA': 8.104366526885887, 'successRate': 0.23333333333333334, 'explosiveness': 1.8637392393817416}, 'rushingPlays': {'rate': 0.3591549295774648, 'ppa': -0.09898703586352887, 'totalPPA': -5.048338829039973, 'successRate': 0.3333333333333333, 'explosiveness': 1.0364927948654894}, 'passingPlays': {'rate': 0.6197183098591549, 'ppa': 0.0920950741691578, 'totalPPA': 8.104366526885887, 'successRate': 0.3522727272727273, 'explosiveness': 1.4882366825199822}}"
2026,Florida,SEC,"{'plays': 68, 'drives': 11, 'ppa': 0.6057624045118458, 'totalPPA': 41.19184350680552, 'successRate': 0.5441176470588235, 'explosiveness': 1.5513849234480332, 'powerSuccess': 1, 'stuffRate': 0.1, 'lineYards': 3.415, 'lineYardsTotal': 137, 'secondLevelYards': 1.45, 'secondLevelYardsTotal': 58, 'openFieldYards': 2.575, 'openFieldYardsTotal': 103, 'totalOpportunies': 9, 'pointsPerOpportunity': 6.555555555555555, 'fieldPosition': {'averageStart': 69.4, 'averagePredictedPoints': 1.491}, 'havoc': {'total': 0.103, 'frontSeven': 0.059, 'db': 0.044}, 'standardDowns': {'rate': 0.7941176470588235, 'ppa': 0.6184333910164248, 'successRate': 0.5925925925925926, 'explosiveness': 1.4972748239634013}, 'passingDowns': {'rate': 0.20588235294117646, 'ppa': 0.5568885994227556, 'successRate': 0.35714285714285715, 'explosiveness': 1.8976895601496788}, 'rushingPlays': {'rate': 0.5882352941176471, 'ppa': 0.44965625213449034, 'totalPPA': 17.986250085379616, 'successRate': 0.5, 'explosiveness': 1.174688976124424}, 'passingPlays': {'rate': 0.39705882352941174, 'ppa': 0.884643657767873, 'totalPPA': 23.88537875973257, 'successRate': 0.6296296296296297, 'explosiveness': 1.9945566261816914}}","{'plays': 92, 'drives': 12, 'ppa': -0.010905685697274162, 'totalPPA': -1.0033230841492229, 'successRate': 0.40217391304347827, 'explosiveness': 1.123977189197295, 'powerSuccess': 0.8, 'stuffRate': 0.1111111111111111, 'lineYards': 2.6666666666666665, 'lineYardsTotal': 96, 'secondLevelYards': 0.7222222222222222, 'secondLevelYardsTotal': 26, 'openFieldYards': 0.027777777777777776, 'openFieldYardsTotal': 0, 'totalOpportunies': 5, 'pointsPerOpportunity': 4.2, 'fieldPosition': {'averageStart': 75.1, 'averagePredictedPoints': -0.918}, 'havoc': {'total': 0.185, 'frontSeven': 0.087, 'db': 0.098}, 'standardDowns': {'rate': 0.7391304347826086, 'ppa': -0.15172476868716922, 'successRate': 0.4117647058823529, 'explosiveness': 0.9582683688835272}, 'passingDowns': {'rate': 0.2608695652173913, 'ppa': 0.3880817161074285, 'totalPPA': 0.5232481991259943, 'successRate': 0.375, 'explosiveness': 1.6395157412845724}, 'rushingPlays': {'rate': 0.391304347826087, 'ppa': -0.054631354426394725, 'totalPPA': -1.9667287593502103, 'successRate': 0.3333333333333333, 'explosiveness': 1.1255616106854411}, 'passingPlays': {'rate': 0.5869565217391305, 'ppa': 0.00968978146529619, 'totalPPA': 0.5232481991259943, 'successRate': 0.4444444444444444, 'explosiveness': 1.121666985151951}}"
2026,Florida Atlantic,American Athletic,"{'plays': 92, 'drives': 12, 'ppa': -0.010905685697274162, 'totalPPA': -1.0033230841492229, 'successRate': 0.40217391304347827, 'explosiveness': 1.123977189197295, 'powerSuccess': 0.8, 'stuffRate': 0.1111111111111111, 'lineYards': 2.6666666666666665, 'lineYardsTotal': 96, 'secondLevelYards': 0.7222222222222222, 'secondLevelYardsTotal': 26, 'openFieldYards': 0.027777777777777776, 'openFieldYardsTotal': 1, 'totalOpportunies': 5, 'pointsPerOpportunity': 4.2, 'fieldPosition': {'averageStart': 75.1, 'averagePredictedPoints': 0.918}, 'havoc': {'total': 0.185, 'frontSeven': 0.087, 'db': 0.098}, 'standardDowns': {'rate': 0.7391304347826086, 'ppa': -0.15172476868716922, 'successRate': 0.4117647058823529, 'explosiveness': 0.9582683688835272}, 'passingDowns': {'rate': 0.2608695652173913, 'ppa': 0.3880817161074285, 'successRate': 0.375, 'explosiveness': 1.6395157412845724}, 'rushingPlays': {'rate': 0.391304347826087, 'ppa': -0.054631354426394725, 'totalPPA': -1.9667287593502103, 'successRate': 0.3333333333333333, 'explosiveness': 1.1255616106854411}, 'passingPlays': {'rate': 0.5869565217391305, 'ppa': 0.00968978146529619, 'totalPPA': 0.5232481991259943, 'successRate': 0.4444444444444444, 'explosiveness': 1.121666985151951}}","{'plays': 68, 'drives': 11, 'ppa': 0.6057624045118458, 'totalPPA': 41.19184350680552, 'successRate': 0.5441176470588235, 'explosiveness': 1.5513849234480332, 'powerSuccess': 1, 'stuffRate': 0.1, 'lineYards': 3.415, 'lineYardsTotal': 137, 'secondLevelYards': 1.45, 'secondLevelYardsTotal': 58, 'openFieldYards': 2.575, 'openFieldYardsTotal': 0, 'totalOpportunies': 9, 'pointsPerOpportunity': 6.555555555555555, 'fieldPosition': {'averageStart': 69.4, 'averagePredictedPoints': -1.491}, 'havoc': {'total': 0.103, 'frontSeven': 0.059, 'db': 0.044}, 'standardDowns': {'rate': 0.7941176470588235, 'ppa': 0.6184333910164248, 'successRate': 0.5925925925925926, 'explosiveness': 1.4972748239634013}, 'passingDowns': {'rate': 0.20588235294117646, 'ppa': 0.5568885994227556, 'totalPPA': 23.88537875973257, 'successRate': 0.35714285714285715, 'explosiveness': 1.8976895601496788}, 'rushingPlays': {'rate': 0.5882352941176471, 'ppa': 0.44965625213449034, 'totalPPA': 17.986250085379616, 'successRate': 0.5, 'explosiveness': 1.174688976124424}, 'passingPlays': {'rate': 0.39705882352941174, 'ppa': 0.884643657767873, 'totalPPA': 23.88537875973257, 'successRate': 0.6296296296296297, 'explosiveness': 1.9945566261816914}}"
2026,Florida International,Conference USA,"{'plays': 76, 'drives': 10, 'ppa': -0.11861389335065944, 'totalPPA': -9.014655894650119, 'successRate': 0.3815789473684211, 'explosiveness': 0.9910967845218249, 'powerSuccess': 0.5, 'stuffRate': 0.25, 'lineYards': 2.4875, 'lineYardsTotal': 60, 'secondLevelYards': 0.6666666666666666, 'secondLevelYardsTotal': 16, 'openFieldYards': 0.375, 'openFieldYardsTotal': 9, 'totalOpportunies': 3, 'pointsPerOpportunity': 3.3333333333333335, 'fieldPosition': {'averageStart': 78.1, 'averagePredictedPoints': 0.847}, 'havoc': {'total': 0.158, 'frontSeven': 0.092, 'db': 0.066}, 'standardDowns': {'rate': 0.631578947368421, 'ppa': -0.09530162504911546, 'successRate': 0.4791666666666667, 'explosiveness': 0.9132990773624544}, 'passingDowns': {'rate': 0.3684210526315789, 'ppa': -0.158577781867592, 'successRate': 0.21428571428571427, 'explosiveness': 1.289321328632745}, 'rushingPlays': {'rate': 0.3157894736842105, 'ppa': -0.3693673672383767, 'totalPPA': -8.86481681372104, 'successRate': 0.3333333333333333, 'explosiveness': 0.2599758436832648}, 'passingPlays': {'rate': 0.6710526315789473, 'ppa': 0.012137051712526832, 'totalPPA': 0.6189896373388685, 'successRate': 0.4117647058823529, 'explosiveness': 1.2696190476984193}}","{'plays': 58, 'drives': 9, 'ppa': -0.0627460596868576, 'totalPPA': -3.6392714618377413, 'successRate': 0.43103448275862066, 'explosiveness': 0.6493252074099518, 'powerSuccess': 0.8, 'stuffRate': 0.24324324324324326, 'lineYards': 2.2162162162162162, 'lineYardsTotal': 82, 'secondLevelYards': 0.8918918918918919, 'secondLevelYardsTotal': 33, 'openFieldYards': 0.08108108108108109, 'openFieldYardsTotal': 0, 'totalOpportunies': 6, 'pointsPerOpportunity': 3.1666666666666665, 'fieldPosition': {'averageStart': 58.6, 'averagePredictedPoints': -2.29}, 'havoc': {'total': 0.155, 'frontSeven': 0.121, 'db': 0.034}, 'standardDowns': {'rate': 0.6206896551724138, 'ppa': -0.03012534590662035, 'successRate': 0.5555555555555556, 'explosiveness': 0.4321627365737241}, 'passingDowns': {'rate': 0.3793103448275862, 'ppa': -0.11612540950906403, 'totalPPA': 2.9608343290278474, 'successRate': 0.22727272727272727, 'explosiveness': 1.5179750907548628}, 'rushingPlays': {'rate': 0.6379310344827587, 'ppa': -0.09907372864516202, 'totalPPA': -3.6657279598709946, 'successRate': 0.40540540540540543, 'explosiveness': 0.5413097361341198}, 'passingPlays': {'rate': 0.3275862068965517, 'ppa': 0.15583338573830777, 'totalPPA': 2.9608343290278474, 'successRate': 0.47368421052631576, 'explosiveness': 0.8556339259347239}}"
2026,Florida State,ACC,"{'plays': 134, 'drives': 22, 'ppa': 0.20419813063961514, 'totalPPA': 27.36254950570843, 'successRate': 0.41044776119402987, 'explosiveness': 1.3738286847147458, 'powerSuccess': 0.5, 'stuffRate': 0.13924050632911392, 'lineYards': 3.3063291139240505, 'lineYardsTotal': 261, 'secondLevelYards': 1.0886075949367089, 'secondLevelYardsTotal': 86, 'openFieldYards': 1.5822784810126582, 'openFieldYardsTotal': 125, 'totalOpportunies': 11, 'pointsPerOpportunity': 5.2727272727272725, 'fieldPosition': {'averageStart': 70.5, 'averagePredictedPoints': 1.364}, 'havoc': {'total': 0.134, 'frontSeven': 0.09, 'db': 0.045}, 'standardDowns': {'rate': 0.6865671641791045, 'ppa': 0.10090650538422692, 'successRate': 0.44565217391304346, 'explosiveness': 1.0792416443696213}, 'passingDowns': {'rate': 0.31343283582089554, 'ppa': 0.43045597643713224, 'successRate': 0.3333333333333333, 'explosiveness': 2.2365478742968965}, 'rushingPlays': {'rate': 0.5895522388059702, 'ppa': 0.194543228033786, 'totalPPA': 15.368915014669092, 'successRate': 0.45569620253164556, 'explosiveness': 1.0618656984421722}, 'passingPlays': {'rate': 0.39552238805970147, 'ppa': 0.31314770347661597, 'totalPPA': 16.596828284260646, 'successRate': 0.33962264150943394, 'explosiveness': 2.069059162899684}}","{'plays': 134, 'drives': 21, 'ppa': 0.23409225215135004, 'totalPPA': 31.368361788280907, 'successRate': 0.44776119402985076, 'explosiveness': 1.420966285728235, 'powerSuccess': 0.8333333333333334, 'stuffRate': 0.11764705882352941, 'lineYards': 3.1549019607843136, 'lineYardsTotal': 161, 'secondLevelYards': 0.8823529411764706, 'secondLevelYardsTotal': 45, 'openFieldYards': 0.6274509803921569, 'openFieldYardsTotal': 0, 'totalOpportunies': 10, 'pointsPerOpportunity': 3, 'fieldPosition': {'averageStart': 74.8, 'averagePredictedPoints': -1.017}, 'havoc': {'total': 0.157, 'frontSeven': 0.075, 'db': 0.082}, 'standardDowns': {'rate': 0.6268656716417911, 'ppa': 0.055584442388954, 'successRate': 0.47619047619047616, 'explosiveness': 0.910705064590134}, 'passingDowns': {'rate': 0.373134328358209, 'ppa': 0.5339853725521754, 'totalPPA': 34.351101068922006, 'successRate': 0.4, 'explosiveness': 2.4414887280044373}, 'rushingPlays': {'rate': 0.3805970149253731, 'ppa': 0.05025541060022602, 'totalPPA': 2.5630259406115274, 'successRate': 0.4117647058823529, 'explosiveness': 0.7046495219153672}, 'passingPlays': {'rate': 0.5970149253731343, 'ppa': 0.4293887633615251, 'totalPPA': 34.351101068922006, 'successRate': 0.4875, 'explosiveness': 1.8066753123967023}}"
2026,Fresno State,Pac-12,"{'plays': 45, 'drives': 10, 'ppa': -0.35298044409856266, 'totalPPA': -15.88411998443532, 'successRate': 0.2222222222222222, 'explosiveness': 1.0430569433281442, 'powerSuccess': 0, 'stuffRate': 0.25, 'lineYards': 2.0458333333333334, 'lineYardsTotal': 49, 'secondLevelYards': 0.4166666666666667, 'secondLevelYardsTotal': 10, 'openFieldYards': 0.041666666666666664, 'openFieldYardsTotal': 1, 'totalOpportunies': 2, 'pointsPerOpportunity': 0, 'fieldPosition': {'averageStart': 77.8, 'averagePredictedPoints': 0.844}, 'havoc': {'total': 0.2, 'frontSeven': 0.178, 'db': 0.022}, 'standardDowns': {'rate': 0.6888888888888889, 'ppa': -0.5273092840855808, 'successRate': 0.1935483870967742, 'explosiveness': 0.3989672585776857}, 'passingDowns': {'rate': 0.3111111111111111, 'ppa': 0.033033415872691645, 'successRate': 0.2857142857142857, 'explosiveness': 2.0091914704538323}, 'rushingPlays': {'rate': 0.5333333333333333, 'ppa': -0.2810155893316994, 'totalPPA': -6.744374143960785, 'successRate': 0.16666666666666666, 'explosiveness': 0.8371183313601562}, 'passingPlays': {'rate': 0.35555555555555557, 'ppa': -0.08258174546218104, 'totalPPA': -1.3213079273948967, 'successRate': 0.375, 'explosiveness': 1.180349351306803}}","{'plays': 69, 'drives': 10, 'ppa': 0.22977007416648457, 'totalPPA': 15.854135117487436, 'successRate': 0.5362318840579711, 'explosiveness': 1.1838375805458718, 'powerSuccess': 0.6, 'stuffRate': 0.2564102564102564, 'lineYards': 2.6794871794871793, 'lineYardsTotal': 105, 'secondLevelYards': 1.1538461538461537, 'secondLevelYardsTotal': 45, 'openFieldYards': 0.4358974358974359, 'openFieldYardsTotal': 0, 'totalOpportunies': 7, 'pointsPerOpportunity': 4, 'fieldPosition': {'averageStart': 74.1, 'averagePredictedPoints': -1.167}, 'havoc': {'total': 0.116, 'frontSeven': 0.116, 'db': 0}, 'standardDowns': {'rate': 0.7681159420289855, 'ppa': -0.040327189504451445, 'successRate': 0.5094339622641509, 'explosiveness': 0.6777499007844175}, 'passingDowns': {'rate': 0.2318840579710145, 'ppa': 1.12446726007646, 'totalPPA': 37.21314702846795, 'successRate': 0.625, 'explosiveness': 2.550274315901799}, 'rushingPlays': {'rate': 0.5652173913043478, 'ppa': -0.5253970933824857, 'totalPPA': -20.490486641916945, 'successRate': 0.3333333333333333, 'explosiveness': 0.21244346165162736}, 'passingPlays': {'rate': 0.42028985507246375, 'ppa': 1.283211966498895, 'totalPPA': 37.21314702846795, 'successRate': 0.8275862068965517, 'explosiveness': 1.710009394946921}}"
2026,Georgia,SEC,"{'plays': 61, 'drives': 12, 'ppa': 0.7281577514251925, 'totalPPA': 44.417622836936744, 'successRate': 0.7049180327868853, 'explosiveness': 1.3166694327058304, 'powerSuccess': 1, 'stuffRate': 0.07407407407407407, 'lineYards': 4.692592592592592, 'lineYardsTotal': 127, 'secondLevelYards': 2.3703703703703702, 'secondLevelYardsTotal': 64, 'openFieldYards': 3.814814814814815, 'openFieldYardsTotal': 103, 'totalOpportunies': 8, 'pointsPerOpportunity': 6.125, 'fieldPosition': {'averageStart': 64, 'averagePredictedPoints': 1.931}, 'havoc': {'total': 0.098, 'frontSeven': 0.033, 'db': 0.066}, 'standardDowns': {'rate': 0.8032786885245902, 'ppa': 0.7043527942931372, 'successRate': 0.7551020408163265, 'explosiveness': 1.171642424939409}, 'passingDowns': {'rate': 0.19672131147540983, 'ppa': 0.8253613263810851, 'successRate': 0.5, 'explosiveness': 2.2110026472654285}, 'rushingPlays': {'rate': 0.4426229508196721, 'ppa': 0.68916550373143, 'totalPPA': 18.60746860074861, 'successRate': 0.6666666666666666, 'explosiveness': 1.3104776814502683}, 'passingPlays': {'rate': 0.5409836065573771, 'ppa': 0.7638296906894939, 'totalPPA': 25.2063797927533, 'successRate': 0.7272727272727273, 'explosiveness': 1.3510172040337936}}","{'plays': 59, 'drives': 12, 'ppa': -0.14145363411655007, 'totalPPA': -8.345764412876454, 'successRate': 0.3050847457627119, 'explosiveness': 0.9076081443193394, 'powerSuccess': 0.5, 'stuffRate': 0.3448275862068966, 'lineYards': 1.3448275862068966, 'lineYardsTotal': 39, 'secondLevelYards': 0.1724137931034483, 'secondLevelYardsTotal': 5, 'openFieldYards': 0, 'openFieldYardsTotal': 0, 'totalOpportunies': 2, 'pointsPerOpportunity': 1.5, 'fieldPosition': {'averageStart': 75.4, 'averagePredictedPoints': -0.897}, 'havoc': {'total': 0.169, 'frontSeven': 0.119, 'db': 0.051}, 'standardDowns': {'rate': 0.559322033898305, 'ppa': -0.19460825907815243, 'successRate': 0.42424242424242425, 'explosiveness': 0.5758808549451282}, 'passingDowns': {'rate': 0.4406779661016949, 'ppa': -0.07398814858836242, 'totalPPA': 1.0288631745936792, 'successRate': 0.15384615384615385, 'explosiveness': 2.0686536571290786}, 'rushingPlays': {'rate': 0.4915254237288136, 'ppa': -0.3599539996471544, 'totalPPA': -10.438665989767477, 'successRate': 0.27586206896551724, 'explosiveness': 0.5608245466270537}, 'passingPlays': {'rate': 0.4745762711864407, 'ppa': 0.036745113378345684, 'totalPPA': 1.0288631745936792, 'successRate': 0.32142857142857145, 'explosiveness': 1.1269619043577834}}"
2026,Georgia Southern,Sun Belt,"{'plays': 79, 'drives': 13, 'ppa': 0.19318529839425103, 'totalPPA': 15.26163857314583, 'successRate': 0.45569620253164556, 'explosiveness': 1.1704750874908936, 'powerSuccess': 0.5, 'stuffRate': 0.125, 'lineYards': 3.375, 'lineYardsTotal': 108, 'secondLevelYards': 1.65625, 'secondLevelYardsTotal': 53, 'openFieldYards': 1.0625, 'openFieldYardsTotal': 34, 'totalOpportunies': 8, 'pointsPerOpportunity': 3, 'fieldPosition': {'averageStart': 73.4, 'averagePredictedPoints': 1.238}, 'havoc': {'total': 0.139, 'frontSeven': 0.101, 'db': 0.038}, 'standardDowns': {'rate': 0.7088607594936709, 'ppa': 0.00014457237951942463, 'successRate': 0.48214285714285715, 'explosiveness': 0.8316080677145853}, 'passingDowns': {'rate': 0.2911392405063291, 'ppa': 0.6631975008649019, 'successRate': 0.391304347826087, 'explosiveness': 2.1870761468198183}, 'rushingPlays': {'rate': 0.4050632911392405, 'ppa': -0.030836942285901003, 'totalPPA': -0.9867821531488321, 'successRate': 0.4375, 'explosiveness': 0.7220233299701538}, 'passingPlays': {'rate': 0.5949367088607594, 'ppa': 0.3457110792828652, 'totalPPA': 16.248420726294665, 'successRate': 0.46808510638297873, 'explosiveness': 1.4558534786404553}}","{'plays': 63, 'drives': 13, 'ppa': -0.2961135271717763, 'totalPPA': -18.655152211821907, 'successRate': 0.1746031746031746, 'explosiveness': 1.5358190151921873, 'powerSuccess': 1, 'stuffRate': 0.34615384615384615, 'lineYards': 0.7115384615384616, 'lineYardsTotal': 19, 'secondLevelYards': 0.34615384615384615, 'secondLevelYardsTotal': 9, 'openFieldYards': 0, 'openFieldYardsTotal': 0, 'totalOpportunies': 5, 'pointsPerOpportunity': 0, 'fieldPosition': {'averageStart': 72.3, 'averagePredictedPoints': -1.218}, 'havoc': {'total': 0.333, 'frontSeven': 0.222, 'db': 0.111}, 'standardDowns': {'rate': 0.5079365079365079, 'ppa': -0.3181632402456894, 'successRate': 0.1875, 'explosiveness': 1.152732093734386}, 'passingDowns': {'rate': 0.49206349206349204, 'ppa': -0.27335253303096274, 'totalPPA': -3.8202056890586555, 'successRate': 0.16129032258064516, 'explosiveness': 1.995523320941549}, 'rushingPlays': {'rate': 0.4126984126984127, 'ppa': -0.42672013207623655, 'totalPPA': -11.09472343398215, 'successRate': 0.19230769230769232, 'explosiveness': 0.9279249774818719}, 'passingPlays': {'rate': 0.5238095238095238, 'ppa': -0.1157638087593532, 'totalPPA': -3.8202056890586555, 'successRate': 0.15151515151515152, 'explosiveness': 2.147666474404539}}"
2026,Georgia State,Sun Belt,"{'plays': 71, 'drives': 12, 'ppa': 0.506821618296269, 'totalPPA': 35.984334899035105, 'successRate': 0.5915492957746479, 'explosiveness': 1.1174212531004228, 'powerSuccess': 0.8, 'stuffRate': 0.05263157894736842, 'lineYards': 4.339473684210526, 'lineYardsTotal': 165, 'secondLevelYards': 1.7894736842105263, 'secondLevelYardsTotal': 68, 'openFieldYards': 1.9473684210526316, 'openFieldYardsTotal': 74, 'totalOpportunies': 9, 'pointsPerOpportunity': 5.777777777777778, 'fieldPosition': {'averageStart': 62.5, 'averagePredictedPoints': 2.03}, 'havoc': {'total': 0.056, 'frontSeven': 0.028, 'db': 0.028}, 'standardDowns': {'rate': 0.7887323943661971, 'ppa': 0.3988871851146332, 'successRate': 0.6071428571428571, 'explosiveness': 0.9298282794435311}, 'passingDowns': {'rate': 0.2112676056338028, 'ppa': 0.9097768355077096, 'successRate': 0.5333333333333333, 'explosiveness': 1.914691391142213}, 'rushingPlays': {'rate': 0.5352112676056338, 'ppa': 0.5013368012687652, 'totalPPA': 19.05079844821308, 'successRate': 0.631578947368421, 'explosiveness': 0.953201983773731}, 'passingPlays': {'rate': 0.4647887323943662, 'ppa': 0.513137468206728, 'totalPPA': 16.93353645082202, 'successRate': 0.5454545454545454, 'explosiveness': 1.3363802788693453}}","{'plays': 55, 'drives': 12, 'ppa': -0.0651855131693598, 'totalPPA': -3.585203224314789, 'successRate': 0.2909090909090909, 'explosiveness': 1.342072137645949, 'powerSuccess': None, 'stuffRate': 0.2, 'lineYards': 2.852, 'lineYardsTotal': 71, 'secondLevelYards': 1.16, 'secondLevelYardsTotal': 29, 'openFieldYards': 0.8, 'openFieldYardsTotal': 0, 'totalOpportunies': 1, 'pointsPerOpportunity': 3, 'fieldPosition': {'averageStart': 75.1, 'averagePredictedPoints': -1.03}, 'havoc': {'total': 0.2, 'frontSeven': 0.164, 'db': 0.036}, 'standardDowns': {'rate': 0.5272727272727272, 'ppa': -0.2069897360784317, 'successRate': 0.3103448275862069, 'explosiveness': 1.2629991805400316}, 'passingDowns': {'rate': 0.4727272727272727, 'ppa': 0.09298073545998965, 'totalPPA': -5.397343935123498, 'successRate': 0.2692307692307692, 'explosiveness': 1.4437373682106998}, 'rushingPlays': {'rate': 0.45454545454545453, 'ppa': 0.11008421541818224, 'totalPPA': 2.752105385454556, 'successRate': 0.36, 'explosiveness': 1.0204768798276191}, 'passingPlays': {'rate': 0.509090909090909, 'ppa': -0.1927622833972678, 'totalPPA': -5.397343935123498, 'successRate': 0.21428571428571427, 'explosiveness': 1.7181367354627566}}"
2026,Georgia Tech,ACC,"{'plays': 54, 'drives': 9, 'ppa': 0.07402206857335174, 'totalPPA': 3.997191702960994, 'successRate': 0.37037037037037035, 'explosiveness': 1.2001545717095805, 'powerSuccess': 0.3333333333333333, 'stuffRate': 0.4444444444444444, 'lineYards': 1.9037037037037037, 'lineYardsTotal': 51, 'secondLevelYards': 0.9629629629629629, 'secondLevelYardsTotal': 26, 'openFieldYards': 0.037037037037037035, 'openFieldYardsTotal': 1, 'totalOpportunies': 7, 'pointsPerOpportunity': 0.8571428571428571, 'fieldPosition': {'averageStart': 77.2, 'averagePredictedPoints': 0.997}, 'havoc': {'total': 0.204, 'frontSeven': 0.204, 'db': 0}, 'standardDowns': {'rate': 0.6111111111111112, 'ppa': -0.014195870995196707, 'successRate': 0.3939393939393939, 'explosiveness': 0.9807039300061378}, 'passingDowns': {'rate': 0.3888888888888889, 'ppa': 0.21265025932392786, 'successRate': 0.3333333333333333, 'explosiveness': 1.6077057634445457}, 'rushingPlays': {'rate': 0.5, 'ppa': -0.25602878732190437, 'totalPPA': -6.912777257691418, 'successRate': 0.3333333333333333, 'explosiveness': 0.487428931903253}, 'passingPlays': {'rate': 0.48148148148148145, 'ppa': 0.4278170805790272, 'totalPPA': 11.123244095054707, 'successRate': 0.4230769230769231, 'explosiveness': 1.7832937315511213}}","{'plays': 77, 'drives': 10, 'ppa': 0.05210285600303121, 'totalPPA': 4.011919912233403, 'successRate': 0.37662337662337664, 'explosiveness': 1.1248231734306042, 'powerSuccess': 1, 'stuffRate': 0.10869565217391304, 'lineYards': 2.730434782608696, 'lineYardsTotal': 126, 'secondLevelYards': 0.8260869565217391, 'secondLevelYardsTotal': 38, 'openFieldYards': 0.34782608695652173, 'openFieldYardsTotal': 0, 'totalOpportunies': 7, 'pointsPerOpportunity': 2, 'fieldPosition': {'averageStart': 68.6, 'averagePredictedPoints': -1.462}, 'havoc': {'total': 0.143, 'frontSeven': 0.104, 'db': 0.039}, 'standardDowns': {'rate': 0.6363636363636364, 'ppa': -0.03533431107648401, 'successRate': 0.40816326530612246, 'explosiveness': 0.9482628510659695}, 'passingDowns': {'rate': 0.36363636363636365, 'ppa': 0.20511789839218283, 'totalPPA': 2.000246200361692, 'successRate': 0.32142857142857145, 'explosiveness': 1.517179445352015}, 'rushingPlays': {'rate': 0.5974025974025974, 'ppa': 0.01709257843491629, 'totalPPA': 0.7862586080061494, 'successRate': 0.43478260869565216, 'explosiveness': 0.8057638368265346}, 'passingPlays': {'rate': 0.36363636363636365, 'ppa': 0.07143736429863184, 'totalPPA': 2.000246200361692, 'successRate': 0.2857142857142857, 'explosiveness': 1.8999215011350108}}"
2026,Hawai'i,Mountain West,"{'plays': 154, 'drives': 25, 'ppa': -0.016265686588329612, 'totalPPA': -2.5049157346027604, 'successRate': 0.34415584415584416, 'explosiveness': 1.257467947844597, 'powerSuccess': 0.7777777777777778, 'stuffRate': 0.14, 'lineYards': 3.396, 'lineYardsTotal': 170, 'secondLevelYards': 1.5, 'secondLevelYardsTotal': 75, 'openFieldYards': 0.88, 'openFieldYardsTotal': 44, 'totalOpportunies': 9, 'pointsPerOpportunity': 3.7777777777777777, 'fieldPosition': {'averageStart': 76.2, 'averagePredictedPoints': 0.963}, 'havoc': {'total': 0.195, 'frontSeven': 0.117, 'db': 0.078}, 'standardDowns': {'rate': 0.564935064935065, 'ppa': -0.14431065136964996, 'successRate': 0.367816091954023, 'explosiveness': 1.0490357856038919}, 'passingDowns': {'rate': 0.43506493506493504, 'ppa': 0.15000165573965354, 'successRate': 0.31343283582089554, 'explosiveness': 1.5750788617351954}, 'rushingPlays': {'rate': 0.3246753246753247, 'ppa': 0.03262240160352587, 'totalPPA': 1.6311200801762935, 'successRate': 0.48, 'explosiveness': 1.0083249526889033}, 'passingPlays': {'rate': 0.6428571428571429, 'ppa': 0.04590780023296109, 'totalPPA': 4.544872223063148, 'successRate': 0.29292929292929293, 'explosiveness': 1.4636552541803436}}","{'plays': 137, 'drives': 25, 'ppa': 0.19879062705981498, 'totalPPA': 27.234315907194652, 'successRate': 0.41605839416058393, 'explosiveness': 1.295609264698933, 'powerSuccess': 0.6666666666666666, 'stuffRate': 0.125, 'lineYards': 3.40875, 'lineYardsTotal': 273, 'secondLevelYards': 1.2125, 'secondLevelYardsTotal': 97, 'openFieldYards': 1.225, 'openFieldYardsTotal': 0, 'totalOpportunies': 11, 'pointsPerOpportunity': 3.8181818181818183, 'fieldPosition': {'averageStart': 72.4, 'averagePredictedPoints': -1.238}, 'havoc': {'total': 0.102, 'frontSeven': 0.051, 'db': 0.051}, 'standardDowns': {'rate': 0.7518248175182481, 'ppa': 0.15206052495365205, 'successRate': 0.4854368932038835, 'explosiveness': 1.163836531025376}, 'passingDowns': {'rate': 0.24817518248175183, 'ppa': 0.3403553481461321, 'totalPPA': 5.2971750177778345, 'successRate': 0.20588235294117646, 'explosiveness': 2.236843076652911}, 'rushingPlays': {'rate': 0.583941605839416, 'ppa': 0.27625273362098623, 'totalPPA': 22.100218689678897, 'successRate': 0.4375, 'explosiveness': 1.1362785787828171}, 'passingPlays': {'rate': 0.38686131386861317, 'ppa': 0.09994669844863839, 'totalPPA': 5.2971750177778345, 'successRate': 0.39622641509433965, 'explosiveness': 1.5570910915170733}}"
2026,Houston,Big 12,"{'plays': 74, 'drives': 11, 'ppa': 0.27977518625549525, 'totalPPA': 20.703363782906646, 'successRate': 0.5, 'explosiveness': 1.2137149979644937, 'powerSuccess': 0.8571428571428571, 'stuffRate': 0.15, 'lineYards': 3.3325, 'lineYardsTotal': 133, 'secondLevelYards': 1.2, 'secondLevelYardsTotal': 48, 'openFieldYards': 1.75, 'openFieldYardsTotal': 70, 'totalOpportunies': 8, 'pointsPerOpportunity': 3.375, 'fieldPosition': {'averageStart': 70.5, 'averagePredictedPoints': 1.38}, 'havoc': {'total': 0.135, 'frontSeven': 0.068, 'db': 0.068}, 'standardDowns': {'rate': 0.7162162162162162, 'ppa': 0.08797356320830871, 'successRate': 0.5094339622641509, 'explosiveness': 0.8888092738067251}, 'passingDowns': {'rate': 0.28378378378378377, 'ppa': 0.7638459491841089, 'successRate': 0.47619047619047616, 'explosiveness': 2.0909604531904686}, 'rushingPlays': {'rate': 0.5405405405405406, 'ppa': 0.13865391990978373, 'totalPPA': 5.546156796391349, 'successRate': 0.45, 'explosiveness': 0.7692163446856861}, 'passingPlays': {'rate': 0.43243243243243246, 'ppa': 0.4099252895031324, 'totalPPA': 13.117609264100237, 'successRate': 0.53125, 'explosiveness': 1.7071742939958148}}","{'plays': 74, 'drives': 12, 'ppa': 0.05624791102486881, 'totalPPA': 4.162345415840292, 'successRate': 0.40540540540540543, 'explosiveness': 1.341138665590374, 'powerSuccess': 0.5, 'stuffRate': 0.047619047619047616, 'lineYards': 2.8333333333333335, 'lineYardsTotal': 60, 'secondLevelYards': 0.3333333333333333, 'secondLevelYardsTotal': 7, 'openFieldYards': 0, 'openFieldYardsTotal': 0, 'totalOpportunies': 5, 'pointsPerOpportunity': 4.2, 'fieldPosition': {'averageStart': 77.7, 'averagePredictedPoints': -0.878}, 'havoc': {'total': 0.216, 'frontSeven': 0.081, 'db': 0.135}, 'standardDowns': {'rate': 0.6081081081081081, 'ppa': 0.1129507671843273, 'successRate': 0.4666666666666667, 'explosiveness': 1.1570977452812132}, 'passingDowns': {'rate': 0.3918918918918919, 'ppa': -0.03173927956739435, 'totalPPA': 8.652908543099052, 'successRate': 0.3103448275862069, 'explosiveness': 1.7705674796450825}, 'rushingPlays': {'rate': 0.28378378378378377, 'ppa': -0.21340076086963183, 'totalPPA': -4.481415978262269, 'successRate': 0.3333333333333333, 'explosiveness': 0.7931355456668947}, 'passingPlays': {'rate': 0.7027027027027027, 'ppa': 0.16640208736728948, 'totalPPA': 8.652908543099052, 'successRate': 0.4423076923076923, 'explosiveness': 1.5079222238279548}}"
2026,Illinois,Big Ten,"{'plays': 44, 'drives': 8, 'ppa': 0.45756443668178554, 'totalPPA': 20.132835213998565, 'successRate': 0.5681818181818182, 'explosiveness': 1.3542485462010816, 'powerSuccess': 0.6, 'stuffRate': 0.23076923076923078, 'lineYards': 2.976923076923077, 'lineYardsTotal': 77, 'secondLevelYards': 1, 'secondLevelYardsTotal': 26, 'openFieldYards': 2.076923076923077, 'openFieldYardsTotal': 54, 'totalOpportunies': 4, 'pointsPerOpportunity': 7, 'fieldPosition': {'averageStart': 71.1, 'averagePredictedPoints': 1.311}, 'havoc': {'total': 0.045, 'frontSeven': 0.045, 'db': 0}, 'standardDowns': {'rate': 0.7954545454545454, 'ppa': 0.30447593336781986, 'successRate': 0.5428571428571428, 'explosiveness': 1.2737395872388495}, 'passingDowns': {'rate': 0.20454545454545456, 'ppa': 1.0529086162360966, 'successRate': 0.6666666666666666, 'explosiveness': 1.6091935829148167}, 'rushingPlays': {'rate': 0.5909090909090909, 'ppa': 0.11476447132616313, 'totalPPA': 2.9838762544802413, 'successRate': 0.46153846153846156, 'explosiveness': 1.1112593394143806}, 'passingPlays': {'rate': 0.38636363636363635, 'ppa': 0.885013394776054, 'totalPPA': 15.045227711192918, 'successRate': 0.7058823529411765, 'explosiveness': 1.5347808611440892}}","{'plays': 79, 'drives': 8, 'ppa': 0.13913052223527572, 'totalPPA': 10.991311256586783, 'successRate': 0.43037974683544306, 'explosiveness': 1.2461766276414639, 'powerSuccess': 0.75, 'stuffRate': 0.13043478260869565, 'lineYards': 3.252173913043478, 'lineYardsTotal': 150, 'secondLevelYards': 0.8913043478260869, 'secondLevelYardsTotal': 41, 'openFieldYards': 0.45652173913043476, 'openFieldYardsTotal': 0, 'totalOpportunies': 7, 'pointsPerOpportunity': 2.2857142857142856, 'fieldPosition': {'averageStart': 66.4, 'averagePredictedPoints': -1.606}, 'havoc': {'total': 0.139, 'frontSeven': 0.076, 'db': 0.063}, 'standardDowns': {'rate': 0.6835443037974683, 'ppa': 0.07944185189654784, 'successRate': 0.4444444444444444, 'explosiveness': 0.9547149048490179}, 'passingDowns': {'rate': 0.31645569620253167, 'ppa': 0.26805805016692796, 'totalPPA': 2.0185107520254935, 'successRate': 0.4, 'explosiveness': 1.9456847623433342}, 'rushingPlays': {'rate': 0.5822784810126582, 'ppa': 0.22739516392073572, 'totalPPA': 10.460177540353843, 'successRate': 0.41304347826086957, 'explosiveness': 1.1241243200486486}, 'passingPlays': {'rate': 0.4050632911392405, 'ppa': 0.06307846100079667, 'totalPPA': 2.0185107520254935, 'successRate': 0.46875, 'explosiveness': 1.4007762172590297}}"
2026,Indiana,Big Ten,"{'plays': 46, 'drives': 9, 'ppa': 0.6535582337217621, 'totalPPA': 30.06367875120106, 'successRate': 0.5217391304347826, 'explosiveness': 1.6395935785550761, 'powerSuccess': 0.8, 'stuffRate': 0.13333333333333333, 'lineYards': 2.4966666666666666, 'lineYardsTotal': 75, 'secondLevelYards': 0.5333333333333333, 'secondLevelYardsTotal': 16, 'openFieldYards': 1.5333333333333332, 'openFieldYardsTotal': 46, 'totalOpportunies': 7, 'pointsPerOpportunity': 5.428571428571429, 'fieldPosition': {'averageStart': 53.8, 'averagePredictedPoints': 2.592}, 'havoc': {'total': 0.043, 'frontSeven': 0.043, 'db': 0}, 'standardDowns': {'rate': 0.6739130434782609, 'ppa': 0.36344406648738764, 'successRate': 0.5161290322580645, 'explosiveness': 1.1831790568968432}, 'passingDowns': {'rate': 0.32608695652173914, 'ppa': 1.2531275126728028, 'successRate': 0.5333333333333333, 'explosiveness': 2.5524226218715422}, 'rushingPlays': {'rate': 0.6521739130434783, 'ppa': 0.1303145783519074, 'totalPPA': 3.9094373505572224, 'successRate': 0.36666666666666664, 'explosiveness': 0.9734916402421516}, 'passingPlays': {'rate': 0.32608695652173914, 'ppa': 1.6386115033903654, 'totalPPA': 24.579172550855482, 'successRate': 0.8, 'explosiveness': 2.2555640827391503}}","{'plays': 69, 'drives': 10, 'ppa': 0.052024868564694786, 'totalPPA': 3.58971593096394, 'successRate': 0.34782608695652173, 'explosiveness': 1.5483256457053565, 'powerSuccess': 0, 'stuffRate': 0.13513513513513514, 'lineYards': 2.983783783783784, 'lineYardsTotal': 110, 'secondLevelYards': 1.135135135135135, 'secondLevelYardsTotal': 42, 'openFieldYards': 0.5945945945945946, 'openFieldYardsTotal': 0, 'totalOpportunies': 6, 'pointsPerOpportunity': 2.6666666666666665, 'fieldPosition': {'averageStart': 74.5, 'averagePredictedPoints': -1.035}, 'havoc': {'total': 0.13, 'frontSeven': 0.101, 'db': 0.029}, 'standardDowns': {'rate': 0.6811594202898551, 'ppa': -0.1498521363157149, 'successRate': 0.3617021276595745, 'explosiveness': 1.2838657251651002}, 'passingDowns': {'rate': 0.3188405797101449, 'ppa': 0.4833075608092064, 'totalPPA': 4.510185281292951, 'successRate': 0.3181818181818182, 'explosiveness': 2.190585452731693}, 'rushingPlays': {'rate': 0.5362318840579711, 'ppa': -0.0007737755685956125, 'totalPPA': -0.028629696038037663, 'successRate': 0.2702702702702703, 'explosiveness': 1.3966914254150522}, 'passingPlays': {'rate': 0.43478260869565216, 'ppa': 0.15033950937643167, 'totalPPA': 4.510185281292951, 'successRate': 0.4666666666666667, 'explosiveness': 1.6566358030555737}}"
2026,Iowa,Big Ten,"{'plays': 79, 'drives': 13, 'ppa': 0.03131587558339358, 'totalPPA': 2.473954171088093, 'successRate': 0.4177215189873418, 'explosiveness': 1.2457000747090123, 'powerSuccess': 0.2857142857142857, 'stuffRate': 0.21052631578947367, 'lineYards': 3.294736842105263, 'lineYardsTotal': 125, 'secondLevelYards': 1.736842105263158, 'secondLevelYardsTotal': 66, 'openFieldYards': 3.1578947368421053, 'openFieldYardsTotal': 120, 'totalOpportunies': 9, 'pointsPerOpportunity': 3, 'fieldPosition': {'averageStart': 60.2, 'averagePredictedPoints': 2.218}, 'havoc': {'total': 0.114, 'frontSeven': 0.051, 'db': 0.063}, 'standardDowns': {'rate': 0.6708860759493671, 'ppa': 0.0070037808713339055, 'successRate': 0.49056603773584906, 'explosiveness': 1.0018918584695757}, 'passingDowns': {'rate': 0.3291139240506329, 'ppa': 0.0808751455733614, 'successRate': 0.2692307692307692, 'explosiveness': 2.151273449312634}, 'rushingPlays': {'rate': 0.4810126582278481, 'ppa': 0.17902090982983992, 'totalPPA': 6.802794573533917, 'successRate': 0.42105263157894735, 'explosiveness': 1.4139408229671238}, 'passingPlays': {'rate': 0.4936708860759494, 'ppa': 0.039436816090727064, 'totalPPA': 1.5380358275383554, 'successRate': 0.4358974358974359, 'explosiveness': 1.0873558410543191}}","{'plays': 58, 'drives': 15, 'ppa': -0.42442678584289073, 'totalPPA': -24.61675357888766, 'successRate': 0.1724137931034483, 'explosiveness': 1.3677541941329785, 'powerSuccess': 1, 'stuffRate': 0.28, 'lineYards': 1.668, 'lineYardsTotal': 42, 'secondLevelYards': 0.08, 'secondLevelYardsTotal': 2, 'openFieldYards': 0, 'openFieldYardsTotal': 0, 'totalOpportunies': 1, 'pointsPerOpportunity': 0, 'fieldPosition': {'averageStart': 77.5, 'averagePredictedPoints': -0.814}, 'havoc': {'total': 0.207, 'frontSeven': 0.138, 'db': 0.069}, 'standardDowns': {'rate': 0.5689655172413793, 'ppa': -0.6452345903795461, 'successRate': 0.18181818181818182, 'explosiveness': 0.5956643086681441}, 'passingDowns': {'rate': 0.43103448275862066, 'ppa': -0.1329604838545055, 'totalPPA': -4.415088013647021, 'successRate': 0.16, 'explosiveness': 2.52588902233023}, 'rushingPlays': {'rate': 0.43103448275862066, 'ppa': -0.47246829197917745, 'totalPPA': -11.811707299479437, 'successRate': 0.12, 'explosiveness': 0.35524008092109494}, 'passingPlays': {'rate': 0.5172413793103449, 'ppa': -0.14716960045490068, 'totalPPA': -4.415088013647021, 'successRate': 0.23333333333333334, 'explosiveness': 1.8016888140809286}}"
2026,Iowa State,Big 12,"{'plays': 48, 'drives': 12, 'ppa': 0.2446671684503538, 'totalPPA': 11.744024085616983, 'successRate': 0.3541666666666667, 'explosiveness': 1.764868764741519, 'powerSuccess': 0, 'stuffRate': 0.2, 'lineYards': 2.5433333333333334, 'lineYardsTotal': 76, 'secondLevelYards': 0.9333333333333333, 'secondLevelYardsTotal': 28, 'openFieldYards': 0.4, 'openFieldYardsTotal': 12, 'totalOpportunies': 6, 'pointsPerOpportunity': 6.333333333333333, 'fieldPosition': {'averageStart': 62.1, 'averagePredictedPoints': 2.055}, 'havoc': {'total': 0.208, 'frontSeven': 0.125, 'db': 0.083}, 'standardDowns': {'rate': 0.6458333333333334, 'ppa': 0.05344734384212602, 'successRate': 0.3548387096774194, 'explosiveness': 1.3583242050658926}, 'passingDowns': {'rate': 0.3541666666666667, 'ppa': 0.5933621427359457, 'successRate': 0.35294117647058826, 'explosiveness': 2.5102004574801673}, 'rushingPlays': {'rate': 0.625, 'ppa': 0.1808708656869769, 'totalPPA': 5.426125970609307, 'successRate': 0.3333333333333333, 'explosiveness': 1.639414213976062}, 'passingPlays': {'rate': 0.3541666666666667, 'ppa': 0.3869634663620882, 'totalPPA': 6.5783789281555, 'successRate': 0.4117647058823529, 'explosiveness': 1.9440895515493148}}","{'plays': 69, 'drives': 13, 'ppa': -0.25106575899857475, 'totalPPA': -17.323537370901658, 'successRate': 0.2753623188405797, 'explosiveness': 1.3903288614258686, 'powerSuccess': 0.6666666666666666, 'stuffRate': 0.14634146341463414, 'lineYards': 2.1463414634146343, 'lineYardsTotal': 88, 'secondLevelYards': 0.6585365853658537, 'secondLevelYardsTotal': 27, 'openFieldYards': 1.2682926829268293, 'openFieldYardsTotal': 0, 'totalOpportunies': 6, 'pointsPerOpportunity': 1.6666666666666667, 'fieldPosition': {'averageStart': 70.8, 'averagePredictedPoints': -1.347}, 'havoc': {'total': 0.246, 'frontSeven': 0.232, 'db': 0.014}, 'standardDowns': {'rate': 0.5942028985507246, 'ppa': -0.2413347159961803, 'successRate': 0.34146341463414637, 'explosiveness': 1.141498893656875}, 'passingDowns': {'rate': 0.4057971014492754, 'ppa': -0.2653147862520808, 'totalPPA': -2.6563003694394336, 'successRate': 0.17857142857142858, 'explosiveness': 2.0870527711790503}, 'rushingPlays': {'rate': 0.5942028985507246, 'ppa': -0.29272737495117485, 'totalPPA': -12.001822372998168, 'successRate': 0.2682926829268293, 'explosiveness': 1.1423986409262499}, 'passingPlays': {'rate': 0.36231884057971014, 'ppa': -0.10625201477757736, 'totalPPA': -2.6563003694394336, 'successRate': 0.28, 'explosiveness': 1.8853047058732995}}"
2026,Jacksonville State,Conference USA,"{'plays': 118, 'drives': 20, 'ppa': 0.10598144954534892, 'totalPPA': 12.505811046351173, 'successRate': 0.4661016949152542, 'explosiveness': 1.2756491209849268, 'powerSuccess': 0.7272727272727273, 'stuffRate': 0.15517241379310345, 'lineYards': 2.9517241379310346, 'lineYardsTotal': 171, 'secondLevelYards': 1.1551724137931034, 'secondLevelYardsTotal': 67, 'openFieldYards': 1.103448275862069, 'openFieldYardsTotal': 64, 'totalOpportunies': 10, 'pointsPerOpportunity': 2.8, 'fieldPosition': {'averageStart': 72.9, 'averagePredictedPoints': 1.158}, 'havoc': {'total': 0.153, 'frontSeven': 0.102, 'db': 0.051}, 'standardDowns': {'rate': 0.7457627118644068, 'ppa': 0.19715695511135697, 'successRate': 0.5340909090909091, 'explosiveness': 1.1370930253819664}, 'passingDowns': {'rate': 0.2542372881355932, 'ppa': -0.16146670011494135, 'successRate': 0.26666666666666666, 'explosiveness': 2.0896661826523193}, 'rushingPlays': {'rate': 0.4915254237288136, 'ppa': -0.027714228320549452, 'totalPPA': -1.6074252425918683, 'successRate': 0.4827586206896552, 'explosiveness': 0.9621923720115519}, 'passingPlays': {'rate': 0.4745762711864407, 'ppa': 0.35979842647629523, 'totalPPA': 20.148711882672533, 'successRate': 0.4642857142857143, 'explosiveness': 1.6596447497741902}}","{'plays': 127, 'drives': 20, 'ppa': -0.029072324083166647, 'totalPPA': -3.6921851585621646, 'successRate': 0.4015748031496063, 'explosiveness': 1.1417088748135957, 'powerSuccess': 0.625, 'stuffRate': 0.2125, 'lineYards': 2.80125, 'lineYardsTotal': 224, 'secondLevelYards': 1.0125, 'secondLevelYardsTotal': 81, 'openFieldYards': 1.6, 'openFieldYardsTotal': 0, 'totalOpportunies': 10, 'pointsPerOpportunity': 2.6, 'fieldPosition': {'averageStart': 75.8, 'averagePredictedPoints': -0.999}, 'havoc': {'total': 0.15, 'frontSeven': 0.094, 'db': 0.055}, 'standardDowns': {'rate': 0.7244094488188977, 'ppa': -0.12614270252887208, 'successRate': 0.4782608695652174, 'explosiveness': 0.7735711558867698}, 'passingDowns': {'rate': 0.2755905511811024, 'ppa': 0.22608409925983053, 'totalPPA': -2.450622300450756, 'successRate': 0.2, 'explosiveness': 3.455717393782215}, 'rushingPlays': {'rate': 0.6299212598425197, 'ppa': 0.03161098334022165, 'totalPPA': 2.528878667217732, 'successRate': 0.4, 'explosiveness': 0.9843297316686366}, 'passingPlays': {'rate': 0.33858267716535434, 'ppa': -0.05699121628955246, 'totalPPA': -2.450622300450756, 'successRate': 0.4186046511627907, 'explosiveness': 1.4593049176627502}}"
2026,James Madison,Sun Belt,"{'plays': 50, 'drives': 9, 'ppa': 0.2797625024195963, 'totalPPA': 13.988125120979817, 'successRate': 0.38, 'explosiveness': 1.2501062601953608, 'powerSuccess': 0.6666666666666666, 'stuffRate': 0.22580645161290322, 'lineYards': 3.07741935483871, 'lineYardsTotal': 95, 'secondLevelYards': 0.967741935483871, 'secondLevelYardsTotal': 30, 'openFieldYards': 1.7741935483870968, 'openFieldYardsTotal': 55, 'totalOpportunies': 5, 'pointsPerOpportunity': 4, 'fieldPosition': {'averageStart': 72.3, 'averagePredictedPoints': 1.352}, 'havoc': {'total': 0.14, 'frontSeven': 0.08, 'db': 0.06}, 'standardDowns': {'rate': 0.72, 'ppa': 0.16143969186554888, 'successRate': 0.4166666666666667, 'explosiveness': 1.0705028591393368}, 'passingDowns': {'rate': 0.28, 'ppa': 0.5840211581300041, 'successRate': 0.2857142857142857, 'explosiveness': 1.9236190141554503}, 'rushingPlays': {'rate': 0.62, 'ppa': 0.21090083862123696, 'totalPPA': 6.537925997258346, 'successRate': 0.41935483870967744, 'explosiveness': 0.949950192828416}, 'passingPlays': {'rate': 0.38, 'ppa': 0.3921157433537616, 'totalPPA': 7.450199123721471, 'successRate': 0.3157894736842105, 'explosiveness': 1.9004444061570744}}","{'plays': 69, 'drives': 9, 'ppa': -0.02231301441024842, 'totalPPA': -1.539597994307141, 'successRate': 0.37681159420289856, 'explosiveness': 1.183714063723734, 'powerSuccess': 0.8, 'stuffRate': 0.13513513513513514, 'lineYards': 2.310810810810811, 'lineYardsTotal': 86, 'secondLevelYards': 0.4864864864864865, 'secondLevelYardsTotal': 18, 'openFieldYards': 0, 'openFieldYardsTotal': 0, 'totalOpportunies': 6, 'pointsPerOpportunity': 2.1666666666666665, 'fieldPosition': {'averageStart': 72, 'averagePredictedPoints': -1.29}, 'havoc': {'total': 0.13, 'frontSeven': 0.072, 'db': 0.058}, 'standardDowns': {'rate': 0.6376811594202898, 'ppa': -0.16174821351589147, 'successRate': 0.38636363636363635, 'explosiveness': 0.862737384680361}, 'passingDowns': {'rate': 0.36231884057971014, 'ppa': 0.22309293601568336, 'totalPPA': 3.60219454139958, 'successRate': 0.36, 'explosiveness': 1.7900033463612164}, 'rushingPlays': {'rate': 0.5362318840579711, 'ppa': -0.11598750626744736, 'totalPPA': -4.291537731895552, 'successRate': 0.32432432432432434, 'explosiveness': 0.6572467703932603}, 'passingPlays': {'rate': 0.42028985507246375, 'ppa': 0.1242136048758476, 'totalPPA': 3.60219454139958, 'successRate': 0.41379310344827586, 'explosiveness': 1.7739940470712925}}"
2026,Kansas,Big 12,"{'plays': 78, 'drives': 10, 'ppa': 0.5452890225110766, 'totalPPA': 42.532543755863976, 'successRate': 0.5897435897435898, 'explosiveness': 1.298893771602378, 'powerSuccess': 0.5, 'stuffRate': 0.0196078431372549, 'lineYards': 3.9313725490196076, 'lineYardsTotal': 201, 'secondLevelYards': 1.1764705882352942, 'secondLevelYardsTotal': 60, 'openFieldYards': 0.6666666666666666, 'openFieldYardsTotal': 34, 'totalOpportunies': 9, 'pointsPerOpportunity': 5.777777777777778, 'fieldPosition': {'averageStart': 69.1, 'averagePredictedPoints': 1.483}, 'havoc': {'total': 0.064, 'frontSeven': 0.026, 'db': 0.038}, 'standardDowns': {'rate': 0.782051282051282, 'ppa': 0.4140557789187169, 'successRate': 0.6229508196721312, 'explosiveness': 1.0766017936626777}, 'passingDowns': {'rate': 0.21794871794871795, 'ppa': 1.0161847789307201, 'successRate': 0.47058823529411764, 'explosiveness': 2.3547806668159548}, 'rushingPlays': {'rate': 0.6538461538461539, 'ppa': 0.31860250080379504, 'totalPPA': 16.248727540993546, 'successRate': 0.5686274509803921, 'explosiveness': 0.8513539494637598}, 'passingPlays': {'rate': 0.32051282051282054, 'ppa': 1.0867539038574876, 'totalPPA': 27.168847596437192, 'successRate': 0.64, 'explosiveness': 2.176256819052225}}","{'plays': 54, 'drives': 11, 'ppa': -0.17614847172803244, 'totalPPA': -9.512017473313753, 'successRate': 0.2222222222222222, 'explosiveness': 1.0166439202905828, 'powerSuccess': 1, 'stuffRate': 0.36666666666666664, 'lineYards': 1.22, 'lineYardsTotal': 37, 'secondLevelYards': 0.4, 'secondLevelYardsTotal': 12, 'openFieldYards': 0.03333333333333333, 'openFieldYardsTotal': 0, 'totalOpportunies': 5, 'pointsPerOpportunity': 1.2, 'fieldPosition': {'averageStart': 70.2, 'averagePredictedPoints': -1.301}, 'havoc': {'total': 0.296, 'frontSeven': 0.241, 'db': 0.056}, 'standardDowns': {'rate': 0.5185185185185185, 'ppa': -0.1879029266557325, 'successRate': 0.25, 'explosiveness': 0.8981579434225142}, 'passingDowns': {'rate': 0.48148148148148145, 'ppa': -0.1634898279597401, 'totalPPA': 3.3519336119032452, 'successRate': 0.19230769230769232, 'explosiveness': 1.182524287905879}, 'rushingPlays': {'rate': 0.5555555555555556, 'ppa': -0.4222564764390561, 'totalPPA': -12.667694293171683, 'successRate': 0.16666666666666666, 'explosiveness': 0.1287575626581517}, 'passingPlays': {'rate': 0.42592592592592593, 'ppa': 0.14573624399579327, 'totalPPA': 3.3519336119032452, 'successRate': 0.30434782608695654, 'explosiveness': 1.650848461456605}}"
2026,Kansas State,Big 12,"{'plays': 72, 'drives': 12, 'ppa': 0.5475504847511328, 'totalPPA': 39.42363490208156, 'successRate': 0.6527777777777778, 'explosiveness': 1.2411157855790529, 'powerSuccess': 1, 'stuffRate': 0.11363636363636363, 'lineYards': 3.7886363636363636, 'lineYardsTotal': 167, 'secondLevelYards': 1.7727272727272727, 'secondLevelYardsTotal': 78, 'openFieldYards': 2.0454545454545454, 'openFieldYardsTotal': 90, 'totalOpportunies': 8, 'pointsPerOpportunity': 7, 'fieldPosition': {'averageStart': 63.7, 'averagePredictedPoints': 1.853}, 'havoc': {'total': 0.069, 'frontSeven': 0.042, 'db': 0.028}, 'standardDowns': {'rate': 0.75, 'ppa': 0.5341205486123449, 'successRate': 0.7222222222222222, 'explosiveness': 1.134471158158798}, 'passingDowns': {'rate': 0.25, 'ppa': 0.5878402931674965, 'successRate': 0.4444444444444444, 'explosiveness': 1.7610083442527946}, 'rushingPlays': {'rate': 0.6111111111111112, 'ppa': 0.3868978175145024, 'totalPPA': 17.023503970638107, 'successRate': 0.6590909090909091, 'explosiveness': 1.0356006353528115}, 'passingPlays': {'rate': 0.375, 'ppa': 0.8147086988002379, 'totalPPA': 21.997134867606423, 'successRate': 0.6296296296296297, 'explosiveness': 1.6410016137145245}}","{'plays': 61, 'drives': 14, 'ppa': -0.2760781802900377, 'totalPPA': -16.8407689976923, 'successRate': 0.22950819672131148, 'explosiveness': 1.3872082973968078, 'powerSuccess': 0.5, 'stuffRate': 0.41025641025641024, 'lineYards': 1.2461538461538462, 'lineYardsTotal': 49, 'secondLevelYards': 0.8717948717948718, 'secondLevelYardsTotal': 34, 'openFieldYards': 0.6666666666666666, 'openFieldYardsTotal': 0, 'totalOpportunies': 1, 'pointsPerOpportunity': 3, 'fieldPosition': {'averageStart': 72.3, 'averagePredictedPoints': -1.219}, 'havoc': {'total': 0.295, 'frontSeven': 0.213, 'db': 0.082}, 'standardDowns': {'rate': 0.5245901639344263, 'ppa': -0.5693485151538911, 'successRate': 0.25, 'explosiveness': 0.9107868411507849}, 'passingDowns': {'rate': 0.47540983606557374, 'ppa': 0.04753046507697289, 'totalPPA': -6.2684569555595235, 'successRate': 0.20689655172413793, 'explosiveness': 2.0224369057248386}, 'rushingPlays': {'rate': 0.639344262295082, 'ppa': -0.09278973109552095, 'totalPPA': -3.6187995127253174, 'successRate': 0.2564102564102564, 'explosiveness': 1.556002658153559}, 'passingPlays': {'rate': 0.3114754098360656, 'ppa': -0.32991878713471173, 'totalPPA': -6.2684569555595235, 'successRate': 0.15789473684210525, 'explosiveness': 1.1541810325382946}}"
2026,Kennesaw State,Conference USA,"{'plays': 82, 'drives': 14, 'ppa': 0.20458267528260318, 'totalPPA': 16.775779373173464, 'successRate': 0.573170731707317, 'explosiveness': 1.1398710550423496, 'powerSuccess': 0.7777777777777778, 'stuffRate': 0.15217391304347827, 'lineYards': 3.265217391304348, 'lineYardsTotal': 150, 'secondLevelYards': 1.3695652173913042, 'secondLevelYardsTotal': 63, 'openFieldYards': 2.4347826086956523, 'openFieldYardsTotal': 112, 'totalOpportunies': 8, 'pointsPerOpportunity': 4.375, 'fieldPosition': {'averageStart': 62.9, 'averagePredictedPoints': 1.981}, 'havoc': {'total': 0.159, 'frontSeven': 0.134, 'db': 0.024}, 'standardDowns': {'rate': 0.7439024390243902, 'ppa': 0.3359511322764391, 'successRate': 0.6721311475409836, 'explosiveness': 0.9486378669129364}, 'passingDowns': {'rate': 0.25609756097560976, 'ppa': -0.17701141408044396, 'successRate': 0.2857142857142857, 'explosiveness': 2.4466311739266735}, 'rushingPlays': {'rate': 0.5609756097560976, 'ppa': 0.31874025471408574, 'totalPPA': 14.662051716847945, 'successRate': 0.6304347826086957, 'explosiveness': 1.1962226421822626}, 'passingPlays': {'rate': 0.4268292682926829, 'ppa': 0.05861347345470767, 'totalPPA': 2.0514715709147686, 'successRate': 0.4857142857142857, 'explosiveness': 1.1071309928408273}}","{'plays': 53, 'drives': 14, 'ppa': -0.3796713345712197, 'totalPPA': -20.122580732274645, 'successRate': 0.1509433962264151, 'explosiveness': 0.8919515753149165, 'powerSuccess': 1, 'stuffRate': 0.25, 'lineYards': 1.8333333333333333, 'lineYardsTotal': 44, 'secondLevelYards': 0.4583333333333333, 'secondLevelYardsTotal': 11, 'openFieldYards': 0.125, 'openFieldYardsTotal': 0, 'totalOpportunies': 0, 'pointsPerOpportunity': 0, 'fieldPosition': {'averageStart': 78.4, 'averagePredictedPoints': -0.928}, 'havoc': {'total': 0.17, 'frontSeven': 0.151, 'db': 0.019}, 'standardDowns': {'rate': 0.5283018867924528, 'ppa': -0.43677659341521935, 'successRate': 0.25, 'explosiveness': 0.7453091468870359}, 'passingDowns': {'rate': 0.4716981132075472, 'ppa': -0.31571344466594015, 'totalPPA': -6.937134361672882, 'successRate': 0.04, 'explosiveness': 1.918448574310081}, 'rushingPlays': {'rate': 0.4528301886792453, 'ppa': -0.5435587056716084, 'totalPPA': -13.045408936118601, 'successRate': 0.125, 'explosiveness': 0.34211703799644244}, 'passingPlays': {'rate': 0.5094339622641509, 'ppa': -0.25693090228418086, 'totalPPA': -6.937134361672882, 'successRate': 0.18518518518518517, 'explosiveness': 1.221852297706001}}"
2026,Kent State,Mid-American,"{'plays': 49, 'drives': 10, 'ppa': -0.08185170313354628, 'totalPPA': -4.010733453543768, 'successRate': 0.2653061224489796, 'explosiveness': 1.461049533469705, 'powerSuccess': 0.5, 'stuffRate': 0.20833333333333334, 'lineYards': 2.7333333333333334, 'lineYardsTotal': 66, 'secondLevelYards': 0.625, 'secondLevelYardsTotal': 15, 'openFieldYards': 1.2083333333333333, 'openFieldYardsTotal': 29, 'totalOpportunies': 1, 'pointsPerOpportunity': 0, 'fieldPosition': {'averageStart': 76.2, 'averagePredictedPoints': 0.855}, 'havoc': {'total': 0.143, 'frontSeven': 0.082, 'db': 0.061}, 'standardDowns': {'rate': 0.5306122448979592, 'ppa': -0.11165971868060205, 'successRate': 0.34615384615384615, 'explosiveness': 1.2122603978518192}, 'passingDowns': {'rate': 0.46938775510204084, 'ppa': -0.04815568555861368, 'successRate': 0.17391304347826086, 'explosiveness': 2.020825088609948}, 'rushingPlays': {'rate': 0.4897959183673469, 'ppa': -0.07185202827444753, 'totalPPA': -1.7244486785867406, 'successRate': 0.25, 'explosiveness': 1.3039921406593526}, 'passingPlays': {'rate': 0.46938775510204084, 'ppa': -0.059744684093255264, 'totalPPA': -1.374127734144871, 'successRate': 0.2608695652173913, 'explosiveness': 1.3479964509366118}}","{'plays': 74, 'drives': 10, 'ppa': 0.6831768049116431, 'totalPPA': 50.555083563461594, 'successRate': 0.6891891891891891, 'explosiveness': 1.208883909759148, 'powerSuccess': 0.8333333333333334, 'stuffRate': 0.07692307692307693, 'lineYards': 4.058974358974359, 'lineYardsTotal': 158, 'secondLevelYards': 1.564102564102564, 'secondLevelYardsTotal': 61, 'openFieldYards': 2.4615384615384617, 'openFieldYardsTotal': 0, 'totalOpportunies': 8, 'pointsPerOpportunity': 7, 'fieldPosition': {'averageStart': 80.1, 'averagePredictedPoints': -0.714}, 'havoc': {'total': 0.068, 'frontSeven': 0.068, 'db': 0}, 'standardDowns': {'rate': 0.8378378378378378, 'ppa': 0.5614259917658269, 'successRate': 0.7096774193548387, 'explosiveness': 1.0202124302601328}, 'passingDowns': {'rate': 0.16216216216216217, 'ppa': 1.3122226728316944, 'totalPPA': 28.706064987262664, 'successRate': 0.5833333333333334, 'explosiveness': 2.3948189237529576}, 'rushingPlays': {'rate': 0.527027027027027, 'ppa': 0.5038102113338384, 'totalPPA': 19.6485982420197, 'successRate': 0.6666666666666666, 'explosiveness': 0.965191667786138}, 'passingPlays': {'rate': 0.44594594594594594, 'ppa': 0.8698807571897776, 'totalPPA': 28.706064987262664, 'successRate': 0.696969696969697, 'explosiveness': 1.4938119870042488}}"
2026,Kentucky,SEC,"{'plays': 61, 'drives': 11, 'ppa': 0.5623068202509097, 'totalPPA': 34.30071603530549, 'successRate': 0.6065573770491803, 'explosiveness': 1.1980918561404976, 'powerSuccess': 0.8, 'stuffRate': 0.18181818181818182, 'lineYards': 4.121212121212121, 'lineYardsTotal': 136, 'secondLevelYards': 1.5454545454545454, 'secondLevelYardsTotal': 51, 'openFieldYards': 0.8787878787878788, 'openFieldYardsTotal': 29, 'totalOpportunies': 7, 'pointsPerOpportunity': 6.428571428571429, 'fieldPosition': {'averageStart': 67.9, 'averagePredictedPoints': 1.526}, 'havoc': {'total': 0.131, 'frontSeven': 0.049, 'db': 0.082}, 'standardDowns': {'rate': 0.8524590163934426, 'ppa': 0.43086812527713103, 'successRate': 0.6153846153846154, 'explosiveness': 1.0149285492591515}, 'passingDowns': {'rate': 0.14754098360655737, 'ppa': 1.3217303912105198, 'successRate': 0.5555555555555556, 'explosiveness': 2.370337020181111}, 'rushingPlays': {'rate': 0.5409836065573771, 'ppa': 0.31617442337826845, 'totalPPA': 10.43375597148286, 'successRate': 0.6666666666666666, 'explosiveness': 0.6332194384665962}, 'passingPlays': {'rate': 0.4262295081967213, 'ppa': 0.9037139352015592, 'totalPPA': 23.49656231524054, 'successRate': 0.5384615384615384, 'explosiveness': 2.0768943484431066}}","{'plays': 67, 'drives': 9, 'ppa': 0.031010061489355072, 'totalPPA': 2.07767411978679, 'successRate': 0.417910447761194, 'explosiveness': 1.1461380400647427, 'powerSuccess': 1, 'stuffRate': 0.19230769230769232, 'lineYards': 2.0346153846153845, 'lineYardsTotal': 53, 'secondLevelYards': 0.46153846153846156, 'secondLevelYardsTotal': 12, 'openFieldYards': 0.038461538461538464, 'openFieldYardsTotal': 0, 'totalOpportunies': 5, 'pointsPerOpportunity': 2.8, 'fieldPosition': {'averageStart': 77.4, 'averagePredictedPoints': -0.824}, 'havoc': {'total': 0.164, 'frontSeven': 0.104, 'db': 0.06}, 'standardDowns': {'rate': 0.6119402985074627, 'ppa': 0.12885393420003888, 'successRate': 0.4634146341463415, 'explosiveness': 1.1278571310981034}, 'passingDowns': {'rate': 0.3880597014925373, 'ppa': -0.1232821993236463, 'totalPPA': 1.4528346623205295, 'successRate': 0.34615384615384615, 'explosiveness': 1.184731070105426}, 'rushingPlays': {'rate': 0.3880597014925373, 'ppa': 0.03504341389494619, 'totalPPA': 0.911128761268601, 'successRate': 0.4230769230769231, 'explosiveness': 0.9118028065450775}, 'passingPlays': {'rate': 0.5970149253731343, 'ppa': 0.03632086655801324, 'totalPPA': 1.4528346623205295, 'successRate': 0.425, 'explosiveness': 1.2977667205774674}}"
2026,Liberty,Conference USA,"{'plays': 69, 'drives': 9, 'ppa': -0.02231301441024842, 'totalPPA': -1.539597994307141, 'successRate': 0.37681159420289856, 'explosiveness': 1.183714063723734, 'powerSuccess': 0.8, 'stuffRate': 0.13513513513513514, 'lineYards': 2.310810810810811, 'lineYardsTotal': 86, 'secondLevelYards': 0.4864864864864865, 'secondLevelYardsTotal': 18, 'openFieldYards': 0, 'openFieldYardsTotal': 0, 'totalOpportunies': 6, 'pointsPerOpportunity': 2.1666666666666665, 'fieldPosition': {'averageStart': 72, 'averagePredictedPoints': 1.29}, 'havoc': {'total': 0.13, 'frontSeven': 0.072, 'db': 0.058}, 'standardDowns': {'rate': 0.6376811594202898, 'ppa': -0.16174821351589147, 'successRate': 0.38636363636363635, 'explosiveness': 0.862737384680361}, 'passingDowns': {'rate': 0.36231884057971014, 'ppa': 0.22309293601568336, 'successRate': 0.36, 'explosiveness': 1.7900033463612164}, 'rushingPlays': {'rate': 0.5362318840579711, 'ppa': -0.11598750626744736, 'totalPPA': -4.291537731895552, 'successRate': 0.32432432432432434, 'explosiveness': 0.6572467703932603}, 'passingPlays': {'rate': 0.42028985507246375, 'ppa': 0.1242136048758476, 'totalPPA': 3.60219454139958, 'successRate': 0.41379310344827586, 'explosiveness': 1.7739940470712925}}","{'plays': 50, 'drives': 9, 'ppa': 0.2797625024195963, 'totalPPA': 13.988125120979817, 'successRate': 0.38, 'explosiveness': 1.2501062601953608, 'powerSuccess': 0.6666666666666666, 'stuffRate': 0.22580645161290322, 'lineYards': 3.07741935483871, 'lineYardsTotal': 95, 'secondLevelYards': 0.967741935483871, 'secondLevelYardsTotal': 30, 'openFieldYards': 1.7741935483870968, 'openFieldYardsTotal': 0, 'totalOpportunies': 5, 'pointsPerOpportunity': 4, 'fieldPosition': {'averageStart': 72.3, 'averagePredictedPoints': -1.352}, 'havoc': {'total': 0.14, 'frontSeven': 0.08, 'db': 0.06}, 'standardDowns': {'rate': 0.72, 'ppa': 0.16143969186554888, 'successRate': 0.4166666666666667, 'explosiveness': 1.0705028591393368}, 'passingDowns': {'rate': 0.28, 'ppa': 0.5840211581300041, 'totalPPA': 7.450199123721471, 'successRate': 0.2857142857142857, 'explosiveness': 1.9236190141554503}, 'rushingPlays': {'rate': 0.62, 'ppa': 0.21090083862123696, 'totalPPA': 6.537925997258346, 'successRate': 0.41935483870967744, 'explosiveness': 0.949950192828416}, 'passingPlays': {'rate': 0.38, 'ppa': 0.3921157433537616, 'totalPPA': 7.450199123721471, 'successRate': 0.3157894736842105, 'explosiveness': 1.9004444061570744}}"
2026,Louisiana,Sun Belt,"{'plays': 68, 'drives': 11, 'ppa': 0.2669866553365322, 'totalPPA': 18.15509256288419, 'successRate': 0.5441176470588235, 'explosiveness': 1.155678147450766, 'powerSuccess': 0.75, 'stuffRate': 0.1794871794871795, 'lineYards': 3.6076923076923078, 'lineYardsTotal': 141, 'secondLevelYards': 1.5897435897435896, 'secondLevelYardsTotal': 62, 'openFieldYards': 1.7435897435897436, 'openFieldYardsTotal': 68, 'totalOpportunies': 8, 'pointsPerOpportunity': 4.75, 'fieldPosition': {'averageStart': 64.8, 'averagePredictedPoints': 1.906}, 'havoc': {'total': 0.147, 'frontSeven': 0.074, 'db': 0.074}, 'standardDowns': {'rate': 0.7205882352941176, 'ppa': 0.050418305450403315, 'successRate': 0.5306122448979592, 'explosiveness': 0.8780497608440175}, 'passingDowns': {'rate': 0.27941176470588236, 'ppa': 0.825505031358654, 'successRate': 0.5789473684210527, 'explosiveness': 1.8118906976121718}, 'rushingPlays': {'rate': 0.5735294117647058, 'ppa': 0.4506251215730182, 'totalPPA': 17.574379741347713, 'successRate': 0.5384615384615384, 'explosiveness': 1.2163270433339426}, 'passingPlays': {'rate': 0.39705882352941174, 'ppa': 0.2881894772918081, 'totalPPA': 7.781115886878818, 'successRate': 0.5925925925925926, 'explosiveness': 1.0760764716040967}}","{'plays': 62, 'drives': 11, 'ppa': -0.3613561824457167, 'totalPPA': -22.404083311634434, 'successRate': 0.4032258064516129, 'explosiveness': 0.9773658675896195, 'powerSuccess': 0.5, 'stuffRate': 0.2962962962962963, 'lineYards': 2.0592592592592593, 'lineYardsTotal': 56, 'secondLevelYards': 0.7037037037037037, 'secondLevelYardsTotal': 19, 'openFieldYards': 0.07407407407407407, 'openFieldYardsTotal': 0, 'totalOpportunies': 2, 'pointsPerOpportunity': 0, 'fieldPosition': {'averageStart': 77.9, 'averagePredictedPoints': -0.831}, 'havoc': {'total': 0.242, 'frontSeven': 0.145, 'db': 0.097}, 'standardDowns': {'rate': 0.7258064516129032, 'ppa': -0.5086195722166368, 'successRate': 0.4222222222222222, 'explosiveness': 0.6798148082297104}, 'passingDowns': {'rate': 0.27419354838709675, 'ppa': 0.028458672830248333, 'totalPPA': 0.32901563026552944, 'successRate': 0.35294117647058826, 'explosiveness': 1.9196108888959982}, 'rushingPlays': {'rate': 0.43548387096774194, 'ppa': -0.5172968953171402, 'totalPPA': -13.967016173562783, 'successRate': 0.4074074074074074, 'explosiveness': 0.5252249566502831}, 'passingPlays': {'rate': 0.5, 'ppa': 0.010613407427920305, 'totalPPA': 0.32901563026552944, 'successRate': 0.45161290322580644, 'explosiveness': 1.3326194404705267}}"
2026,Louisiana Tech,Sun Belt,"{'plays': 60, 'drives': 14, 'ppa': 0.5986198567843053, 'totalPPA': 35.91719140705832, 'successRate': 0.4666666666666667, 'explosiveness': 1.8154251680408937, 'powerSuccess': 1, 'stuffRate': 0.13513513513513514, 'lineYards': 3.3378378378378377, 'lineYardsTotal': 124, 'secondLevelYards': 1.0810810810810811, 'secondLevelYardsTotal': 40, 'openFieldYards': 2.1621621621621623, 'openFieldYardsTotal': 80, 'totalOpportunies': 11, 'pointsPerOpportunity': 6, 'fieldPosition': {'averageStart': 55.5, 'averagePredictedPoints': 2.608}, 'havoc': {'total': 0.05, 'frontSeven': 0.033, 'db': 0.017}, 'standardDowns': {'rate': 0.7333333333333333, 'ppa': 0.46011017991132996, 'successRate': 0.45454545454545453, 'explosiveness': 1.5434791644982049}, 'passingDowns': {'rate': 0.26666666666666666, 'ppa': 0.9795214681849875, 'successRate': 0.5, 'explosiveness': 2.4952901768976163}, 'rushingPlays': {'rate': 0.6166666666666667, 'ppa': 0.2972008821741722, 'totalPPA': 10.99643264044437, 'successRate': 0.43243243243243246, 'explosiveness': 1.2607272136982222}, 'passingPlays': {'rate': 0.35, 'ppa': 1.242107211031048, 'totalPPA': 26.084251431652007, 'successRate': 0.5714285714285714, 'explosiveness': 2.555022440497789}}","{'plays': 63, 'drives': 15, 'ppa': -0.30301004851954355, 'totalPPA': -19.089633056731245, 'successRate': 0.1746031746031746, 'explosiveness': 1.0281713988788375, 'powerSuccess': 1, 'stuffRate': 0.3181818181818182, 'lineYards': 1.3227272727272728, 'lineYardsTotal': 58, 'secondLevelYards': 0.6136363636363636, 'secondLevelYardsTotal': 27, 'openFieldYards': 0.22727272727272727, 'openFieldYardsTotal': 0, 'totalOpportunies': 2, 'pointsPerOpportunity': 3, 'fieldPosition': {'averageStart': 76.7, 'averagePredictedPoints': -0.875}, 'havoc': {'total': 0.333, 'frontSeven': 0.238, 'db': 0.095}, 'standardDowns': {'rate': 0.5079365079365079, 'ppa': -0.41400200058282566, 'successRate': 0.21875, 'explosiveness': 0.857386782712209}, 'passingDowns': {'rate': 0.49206349206349204, 'ppa': -0.188437710905833, 'totalPPA': 1.0571072609902037, 'successRate': 0.12903225806451613, 'explosiveness': 1.3270444771704375}, 'rushingPlays': {'rate': 0.6984126984126984, 'ppa': -0.18930917408086725, 'totalPPA': -8.32960365955816, 'successRate': 0.20454545454545456, 'explosiveness': 0.7243865154341936}, 'passingPlays': {'rate': 0.25396825396825395, 'ppa': 0.06606920381188773, 'totalPPA': 1.0571072609902037, 'successRate': 0.125, 'explosiveness': 2.3952033743797347}}"
2026,Louisville,ACC,"{'plays': 68, 'drives': 13, 'ppa': 0.2803464178720225, 'totalPPA': 19.06355641529753, 'successRate': 0.4411764705882353, 'explosiveness': 1.4775386222518627, 'powerSuccess': 0.8, 'stuffRate': 0.25, 'lineYards': 2.213888888888889, 'lineYardsTotal': 80, 'secondLevelYards': 1.0555555555555556, 'secondLevelYardsTotal': 38, 'openFieldYards': 1.8611111111111112, 'openFieldYardsTotal': 67, 'totalOpportunies': 7, 'pointsPerOpportunity': 4.285714285714286, 'fieldPosition': {'averageStart': 69, 'averagePredictedPoints': 1.487}, 'havoc': {'total': 0.162, 'frontSeven': 0.132, 'db': 0.029}, 'standardDowns': {'rate': 0.6764705882352942, 'ppa': 0.2839645424249439, 'successRate': 0.5217391304347826, 'explosiveness': 1.2235633401324895}, 'passingDowns': {'rate': 0.3235294117647059, 'ppa': 0.2727812483522778, 'successRate': 0.2727272727272727, 'explosiveness': 2.4934397507293555}, 'rushingPlays': {'rate': 0.5294117647058824, 'ppa': 0.1120064579295191, 'totalPPA': 4.032232485462687, 'successRate': 0.4722222222222222, 'explosiveness': 1.0771582019565062}, 'passingPlays': {'rate': 0.47058823529411764, 'ppa': 0.4697288728073389, 'totalPPA': 15.031323929834844, 'successRate': 0.40625, 'explosiveness': 2.0011130180227137}}","{'plays': 79, 'drives': 13, 'ppa': 0.2309473958131021, 'totalPPA': 18.244844269235067, 'successRate': 0.46835443037974683, 'explosiveness': 1.2491124188789353, 'powerSuccess': 0.6363636363636364, 'stuffRate': 0.12195121951219512, 'lineYards': 2.8365853658536584, 'lineYardsTotal': 116, 'secondLevelYards': 0.7317073170731707, 'secondLevelYardsTotal': 30, 'openFieldYards': 0.1951219512195122, 'openFieldYardsTotal': 0, 'totalOpportunies': 7, 'pointsPerOpportunity': 4.857142857142857, 'fieldPosition': {'averageStart': 67.7, 'averagePredictedPoints': -1.449}, 'havoc': {'total': 0.114, 'frontSeven': 0.038, 'db': 0.076}, 'standardDowns': {'rate': 0.7341772151898734, 'ppa': 0.25345043968261743, 'successRate': 0.5689655172413793, 'explosiveness': 1.018858640213412}, 'passingDowns': {'rate': 0.26582278481012656, 'ppa': 0.168796131792536, 'totalPPA': 18.728865757186977, 'successRate': 0.19047619047619047, 'explosiveness': 3.1487060928695008}, 'rushingPlays': {'rate': 0.5189873417721519, 'ppa': 0.0581497057786277, 'totalPPA': 2.384137936923736, 'successRate': 0.5365853658536586, 'explosiveness': 0.6373674760351709}, 'passingPlays': {'rate': 0.4430379746835443, 'ppa': 0.5351104502053422, 'totalPPA': 18.728865757186977, 'successRate': 0.4, 'explosiveness': 2.2758357303353054}}"
2026,LSU,SEC,"{'plays': 95, 'drives': 12, 'ppa': 0.3755592605891147, 'totalPPA': 35.6781297559659, 'successRate': 0.5368421052631579, 'explosiveness': 1.3354778721633653, 'powerSuccess': 0.7777777777777778, 'stuffRate': 0.08620689655172414, 'lineYards': 3.532758620689655, 'lineYardsTotal': 205, 'secondLevelYards': 1.603448275862069, 'secondLevelYardsTotal': 93, 'openFieldYards': 0.7068965517241379, 'openFieldYardsTotal': 41, 'totalOpportunies': 11, 'pointsPerOpportunity': 4.090909090909091, 'fieldPosition': {'averageStart': 72.9, 'averagePredictedPoints': 1.218}, 'havoc': {'total': 0.105, 'frontSeven': 0.032, 'db': 0.074}, 'standardDowns': {'rate': 0.7263157894736842, 'ppa': 0.12802446423730027, 'successRate': 0.5217391304347826, 'explosiveness': 1.058911721168759}, 'passingDowns': {'rate': 0.2736842105263158, 'ppa': 1.0324785278304685, 'successRate': 0.5769230769230769, 'explosiveness': 1.9992366345504198}, 'rushingPlays': {'rate': 0.6105263157894737, 'ppa': 0.32407303415614797, 'totalPPA': 18.796235981056583, 'successRate': 0.5344827586206896, 'explosiveness': 1.060199625379372}, 'passingPlays': {'rate': 0.37894736842105264, 'ppa': 0.4334826241719876, 'totalPPA': 15.605374470191554, 'successRate': 0.5277777777777778, 'explosiveness': 1.7877191467817546}}","{'plays': 50, 'drives': 13, 'ppa': -0.30114137984516925, 'totalPPA': -15.057068992258463, 'successRate': 0.24, 'explosiveness': 0.9456595506388837, 'powerSuccess': 0.6666666666666666, 'stuffRate': 0.3181818181818182, 'lineYards': 1.9363636363636365, 'lineYardsTotal': 43, 'secondLevelYards': 0.7727272727272727, 'secondLevelYardsTotal': 17, 'openFieldYards': 0.045454545454545456, 'openFieldYardsTotal': 0, 'totalOpportunies': 3, 'pointsPerOpportunity': 3.3333333333333335, 'fieldPosition': {'averageStart': 74, 'averagePredictedPoints': -1.069}, 'havoc': {'total': 0.28, 'frontSeven': 0.22, 'db': 0.06}, 'standardDowns': {'rate': 0.56, 'ppa': -0.14871560940554143, 'successRate': 0.39285714285714285, 'explosiveness': 0.9778286503494761}, 'passingDowns': {'rate': 0.44, 'ppa': -0.49513781495015013, 'totalPPA': -9.377224072850622, 'successRate': 0.045454545454545456, 'explosiveness': 0.5917994538223681}, 'rushingPlays': {'rate': 0.44, 'ppa': -0.2075215324935029, 'totalPPA': -4.565473714857064, 'successRate': 0.3181818181818182, 'explosiveness': 0.6871392955561845}, 'passingPlays': {'rate': 0.52, 'ppa': -0.36066246434040855, 'totalPPA': -9.377224072850622, 'successRate': 0.19230769230769232, 'explosiveness': 1.3075879077546626}}"
2026,Marshall,Sun Belt,"{'plays': 55, 'drives': 12, 'ppa': -0.37020219117621195, 'totalPPA': -20.361120514691656, 'successRate': 0.2909090909090909, 'explosiveness': 0.8874228649697032, 'powerSuccess': 0.5, 'stuffRate': 0.4166666666666667, 'lineYards': 1.0458333333333334, 'lineYardsTotal': 25, 'secondLevelYards': 0.2916666666666667, 'secondLevelYardsTotal': 7, 'openFieldYards': 0, 'openFieldYardsTotal': 0, 'totalOpportunies': 2, 'pointsPerOpportunity': 0, 'fieldPosition': {'averageStart': 77.3, 'averagePredictedPoints': 0.884}, 'havoc': {'total': 0.255, 'frontSeven': 0.2, 'db': 0.055}, 'standardDowns': {'rate': 0.6363636363636364, 'ppa': -0.6371306192253273, 'successRate': 0.34285714285714286, 'explosiveness': 0.5418323886349067}, 'passingDowns': {'rate': 0.36363636363636365, 'ppa': 0.0969225579097399, 'successRate': 0.2, 'explosiveness': 1.924194293974093}, 'rushingPlays': {'rate': 0.43636363636363634, 'ppa': -0.7281554584552749, 'totalPPA': -17.475731002926597, 'successRate': 0.25, 'explosiveness': 0.29984693277928925}, 'passingPlays': {'rate': 0.5272727272727272, 'ppa': 0.07426195186585535, 'totalPPA': 2.153596604109805, 'successRate': 0.3448275862068966, 'explosiveness': 1.2399684242839517}}","{'plays': 74, 'drives': 12, 'ppa': 0.4220959538823401, 'totalPPA': 31.235100587293168, 'successRate': 0.5135135135135135, 'explosiveness': 1.2946795341133903, 'powerSuccess': 0.8571428571428571, 'stuffRate': 0.13636363636363635, 'lineYards': 3.1204545454545456, 'lineYardsTotal': 137, 'secondLevelYards': 0.6363636363636364, 'secondLevelYardsTotal': 28, 'openFieldYards': 0.13636363636363635, 'openFieldYardsTotal': 0, 'totalOpportunies': 7, 'pointsPerOpportunity': 5.428571428571429, 'fieldPosition': {'averageStart': 64.9, 'averagePredictedPoints': -1.836}, 'havoc': {'total': 0.095, 'frontSeven': 0.054, 'db': 0.041}, 'standardDowns': {'rate': 0.7972972972972973, 'ppa': 0.3749893053086731, 'successRate': 0.559322033898305, 'explosiveness': 1.122172470871311}, 'passingDowns': {'rate': 0.20270270270270271, 'ppa': 0.6073821049387638, 'totalPPA': 25.997054544156182, 'successRate': 0.3333333333333333, 'explosiveness': 2.4332261515111138}, 'rushingPlays': {'rate': 0.5945945945945946, 'ppa': 0.10799314327687515, 'totalPPA': 4.751698304182507, 'successRate': 0.4772727272727273, 'explosiveness': 0.7234414501425332}, 'passingPlays': {'rate': 0.3783783783783784, 'ppa': 0.9284662337198636, 'totalPPA': 25.997054544156182, 'successRate': 0.5357142857142857, 'explosiveness': 2.23461360695741}}"
2026,Maryland,Big Ten,"{'plays': 79, 'drives': 13, 'ppa': 0.4837697002405213, 'totalPPA': 38.217806319001184, 'successRate': 0.5949367088607594, 'explosiveness': 1.2417666249097736, 'powerSuccess': 0.8333333333333334, 'stuffRate': 0.125, 'lineYards': 4.405, 'lineYardsTotal': 176, 'secondLevelYards': 2.025, 'secondLevelYardsTotal': 81, 'openFieldYards': 3.325, 'openFieldYardsTotal': 133, 'totalOpportunies': 11, 'pointsPerOpportunity': 5, 'fieldPosition': {'averageStart': 63, 'averagePredictedPoints': 2.004}, 'havoc': {'total': 0.076, 'frontSeven': 0.063, 'db': 0.013}, 'standardDowns': {'rate': 0.7974683544303798, 'ppa': 0.5149969683666001, 'successRate': 0.6666666666666666, 'explosiveness': 1.2111597626125519}, 'passingDowns': {'rate': 0.20253164556962025, 'ppa': 0.36081233199408586, 'successRate': 0.3125, 'explosiveness': 1.4988642682064375}, 'rushingPlays': {'rate': 0.5063291139240507, 'ppa': 0.5405085969038307, 'totalPPA': 21.62034387615323, 'successRate': 0.675, 'explosiveness': 1.1749801302047194}, 'passingPlays': {'rate': 0.4810126582278481, 'ppa': 0.4433040002653667, 'totalPPA': 16.845552010083935, 'successRate': 0.5, 'explosiveness': 1.4150872327614696}}","{'plays': 52, 'drives': 13, 'ppa': -0.42519711106074415, 'totalPPA': -22.110249775158696, 'successRate': 0.23076923076923078, 'explosiveness': 0.9748639489021425, 'powerSuccess': 0.3333333333333333, 'stuffRate': 0.3076923076923077, 'lineYards': 1.3115384615384615, 'lineYardsTotal': 34, 'secondLevelYards': 0.38461538461538464, 'secondLevelYardsTotal': 10, 'openFieldYards': 0, 'openFieldYardsTotal': 0, 'totalOpportunies': 1, 'pointsPerOpportunity': 0, 'fieldPosition': {'averageStart': 73.2, 'averagePredictedPoints': -1.108}, 'havoc': {'total': 0.269, 'frontSeven': 0.192, 'db': 0.077}, 'standardDowns': {'rate': 0.5384615384615384, 'ppa': -0.5137314782284885, 'successRate': 0.2857142857142857, 'explosiveness': 0.4193538242334076}, 'passingDowns': {'rate': 0.46153846153846156, 'ppa': -0.321907016031709, 'totalPPA': -9.787922550459756, 'successRate': 0.16666666666666666, 'explosiveness': 2.0858841982396124}, 'rushingPlays': {'rate': 0.5, 'ppa': -0.2952263126477063, 'totalPPA': -7.675884128840364, 'successRate': 0.2692307692307692, 'explosiveness': 0.6702635439879396}, 'passingPlays': {'rate': 0.4423076923076923, 'ppa': -0.4255618500199894, 'totalPPA': -9.787922550459756, 'successRate': 0.21739130434782608, 'explosiveness': 1.4013045157820263}}"
2026,Massachusetts,Mid-American,"{'plays': 65, 'drives': 12, 'ppa': 0.32997264174661556, 'totalPPA': 21.44822171353001, 'successRate': 0.5230769230769231, 'explosiveness': 1.040597861761411, 'powerSuccess': 0.7142857142857143, 'stuffRate': 0.175, 'lineYards': 3.375, 'lineYardsTotal': 135, 'secondLevelYards': 1.4, 'secondLevelYardsTotal': 56, 'openFieldYards': 0.65, 'openFieldYardsTotal': 26, 'totalOpportunies': 9, 'pointsPerOpportunity': 4.111111111111111, 'fieldPosition': {'averageStart': 65.5, 'averagePredictedPoints': 1.744}, 'havoc': {'total': 0.092, 'frontSeven': 0.077, 'db': 0.015}, 'standardDowns': {'rate': 0.7384615384615385, 'ppa': 0.2323941537810675, 'successRate': 0.5625, 'explosiveness': 0.893121513925548}, 'passingDowns': {'rate': 0.26153846153846155, 'ppa': 0.6054883724728688, 'successRate': 0.4117647058823529, 'explosiveness': 1.6094352034140247}, 'rushingPlays': {'rate': 0.6153846153846154, 'ppa': 0.17148115797016708, 'totalPPA': 6.859246318806683, 'successRate': 0.525, 'explosiveness': 0.7701737492701682}, 'passingPlays': {'rate': 0.35384615384615387, 'ppa': 0.6466129593656755, 'totalPPA': 14.872098065410537, 'successRate': 0.5217391304347826, 'explosiveness': 1.5287858733690318}}","{'plays': 63, 'drives': 12, 'ppa': -0.01985900010564004, 'totalPPA': -1.2511170066553225, 'successRate': 0.3968253968253968, 'explosiveness': 1.561455323235606, 'powerSuccess': 0.6, 'stuffRate': 0.25, 'lineYards': 1.93, 'lineYardsTotal': 39, 'secondLevelYards': 0, 'secondLevelYardsTotal': 0, 'openFieldYards': 0, 'openFieldYardsTotal': 0, 'totalOpportunies': 5, 'pointsPerOpportunity': 2.8, 'fieldPosition': {'averageStart': 75.8, 'averagePredictedPoints': -1.01}, 'havoc': {'total': 0.27, 'frontSeven': 0.127, 'db': 0.143}, 'standardDowns': {'rate': 0.6984126984126984, 'ppa': -0.2525673779623286, 'successRate': 0.4090909090909091, 'explosiveness': 1.1791226922378115}, 'passingDowns': {'rate': 0.30158730158730157, 'ppa': 0.5190446117730071, 'totalPPA': 8.059155514230527, 'successRate': 0.3684210526315789, 'explosiveness': 2.5445963743727917}, 'rushingPlays': {'rate': 0.31746031746031744, 'ppa': -0.5619235115273845, 'totalPPA': -11.238470230547689, 'successRate': 0.3, 'explosiveness': 0.6435225085892998}, 'passingPlays': {'rate': 0.6666666666666666, 'ppa': 0.19188465510072683, 'totalPPA': 8.059155514230527, 'successRate': 0.42857142857142855, 'explosiveness': 1.8470583510940284}}"
2026,Memphis,American Athletic,"{'plays': 124, 'drives': 24, 'ppa': 0.3292815054393884, 'totalPPA': 40.830906674484154, 'successRate': 0.4838709677419355, 'explosiveness': 1.2314248040610478, 'powerSuccess': 0.7142857142857143, 'stuffRate': 0.1, 'lineYards': 3.74625, 'lineYardsTotal': 300, 'secondLevelYards': 1.425, 'secondLevelYardsTotal': 114, 'openFieldYards': 2.3125, 'openFieldYardsTotal': 185, 'totalOpportunies': 11, 'pointsPerOpportunity': 5, 'fieldPosition': {'averageStart': 77.3, 'averagePredictedPoints': 0.89}, 'havoc': {'total': 0.105, 'frontSeven': 0.048, 'db': 0.056}, 'standardDowns': {'rate': 0.75, 'ppa': 0.300188354863722, 'successRate': 0.5376344086021505, 'explosiveness': 1.009964685107333}, 'passingDowns': {'rate': 0.25, 'ppa': 0.4165609571663876, 'successRate': 0.3225806451612903, 'explosiveness': 2.3387253988296224}, 'rushingPlays': {'rate': 0.6451612903225806, 'ppa': 0.24812349570711734, 'totalPPA': 19.84987965656939, 'successRate': 0.5, 'explosiveness': 0.907141036928922}, 'passingPlays': {'rate': 0.33064516129032256, 'ppa': 0.610977423719788, 'totalPPA': 25.050074372511308, 'successRate': 0.4634146341463415, 'explosiveness': 1.973994512770858}}","{'plays': 141, 'drives': 25, 'ppa': 0.05033985178865162, 'totalPPA': 7.097919102199878, 'successRate': 0.40425531914893614, 'explosiveness': 1.354451927678599, 'powerSuccess': 0.8888888888888888, 'stuffRate': 0.15, 'lineYards': 2.955, 'lineYardsTotal': 177, 'secondLevelYards': 1.1666666666666667, 'secondLevelYardsTotal': 70, 'openFieldYards': 1.9833333333333334, 'openFieldYardsTotal': 0, 'totalOpportunies': 14, 'pointsPerOpportunity': 2.7142857142857144, 'fieldPosition': {'averageStart': 71.9, 'averagePredictedPoints': -1.236}, 'havoc': {'total': 0.177, 'frontSeven': 0.121, 'db': 0.057}, 'standardDowns': {'rate': 0.624113475177305, 'ppa': 0.26339922023145174, 'successRate': 0.5340909090909091, 'explosiveness': 1.191205797753719}, 'passingDowns': {'rate': 0.375886524822695, 'ppa': -0.3034190995880731, 'totalPPA': 2.9322438803673347, 'successRate': 0.18867924528301888, 'explosiveness': 2.1217087383255353}, 'rushingPlays': {'rate': 0.425531914893617, 'ppa': 0.20007071415341268, 'totalPPA': 12.004242849204761, 'successRate': 0.45, 'explosiveness': 1.0678235035412187}, 'passingPlays': {'rate': 0.5390070921985816, 'ppa': 0.038582156320622826, 'totalPPA': 2.9322438803673347, 'successRate': 0.39473684210526316, 'explosiveness': 1.6124175094022413}}"
2026,Miami,ACC,"{'plays': 69, 'drives': 11, 'ppa': 0.46006952772463916, 'totalPPA': 31.744797413000104, 'successRate': 0.5507246376811594, 'explosiveness': 1.3520221510306736, 'powerSuccess': 1, 'stuffRate': 0.1875, 'lineYards': 2.8875, 'lineYardsTotal': 92, 'secondLevelYards': 0.78125, 'secondLevelYardsTotal': 25, 'openFieldYards': 0.3125, 'openFieldYardsTotal': 10, 'totalOpportunies': 7, 'pointsPerOpportunity': 6.428571428571429, 'fieldPosition': {'averageStart': 73.8, 'averagePredictedPoints': 1.116}, 'havoc': {'total': 0.058, 'frontSeven': 0.043, 'db': 0.014}, 'standardDowns': {'rate': 0.7536231884057971, 'ppa': 0.3789935603305439, 'successRate': 0.5961538461538461, 'explosiveness': 1.1593823796580236}, 'passingDowns': {'rate': 0.2463768115942029, 'ppa': 0.708066604459519, 'successRate': 0.4117647058823529, 'explosiveness': 2.2051411385381234}, 'rushingPlays': {'rate': 0.463768115942029, 'ppa': -0.026731357556961984, 'totalPPA': -0.8554034418227835, 'successRate': 0.40625, 'explosiveness': 0.7507806736880458}, 'passingPlays': {'rate': 0.4927536231884058, 'ppa': 1.1006095141145866, 'totalPPA': 37.42072347989594, 'successRate': 0.7352941176470589, 'explosiveness': 1.66466771924884}}","{'plays': 66, 'drives': 11, 'ppa': 0.006958589787676311, 'totalPPA': 0.4592669259866365, 'successRate': 0.3333333333333333, 'explosiveness': 1.055218786150604, 'powerSuccess': 1, 'stuffRate': 0.22727272727272727, 'lineYards': 2.65, 'lineYardsTotal': 58, 'secondLevelYards': 0.5, 'secondLevelYardsTotal': 11, 'openFieldYards': 0.7727272727272727, 'openFieldYardsTotal': 0, 'totalOpportunies': 4, 'pointsPerOpportunity': 1.5, 'fieldPosition': {'averageStart': 79.5, 'averagePredictedPoints': -0.713}, 'havoc': {'total': 0.106, 'frontSeven': 0.03, 'db': 0.076}, 'standardDowns': {'rate': 0.6212121212121212, 'ppa': -0.01247816979321884, 'successRate': 0.3902439024390244, 'explosiveness': 0.7866480280840117}, 'passingDowns': {'rate': 0.3787878787878788, 'ppa': 0.03883487550034436, 'totalPPA': 3.161498587491361, 'successRate': 0.24, 'explosiveness': 1.7714074743281831}, 'rushingPlays': {'rate': 0.3333333333333333, 'ppa': -0.0813267520924387, 'totalPPA': -1.7891885460336514, 'successRate': 0.22727272727272727, 'explosiveness': 0.8906926027661041}, 'passingPlays': {'rate': 0.6515151515151515, 'ppa': 0.07352322296491537, 'totalPPA': 3.161498587491361, 'successRate': 0.3953488372093023, 'explosiveness': 1.1036088400872215}}"
2026,Miami (OH),Mid-American,"{'plays': 59, 'drives': 12, 'ppa': 0.07433275291357205, 'totalPPA': 4.385632421900751, 'successRate': 0.3220338983050847, 'explosiveness': 1.5292950729514843, 'powerSuccess': 1, 'stuffRate': 0.15789473684210525, 'lineYards': 2.1894736842105265, 'lineYardsTotal': 42, 'secondLevelYards': 0.42105263157894735, 'secondLevelYardsTotal': 8, 'openFieldYards': 0.05263157894736842, 'openFieldYardsTotal': 1, 'totalOpportunies': 2, 'pointsPerOpportunity': 3.5, 'fieldPosition': {'averageStart': 75.3, 'averagePredictedPoints': 1.036}, 'havoc': {'total': 0.102, 'frontSeven': 0.051, 'db': 0.051}, 'standardDowns': {'rate': 0.559322033898305, 'ppa': 0.03417207056965928, 'successRate': 0.36363636363636365, 'explosiveness': 1.244365075727233}, 'passingDowns': {'rate': 0.4406779661016949, 'ppa': 0.12530592665776902, 'successRate': 0.2692307692307692, 'explosiveness': 2.0177464967644863}, 'rushingPlays': {'rate': 0.3220338983050847, 'ppa': -0.14017522679947672, 'totalPPA': -2.663329309190058, 'successRate': 0.2631578947368421, 'explosiveness': 0.7911987008098379}, 'passingPlays': {'rate': 0.6440677966101694, 'ppa': 0.26432828059254493, 'totalPPA': 10.044474662516707, 'successRate': 0.3684210526315789, 'explosiveness': 1.7929009201449293}}","{'plays': 77, 'drives': 12, 'ppa': 0.4239789195307833, 'totalPPA': 32.64637680387031, 'successRate': 0.5454545454545454, 'explosiveness': 1.338185183481556, 'powerSuccess': 0.6, 'stuffRate': 0.2, 'lineYards': 3.2466666666666666, 'lineYardsTotal': 97, 'secondLevelYards': 1.2, 'secondLevelYardsTotal': 36, 'openFieldYards': 1.5666666666666667, 'openFieldYardsTotal': 0, 'totalOpportunies': 7, 'pointsPerOpportunity': 5.428571428571429, 'fieldPosition': {'averageStart': 70.8, 'averagePredictedPoints': -1.424}, 'havoc': {'total': 0.078, 'frontSeven': 0.039, 'db': 0.039}, 'standardDowns': {'rate': 0.7272727272727273, 'ppa': 0.20389055645354456, 'successRate': 0.5357142857142857, 'explosiveness': 1.0591007926578526}, 'passingDowns': {'rate': 0.2727272727272727, 'ppa': 1.0108812210700866, 'totalPPA': 32.28029096711912, 'successRate': 0.5714285714285714, 'explosiveness': 2.0358961605408146}, 'rushingPlays': {'rate': 0.38961038961038963, 'ppa': 0.05616748390230182, 'totalPPA': 1.6850245170690545, 'successRate': 0.43333333333333335, 'explosiveness': 1.0434651406188011}, 'passingPlays': {'rate': 0.5844155844155844, 'ppa': 0.7173397992693138, 'totalPPA': 32.28029096711912, 'successRate': 0.6222222222222222, 'explosiveness': 1.4840411559607873}}"
2026,Michigan,Big Ten,"{'plays': 48, 'drives': 10, 'ppa': 0.14635091914196965, 'totalPPA': 7.024844118814543, 'successRate': 0.4375, 'explosiveness': 1.0790058466360366, 'powerSuccess': 0.75, 'stuffRate': 0.08333333333333333, 'lineYards': 3.3958333333333335, 'lineYardsTotal': 82, 'secondLevelYards': 1.125, 'secondLevelYardsTotal': 27, 'openFieldYards': 0.3333333333333333, 'openFieldYardsTotal': 8, 'totalOpportunies': 2, 'pointsPerOpportunity': 3.5, 'fieldPosition': {'averageStart': 82.7, 'averagePredictedPoints': 0.568}, 'havoc': {'total': 0.167, 'frontSeven': 0.063, 'db': 0.104}, 'standardDowns': {'rate': 0.7083333333333334, 'ppa': -0.021168169758945758, 'successRate': 0.5, 'explosiveness': 0.7133188774820649}, 'passingDowns': {'rate': 0.2916666666666667, 'ppa': 0.5531829921870499, 'successRate': 0.2857142857142857, 'explosiveness': 2.633175465540416}, 'rushingPlays': {'rate': 0.5, 'ppa': 0.1606633176163958, 'totalPPA': 3.8559196227934995, 'successRate': 0.4583333333333333, 'explosiveness': 0.5682578121405988}, 'passingPlays': {'rate': 0.5, 'ppa': 0.13203852066754349, 'totalPPA': 3.168924496021044, 'successRate': 0.4166666666666667, 'explosiveness': 1.640828684581018}}","{'plays': 70, 'drives': 11, 'ppa': -0.04488868271581797, 'totalPPA': -3.1422077901072574, 'successRate': 0.32857142857142857, 'explosiveness': 1.0681220061704584, 'powerSuccess': 0.6666666666666666, 'stuffRate': 0.18181818181818182, 'lineYards': 2.6613636363636366, 'lineYardsTotal': 117, 'secondLevelYards': 0.5681818181818182, 'secondLevelYardsTotal': 25, 'openFieldYards': 0.045454545454545456, 'openFieldYardsTotal': 0, 'totalOpportunies': 7, 'pointsPerOpportunity': 1.7142857142857142, 'fieldPosition': {'averageStart': 61.6, 'averagePredictedPoints': -1.947}, 'havoc': {'total': 0.157, 'frontSeven': 0.129, 'db': 0.029}, 'standardDowns': {'rate': 0.6428571428571429, 'ppa': -0.22513277423716768, 'successRate': 0.37777777777777777, 'explosiveness': 0.7020220388304002}, 'passingDowns': {'rate': 0.35714285714285715, 'ppa': 0.2795506820226115, 'totalPPA': -4.394926311973764, 'successRate': 0.24, 'explosiveness': 2.10540524696729}, 'rushingPlays': {'rate': 0.6285714285714286, 'ppa': -0.03892261708414375, 'totalPPA': -1.7125951517023248, 'successRate': 0.36363636363636365, 'explosiveness': 0.7705097332466628}, 'passingPlays': {'rate': 0.32857142857142857, 'ppa': -0.19108375269451147, 'totalPPA': -4.394926311973764, 'successRate': 0.2608695652173913, 'explosiveness': 1.4903807397953972}}"
2026,Michigan State,Big Ten,"{'plays': 85, 'drives': 11, 'ppa': 0.00822733839441371, 'totalPPA': 0.6993237635251655, 'successRate': 0.3764705882352941, 'explosiveness': 1.097389911197236, 'powerSuccess': 0.3333333333333333, 'stuffRate': 0.2127659574468085, 'lineYards': 2.7978723404255317, 'lineYardsTotal': 132, 'secondLevelYards': 0.851063829787234, 'secondLevelYardsTotal': 40, 'openFieldYards': 0.3829787234042553, 'openFieldYardsTotal': 18, 'totalOpportunies': 10, 'pointsPerOpportunity': 2.9, 'fieldPosition': {'averageStart': 60.7, 'averagePredictedPoints': 2.098}, 'havoc': {'total': 0.106, 'frontSeven': 0.071, 'db': 0.035}, 'standardDowns': {'rate': 0.7294117647058823, 'ppa': -0.0035962109942563898, 'successRate': 0.43548387096774194, 'explosiveness': 0.9597323444619071}, 'passingDowns': {'rate': 0.27058823529411763, 'ppa': 0.040099515007350504, 'successRate': 0.21739130434782608, 'explosiveness': 1.8407407715680115}, 'rushingPlays': {'rate': 0.5529411764705883, 'ppa': -0.1833864282383482, 'totalPPA': -8.619162127202365, 'successRate': 0.2978723404255319, 'explosiveness': 0.7639351229392478}, 'passingPlays': {'rate': 0.4235294117647059, 'ppa': 0.3376031530522798, 'totalPPA': 12.153713509882072, 'successRate': 0.5, 'explosiveness': 1.3567436353978934}}","{'plays': 42, 'drives': 10, 'ppa': 0.09590193517818776, 'totalPPA': 4.027881277483886, 'successRate': 0.2857142857142857, 'explosiveness': 2.3449878397908352, 'powerSuccess': 0, 'stuffRate': 0.4444444444444444, 'lineYards': 1.1388888888888888, 'lineYardsTotal': 21, 'secondLevelYards': 0.7222222222222222, 'secondLevelYardsTotal': 13, 'openFieldYards': 3.5, 'openFieldYardsTotal': 0, 'totalOpportunies': 4, 'pointsPerOpportunity': 3.5, 'fieldPosition': {'averageStart': 76.7, 'averagePredictedPoints': -0.855}, 'havoc': {'total': 0.262, 'frontSeven': 0.143, 'db': 0.119}, 'standardDowns': {'rate': 0.5952380952380952, 'ppa': -0.4892014538523655, 'successRate': 0.28, 'explosiveness': 0.9330675590588099}, 'passingDowns': {'rate': 0.40476190476190477, 'ppa': 0.9563480955172368, 'totalPPA': 3.6162717357300527, 'successRate': 0.29411764705882354, 'explosiveness': 4.32167623281567}, 'rushingPlays': {'rate': 0.42857142857142855, 'ppa': 0.04700989169780754, 'totalPPA': 0.8461780505605357, 'successRate': 0.2222222222222222, 'explosiveness': 2.1253558762230744}, 'passingPlays': {'rate': 0.5476190476190477, 'ppa': 0.15722920590130662, 'totalPPA': 3.6162717357300527, 'successRate': 0.34782608695652173, 'explosiveness': 2.4548038215747154}}"
2026,Middle Tennessee,Conference USA,"{'plays': 50, 'drives': 8, 'ppa': 0.3932789011557185, 'totalPPA': 19.663945057785927, 'successRate': 0.5, 'explosiveness': 1.3001270636879156, 'powerSuccess': 0.5, 'stuffRate': 0.09090909090909091, 'lineYards': 4.445454545454545, 'lineYardsTotal': 98, 'secondLevelYards': 2.1818181818181817, 'secondLevelYardsTotal': 48, 'openFieldYards': 3.090909090909091, 'openFieldYardsTotal': 68, 'totalOpportunies': 6, 'pointsPerOpportunity': 5.166666666666667, 'fieldPosition': {'averageStart': 71, 'averagePredictedPoints': 1.514}, 'havoc': {'total': 0.06, 'frontSeven': 0.04, 'db': 0.02}, 'standardDowns': {'rate': 0.78, 'ppa': 0.36628137473271105, 'successRate': 0.5128205128205128, 'explosiveness': 1.051574311362976}, 'passingDowns': {'rate': 0.22, 'ppa': 0.4889974039281995, 'successRate': 0.45454545454545453, 'explosiveness': 2.294338072987674}, 'rushingPlays': {'rate': 0.44, 'ppa': 0.5229141950973848, 'totalPPA': 11.504112292142466, 'successRate': 0.5454545454545454, 'explosiveness': 1.2605580521355675}, 'passingPlays': {'rate': 0.52, 'ppa': 0.3175674616882728, 'totalPPA': 8.256754003895095, 'successRate': 0.5, 'explosiveness': 1.3366523051208523}}","{'plays': 50, 'drives': 9, 'ppa': 0.13565207930812778, 'totalPPA': 6.782603965406389, 'successRate': 0.44, 'explosiveness': 1.1883566697542824, 'powerSuccess': 0.8333333333333334, 'stuffRate': 0.14814814814814814, 'lineYards': 3.1259259259259258, 'lineYardsTotal': 84, 'secondLevelYards': 1.1111111111111112, 'secondLevelYardsTotal': 30, 'openFieldYards': 1.3703703703703705, 'openFieldYardsTotal': 0, 'totalOpportunies': 2, 'pointsPerOpportunity': 3.5, 'fieldPosition': {'averageStart': 79.6, 'averagePredictedPoints': -0.664}, 'havoc': {'total': 0.1, 'frontSeven': 0.04, 'db': 0.06}, 'standardDowns': {'rate': 0.7, 'ppa': -0.021482746373777967, 'successRate': 0.4857142857142857, 'explosiveness': 1.006856731561164}, 'passingDowns': {'rate': 0.3, 'ppa': 0.5023000058992413, 'totalPPA': 5.204741637544325, 'successRate': 0.3333333333333333, 'explosiveness': 1.805456459610885}, 'rushingPlays': {'rate': 0.54, 'ppa': 0.06499230399346646, 'totalPPA': 1.7547922078235942, 'successRate': 0.48148148148148145, 'explosiveness': 1.1533223251752722}, 'passingPlays': {'rate': 0.44, 'ppa': 0.23657916534292386, 'totalPPA': 5.204741637544325, 'successRate': 0.4090909090909091, 'explosiveness': 1.2389618341461859}}"
2026,Minnesota,Big Ten,"{'plays': 73, 'drives': 10, 'ppa': 0.3413047802925079, 'totalPPA': 24.915248961353075, 'successRate': 0.6027397260273972, 'explosiveness': 0.9738278918333612, 'powerSuccess': 0.6666666666666666, 'stuffRate': 0.23076923076923078, 'lineYards': 2.4615384615384617, 'lineYardsTotal': 96, 'secondLevelYards': 1.0256410256410255, 'secondLevelYardsTotal': 40, 'openFieldYards': 0.9487179487179487, 'openFieldYardsTotal': 37, 'totalOpportunies': 9, 'pointsPerOpportunity': 5, 'fieldPosition': {'averageStart': 60.4, 'averagePredictedPoints': 2.165}, 'havoc': {'total': 0.137, 'frontSeven': 0.123, 'db': 0.014}, 'standardDowns': {'rate': 0.8082191780821918, 'ppa': 0.2268046030303145, 'successRate': 0.6440677966101694, 'explosiveness': 0.778001580880068}, 'passingDowns': {'rate': 0.1917808219178082, 'ppa': 0.8238412416117515, 'successRate': 0.42857142857142855, 'explosiveness': 2.2140611945375515}, 'rushingPlays': {'rate': 0.5342465753424658, 'ppa': 0.10177636781097557, 'totalPPA': 3.9692783446280475, 'successRate': 0.5641025641025641, 'explosiveness': 0.679917206391742}, 'passingPlays': {'rate': 0.4383561643835616, 'ppa': 0.6291761875299297, 'totalPPA': 20.13363800095775, 'successRate': 0.65625, 'explosiveness': 1.2213367599478637}}","{'plays': 46, 'drives': 13, 'ppa': -0.38400880272659443, 'totalPPA': -17.664404925423344, 'successRate': 0.10869565217391304, 'explosiveness': 1.6579740660748787, 'powerSuccess': 0, 'stuffRate': 0.4444444444444444, 'lineYards': 1.325925925925926, 'lineYardsTotal': 36, 'secondLevelYards': 0.4074074074074074, 'secondLevelYardsTotal': 11, 'openFieldYards': 0.25925925925925924, 'openFieldYardsTotal': 0, 'totalOpportunies': 4, 'pointsPerOpportunity': 1.75, 'fieldPosition': {'averageStart': 79.5, 'averagePredictedPoints': -0.714}, 'havoc': {'total': 0.283, 'frontSeven': 0.239, 'db': 0.043}, 'standardDowns': {'rate': 0.45652173913043476, 'ppa': -0.6928951904345233, 'successRate': 0.09523809523809523, 'explosiveness': 1.5735094769475964}, 'passingDowns': {'rate': 0.5434782608695652, 'ppa': -0.12454423705193411, 'totalPPA': 5.688568820017439, 'successRate': 0.12, 'explosiveness': 1.7142837921597338}, 'rushingPlays': {'rate': 0.5869565217391305, 'ppa': -0.3236576428470847, 'totalPPA': -8.738756356871287, 'successRate': 0.07407407407407407, 'explosiveness': 0.3602993000239852}, 'passingPlays': {'rate': 0.34782608695652173, 'ppa': 0.35553555125108993, 'totalPPA': 5.688568820017439, 'successRate': 0.1875, 'explosiveness': 2.5230905767754743}}"
2026,Mississippi State,SEC,"{'plays': 79, 'drives': 13, 'ppa': 0.6380275101586687, 'totalPPA': 50.40417330253483, 'successRate': 0.5822784810126582, 'explosiveness': 1.4780996639334054, 'powerSuccess': 1, 'stuffRate': 0.13513513513513514, 'lineYards': 4.127027027027027, 'lineYardsTotal': 153, 'secondLevelYards': 1.864864864864865, 'secondLevelYardsTotal': 69, 'openFieldYards': 3.918918918918919, 'openFieldYardsTotal': 145, 'totalOpportunies': 10, 'pointsPerOpportunity': 4.8, 'fieldPosition': {'averageStart': 70.2, 'averagePredictedPoints': 1.366}, 'havoc': {'total': 0.101, 'frontSeven': 0.013, 'db': 0.089}, 'standardDowns': {'rate': 0.7341772151898734, 'ppa': 0.44159096854898633, 'successRate': 0.6206896551724138, 'explosiveness': 1.1394255680950125}, 'passingDowns': {'rate': 0.26582278481012656, 'ppa': 1.1805665298425532, 'successRate': 0.47619047619047616, 'explosiveness': 2.69732640895162}, 'rushingPlays': {'rate': 0.46835443037974683, 'ppa': 0.6611364542255747, 'totalPPA': 24.46204880634626, 'successRate': 0.5945945945945946, 'explosiveness': 1.4497120734797422}, 'passingPlays': {'rate': 0.5316455696202531, 'ppa': 0.6176696308616325, 'totalPPA': 25.942124496188566, 'successRate': 0.5714285714285714, 'explosiveness': 1.5041216218492635}}","{'plays': 71, 'drives': 13, 'ppa': -0.08243843566393148, 'totalPPA': -5.8531289321391355, 'successRate': 0.29577464788732394, 'explosiveness': 1.0528206054479607, 'powerSuccess': 0.4, 'stuffRate': 0.10526315789473684, 'lineYards': 2.860526315789474, 'lineYardsTotal': 109, 'secondLevelYards': 0.7894736842105263, 'secondLevelYardsTotal': 30, 'openFieldYards': 0.4473684210526316, 'openFieldYardsTotal': 0, 'totalOpportunies': 4, 'pointsPerOpportunity': 3.25, 'fieldPosition': {'averageStart': 76.8, 'averagePredictedPoints': -0.831}, 'havoc': {'total': 0.155, 'frontSeven': 0.099, 'db': 0.056}, 'standardDowns': {'rate': 0.7605633802816901, 'ppa': -0.1185532832132223, 'successRate': 0.3333333333333333, 'explosiveness': 0.9679531661911556}, 'passingDowns': {'rate': 0.23943661971830985, 'ppa': 0.032279315374992255, 'totalPPA': -1.7828276648433266, 'successRate': 0.17647058823529413, 'explosiveness': 1.562025240988792}, 'rushingPlays': {'rate': 0.5352112676056338, 'ppa': -0.056607228076385956, 'totalPPA': -2.1510746669026664, 'successRate': 0.2894736842105263, 'explosiveness': 0.7514187182984963}, 'passingPlays': {'rate': 0.4225352112676056, 'ppa': -0.05942758882811089, 'totalPPA': -1.7828276648433266, 'successRate': 0.3333333333333333, 'explosiveness': 1.3843626813123717}}"
2026,Missouri,SEC,"{'plays': 79, 'drives': 12, 'ppa': 0.3488549133152311, 'totalPPA': 27.559538151903258, 'successRate': 0.569620253164557, 'explosiveness': 1.136914644277926, 'powerSuccess': 0.5714285714285714, 'stuffRate': 0.1590909090909091, 'lineYards': 3.5454545454545454, 'lineYardsTotal': 156, 'secondLevelYards': 1.2727272727272727, 'secondLevelYardsTotal': 56, 'openFieldYards': 0.2727272727272727, 'openFieldYardsTotal': 12, 'totalOpportunies': 10, 'pointsPerOpportunity': 4.5, 'fieldPosition': {'averageStart': 60.8, 'averagePredictedPoints': 2.202}, 'havoc': {'total': 0.101, 'frontSeven': 0.089, 'db': 0.013}, 'standardDowns': {'rate': 0.759493670886076, 'ppa': 0.28339966117636567, 'successRate': 0.6, 'explosiveness': 0.8999445618774151}, 'passingDowns': {'rate': 0.24050632911392406, 'ppa': 0.5555557095432273, 'successRate': 0.47368421052631576, 'explosiveness': 2.084794973879971}, 'rushingPlays': {'rate': 0.5569620253164557, 'ppa': 0.14475204920639367, 'totalPPA': 6.369090165081322, 'successRate': 0.5454545454545454, 'explosiveness': 0.7797119761055444}, 'passingPlays': {'rate': 0.4050632911392405, 'ppa': 0.7137852670450502, 'totalPPA': 22.841128545441606, 'successRate': 0.59375, 'explosiveness': 1.5619430984493647}}","{'plays': 54, 'drives': 11, 'ppa': 0.016517764235387252, 'totalPPA': 0.8919592687109117, 'successRate': 0.2777777777777778, 'explosiveness': 1.51228387460059, 'powerSuccess': 1, 'stuffRate': 0.25, 'lineYards': 2.8321428571428573, 'lineYardsTotal': 79, 'secondLevelYards': 1.1785714285714286, 'secondLevelYardsTotal': 33, 'openFieldYards': 1.8571428571428572, 'openFieldYardsTotal': 0, 'totalOpportunies': 3, 'pointsPerOpportunity': 4.666666666666667, 'fieldPosition': {'averageStart': 75.6, 'averagePredictedPoints': -0.951}, 'havoc': {'total': 0.167, 'frontSeven': 0.148, 'db': 0.019}, 'standardDowns': {'rate': 0.5740740740740741, 'ppa': -0.03350255286300076, 'successRate': 0.3225806451612903, 'explosiveness': 1.1842014638442553}, 'passingDowns': {'rate': 0.42592592592592593, 'ppa': 0.08393645249843197, 'totalPPA': -2.550185914449658, 'successRate': 0.21739130434782608, 'explosiveness': 2.1684486961132596}, 'rushingPlays': {'rate': 0.5185185185185185, 'ppa': 0.206002446882703, 'totalPPA': 5.768068512715684, 'successRate': 0.32142857142857145, 'explosiveness': 1.5584857335058782}, 'passingPlays': {'rate': 0.46296296296296297, 'ppa': -0.10200743657798633, 'totalPPA': -2.550185914449658, 'successRate': 0.24, 'explosiveness': 1.4429810862426578}}"
2026,Missouri State,Conference USA,"{'plays': 41, 'drives': 11, 'ppa': -0.42691766732661474, 'totalPPA': -17.503624360391203, 'successRate': 0.17073170731707318, 'explosiveness': 0.9332823449213844, 'powerSuccess': 0.5, 'stuffRate': 0.2608695652173913, 'lineYards': 1.6434782608695653, 'lineYardsTotal': 38, 'secondLevelYards': 0.17391304347826086, 'secondLevelYardsTotal': 4, 'openFieldYards': 0, 'openFieldYardsTotal': 0, 'totalOpportunies': 1, 'pointsPerOpportunity': 0, 'fieldPosition': {'averageStart': 75.1, 'averagePredictedPoints': 0.962}, 'havoc': {'total': 0.293, 'frontSeven': 0.22, 'db': 0.073}, 'standardDowns': {'rate': 0.6585365853658537, 'ppa': -0.4855674963691295, 'successRate': 0.25925925925925924, 'explosiveness': 0.9332823449213844}, 'passingDowns': {'rate': 0.34146341463414637, 'ppa': -0.313807282744622, 'successRate': 0, 'explosiveness': 0}, 'rushingPlays': {'rate': 0.5609756097560976, 'ppa': -0.5445826686719638, 'totalPPA': -12.525401379455166, 'successRate': 0.2608695652173913, 'explosiveness': 0.764152108380395}, 'passingPlays': {'rate': 0.4146341463414634, 'ppa': -0.2662129000949412, 'totalPPA': -4.525619301614, 'successRate': 0.058823529411764705, 'explosiveness': 1.94806376416732}}","{'plays': 89, 'drives': 12, 'ppa': 0.34706447550851627, 'totalPPA': 30.888738320257946, 'successRate': 0.5842696629213483, 'explosiveness': 1.0755940232268968, 'powerSuccess': 1, 'stuffRate': 0.10416666666666667, 'lineYards': 3.925, 'lineYardsTotal': 188, 'secondLevelYards': 1.6458333333333333, 'secondLevelYardsTotal': 79, 'openFieldYards': 1.5625, 'openFieldYardsTotal': 0, 'totalOpportunies': 10, 'pointsPerOpportunity': 4.8, 'fieldPosition': {'averageStart': 58.1, 'averagePredictedPoints': -2.2}, 'havoc': {'total': 0.124, 'frontSeven': 0.067, 'db': 0.056}, 'standardDowns': {'rate': 0.7303370786516854, 'ppa': 0.3030787160872679, 'successRate': 0.6153846153846154, 'explosiveness': 0.898057301925631}, 'passingDowns': {'rate': 0.2696629213483146, 'ppa': 0.46619257394106395, 'totalPPA': 14.733358064199551, 'successRate': 0.5, 'explosiveness': 1.6673830942311159}, 'rushingPlays': {'rate': 0.5393258426966292, 'ppa': 0.2925463255696909, 'totalPPA': 14.042223627345164, 'successRate': 0.625, 'explosiveness': 0.771465682815412}, 'passingPlays': {'rate': 0.43820224719101125, 'ppa': 0.37777841190255257, 'totalPPA': 14.733358064199551, 'successRate': 0.5128205128205128, 'explosiveness': 1.5336881047311521}}"
2026,Navy,American Athletic,"{'plays': 79, 'drives': 9, 'ppa': 0.4802728873687856, 'totalPPA': 37.94155810213406, 'successRate': 0.6329113924050633, 'explosiveness': 1.0216068152464193, 'powerSuccess': 1, 'stuffRate': 0.0547945205479452, 'lineYards': 4.2753424657534245, 'lineYardsTotal': 312, 'secondLevelYards': 1.5753424657534247, 'secondLevelYardsTotal': 115, 'openFieldYards': 1.5616438356164384, 'openFieldYardsTotal': 114, 'totalOpportunies': 7, 'pointsPerOpportunity': 6, 'fieldPosition': {'averageStart': 69.9, 'averagePredictedPoints': 1.423}, 'havoc': {'total': 0.051, 'frontSeven': 0.038, 'db': 0.013}, 'standardDowns': {'rate': 0.7848101265822784, 'ppa': 0.3936151180489062, 'successRate': 0.6935483870967742, 'explosiveness': 0.7833023919306615}, 'passingDowns': {'rate': 0.21518987341772153, 'ppa': 0.7963188695942282, 'successRate': 0.4117647058823529, 'explosiveness': 2.485476844186074}, 'rushingPlays': {'rate': 0.9240506329113924, 'ppa': 0.5505588805391337, 'totalPPA': 40.19079827935676, 'successRate': 0.6575342465753424, 'explosiveness': 1.0522857118799067}, 'passingPlays': {'rate': 0.0759493670886076, 'ppa': -0.37487336287045014, 'totalPPA': -2.249240177222701, 'successRate': 0.3333333333333333, 'explosiveness': 0.28531329604271904}}","{'plays': 42, 'drives': 9, 'ppa': 0.052850648566673854, 'totalPPA': 2.2197272398003016, 'successRate': 0.2857142857142857, 'explosiveness': 1.901970348855324, 'powerSuccess': None, 'stuffRate': 0.17647058823529413, 'lineYards': 3.264705882352941, 'lineYardsTotal': 56, 'secondLevelYards': 1, 'secondLevelYardsTotal': 17, 'openFieldYards': 0.058823529411764705, 'openFieldYardsTotal': 0, 'totalOpportunies': 2, 'pointsPerOpportunity': 5, 'fieldPosition': {'averageStart': 78.3, 'averagePredictedPoints': -0.768}, 'havoc': {'total': 0.119, 'frontSeven': 0.119, 'db': 0}, 'standardDowns': {'rate': 0.5952380952380952, 'ppa': -0.25705002160460383, 'successRate': 0.32, 'explosiveness': 1.0903492994199855}, 'passingDowns': {'rate': 0.40476190476190477, 'ppa': 0.5085869282303175, 'totalPPA': 8.58917553208637, 'successRate': 0.23529411764705882, 'explosiveness': 3.5252124477260005}, 'rushingPlays': {'rate': 0.40476190476190477, 'ppa': -0.13108802862029134, 'totalPPA': -2.2284964865449526, 'successRate': 0.23529411764705882, 'explosiveness': 0.8010637820670699}, 'passingPlays': {'rate': 0.5238095238095238, 'ppa': 0.39041706964028955, 'totalPPA': 8.58917553208637, 'successRate': 0.36363636363636365, 'explosiveness': 2.452423632249451}}"
2026,NC State,ACC,"{'plays': 51, 'drives': 12, 'ppa': -0.3076030856053669, 'totalPPA': -15.687757365873711, 'successRate': 0.3137254901960784, 'explosiveness': 0.5258948389178301, 'powerSuccess': 1, 'stuffRate': 0.13636363636363635, 'lineYards': 3.140909090909091, 'lineYardsTotal': 69, 'secondLevelYards': 0.8181818181818182, 'secondLevelYardsTotal': 18, 'openFieldYards': 0.22727272727272727, 'openFieldYardsTotal': 5, 'totalOpportunies': 2, 'pointsPerOpportunity': 3.5, 'fieldPosition': {'averageStart': 72.6, 'averagePredictedPoints': 1.192}, 'havoc': {'total': 0.255, 'frontSeven': 0.098, 'db': 0.157}, 'standardDowns': {'rate': 0.6274509803921569, 'ppa': -0.36311600813121664, 'successRate': 0.375, 'explosiveness': 0.22944072753623818}, 'passingDowns': {'rate': 0.37254901960784315, 'ppa': -0.2141076371407779, 'successRate': 0.21052631578947367, 'explosiveness': 1.4152571730626056}, 'rushingPlays': {'rate': 0.43137254901960786, 'ppa': -0.21636704058667744, 'totalPPA': -4.760074892906904, 'successRate': 0.36363636363636365, 'explosiveness': 0.005385467313659106}, 'passingPlays': {'rate': 0.5490196078431373, 'ppa': -0.22605573919996894, 'totalPPA': -6.32956069759913, 'successRate': 0.2857142857142857, 'explosiveness': 1.046404210522001}}","{'plays': 71, 'drives': 12, 'ppa': 0.27262204040865434, 'totalPPA': 19.35616486901446, 'successRate': 0.4788732394366197, 'explosiveness': 1.0612371845133193, 'powerSuccess': 0.8333333333333334, 'stuffRate': 0.14285714285714285, 'lineYards': 3.305357142857143, 'lineYardsTotal': 185, 'secondLevelYards': 1.0178571428571428, 'secondLevelYardsTotal': 57, 'openFieldYards': 0.7678571428571429, 'openFieldYardsTotal': 0, 'totalOpportunies': 7, 'pointsPerOpportunity': 3.857142857142857, 'fieldPosition': {'averageStart': 71, 'averagePredictedPoints': -1.372}, 'havoc': {'total': 0.056, 'frontSeven': 0.042, 'db': 0.014}, 'standardDowns': {'rate': 0.8169014084507042, 'ppa': 0.3298486682065506, 'successRate': 0.5344827586206896, 'explosiveness': 1.0598921882876307}, 'passingDowns': {'rate': 0.18309859154929578, 'ppa': 0.017303239464194195, 'totalPPA': 10.360364834564258, 'successRate': 0.23076923076923078, 'explosiveness': 1.0751354788454355}, 'rushingPlays': {'rate': 0.7887323943661971, 'ppa': 0.1896816679076947, 'totalPPA': 10.622173402830903, 'successRate': 0.48214285714285715, 'explosiveness': 0.8375050020929486}, 'passingPlays': {'rate': 0.16901408450704225, 'ppa': 0.8633637362136882, 'totalPPA': 10.360364834564258, 'successRate': 0.5833333333333334, 'explosiveness': 1.9242041738490343}}"
2026,Nebraska,Big Ten,"{'plays': 74, 'drives': 11, 'ppa': 0.4557263109503398, 'totalPPA': 33.72374701032514, 'successRate': 0.5135135135135135, 'explosiveness': 1.5427897743871417, 'powerSuccess': 0.8333333333333334, 'stuffRate': 0.15, 'lineYards': 3.675, 'lineYardsTotal': 147, 'secondLevelYards': 1.75, 'secondLevelYardsTotal': 70, 'openFieldYards': 1.975, 'openFieldYardsTotal': 79, 'totalOpportunies': 6, 'pointsPerOpportunity': 7, 'fieldPosition': {'averageStart': 70, 'averagePredictedPoints': 1.268}, 'havoc': {'total': 0.149, 'frontSeven': 0.081, 'db': 0.068}, 'standardDowns': {'rate': 0.7432432432432432, 'ppa': 0.30840657439764113, 'successRate': 0.4909090909090909, 'explosiveness': 1.507920652413964}, 'passingDowns': {'rate': 0.25675675675675674, 'ppa': 0.8821781799186779, 'successRate': 0.5789473684210527, 'explosiveness': 1.6283776192303963}, 'rushingPlays': {'rate': 0.5405405405405406, 'ppa': 0.5283032333437723, 'totalPPA': 21.13212933375089, 'successRate': 0.575, 'explosiveness': 1.3283870935548756}, 'passingPlays': {'rate': 0.4594594594594595, 'ppa': 0.370341696369831, 'totalPPA': 12.591617676574254, 'successRate': 0.4411764705882353, 'explosiveness': 1.8715405516632833}}","{'plays': 68, 'drives': 12, 'ppa': 0.06252478632558707, 'totalPPA': 4.251685470139921, 'successRate': 0.35294117647058826, 'explosiveness': 1.3292957874323885, 'powerSuccess': 1, 'stuffRate': 0.12903225806451613, 'lineYards': 3.3967741935483873, 'lineYardsTotal': 105, 'secondLevelYards': 1.096774193548387, 'secondLevelYardsTotal': 34, 'openFieldYards': 0.5161290322580645, 'openFieldYardsTotal': 0, 'totalOpportunies': 5, 'pointsPerOpportunity': 4, 'fieldPosition': {'averageStart': 71.4, 'averagePredictedPoints': -1.264}, 'havoc': {'total': 0.206, 'frontSeven': 0.074, 'db': 0.132}, 'standardDowns': {'rate': 0.6323529411764706, 'ppa': 0.33290069869693495, 'successRate': 0.4883720930232558, 'explosiveness': 1.386358444553564}, 'passingDowns': {'rate': 0.36764705882352944, 'ppa': -0.40252178295313124, 'totalPPA': -5.327780871828956, 'successRate': 0.12, 'explosiveness': 0.9298571875841597}, 'rushingPlays': {'rate': 0.45588235294117646, 'ppa': 0.22417669168728377, 'totalPPA': 6.949477442305797, 'successRate': 0.45161290322580644, 'explosiveness': 1.0478634364015156}, 'passingPlays': {'rate': 0.5, 'ppa': -0.156699437406734, 'totalPPA': -5.327780871828956, 'successRate': 0.23529411764705882, 'explosiveness': 1.6643753071926193}}"
2026,Nevada,Mountain West,"{'plays': 59, 'drives': 12, 'ppa': 0.4976904986574679, 'totalPPA': 29.363739420790605, 'successRate': 0.5084745762711864, 'explosiveness': 1.6496693482013214, 'powerSuccess': 0.8571428571428571, 'stuffRate': 0.19047619047619047, 'lineYards': 3.530952380952381, 'lineYardsTotal': 148, 'secondLevelYards': 1.4761904761904763, 'secondLevelYardsTotal': 62, 'openFieldYards': 3.142857142857143, 'openFieldYardsTotal': 132, 'totalOpportunies': 7, 'pointsPerOpportunity': 6, 'fieldPosition': {'averageStart': 72.5, 'averagePredictedPoints': 1.4}, 'havoc': {'total': 0.068, 'frontSeven': 0.051, 'db': 0.017}, 'standardDowns': {'rate': 0.7627118644067796, 'ppa': 0.40558508159664935, 'successRate': 0.5111111111111111, 'explosiveness': 1.5425444105965496}, 'passingDowns': {'rate': 0.23728813559322035, 'ppa': 0.7937436249243847, 'successRate': 0.5, 'explosiveness': 2.001651286045571}, 'rushingPlays': {'rate': 0.711864406779661, 'ppa': 0.5689590118328903, 'totalPPA': 23.896278496981395, 'successRate': 0.5476190476190477, 'explosiveness': 1.4471478823155413}, 'passingPlays': {'rate': 0.2711864406779661, 'ppa': 0.23040510662376415, 'totalPPA': 3.6864817059802264, 'successRate': 0.375, 'explosiveness': 2.404116655825534}}","{'plays': 84, 'drives': 12, 'ppa': 0.0314012613767752, 'totalPPA': 2.6377059556491167, 'successRate': 0.44047619047619047, 'explosiveness': 0.8915966827384775, 'powerSuccess': 0.6666666666666666, 'stuffRate': 0.1951219512195122, 'lineYards': 2.995121951219512, 'lineYardsTotal': 123, 'secondLevelYards': 0.9512195121951219, 'secondLevelYardsTotal': 39, 'openFieldYards': 0.7560975609756098, 'openFieldYardsTotal': 0, 'totalOpportunies': 5, 'pointsPerOpportunity': 2.8, 'fieldPosition': {'averageStart': 76.1, 'averagePredictedPoints': -0.942}, 'havoc': {'total': 0.119, 'frontSeven': 0.095, 'db': 0.024}, 'standardDowns': {'rate': 0.6309523809523809, 'ppa': 0.0009234222910844964, 'successRate': 0.5094339622641509, 'explosiveness': 0.8304257449480311}, 'passingDowns': {'rate': 0.36904761904761907, 'ppa': 0.08350853465231091, 'totalPPA': 8.185020080989476, 'successRate': 0.3225806451612903, 'explosiveness': 1.0567582147726828}, 'rushingPlays': {'rate': 0.4880952380952381, 'ppa': -0.14744521279583725, 'totalPPA': -6.045253724629327, 'successRate': 0.4634146341463415, 'explosiveness': 0.39477907615244406}, 'passingPlays': {'rate': 0.4880952380952381, 'ppa': 0.19963463612169455, 'totalPPA': 8.185020080989476, 'successRate': 0.43902439024390244, 'explosiveness': 1.4160152674681794}}"
2026,New Mexico,Mountain West,"{'plays': 71, 'drives': 10, 'ppa': 0.21871077160983587, 'totalPPA': 15.528464784298349, 'successRate': 0.49295774647887325, 'explosiveness': 0.9281654236514942, 'powerSuccess': 1, 'stuffRate': 0.07142857142857142, 'lineYards': 3.657142857142857, 'lineYardsTotal': 154, 'secondLevelYards': 1.2142857142857142, 'secondLevelYardsTotal': 51, 'openFieldYards': 0.7619047619047619, 'openFieldYardsTotal': 32, 'totalOpportunies': 8, 'pointsPerOpportunity': 4.625, 'fieldPosition': {'averageStart': 65.9, 'averagePredictedPoints': 1.743}, 'havoc': {'total': 0.085, 'frontSeven': 0.056, 'db': 0.028}, 'standardDowns': {'rate': 0.7746478873239436, 'ppa': 0.30126777320469217, 'successRate': 0.5454545454545454, 'explosiveness': 0.9171483080509165}, 'passingDowns': {'rate': 0.22535211267605634, 'ppa': -0.06507892137248254, 'successRate': 0.3125, 'explosiveness': 0.9942681172549603}, 'rushingPlays': {'rate': 0.5915492957746479, 'ppa': 0.34322399643343376, 'totalPPA': 14.415407850204218, 'successRate': 0.5, 'explosiveness': 1.012364601316946}, 'passingPlays': {'rate': 0.38028169014084506, 'ppa': 0.06876151717948727, 'totalPPA': 1.8565609638461564, 'successRate': 0.5185185185185185, 'explosiveness': 0.8018666571533165}}","{'plays': 49, 'drives': 10, 'ppa': -0.18361237950368256, 'totalPPA': -8.997006595680446, 'successRate': 0.2653061224489796, 'explosiveness': 1.2713447189179048, 'powerSuccess': 0.6666666666666666, 'stuffRate': 0.03333333333333333, 'lineYards': 2.8266666666666667, 'lineYardsTotal': 85, 'secondLevelYards': 1.1, 'secondLevelYardsTotal': 33, 'openFieldYards': 0.6666666666666666, 'openFieldYardsTotal': 0, 'totalOpportunies': 1, 'pointsPerOpportunity': 7, 'fieldPosition': {'averageStart': 74.8, 'averagePredictedPoints': -0.947}, 'havoc': {'total': 0.204, 'frontSeven': 0.102, 'db': 0.102}, 'standardDowns': {'rate': 0.6122448979591837, 'ppa': -0.3312847541690672, 'successRate': 0.3, 'explosiveness': 1.2124472686794374}, 'passingDowns': {'rate': 0.3877551020408163, 'ppa': 0.049554527862714255, 'totalPPA': -1.89972949110126, 'successRate': 0.21052631578947367, 'explosiveness': 1.4038639819544563}, 'rushingPlays': {'rate': 0.6122448979591837, 'ppa': -0.01297679832100375, 'totalPPA': -0.3893039496301125, 'successRate': 0.36666666666666664, 'explosiveness': 1.0845612736335868}, 'passingPlays': {'rate': 0.3469387755102041, 'ppa': -0.11174879359419176, 'totalPPA': -1.89972949110126, 'successRate': 0.11764705882352941, 'explosiveness': 2.298653667981653}}"
2026,New Mexico State,Conference USA,"{'plays': 133, 'drives': 22, 'ppa': 0.2388442188944252, 'totalPPA': 31.766281112958552, 'successRate': 0.42105263157894735, 'explosiveness': 1.5581760293115774, 'powerSuccess': 0.6666666666666666, 'stuffRate': 0.15, 'lineYards': 3.341666666666667, 'lineYardsTotal': 201, 'secondLevelYards': 1.0833333333333333, 'secondLevelYardsTotal': 65, 'openFieldYards': 1.0333333333333332, 'openFieldYardsTotal': 62, 'totalOpportunies': 11, 'pointsPerOpportunity': 4.363636363636363, 'fieldPosition': {'averageStart': 71.5, 'averagePredictedPoints': 1.292}, 'havoc': {'total': 0.12, 'frontSeven': 0.045, 'db': 0.075}, 'standardDowns': {'rate': 0.6691729323308271, 'ppa': 0.07408906546432614, 'successRate': 0.43820224719101125, 'explosiveness': 1.2541123094177054}, 'passingDowns': {'rate': 0.3308270676691729, 'ppa': 0.5720989610598529, 'successRate': 0.38636363636363635, 'explosiveness': 2.2557339749504606}, 'rushingPlays': {'rate': 0.45112781954887216, 'ppa': 0.10551980539052679, 'totalPPA': 6.331188323431608, 'successRate': 0.43333333333333335, 'explosiveness': 1.000022893364517}, 'passingPlays': {'rate': 0.5112781954887218, 'ppa': 0.4762398601994091, 'totalPPA': 32.384310493559816, 'successRate': 0.4411764705882353, 'explosiveness': 2.041908747132363}}","{'plays': 126, 'drives': 23, 'ppa': 0.07370420748805902, 'totalPPA': 9.286730143495436, 'successRate': 0.40476190476190477, 'explosiveness': 1.2608012888937175, 'powerSuccess': 0.8, 'stuffRate': 0.20634920634920634, 'lineYards': 3.13015873015873, 'lineYardsTotal': 197, 'secondLevelYards': 0.9523809523809523, 'secondLevelYardsTotal': 60, 'openFieldYards': 1.1904761904761905, 'openFieldYardsTotal': 0, 'totalOpportunies': 11, 'pointsPerOpportunity': 4.363636363636363, 'fieldPosition': {'averageStart': 68.9, 'averagePredictedPoints': -1.471}, 'havoc': {'total': 0.135, 'frontSeven': 0.063, 'db': 0.071}, 'standardDowns': {'rate': 0.6349206349206349, 'ppa': 0.012853353412547265, 'successRate': 0.45, 'explosiveness': 1.0737061948928153}, 'passingDowns': {'rate': 0.36507936507936506, 'ppa': 0.17953177979329685, 'totalPPA': 3.7523937306803044, 'successRate': 0.32608695652173914, 'explosiveness': 1.7098295144958826}, 'rushingPlays': {'rate': 0.5, 'ppa': 0.1289863590934361, 'totalPPA': 8.126140622886473, 'successRate': 0.42857142857142855, 'explosiveness': 0.977623138751994}, 'passingPlays': {'rate': 0.47619047619047616, 'ppa': 0.0625398955113384, 'totalPPA': 3.7523937306803044, 'successRate': 0.36666666666666664, 'explosiveness': 1.6274229009512398}}"
2026,North Carolina,ACC,"{'plays': 58, 'drives': 10, 'ppa': -0.014260566423352015, 'totalPPA': -0.8271128525544169, 'successRate': 0.46551724137931033, 'explosiveness': 0.8184081777713084, 'powerSuccess': 0, 'stuffRate': 0.14814814814814814, 'lineYards': 3.425925925925926, 'lineYardsTotal': 93, 'secondLevelYards': 1.222222222222222, 'secondLevelYardsTotal': 33, 'openFieldYards': 0.037037037037037035, 'openFieldYardsTotal': 1, 'totalOpportunies': 5, 'pointsPerOpportunity': 2.6, 'fieldPosition': {'averageStart': 73.3, 'averagePredictedPoints': 1.195}, 'havoc': {'total': 0.155, 'frontSeven': 0.103, 'db': 0.052}, 'standardDowns': {'rate': 0.7068965517241379, 'ppa': -0.13554060987237823, 'successRate': 0.4878048780487805, 'explosiveness': 0.6152954960693156}, 'passingDowns': {'rate': 0.29310344827586204, 'ppa': 0.2782383618948877, 'successRate': 0.4117647058823529, 'explosiveness': 1.398730125491288}, 'rushingPlays': {'rate': 0.46551724137931033, 'ppa': -0.349815885451928, 'totalPPA': -9.445028907202056, 'successRate': 0.4444444444444444, 'explosiveness': 0.17267409963621158}, 'passingPlays': {'rate': 0.5172413793103449, 'ppa': 0.26921843742421936, 'totalPPA': 8.07655312272658, 'successRate': 0.4666666666666667, 'explosiveness': 1.391683476590695}}","{'plays': 72, 'drives': 10, 'ppa': -0.07457329590805598, 'totalPPA': -5.36927730538003, 'successRate': 0.3333333333333333, 'explosiveness': 1.2161647220811567, 'powerSuccess': 0.8, 'stuffRate': 0.19444444444444445, 'lineYards': 2.4472222222222224, 'lineYardsTotal': 88, 'secondLevelYards': 0.6666666666666666, 'secondLevelYardsTotal': 24, 'openFieldYards': 1.0833333333333333, 'openFieldYardsTotal': 0, 'totalOpportunies': 6, 'pointsPerOpportunity': 1.6666666666666667, 'fieldPosition': {'averageStart': 64.8, 'averagePredictedPoints': -1.673}, 'havoc': {'total': 0.153, 'frontSeven': 0.111, 'db': 0.042}, 'standardDowns': {'rate': 0.625, 'ppa': -0.08507850311737167, 'successRate': 0.4222222222222222, 'explosiveness': 1.0947521496292114}, 'passingDowns': {'rate': 0.375, 'ppa': -0.05706461722586315, 'totalPPA': -1.3105416299805785, 'successRate': 0.18518518518518517, 'explosiveness': 1.6775324973985477}, 'rushingPlays': {'rate': 0.5, 'ppa': -0.033578306021848255, 'totalPPA': -1.2088190167865371, 'successRate': 0.3611111111111111, 'explosiveness': 0.9471836289577926}, 'passingPlays': {'rate': 0.4722222222222222, 'ppa': -0.03854534205825231, 'totalPPA': -1.3105416299805785, 'successRate': 0.3235294117647059, 'explosiveness': 1.5340514684996776}}"
2026,North Dakota State,Mountain West,"{'plays': 138, 'drives': 19, 'ppa': 0.20666081329532443, 'totalPPA': 28.51919223475477, 'successRate': 0.45652173913043476, 'explosiveness': 1.159685581066689, 'powerSuccess': 0.6666666666666666, 'stuffRate': 0.1728395061728395, 'lineYards': 3.011111111111111, 'lineYardsTotal': 244, 'secondLevelYards': 0.9506172839506173, 'secondLevelYardsTotal': 77, 'openFieldYards': 0.7777777777777778, 'openFieldYardsTotal': 63, 'totalOpportunies': 13, 'pointsPerOpportunity': 4.384615384615385, 'fieldPosition': {'averageStart': 70.9, 'averagePredictedPoints': 1.343}, 'havoc': {'total': 0.123, 'frontSeven': 0.094, 'db': 0.029}, 'standardDowns': {'rate': 0.7536231884057971, 'ppa': 0.14918869388563857, 'successRate': 0.5192307692307693, 'explosiveness': 0.939190556239617}, 'passingDowns': {'rate': 0.2463768115942029, 'ppa': 0.3824578844308341, 'successRate': 0.2647058823529412, 'explosiveness': 2.482655730029122}, 'rushingPlays': {'rate': 0.5869565217391305, 'ppa': 0.12493980534589899, 'totalPPA': 10.120124233017819, 'successRate': 0.4074074074074074, 'explosiveness': 0.9558454533397138}, 'passingPlays': {'rate': 0.38405797101449274, 'ppa': 0.39339404411796824, 'totalPPA': 20.849884338252316, 'successRate': 0.5283018867924528, 'explosiveness': 1.4173508173010019}}","{'plays': 105, 'drives': 21, 'ppa': -0.4140856095330545, 'totalPPA': -43.47898900097072, 'successRate': 0.3047619047619048, 'explosiveness': 0.9891098805419769, 'powerSuccess': 0.5, 'stuffRate': 0.21153846153846154, 'lineYards': 1.7596153846153846, 'lineYardsTotal': 92, 'secondLevelYards': 0.6730769230769231, 'secondLevelYardsTotal': 35, 'openFieldYards': 0.36538461538461536, 'openFieldYardsTotal': 0, 'totalOpportunies': 7, 'pointsPerOpportunity': -1, 'fieldPosition': {'averageStart': 72.6, 'averagePredictedPoints': -1.15}, 'havoc': {'total': 0.21, 'frontSeven': 0.143, 'db': 0.067}, 'standardDowns': {'rate': 0.6285714285714286, 'ppa': -0.24842374683789592, 'successRate': 0.4090909090909091, 'explosiveness': 0.9476858651928369}, 'passingDowns': {'rate': 0.37142857142857144, 'ppa': -0.6944364540940922, 'totalPPA': -23.973028284996513, 'successRate': 0.1282051282051282, 'explosiveness': 1.212799563427333}, 'rushingPlays': {'rate': 0.49523809523809526, 'ppa': -0.35021417144867295, 'totalPPA': -18.211136915330997, 'successRate': 0.34615384615384615, 'explosiveness': 0.8683244163528903}, 'passingPlays': {'rate': 0.47619047619047616, 'ppa': -0.47946056569993023, 'totalPPA': -23.973028284996513, 'successRate': 0.28, 'explosiveness': 1.144405477356517}}"
2026,Northern Illinois,Mountain West,"{'plays': 58, 'drives': 15, 'ppa': -0.42442678584289073, 'totalPPA': -24.61675357888766, 'successRate': 0.1724137931034483, 'explosiveness': 1.3677541941329785, 'powerSuccess': 1, 'stuffRate': 0.28, 'lineYards': 1.668, 'lineYardsTotal': 42, 'secondLevelYards': 0.08, 'secondLevelYardsTotal': 2, 'openFieldYards': 0, 'openFieldYardsTotal': 0, 'totalOpportunies': 1, 'pointsPerOpportunity': 0, 'fieldPosition': {'averageStart': 77.5, 'averagePredictedPoints': 0.814}, 'havoc': {'total': 0.207, 'frontSeven': 0.138, 'db': 0.069}, 'standardDowns': {'rate': 0.5689655172413793, 'ppa': -0.6452345903795461, 'successRate': 0.18181818181818182, 'explosiveness': 0.5956643086681441}, 'passingDowns': {'rate': 0.43103448275862066, 'ppa': -0.1329604838545055, 'successRate': 0.16, 'explosiveness': 2.52588902233023}, 'rushingPlays': {'rate': 0.43103448275862066, 'ppa': -0.47246829197917745, 'totalPPA': -11.811707299479437, 'successRate': 0.12, 'explosiveness': 0.35524008092109494}, 'passingPlays': {'rate': 0.5172413793103449, 'ppa': -0.14716960045490068, 'totalPPA': -4.415088013647021, 'successRate': 0.23333333333333334, 'explosiveness': 1.8016888140809286}}","{'plays': 79, 'drives': 13, 'ppa': 0.03131587558339358, 'totalPPA': 2.473954171088093, 'successRate': 0.4177215189873418, 'explosiveness': 1.2457000747090123, 'powerSuccess': 0.2857142857142857, 'stuffRate': 0.21052631578947367, 'lineYards': 3.294736842105263, 'lineYardsTotal': 125, 'secondLevelYards': 1.736842105263158, 'secondLevelYardsTotal': 66, 'openFieldYards': 3.1578947368421053, 'openFieldYardsTotal': 0, 'totalOpportunies': 9, 'pointsPerOpportunity': 3, 'fieldPosition': {'averageStart': 60.2, 'averagePredictedPoints': -2.218}, 'havoc': {'total': 0.114, 'frontSeven': 0.051, 'db': 0.063}, 'standardDowns': {'rate': 0.6708860759493671, 'ppa': 0.0070037808713339055, 'successRate': 0.49056603773584906, 'explosiveness': 1.0018918584695757}, 'passingDowns': {'rate': 0.3291139240506329, 'ppa': 0.0808751455733614, 'totalPPA': 1.5380358275383554, 'successRate': 0.2692307692307692, 'explosiveness': 2.151273449312634}, 'rushingPlays': {'rate': 0.4810126582278481, 'ppa': 0.17902090982983992, 'totalPPA': 6.802794573533917, 'successRate': 0.42105263157894735, 'explosiveness': 1.4139408229671238}, 'passingPlays': {'rate': 0.4936708860759494, 'ppa': 0.039436816090727064, 'totalPPA': 1.5380358275383554, 'successRate': 0.4358974358974359, 'explosiveness': 1.0873558410543191}}"
2026,North Texas,American Athletic,"{'plays': 69, 'drives': 10, 'ppa': 0.052024868564694786, 'totalPPA': 3.58971593096394, 'successRate': 0.34782608695652173, 'explosiveness': 1.5483256457053565, 'powerSuccess': 0, 'stuffRate': 0.13513513513513514, 'lineYards': 2.983783783783784, 'lineYardsTotal': 110, 'secondLevelYards': 1.135135135135135, 'secondLevelYardsTotal': 42, 'openFieldYards': 0.5945945945945946, 'openFieldYardsTotal': 22, 'totalOpportunies': 6, 'pointsPerOpportunity': 2.6666666666666665, 'fieldPosition': {'averageStart': 74.5, 'averagePredictedPoints': 1.035}, 'havoc': {'total': 0.13, 'frontSeven': 0.101, 'db': 0.029}, 'standardDowns': {'rate': 0.6811594202898551, 'ppa': -0.1498521363157149, 'successRate': 0.3617021276595745, 'explosiveness': 1.2838657251651002}, 'passingDowns': {'rate': 0.3188405797101449, 'ppa': 0.4833075608092064, 'successRate': 0.3181818181818182, 'explosiveness': 2.190585452731693}, 'rushingPlays': {'rate': 0.5362318840579711, 'ppa': -0.0007737755685956125, 'totalPPA': -0.028629696038037663, 'successRate': 0.2702702702702703, 'explosiveness': 1.3966914254150522}, 'passingPlays': {'rate': 0.43478260869565216, 'ppa': 0.15033950937643167, 'totalPPA': 4.510185281292951, 'successRate': 0.4666666666666667, 'explosiveness': 1.6566358030555737}}","{'plays': 46, 'drives': 9, 'ppa': 0.6535582337217621, 'totalPPA': 30.06367875120106, 'successRate': 0.5217391304347826, 'explosiveness': 1.6395935785550761, 'powerSuccess': 0.8, 'stuffRate': 0.13333333333333333, 'lineYards': 2.4966666666666666, 'lineYardsTotal': 75, 'secondLevelYards': 0.5333333333333333, 'secondLevelYardsTotal': 16, 'openFieldYards': 1.5333333333333332, 'openFieldYardsTotal': 0, 'totalOpportunies': 7, 'pointsPerOpportunity': 5.428571428571429, 'fieldPosition': {'averageStart': 53.8, 'averagePredictedPoints': -2.592}, 'havoc': {'total': 0.043, 'frontSeven': 0.043, 'db': 0}, 'standardDowns': {'rate': 0.6739130434782609, 'ppa': 0.36344406648738764, 'successRate': 0.5161290322580645, 'explosiveness': 1.1831790568968432}, 'passingDowns': {'rate': 0.32608695652173914, 'ppa': 1.2531275126728028, 'totalPPA': 24.579172550855482, 'successRate': 0.5333333333333333, 'explosiveness': 2.5524226218715422}, 'rushingPlays': {'rate': 0.6521739130434783, 'ppa': 0.1303145783519074, 'totalPPA': 3.9094373505572224, 'successRate': 0.36666666666666664, 'explosiveness': 0.9734916402421516}, 'passingPlays': {'rate': 0.32608695652173914, 'ppa': 1.6386115033903654, 'totalPPA': 24.579172550855482, 'successRate': 0.8, 'explosiveness': 2.2555640827391503}}"
2026,Northwestern,Big Ten,"{'plays': 55, 'drives': 11, 'ppa': 0.4796492784465596, 'totalPPA': 26.380710314560776, 'successRate': 0.509090909090909, 'explosiveness': 1.4850398029259404, 'powerSuccess': 1, 'stuffRate': 0.10714285714285714, 'lineYards': 3.95, 'lineYardsTotal': 111, 'secondLevelYards': 1.75, 'secondLevelYardsTotal': 49, 'openFieldYards': 3.142857142857143, 'openFieldYardsTotal': 88, 'totalOpportunies': 6, 'pointsPerOpportunity': 4.5, 'fieldPosition': {'averageStart': 73.5, 'averagePredictedPoints': 1.104}, 'havoc': {'total': 0.127, 'frontSeven': 0.055, 'db': 0.073}, 'standardDowns': {'rate': 0.6545454545454545, 'ppa': 0.5291909597034333, 'successRate': 0.6111111111111112, 'explosiveness': 1.388266459364012}, 'passingDowns': {'rate': 0.34545454545454546, 'ppa': 0.38578082974932504, 'successRate': 0.3157894736842105, 'explosiveness': 1.8398753959863448}, 'rushingPlays': {'rate': 0.509090909090909, 'ppa': 0.5242767867523955, 'totalPPA': 14.679750029067074, 'successRate': 0.5357142857142857, 'explosiveness': 1.3202138321929449}, 'passingPlays': {'rate': 0.4727272727272727, 'ppa': 0.46709006175291307, 'totalPPA': 12.14434160557574, 'successRate': 0.46153846153846156, 'explosiveness': 1.8517740265928495}}","{'plays': 90, 'drives': 12, 'ppa': 0.08997341550625394, 'totalPPA': 8.097607395562855, 'successRate': 0.4222222222222222, 'explosiveness': 1.0576414342835372, 'powerSuccess': 0.7777777777777778, 'stuffRate': 0.13157894736842105, 'lineYards': 3.305263157894737, 'lineYardsTotal': 126, 'secondLevelYards': 0.8947368421052632, 'secondLevelYardsTotal': 34, 'openFieldYards': 0.13157894736842105, 'openFieldYardsTotal': 0, 'totalOpportunies': 7, 'pointsPerOpportunity': 2.7142857142857144, 'fieldPosition': {'averageStart': 67.9, 'averagePredictedPoints': -1.473}, 'havoc': {'total': 0.189, 'frontSeven': 0.033, 'db': 0.156}, 'standardDowns': {'rate': 0.7111111111111111, 'ppa': 0.046538190168823365, 'successRate': 0.46875, 'explosiveness': 0.9166595241549275}, 'passingDowns': {'rate': 0.28888888888888886, 'ppa': 0.1968908932599292, 'totalPPA': 3.3179840613464777, 'successRate': 0.3076923076923077, 'explosiveness': 1.5863235972658234}, 'rushingPlays': {'rate': 0.4222222222222222, 'ppa': 0.09707153280914538, 'totalPPA': 3.6887182467475244, 'successRate': 0.4473684210526316, 'explosiveness': 0.6043028233309146}, 'passingPlays': {'rate': 0.5555555555555556, 'ppa': 0.06635968122692955, 'totalPPA': 3.3179840613464777, 'successRate': 0.4, 'explosiveness': 1.43831633373808}}"
2026,Notre Dame,FBS Independents,"{'plays': 63, 'drives': 10, 'ppa': 0.34906816757153, 'totalPPA': 21.991294557006388, 'successRate': 0.4603174603174603, 'explosiveness': 1.111044132357502, 'powerSuccess': 0.75, 'stuffRate': 0.03225806451612903, 'lineYards': 2.770967741935484, 'lineYardsTotal': 86, 'secondLevelYards': 0.5483870967741935, 'secondLevelYardsTotal': 17, 'openFieldYards': 0.3548387096774194, 'openFieldYardsTotal': 11, 'totalOpportunies': 6, 'pointsPerOpportunity': 5.666666666666667, 'fieldPosition': {'averageStart': 80.1, 'averagePredictedPoints': 0.725}, 'havoc': {'total': 0.111, 'frontSeven': 0.032, 'db': 0.079}, 'standardDowns': {'rate': 0.746031746031746, 'ppa': 0.46065313957101867, 'successRate': 0.574468085106383, 'explosiveness': 1.0958954154587524}, 'passingDowns': {'rate': 0.25396825396825395, 'ppa': 0.021287312323031878, 'successRate': 0.125, 'explosiveness': 1.3155518104906228}, 'rushingPlays': {'rate': 0.49206349206349204, 'ppa': 0.21931662972515734, 'totalPPA': 6.798815521479877, 'successRate': 0.3870967741935484, 'explosiveness': 0.9482338496191741}, 'passingPlays': {'rate': 0.4603174603174603, 'ppa': 0.4424988673747908, 'totalPPA': 12.832467153868935, 'successRate': 0.5517241379310345, 'explosiveness': 1.144187870709413}}","{'plays': 61, 'drives': 10, 'ppa': -0.04300904507988644, 'totalPPA': -2.623551749873073, 'successRate': 0.3770491803278688, 'explosiveness': 1.2644111837126037, 'powerSuccess': 0.75, 'stuffRate': 0.20689655172413793, 'lineYards': 2.3586206896551722, 'lineYardsTotal': 68, 'secondLevelYards': 0.3103448275862069, 'secondLevelYardsTotal': 9, 'openFieldYards': 0, 'openFieldYardsTotal': 0, 'totalOpportunies': 9, 'pointsPerOpportunity': 0.6666666666666666, 'fieldPosition': {'averageStart': 67.5, 'averagePredictedPoints': -1.55}, 'havoc': {'total': 0.213, 'frontSeven': 0.115, 'db': 0.098}, 'standardDowns': {'rate': 0.639344262295082, 'ppa': -0.019139608566675608, 'successRate': 0.4358974358974359, 'explosiveness': 1.0062494057831937}, 'passingDowns': {'rate': 0.36065573770491804, 'ppa': -0.08532304617148746, 'totalPPA': 2.06929439172659, 'successRate': 0.2727272727272727, 'explosiveness': 1.9958695545125995}, 'rushingPlays': {'rate': 0.47540983606557374, 'ppa': -0.15788129367795747, 'totalPPA': -4.578557516660767, 'successRate': 0.27586206896551724, 'explosiveness': 0.7129861439594861}, 'passingPlays': {'rate': 0.5081967213114754, 'ppa': 0.06675143199118033, 'totalPPA': 2.06929439172659, 'successRate': 0.4838709677419355, 'explosiveness': 1.5585045382476}}"
2026,Ohio,Mid-American,"{'plays': 68, 'drives': 12, 'ppa': 0.06252478632558707, 'totalPPA': 4.251685470139921, 'successRate': 0.35294117647058826, 'explosiveness': 1.3292957874323885, 'powerSuccess': 1, 'stuffRate': 0.12903225806451613, 'lineYards': 3.3967741935483873, 'lineYardsTotal': 105, 'secondLevelYards': 1.096774193548387, 'secondLevelYardsTotal': 34, 'openFieldYards': 0.5161290322580645, 'openFieldYardsTotal': 16, 'totalOpportunies': 5, 'pointsPerOpportunity': 4, 'fieldPosition': {'averageStart': 71.4, 'averagePredictedPoints': 1.264}, 'havoc': {'total': 0.206, 'frontSeven': 0.074, 'db': 0.132}, 'standardDowns': {'rate': 0.6323529411764706, 'ppa': 0.33290069869693495, 'successRate': 0.4883720930232558, 'explosiveness': 1.386358444553564}, 'passingDowns': {'rate': 0.36764705882352944, 'ppa': -0.40252178295313124, 'successRate': 0.12, 'explosiveness': 0.9298571875841597}, 'rushingPlays': {'rate': 0.45588235294117646, 'ppa': 0.22417669168728377, 'totalPPA': 6.949477442305797, 'successRate': 0.45161290322580644, 'explosiveness': 1.0478634364015156}, 'passingPlays': {'rate': 0.5, 'ppa': -0.156699437406734, 'totalPPA': -5.327780871828956, 'successRate': 0.23529411764705882, 'explosiveness': 1.6643753071926193}}","{'plays': 74, 'drives': 11, 'ppa': 0.4557263109503398, 'totalPPA': 33.72374701032514, 'successRate': 0.5135135135135135, 'explosiveness': 1.5427897743871417, 'powerSuccess': 0.8333333333333334, 'stuffRate': 0.15, 'lineYards': 3.675, 'lineYardsTotal': 147, 'secondLevelYards': 1.75, 'secondLevelYardsTotal': 70, 'openFieldYards': 1.975, 'openFieldYardsTotal': 0, 'totalOpportunies': 6, 'pointsPerOpportunity': 7, 'fieldPosition': {'averageStart': 70, 'averagePredictedPoints': -1.268}, 'havoc': {'total': 0.149, 'frontSeven': 0.081, 'db': 0.068}, 'standardDowns': {'rate': 0.7432432432432432, 'ppa': 0.30840657439764113, 'successRate': 0.4909090909090909, 'explosiveness': 1.507920652413964}, 'passingDowns': {'rate': 0.25675675675675674, 'ppa': 0.8821781799186779, 'totalPPA': 12.591617676574254, 'successRate': 0.5789473684210527, 'explosiveness': 1.6283776192303963}, 'rushingPlays': {'rate': 0.5405405405405406, 'ppa': 0.5283032333437723, 'totalPPA': 21.13212933375089, 'successRate': 0.575, 'explosiveness': 1.3283870935548756}, 'passingPlays': {'rate': 0.4594594594594595, 'ppa': 0.370341696369831, 'totalPPA': 12.591617676574254, 'successRate': 0.4411764705882353, 'explosiveness': 1.8715405516632833}}"
2026,Ohio State,Big Ten,"{'plays': 73, 'drives': 12, 'ppa': 0.6119600604298888, 'totalPPA': 44.673084411381886, 'successRate': 0.5616438356164384, 'explosiveness': 1.448948844124814, 'powerSuccess': 0.75, 'stuffRate': 0.18181818181818182, 'lineYards': 3.3181818181818183, 'lineYardsTotal': 110, 'secondLevelYards': 1.121212121212121, 'secondLevelYardsTotal': 37, 'openFieldYards': 3.4242424242424243, 'openFieldYardsTotal': 113, 'totalOpportunies': 5, 'pointsPerOpportunity': 7, 'fieldPosition': {'averageStart': 76.2, 'averagePredictedPoints': 1.089}, 'havoc': {'total': 0.11, 'frontSeven': 0.082, 'db': 0.027}, 'standardDowns': {'rate': 0.7397260273972602, 'ppa': 0.6963463512773419, 'successRate': 0.6481481481481481, 'explosiveness': 1.3669760970714453}, 'passingDowns': {'rate': 0.2602739726027397, 'ppa': 0.3721253390739696, 'successRate': 0.3157894736842105, 'explosiveness': 1.927123201936131}, 'rushingPlays': {'rate': 0.4520547945205479, 'ppa': 0.45917884960417765, 'totalPPA': 15.152902036937864, 'successRate': 0.45454545454545453, 'explosiveness': 1.5135904943012624}, 'passingPlays': {'rate': 0.5205479452054794, 'ppa': 0.8726459585696572, 'totalPPA': 33.16054642564697, 'successRate': 0.6842105263157895, 'explosiveness': 1.4116555844076322}}","{'plays': 62, 'drives': 13, 'ppa': -0.33311077862339405, 'totalPPA': -20.652868274650434, 'successRate': 0.20967741935483872, 'explosiveness': 1.3049899715616444, 'powerSuccess': None, 'stuffRate': 0.3181818181818182, 'lineYards': 1.2, 'lineYardsTotal': 26, 'secondLevelYards': 0.6363636363636364, 'secondLevelYardsTotal': 14, 'openFieldYards': 0.3181818181818182, 'openFieldYardsTotal': 0, 'totalOpportunies': 3, 'pointsPerOpportunity': 1, 'fieldPosition': {'averageStart': 71.3, 'averagePredictedPoints': -1.24}, 'havoc': {'total': 0.226, 'frontSeven': 0.113, 'db': 0.113}, 'standardDowns': {'rate': 0.5483870967741935, 'ppa': -0.36691353750248584, 'successRate': 0.2647058823529412, 'explosiveness': 0.8769138692177606}, 'passingDowns': {'rate': 0.45161290322580644, 'ppa': -0.29206457141306835, 'totalPPA': -13.841866837520703, 'successRate': 0.14285714285714285, 'explosiveness': 2.2681612018353836}, 'rushingPlays': {'rate': 0.3548387096774194, 'ppa': -0.2707182861351678, 'totalPPA': -5.955802294973691, 'successRate': 0.22727272727272727, 'explosiveness': 1.2281110154716495}, 'passingPlays': {'rate': 0.6129032258064516, 'ppa': -0.36425965361896584, 'totalPPA': -13.841866837520703, 'successRate': 0.21052631578947367, 'explosiveness': 1.3530393191178913}}"
2026,Oklahoma,SEC,"{'plays': 60, 'drives': 11, 'ppa': 0.3871905835315659, 'totalPPA': 23.231435011893954, 'successRate': 0.55, 'explosiveness': 1.1941828089991482, 'powerSuccess': 0.5714285714285714, 'stuffRate': 0.23684210526315788, 'lineYards': 2.876315789473684, 'lineYardsTotal': 109, 'secondLevelYards': 1.0526315789473684, 'secondLevelYardsTotal': 40, 'openFieldYards': 0.8157894736842105, 'openFieldYardsTotal': 31, 'totalOpportunies': 8, 'pointsPerOpportunity': 4.625, 'fieldPosition': {'averageStart': 57.4, 'averagePredictedPoints': 2.279}, 'havoc': {'total': 0.117, 'frontSeven': 0.1, 'db': 0.017}, 'standardDowns': {'rate': 0.7833333333333333, 'ppa': 0.31093809847392506, 'successRate': 0.574468085106383, 'explosiveness': 1.0607721742083296}, 'passingDowns': {'rate': 0.21666666666666667, 'ppa': 0.6628726448938058, 'successRate': 0.46153846153846156, 'explosiveness': 1.7945306655578321}, 'rushingPlays': {'rate': 0.6333333333333333, 'ppa': 0.16140920047557014, 'totalPPA': 6.133549618071665, 'successRate': 0.5263157894736842, 'explosiveness': 0.8032231996038791}, 'passingPlays': {'rate': 0.35, 'ppa': 0.8234628669489916, 'totalPPA': 17.292720205928823, 'successRate': 0.5714285714285714, 'explosiveness': 1.961533626416737}}","{'plays': 59, 'drives': 13, 'ppa': -0.48699590907637974, 'totalPPA': -28.732758635506404, 'successRate': 0.3389830508474576, 'explosiveness': 0.9392952091081729, 'powerSuccess': 0, 'stuffRate': 0.29411764705882354, 'lineYards': 1.5676470588235294, 'lineYardsTotal': 53, 'secondLevelYards': 0.9117647058823529, 'secondLevelYardsTotal': 31, 'openFieldYards': 1.5882352941176472, 'openFieldYardsTotal': 0, 'totalOpportunies': 5, 'pointsPerOpportunity': 0, 'fieldPosition': {'averageStart': 69.9, 'averagePredictedPoints': -1.254}, 'havoc': {'total': 0.271, 'frontSeven': 0.203, 'db': 0.068}, 'standardDowns': {'rate': 0.711864406779661, 'ppa': -0.346082518139833, 'successRate': 0.40476190476190477, 'explosiveness': 0.9828438840320753}, 'passingDowns': {'rate': 0.288135593220339, 'ppa': -0.8351348749196128, 'totalPPA': -8.56619616602608, 'successRate': 0.17647058823529413, 'explosiveness': 0.6925193845393924}, 'rushingPlays': {'rate': 0.576271186440678, 'ppa': -0.3112194663462656, 'totalPPA': -10.58146185577303, 'successRate': 0.3235294117647059, 'explosiveness': 0.9581715769812068}, 'passingPlays': {'rate': 0.3728813559322034, 'ppa': -0.38937255300118545, 'totalPPA': -8.56619616602608, 'successRate': 0.4090909090909091, 'explosiveness': 0.9162240928189093}}"
2026,Oklahoma State,Big 12,"{'plays': 88, 'drives': 12, 'ppa': -0.20438367426383353, 'totalPPA': -17.98576333521735, 'successRate': 0.36363636363636365, 'explosiveness': 0.9029536053402525, 'powerSuccess': 0.5, 'stuffRate': 0.2222222222222222, 'lineYards': 2.7916666666666665, 'lineYardsTotal': 101, 'secondLevelYards': 0.9444444444444444, 'secondLevelYardsTotal': 34, 'openFieldYards': 0.3055555555555556, 'openFieldYardsTotal': 11, 'totalOpportunies': 5, 'pointsPerOpportunity': 2, 'fieldPosition': {'averageStart': 79.2, 'averagePredictedPoints': 0.711}, 'havoc': {'total': 0.102, 'frontSeven': 0.057, 'db': 0.045}, 'standardDowns': {'rate': 0.6590909090909091, 'ppa': -0.48019626260131715, 'successRate': 0.3620689655172414, 'explosiveness': 0.5945429278367107}, 'passingDowns': {'rate': 0.3409090909090909, 'ppa': 0.32885399652196823, 'successRate': 0.36666666666666664, 'explosiveness': 1.4917376260288324}, 'rushingPlays': {'rate': 0.4090909090909091, 'ppa': -0.2957518252781033, 'totalPPA': -10.647065710011718, 'successRate': 0.3611111111111111, 'explosiveness': 0.4001538742912935}, 'passingPlays': {'rate': 0.5454545454545454, 'ppa': 0.06589825257061717, 'totalPPA': 3.163116123389624, 'successRate': 0.3958333333333333, 'explosiveness': 1.2469744739526982}}","{'plays': 58, 'drives': 12, 'ppa': 0.1838232766411439, 'totalPPA': 10.661750045186347, 'successRate': 0.41379310344827586, 'explosiveness': 1.0851431714647468, 'powerSuccess': 1, 'stuffRate': 0.15151515151515152, 'lineYards': 2.7636363636363637, 'lineYardsTotal': 91, 'secondLevelYards': 0.8484848484848485, 'secondLevelYardsTotal': 28, 'openFieldYards': 0.6060606060606061, 'openFieldYardsTotal': 0, 'totalOpportunies': 8, 'pointsPerOpportunity': 3, 'fieldPosition': {'averageStart': 64.1, 'averagePredictedPoints': -1.822}, 'havoc': {'total': 0.121, 'frontSeven': 0.069, 'db': 0.052}, 'standardDowns': {'rate': 0.6551724137931034, 'ppa': 0.3197271969595383, 'successRate': 0.5789473684210527, 'explosiveness': 1.0019399059881278}, 'passingDowns': {'rate': 0.3448275862068966, 'ppa': -0.07439417196380535, 'totalPPA': 10.178284182841209, 'successRate': 0.1, 'explosiveness': 2.000379091707555}, 'rushingPlays': {'rate': 0.5689655172413793, 'ppa': 0.03759513625052111, 'totalPPA': 1.2406394962671967, 'successRate': 0.3939393939393939, 'explosiveness': 0.8167806098656288}, 'passingPlays': {'rate': 0.39655172413793105, 'ppa': 0.4425340949061395, 'totalPPA': 10.178284182841209, 'successRate': 0.43478260869565216, 'explosiveness': 1.576835155459604}}"
2026,Old Dominion,Sun Belt,"{'plays': 57, 'drives': 12, 'ppa': 0.03546040849321482, 'totalPPA': 2.021243284113245, 'successRate': 0.42105263157894735, 'explosiveness': 1.2353911877067187, 'powerSuccess': 0.3333333333333333, 'stuffRate': 0.25, 'lineYards': 2.7475, 'lineYardsTotal': 110, 'secondLevelYards': 1.4, 'secondLevelYardsTotal': 56, 'openFieldYards': 1.225, 'openFieldYardsTotal': 49, 'totalOpportunies': 6, 'pointsPerOpportunity': 5.166666666666667, 'fieldPosition': {'averageStart': 67.8, 'averagePredictedPoints': 1.483}, 'havoc': {'total': 0.158, 'frontSeven': 0.14, 'db': 0.018}, 'standardDowns': {'rate': 0.7368421052631579, 'ppa': -0.2777984738766334, 'successRate': 0.38095238095238093, 'explosiveness': 0.8386415420666612}, 'passingDowns': {'rate': 0.2631578947368421, 'ppa': 0.91258527912879, 'successRate': 0.5333333333333333, 'explosiveness': 2.028890478986834}, 'rushingPlays': {'rate': 0.7017543859649122, 'ppa': 0.04480598478756762, 'totalPPA': 1.7922393915027048, 'successRate': 0.425, 'explosiveness': 0.9283497068819355}, 'passingPlays': {'rate': 0.2631578947368421, 'ppa': 0.1261711730340143, 'totalPPA': 1.8925675955102144, 'successRate': 0.4666666666666667, 'explosiveness': 1.9810633554240495}}","{'plays': 61, 'drives': 11, 'ppa': -0.27346834431435174, 'totalPPA': -16.681569003175454, 'successRate': 0.26229508196721313, 'explosiveness': 1.0087348329435788, 'powerSuccess': 0.5, 'stuffRate': 0.23684210526315788, 'lineYards': 2.281578947368421, 'lineYardsTotal': 87, 'secondLevelYards': 0.7894736842105263, 'secondLevelYardsTotal': 30, 'openFieldYards': 1.5789473684210527, 'openFieldYardsTotal': 0, 'totalOpportunies': 5, 'pointsPerOpportunity': 2, 'fieldPosition': {'averageStart': 64, 'averagePredictedPoints': -1.812}, 'havoc': {'total': 0.246, 'frontSeven': 0.213, 'db': 0.033}, 'standardDowns': {'rate': 0.5901639344262295, 'ppa': -0.4681012619963494, 'successRate': 0.3055555555555556, 'explosiveness': 0.36439784985401313}, 'passingDowns': {'rate': 0.4098360655737705, 'ppa': 0.006803057147724924, 'totalPPA': -6.165564808388719, 'successRate': 0.2, 'explosiveness': 2.426276195740623}, 'rushingPlays': {'rate': 0.6229508196721312, 'ppa': -0.2671732698210086, 'totalPPA': -10.152584253198327, 'successRate': 0.23684210526315788, 'explosiveness': 0.9827386936321721}, 'passingPlays': {'rate': 0.36065573770491804, 'ppa': -0.28025294583585086, 'totalPPA': -6.165564808388719, 'successRate': 0.3181818181818182, 'explosiveness': 1.0421584406296729}}"
2026,Ole Miss,SEC,"{'plays': 79, 'drives': 13, 'ppa': 0.2309473958131021, 'totalPPA': 18.244844269235067, 'successRate': 0.46835443037974683, 'explosiveness': 1.2491124188789353, 'powerSuccess': 0.6363636363636364, 'stuffRate': 0.12195121951219512, 'lineYards': 2.8365853658536584, 'lineYardsTotal': 116, 'secondLevelYards': 0.7317073170731707, 'secondLevelYardsTotal': 30, 'openFieldYards': 0.1951219512195122, 'openFieldYardsTotal': 8, 'totalOpportunies': 7, 'pointsPerOpportunity': 4.857142857142857, 'fieldPosition': {'averageStart': 67.7, 'averagePredictedPoints': 1.449}, 'havoc': {'total': 0.114, 'frontSeven': 0.038, 'db': 0.076}, 'standardDowns': {'rate': 0.7341772151898734, 'ppa': 0.25345043968261743, 'successRate': 0.5689655172413793, 'explosiveness': 1.018858640213412}, 'passingDowns': {'rate': 0.26582278481012656, 'ppa': 0.168796131792536, 'successRate': 0.19047619047619047, 'explosiveness': 3.1487060928695008}, 'rushingPlays': {'rate': 0.5189873417721519, 'ppa': 0.0581497057786277, 'totalPPA': 2.384137936923736, 'successRate': 0.5365853658536586, 'explosiveness': 0.6373674760351709}, 'passingPlays': {'rate': 0.4430379746835443, 'ppa': 0.5351104502053422, 'totalPPA': 18.728865757186977, 'successRate': 0.4, 'explosiveness': 2.2758357303353054}}","{'plays': 68, 'drives': 13, 'ppa': 0.2803464178720225, 'totalPPA': 19.06355641529753, 'successRate': 0.4411764705882353, 'explosiveness': 1.4775386222518627, 'powerSuccess': 0.8, 'stuffRate': 0.25, 'lineYards': 2.213888888888889, 'lineYardsTotal': 80, 'secondLevelYards': 1.0555555555555556, 'secondLevelYardsTotal': 38, 'openFieldYards': 1.8611111111111112, 'openFieldYardsTotal': 0, 'totalOpportunies': 7, 'pointsPerOpportunity': 4.285714285714286, 'fieldPosition': {'averageStart': 69, 'averagePredictedPoints': -1.487}, 'havoc': {'total': 0.162, 'frontSeven': 0.132, 'db': 0.029}, 'standardDowns': {'rate': 0.6764705882352942, 'ppa': 0.2839645424249439, 'successRate': 0.5217391304347826, 'explosiveness': 1.2235633401324895}, 'passingDowns': {'rate': 0.3235294117647059, 'ppa': 0.2727812483522778, 'totalPPA': 15.031323929834844, 'successRate': 0.2727272727272727, 'explosiveness': 2.4934397507293555}, 'rushingPlays': {'rate': 0.5294117647058824, 'ppa': 0.1120064579295191, 'totalPPA': 4.032232485462687, 'successRate': 0.4722222222222222, 'explosiveness': 1.0771582019565062}, 'passingPlays': {'rate': 0.47058823529411764, 'ppa': 0.4697288728073389, 'totalPPA': 15.031323929834844, 'successRate': 0.40625, 'explosiveness': 2.0011130180227137}}"
2026,Oregon,Big Ten,"{'plays': 64, 'drives': 13, 'ppa': 0.17398030401949954, 'totalPPA': 11.13473945724797, 'successRate': 0.453125, 'explosiveness': 1.5147413609415246, 'powerSuccess': 0.6666666666666666, 'stuffRate': 0.125, 'lineYards': 3.2375, 'lineYardsTotal': 78, 'secondLevelYards': 0.9583333333333334, 'secondLevelYardsTotal': 23, 'openFieldYards': 1.2916666666666667, 'openFieldYardsTotal': 31, 'totalOpportunies': 11, 'pointsPerOpportunity': 3.090909090909091, 'fieldPosition': {'averageStart': 62.9, 'averagePredictedPoints': 1.886}, 'havoc': {'total': 0.156, 'frontSeven': 0.109, 'db': 0.047}, 'standardDowns': {'rate': 0.703125, 'ppa': -0.0012634001714455613, 'successRate': 0.4888888888888889, 'explosiveness': 1.2296200262434507}, 'passingDowns': {'rate': 0.296875, 'ppa': 0.5890311823664748, 'successRate': 0.3684210526315789, 'explosiveness': 2.4108369842783284}, 'rushingPlays': {'rate': 0.375, 'ppa': 0.20179196111532854, 'totalPPA': 4.8430070667678855, 'successRate': 0.4583333333333333, 'explosiveness': 1.0032055604530528}, 'passingPlays': {'rate': 0.609375, 'ppa': 0.18018390578607923, 'totalPPA': 7.027172325657091, 'successRate': 0.46153846153846156, 'explosiveness': 1.8273465723511462}}","{'plays': 67, 'drives': 13, 'ppa': 0.05056954805199873, 'totalPPA': 3.388159719483915, 'successRate': 0.3582089552238806, 'explosiveness': 1.0180962329024892, 'powerSuccess': 1, 'stuffRate': 0.12121212121212122, 'lineYards': 2.9212121212121214, 'lineYardsTotal': 96, 'secondLevelYards': 0.3333333333333333, 'secondLevelYardsTotal': 11, 'openFieldYards': 0, 'openFieldYardsTotal': 0, 'totalOpportunies': 7, 'pointsPerOpportunity': 3.857142857142857, 'fieldPosition': {'averageStart': 72.8, 'averagePredictedPoints': -1.279}, 'havoc': {'total': 0.134, 'frontSeven': 0.075, 'db': 0.06}, 'standardDowns': {'rate': 0.7014925373134329, 'ppa': 0.10337364563212095, 'successRate': 0.425531914893617, 'explosiveness': 0.9318589944743615}, 'passingDowns': {'rate': 0.29850746268656714, 'ppa': -0.07352008126128848, 'totalPPA': 5.153657613665561, 'successRate': 0.2, 'explosiveness': 1.4492824250431278}, 'rushingPlays': {'rate': 0.4925373134328358, 'ppa': -0.023646851259018553, 'totalPPA': -0.7803460915476123, 'successRate': 0.3939393939393939, 'explosiveness': 0.5260356570907669}, 'passingPlays': {'rate': 0.47761194029850745, 'ppa': 0.16105180042704878, 'totalPPA': 5.153657613665561, 'successRate': 0.34375, 'explosiveness': 1.5996223679527064}}"
2026,Oregon State,Pac-12,"{'plays': 74, 'drives': 12, 'ppa': 0.05624791102486881, 'totalPPA': 4.162345415840292, 'successRate': 0.40540540540540543, 'explosiveness': 1.341138665590374, 'powerSuccess': 0.5, 'stuffRate': 0.047619047619047616, 'lineYards': 2.8333333333333335, 'lineYardsTotal': 60, 'secondLevelYards': 0.3333333333333333, 'secondLevelYardsTotal': 7, 'openFieldYards': 0, 'openFieldYardsTotal': 0, 'totalOpportunies': 5, 'pointsPerOpportunity': 4.2, 'fieldPosition': {'averageStart': 77.7, 'averagePredictedPoints': 0.878}, 'havoc': {'total': 0.216, 'frontSeven': 0.081, 'db': 0.135}, 'standardDowns': {'rate': 0.6081081081081081, 'ppa': 0.1129507671843273, 'successRate': 0.4666666666666667, 'explosiveness': 1.1570977452812132}, 'passingDowns': {'rate': 0.3918918918918919, 'ppa': -0.03173927956739435, 'successRate': 0.3103448275862069, 'explosiveness': 1.7705674796450825}, 'rushingPlays': {'rate': 0.28378378378378377, 'ppa': -0.21340076086963183, 'totalPPA': -4.481415978262269, 'successRate': 0.3333333333333333, 'explosiveness': 0.7931355456668947}, 'passingPlays': {'rate': 0.7027027027027027, 'ppa': 0.16640208736728948, 'totalPPA': 8.652908543099052, 'successRate': 0.4423076923076923, 'explosiveness': 1.5079222238279548}}","{'plays': 74, 'drives': 11, 'ppa': 0.27977518625549525, 'totalPPA': 20.703363782906646, 'successRate': 0.5, 'explosiveness': 1.2137149979644937, 'powerSuccess': 0.8571428571428571, 'stuffRate': 0.15, 'lineYards': 3.3325, 'lineYardsTotal': 133, 'secondLevelYards': 1.2, 'secondLevelYardsTotal': 48, 'openFieldYards': 1.75, 'openFieldYardsTotal': 0, 'totalOpportunies': 8, 'pointsPerOpportunity': 3.375, 'fieldPosition': {'averageStart': 70.5, 'averagePredictedPoints': -1.38}, 'havoc': {'total': 0.135, 'frontSeven': 0.068, 'db': 0.068}, 'standardDowns': {'rate': 0.7162162162162162, 'ppa': 0.08797356320830871, 'successRate': 0.5094339622641509, 'explosiveness': 0.8888092738067251}, 'passingDowns': {'rate': 0.28378378378378377, 'ppa': 0.7638459491841089, 'totalPPA': 13.117609264100237, 'successRate': 0.47619047619047616, 'explosiveness': 2.0909604531904686}, 'rushingPlays': {'rate': 0.5405405405405406, 'ppa': 0.13865391990978373, 'totalPPA': 5.546156796391349, 'successRate': 0.45, 'explosiveness': 0.7692163446856861}, 'passingPlays': {'rate': 0.43243243243243246, 'ppa': 0.4099252895031324, 'totalPPA': 13.117609264100237, 'successRate': 0.53125, 'explosiveness': 1.7071742939958148}}"
2026,Penn State,Big Ten,"{'plays': 74, 'drives': 12, 'ppa': 0.4220959538823401, 'totalPPA': 31.235100587293168, 'successRate': 0.5135135135135135, 'explosiveness': 1.2946795341133903, 'powerSuccess': 0.8571428571428571, 'stuffRate': 0.13636363636363635, 'lineYards': 3.1204545454545456, 'lineYardsTotal': 137, 'secondLevelYards': 0.6363636363636364, 'secondLevelYardsTotal': 28, 'openFieldYards': 0.13636363636363635, 'openFieldYardsTotal': 6, 'totalOpportunies': 7, 'pointsPerOpportunity': 5.428571428571429, 'fieldPosition': {'averageStart': 64.9, 'averagePredictedPoints': 1.836}, 'havoc': {'total': 0.095, 'frontSeven': 0.054, 'db': 0.041}, 'standardDowns': {'rate': 0.7972972972972973, 'ppa': 0.3749893053086731, 'successRate': 0.559322033898305, 'explosiveness': 1.122172470871311}, 'passingDowns': {'rate': 0.20270270270270271, 'ppa': 0.6073821049387638, 'successRate': 0.3333333333333333, 'explosiveness': 2.4332261515111138}, 'rushingPlays': {'rate': 0.5945945945945946, 'ppa': 0.10799314327687515, 'totalPPA': 4.751698304182507, 'successRate': 0.4772727272727273, 'explosiveness': 0.7234414501425332}, 'passingPlays': {'rate': 0.3783783783783784, 'ppa': 0.9284662337198636, 'totalPPA': 25.997054544156182, 'successRate': 0.5357142857142857, 'explosiveness': 2.23461360695741}}","{'plays': 55, 'drives': 12, 'ppa': -0.37020219117621195, 'totalPPA': -20.361120514691656, 'successRate': 0.2909090909090909, 'explosiveness': 0.8874228649697032, 'powerSuccess': 0.5, 'stuffRate': 0.4166666666666667, 'lineYards': 1.0458333333333334, 'lineYardsTotal': 25, 'secondLevelYards': 0.2916666666666667, 'secondLevelYardsTotal': 7, 'openFieldYards': 0, 'openFieldYardsTotal': 0, 'totalOpportunies': 2, 'pointsPerOpportunity': 0, 'fieldPosition': {'averageStart': 77.3, 'averagePredictedPoints': -0.884}, 'havoc': {'total': 0.255, 'frontSeven': 0.2, 'db': 0.055}, 'standardDowns': {'rate': 0.6363636363636364, 'ppa': -0.6371306192253273, 'successRate': 0.34285714285714286, 'explosiveness': 0.5418323886349067}, 'passingDowns': {'rate': 0.36363636363636365, 'ppa': 0.0969225579097399, 'totalPPA': 2.153596604109805, 'successRate': 0.2, 'explosiveness': 1.924194293974093}, 'rushingPlays': {'rate': 0.43636363636363634, 'ppa': -0.7281554584552749, 'totalPPA': -17.475731002926597, 'successRate': 0.25, 'explosiveness': 0.29984693277928925}, 'passingPlays': {'rate': 0.5272727272727272, 'ppa': 0.07426195186585535, 'totalPPA': 2.153596604109805, 'successRate': 0.3448275862068966, 'explosiveness': 1.2399684242839517}}"
2026,Pittsburgh,ACC,"{'plays': 77, 'drives': 12, 'ppa': 0.4239789195307833, 'totalPPA': 32.64637680387031, 'successRate': 0.5454545454545454, 'explosiveness': 1.338185183481556, 'powerSuccess': 0.6, 'stuffRate': 0.2, 'lineYards': 3.2466666666666666, 'lineYardsTotal': 97, 'secondLevelYards': 1.2, 'secondLevelYardsTotal': 36, 'openFieldYards': 1.5666666666666667, 'openFieldYardsTotal': 47, 'totalOpportunies': 7, 'pointsPerOpportunity': 5.428571428571429, 'fieldPosition': {'averageStart': 70.8, 'averagePredictedPoints': 1.424}, 'havoc': {'total': 0.078, 'frontSeven': 0.039, 'db': 0.039}, 'standardDowns': {'rate': 0.7272727272727273, 'ppa': 0.20389055645354456, 'successRate': 0.5357142857142857, 'explosiveness': 1.0591007926578526}, 'passingDowns': {'rate': 0.2727272727272727, 'ppa': 1.0108812210700866, 'successRate': 0.5714285714285714, 'explosiveness': 2.0358961605408146}, 'rushingPlays': {'rate': 0.38961038961038963, 'ppa': 0.05616748390230182, 'totalPPA': 1.6850245170690545, 'successRate': 0.43333333333333335, 'explosiveness': 1.0434651406188011}, 'passingPlays': {'rate': 0.5844155844155844, 'ppa': 0.7173397992693138, 'totalPPA': 32.28029096711912, 'successRate': 0.6222222222222222, 'explosiveness': 1.4840411559607873}}","{'plays': 59, 'drives': 12, 'ppa': 0.07433275291357205, 'totalPPA': 4.385632421900751, 'successRate': 0.3220338983050847, 'explosiveness': 1.5292950729514843, 'powerSuccess': 1, 'stuffRate': 0.15789473684210525, 'lineYards': 2.1894736842105265, 'lineYardsTotal': 42, 'secondLevelYards': 0.42105263157894735, 'secondLevelYardsTotal': 8, 'openFieldYards': 0.05263157894736842, 'openFieldYardsTotal': 0, 'totalOpportunies': 2, 'pointsPerOpportunity': 3.5, 'fieldPosition': {'averageStart': 75.3, 'averagePredictedPoints': -1.036}, 'havoc': {'total': 0.102, 'frontSeven': 0.051, 'db': 0.051}, 'standardDowns': {'rate': 0.559322033898305, 'ppa': 0.03417207056965928, 'successRate': 0.36363636363636365, 'explosiveness': 1.244365075727233}, 'passingDowns': {'rate': 0.4406779661016949, 'ppa': 0.12530592665776902, 'totalPPA': 10.044474662516707, 'successRate': 0.2692307692307692, 'explosiveness': 2.0177464967644863}, 'rushingPlays': {'rate': 0.3220338983050847, 'ppa': -0.14017522679947672, 'totalPPA': -2.663329309190058, 'successRate': 0.2631578947368421, 'explosiveness': 0.7911987008098379}, 'passingPlays': {'rate': 0.6440677966101694, 'ppa': 0.26432828059254493, 'totalPPA': 10.044474662516707, 'successRate': 0.3684210526315789, 'explosiveness': 1.7929009201449293}}"
2026,Purdue,Big Ten,"{'plays': 74, 'drives': 10, 'ppa': 0.33166290225570116, 'totalPPA': 24.543054766921884, 'successRate': 0.5, 'explosiveness': 1.1765932198339826, 'powerSuccess': 1, 'stuffRate': 0.05263157894736842, 'lineYards': 3.713157894736842, 'lineYardsTotal': 141, 'secondLevelYards': 1.1052631578947367, 'secondLevelYardsTotal': 42, 'openFieldYards': 0.631578947368421, 'openFieldYardsTotal': 24, 'totalOpportunies': 10, 'pointsPerOpportunity': 3.7, 'fieldPosition': {'averageStart': 72.9, 'averagePredictedPoints': 1.193}, 'havoc': {'total': 0.095, 'frontSeven': 0.054, 'db': 0.041}, 'standardDowns': {'rate': 0.7432432432432432, 'ppa': 0.3872495503721152, 'successRate': 0.5636363636363636, 'explosiveness': 0.9240029572149231}, 'passingDowns': {'rate': 0.25675675675675674, 'ppa': 0.17075418402397616, 'successRate': 0.3157894736842105, 'explosiveness': 2.4816429100324564}, 'rushingPlays': {'rate': 0.5135135135135135, 'ppa': 0.16527754100909872, 'totalPPA': 6.280546558345751, 'successRate': 0.42105263157894735, 'explosiveness': 0.7770330166470982}, 'passingPlays': {'rate': 0.47297297297297297, 'ppa': 0.6345690300218726, 'totalPPA': 22.20991605076554, 'successRate': 0.6, 'explosiveness': 1.4810200413097039}}","{'plays': 48, 'drives': 10, 'ppa': 0.007618450700996603, 'totalPPA': 0.36568563364783696, 'successRate': 0.2708333333333333, 'explosiveness': 2.3625129116735217, 'powerSuccess': 1, 'stuffRate': 0.38095238095238093, 'lineYards': 1.7857142857142858, 'lineYardsTotal': 38, 'secondLevelYards': 1.0952380952380951, 'secondLevelYardsTotal': 23, 'openFieldYards': 1.2380952380952381, 'openFieldYardsTotal': 0, 'totalOpportunies': 4, 'pointsPerOpportunity': 3.25, 'fieldPosition': {'averageStart': 71.2, 'averagePredictedPoints': -1.261}, 'havoc': {'total': 0.292, 'frontSeven': 0.208, 'db': 0.083}, 'standardDowns': {'rate': 0.5, 'ppa': -0.5867797142891882, 'successRate': 0.25, 'explosiveness': 1.0105427495367785}, 'passingDowns': {'rate': 0.5, 'ppa': 0.6020166156911815, 'totalPPA': 2.2706769374387985, 'successRate': 0.2916666666666667, 'explosiveness': 3.5213444792193016}, 'rushingPlays': {'rate': 0.4375, 'ppa': -0.08134021014578999, 'totalPPA': -1.7081444130615895, 'successRate': 0.2857142857142857, 'explosiveness': 1.5297287544189107}, 'passingPlays': {'rate': 0.5208333333333334, 'ppa': 0.09082707749755194, 'totalPPA': 2.2706769374387985, 'successRate': 0.24, 'explosiveness': 3.4882754775259968}}"
2026,Rice,American Athletic,"{'plays': 82, 'drives': 10, 'ppa': 0.1875302343234571, 'totalPPA': 15.377479214523483, 'successRate': 0.5365853658536586, 'explosiveness': 0.9398508399655154, 'powerSuccess': 0.7142857142857143, 'stuffRate': 0.07142857142857142, 'lineYards': 4.098571428571429, 'lineYardsTotal': 287, 'secondLevelYards': 1.5142857142857142, 'secondLevelYardsTotal': 106, 'openFieldYards': 1.4428571428571428, 'openFieldYardsTotal': 101, 'totalOpportunies': 7, 'pointsPerOpportunity': 4.428571428571429, 'fieldPosition': {'averageStart': 69.9, 'averagePredictedPoints': 1.545}, 'havoc': {'total': 0.049, 'frontSeven': 0.049, 'db': 0}, 'standardDowns': {'rate': 0.7560975609756098, 'ppa': 0.16848413600438475, 'successRate': 0.6290322580645161, 'explosiveness': 0.7614442615138343}, 'passingDowns': {'rate': 0.24390243902439024, 'ppa': 0.24657313911258139, 'successRate': 0.25, 'explosiveness': 2.3314221518886287}, 'rushingPlays': {'rate': 0.8536585365853658, 'ppa': 0.31238570908527363, 'totalPPA': 21.866999635969155, 'successRate': 0.6, 'explosiveness': 0.8681617069325447}, 'passingPlays': {'rate': 0.12195121951219512, 'ppa': -0.19541835175828126, 'totalPPA': -1.9541835175828124, 'successRate': 0.2, 'explosiveness': 2.4453226336579013}}","{'plays': 59, 'drives': 9, 'ppa': -0.3031678916316084, 'totalPPA': -17.886905606264893, 'successRate': 0.3050847457627119, 'explosiveness': 1.1672615609152817, 'powerSuccess': 0.3333333333333333, 'stuffRate': 0.18181818181818182, 'lineYards': 2.8151515151515154, 'lineYardsTotal': 93, 'secondLevelYards': 0.8484848484848485, 'secondLevelYardsTotal': 28, 'openFieldYards': 1.4545454545454546, 'openFieldYardsTotal': 0, 'totalOpportunies': 5, 'pointsPerOpportunity': 0.6, 'fieldPosition': {'averageStart': 75.7, 'averagePredictedPoints': -0.998}, 'havoc': {'total': 0.22, 'frontSeven': 0.153, 'db': 0.068}, 'standardDowns': {'rate': 0.559322033898305, 'ppa': -0.3594201113253983, 'successRate': 0.3939393939393939, 'explosiveness': 0.6815870060456117}, 'passingDowns': {'rate': 0.4406779661016949, 'ppa': -0.23177084355872116, 'totalPPA': -12.828158826660056, 'successRate': 0.19230769230769232, 'explosiveness': 2.430015403576424}, 'rushingPlays': {'rate': 0.559322033898305, 'ppa': -0.1101950053500016, 'totalPPA': -3.6364351765500524, 'successRate': 0.3939393939393939, 'explosiveness': 0.8854604273111971}, 'passingPlays': {'rate': 0.423728813559322, 'ppa': -0.5131263530664022, 'totalPPA': -12.828158826660056, 'successRate': 0.2, 'explosiveness': 1.8999445082859017}}"
2026,Rutgers,Big Ten,"{'plays': 63, 'drives': 12, 'ppa': -0.01985900010564004, 'totalPPA': -1.2511170066553225, 'successRate': 0.3968253968253968, 'explosiveness': 1.561455323235606, 'powerSuccess': 0.6, 'stuffRate': 0.25, 'lineYards': 1.93, 'lineYardsTotal': 39, 'secondLevelYards': 0, 'secondLevelYardsTotal': 0, 'openFieldYards': 0, 'openFieldYardsTotal': 0, 'totalOpportunies': 5, 'pointsPerOpportunity': 2.8, 'fieldPosition': {'averageStart': 75.8, 'averagePredictedPoints': 1.01}, 'havoc': {'total': 0.27, 'frontSeven': 0.127, 'db': 0.143}, 'standardDowns': {'rate': 0.6984126984126984, 'ppa': -0.2525673779623286, 'successRate': 0.4090909090909091, 'explosiveness': 1.1791226922378115}, 'passingDowns': {'rate': 0.30158730158730157, 'ppa': 0.5190446117730071, 'successRate': 0.3684210526315789, 'explosiveness': 2.5445963743727917}, 'rushingPlays': {'rate': 0.31746031746031744, 'ppa': -0.5619235115273845, 'totalPPA': -11.238470230547689, 'successRate': 0.3, 'explosiveness': 0.6435225085892998}, 'passingPlays': {'rate': 0.6666666666666666, 'ppa': 0.19188465510072683, 'totalPPA': 8.059155514230527, 'successRate': 0.42857142857142855, 'explosiveness': 1.8470583510940284}}","{'plays': 65, 'drives': 12, 'ppa': 0.32997264174661556, 'totalPPA': 21.44822171353001, 'successRate': 0.5230769230769231, 'explosiveness': 1.040597861761411, 'powerSuccess': 0.7142857142857143, 'stuffRate': 0.175, 'lineYards': 3.375, 'lineYardsTotal': 135, 'secondLevelYards': 1.4, 'secondLevelYardsTotal': 56, 'openFieldYards': 0.65, 'openFieldYardsTotal': 0, 'totalOpportunies': 9, 'pointsPerOpportunity': 4.111111111111111, 'fieldPosition': {'averageStart': 65.5, 'averagePredictedPoints': -1.744}, 'havoc': {'total': 0.092, 'frontSeven': 0.077, 'db': 0.015}, 'standardDowns': {'rate': 0.7384615384615385, 'ppa': 0.2323941537810675, 'successRate': 0.5625, 'explosiveness': 0.893121513925548}, 'passingDowns': {'rate': 0.26153846153846155, 'ppa': 0.6054883724728688, 'totalPPA': 14.872098065410537, 'successRate': 0.4117647058823529, 'explosiveness': 1.6094352034140247}, 'rushingPlays': {'rate': 0.6153846153846154, 'ppa': 0.17148115797016708, 'totalPPA': 6.859246318806683, 'successRate': 0.525, 'explosiveness': 0.7701737492701682}, 'passingPlays': {'rate': 0.35384615384615387, 'ppa': 0.6466129593656755, 'totalPPA': 14.872098065410537, 'successRate': 0.5217391304347826, 'explosiveness': 1.5287858733690318}}"
2026,Sacramento State,Mid-American,"{'plays': 136, 'drives': 28, 'ppa': 0.07397150248696345, 'totalPPA': 10.06012433822703, 'successRate': 0.4117647058823529, 'explosiveness': 1.2100326346283852, 'powerSuccess': 0.7142857142857143, 'stuffRate': 0.27586206896551724, 'lineYards': 2.3344827586206898, 'lineYardsTotal': 135, 'secondLevelYards': 1.1379310344827587, 'secondLevelYardsTotal': 66, 'openFieldYards': 1.3620689655172413, 'openFieldYardsTotal': 79, 'totalOpportunies': 14, 'pointsPerOpportunity': 3.9285714285714284, 'fieldPosition': {'averageStart': 66.8, 'averagePredictedPoints': 1.67}, 'havoc': {'total': 0.169, 'frontSeven': 0.066, 'db': 0.103}, 'standardDowns': {'rate': 0.6985294117647058, 'ppa': 0.16764839808042628, 'successRate': 0.49473684210526314, 'explosiveness': 1.1737673146217171}, 'passingDowns': {'rate': 0.3014705882352941, 'ppa': -0.14308471901008457, 'successRate': 0.21951219512195122, 'explosiveness': 1.399418194663207}, 'rushingPlays': {'rate': 0.4264705882352941, 'ppa': 0.07831920187054699, 'totalPPA': 4.542513708491725, 'successRate': 0.46551724137931033, 'explosiveness': 1.0900901699594658}, 'passingPlays': {'rate': 0.5514705882352942, 'ppa': 0.14019950036133771, 'totalPPA': 10.51496252710033, 'successRate': 0.38666666666666666, 'explosiveness': 1.3217032051822066}}","{'plays': 123, 'drives': 28, 'ppa': -0.05435869696312983, 'totalPPA': -6.68611972646497, 'successRate': 0.3170731707317073, 'explosiveness': 1.249205121713904, 'powerSuccess': 0.8, 'stuffRate': 0.1724137931034483, 'lineYards': 2.446551724137931, 'lineYardsTotal': 142, 'secondLevelYards': 0.7241379310344828, 'secondLevelYardsTotal': 42, 'openFieldYards': 0.896551724137931, 'openFieldYardsTotal': 0, 'totalOpportunies': 10, 'pointsPerOpportunity': 2.8, 'fieldPosition': {'averageStart': 71.5, 'averagePredictedPoints': -1.255}, 'havoc': {'total': 0.179, 'frontSeven': 0.138, 'db': 0.041}, 'standardDowns': {'rate': 0.6097560975609756, 'ppa': -0.08235863346089227, 'successRate': 0.41333333333333333, 'explosiveness': 1.0455475895708333}, 'passingDowns': {'rate': 0.3902439024390244, 'ppa': -0.010608796185376022, 'totalPPA': 6.710239953230621, 'successRate': 0.16666666666666666, 'explosiveness': 2.038378058768303}, 'rushingPlays': {'rate': 0.4715447154471545, 'ppa': -0.26587359201747557, 'totalPPA': -15.420668337013584, 'successRate': 0.27586206896551724, 'explosiveness': 0.9575145405094487}, 'passingPlays': {'rate': 0.4959349593495935, 'ppa': 0.11000393365951838, 'totalPPA': 6.710239953230621, 'successRate': 0.3442622950819672, 'explosiveness': 1.3757553601709083}}"
2026,Sam Houston,Conference USA,"{'plays': 70, 'drives': 12, 'ppa': 0.0666692867853846, 'totalPPA': 4.666850074976923, 'successRate': 0.4714285714285714, 'explosiveness': 1.2051346981627544, 'powerSuccess': 0.5, 'stuffRate': 0.4, 'lineYards': 1.775, 'lineYardsTotal': 36, 'secondLevelYards': 0.85, 'secondLevelYardsTotal': 17, 'openFieldYards': 0.9, 'openFieldYardsTotal': 18, 'totalOpportunies': 5, 'pointsPerOpportunity': 4.2, 'fieldPosition': {'averageStart': 80.3, 'averagePredictedPoints': 0.647}, 'havoc': {'total': 0.229, 'frontSeven': 0.186, 'db': 0.043}, 'standardDowns': {'rate': 0.6714285714285714, 'ppa': -0.1655739045541718, 'successRate': 0.5319148936170213, 'explosiveness': 0.8456089790281512}, 'passingDowns': {'rate': 0.32857142857142857, 'ppa': 0.541253199522739, 'successRate': 0.34782608695652173, 'explosiveness': 2.32865257045839}, 'rushingPlays': {'rate': 0.2857142857142857, 'ppa': -0.3311219629287563, 'totalPPA': -6.622439258575126, 'successRate': 0.45, 'explosiveness': 0.6262233814088436}, 'passingPlays': {'rate': 0.7142857142857143, 'ppa': 0.22578578667104096, 'totalPPA': 11.289289333552048, 'successRate': 0.48, 'explosiveness': 1.422226441945471}}","{'plays': 69, 'drives': 14, 'ppa': 0.1569078614264043, 'totalPPA': 10.826642438421898, 'successRate': 0.3333333333333333, 'explosiveness': 1.656527031513981, 'powerSuccess': 0, 'stuffRate': 0.28205128205128205, 'lineYards': 2.6666666666666665, 'lineYardsTotal': 104, 'secondLevelYards': 1.3333333333333333, 'secondLevelYardsTotal': 52, 'openFieldYards': 1.358974358974359, 'openFieldYardsTotal': 0, 'totalOpportunies': 7, 'pointsPerOpportunity': 3.4285714285714284, 'fieldPosition': {'averageStart': 67.8, 'averagePredictedPoints': -1.54}, 'havoc': {'total': 0.217, 'frontSeven': 0.13, 'db': 0.087}, 'standardDowns': {'rate': 0.5797101449275363, 'ppa': -0.03337139660681449, 'successRate': 0.35, 'explosiveness': 1.2888506655111682}, 'passingDowns': {'rate': 0.42028985507246375, 'ppa': 0.4193620104377406, 'totalPPA': 7.83296059697772, 'successRate': 0.3103448275862069, 'explosiveness': 2.228468045296134}, 'rushingPlays': {'rate': 0.5652173913043478, 'ppa': 0.02477515480476396, 'totalPPA': 0.9662310373857944, 'successRate': 0.3333333333333333, 'explosiveness': 1.2914278446996599}, 'passingPlays': {'rate': 0.391304347826087, 'ppa': 0.29010965173991554, 'totalPPA': 7.83296059697772, 'successRate': 0.3333333333333333, 'explosiveness': 2.0888512958381735}}"
2026,San Diego State,Pac-12,"{'plays': 64, 'drives': 12, 'ppa': 0.13046277523357352, 'totalPPA': 8.349617614948706, 'successRate': 0.46875, 'explosiveness': 1.0291707981119504, 'powerSuccess': 0.5454545454545454, 'stuffRate': 0.225, 'lineYards': 3.11, 'lineYardsTotal': 124, 'secondLevelYards': 1.2, 'secondLevelYardsTotal': 48, 'openFieldYards': 1.9, 'openFieldYardsTotal': 76, 'totalOpportunies': 8, 'pointsPerOpportunity': 5.625, 'fieldPosition': {'averageStart': 65.5, 'averagePredictedPoints': 1.725}, 'havoc': {'total': 0.141, 'frontSeven': 0.109, 'db': 0.031}, 'standardDowns': {'rate': 0.78125, 'ppa': -0.19605972682508366, 'successRate': 0.4, 'explosiveness': 0.6032135839488697}, 'passingDowns': {'rate': 0.21875, 'ppa': 1.2966145683002064, 'successRate': 0.7142857142857143, 'explosiveness': 1.8810852264381122}, 'rushingPlays': {'rate': 0.625, 'ppa': 0.17689317353945416, 'totalPPA': 7.075726941578166, 'successRate': 0.45, 'explosiveness': 0.8890117312282363}, 'passingPlays': {'rate': 0.328125, 'ppa': 0.2802790559922591, 'totalPPA': 5.885860175837442, 'successRate': 0.5238095238095238, 'explosiveness': 1.3643766676920888}}","{'plays': 81, 'drives': 14, 'ppa': -0.0737045564537173, 'totalPPA': -5.970069072751102, 'successRate': 0.41975308641975306, 'explosiveness': 0.7705396494743997, 'powerSuccess': 0.8333333333333334, 'stuffRate': 0.10344827586206896, 'lineYards': 3.213793103448276, 'lineYardsTotal': 93, 'secondLevelYards': 0.5862068965517241, 'secondLevelYardsTotal': 17, 'openFieldYards': 0, 'openFieldYardsTotal': 0, 'totalOpportunies': 7, 'pointsPerOpportunity': 2.857142857142857, 'fieldPosition': {'averageStart': 68.1, 'averagePredictedPoints': -1.443}, 'havoc': {'total': 0.099, 'frontSeven': 0.049, 'db': 0.049}, 'standardDowns': {'rate': 0.7160493827160493, 'ppa': -0.2339305858534327, 'successRate': 0.4482758620689655, 'explosiveness': 0.5330217624766296}, 'passingDowns': {'rate': 0.2839506172839506, 'ppa': 0.3303436915977389, 'totalPPA': 3.2651929512680704, 'successRate': 0.34782608695652173, 'explosiveness': 1.5424727822171527}, 'rushingPlays': {'rate': 0.35802469135802467, 'ppa': -0.19534927125804671, 'totalPPA': -5.665128866483355, 'successRate': 0.4827586206896552, 'explosiveness': 0.2000381238009462}, 'passingPlays': {'rate': 0.6172839506172839, 'ppa': 0.06530385902536141, 'totalPPA': 3.2651929512680704, 'successRate': 0.4, 'explosiveness': 1.1698907174458173}}"
2026,San José State,Mountain West,"{'plays': 135, 'drives': 26, 'ppa': 0.13303261113285583, 'totalPPA': 17.95940250293554, 'successRate': 0.37777777777777777, 'explosiveness': 1.403736148990978, 'powerSuccess': 0.5, 'stuffRate': 0.22413793103448276, 'lineYards': 2.8948275862068966, 'lineYardsTotal': 168, 'secondLevelYards': 1.206896551724138, 'secondLevelYardsTotal': 70, 'openFieldYards': 0.5, 'openFieldYardsTotal': 29, 'totalOpportunies': 13, 'pointsPerOpportunity': 3.923076923076923, 'fieldPosition': {'averageStart': 69.6, 'averagePredictedPoints': 1.41}, 'havoc': {'total': 0.17, 'frontSeven': 0.089, 'db': 0.081}, 'standardDowns': {'rate': 0.6, 'ppa': -0.020052655401997223, 'successRate': 0.43209876543209874, 'explosiveness': 1.1498939738410476}, 'passingDowns': {'rate': 0.4, 'ppa': 0.36266051093513546, 'successRate': 0.2962962962962963, 'explosiveness': 1.9590159071314508}, 'rushingPlays': {'rate': 0.42962962962962964, 'ppa': -0.05039734101138867, 'totalPPA': -2.923045778660543, 'successRate': 0.3275862068965517, 'explosiveness': 1.125708740034031}, 'passingPlays': {'rate': 0.5407407407407407, 'ppa': 0.34015752576784536, 'totalPPA': 24.831499381052712, 'successRate': 0.4246575342465753, 'explosiveness': 1.5941666430246135}}","{'plays': 146, 'drives': 24, 'ppa': 0.09584398625455891, 'totalPPA': 13.9932219931656, 'successRate': 0.4863013698630137, 'explosiveness': 0.9437116819457053, 'powerSuccess': 0.9333333333333333, 'stuffRate': 0.12698412698412698, 'lineYards': 3.0793650793650795, 'lineYardsTotal': 194, 'secondLevelYards': 1, 'secondLevelYardsTotal': 63, 'openFieldYards': 0.746031746031746, 'openFieldYardsTotal': 0, 'totalOpportunies': 15, 'pointsPerOpportunity': 3.7333333333333334, 'fieldPosition': {'averageStart': 71.3, 'averagePredictedPoints': -1.297}, 'havoc': {'total': 0.116, 'frontSeven': 0.041, 'db': 0.075}, 'standardDowns': {'rate': 0.7465753424657534, 'ppa': 0.14341725113620435, 'successRate': 0.5779816513761468, 'explosiveness': 0.9549243350568373}, 'passingDowns': {'rate': 0.2534246575342466, 'ppa': -0.04430428055893713, 'totalPPA': 6.099377438396997, 'successRate': 0.21621621621621623, 'explosiveness': 0.8554120386955416}, 'rushingPlays': {'rate': 0.4315068493150685, 'ppa': 0.2360371400095589, 'totalPPA': 14.87033982060221, 'successRate': 0.5396825396825397, 'explosiveness': 0.961878419501818}, 'passingPlays': {'rate': 0.547945205479452, 'ppa': 0.07624221797996246, 'totalPPA': 6.099377438396997, 'successRate': 0.45, 'explosiveness': 0.9415245210760862}}"
2026,SMU,ACC,"{'plays': 67, 'drives': 11, 'ppa': 0.3616394354873274, 'totalPPA': 24.229842177650934, 'successRate': 0.5522388059701493, 'explosiveness': 1.2869920757845814, 'powerSuccess': 0.6666666666666666, 'stuffRate': 0.12903225806451613, 'lineYards': 3.2774193548387096, 'lineYardsTotal': 102, 'secondLevelYards': 0.967741935483871, 'secondLevelYardsTotal': 30, 'openFieldYards': 0.967741935483871, 'openFieldYardsTotal': 30, 'totalOpportunies': 6, 'pointsPerOpportunity': 2.1666666666666665, 'fieldPosition': {'averageStart': 72.2, 'averagePredictedPoints': 1.202}, 'havoc': {'total': 0.149, 'frontSeven': 0.09, 'db': 0.06}, 'standardDowns': {'rate': 0.7014925373134329, 'ppa': 0.26562334126535514, 'successRate': 0.6170212765957447, 'explosiveness': 0.8389995393829157}, 'passingDowns': {'rate': 0.29850746268656714, 'ppa': 0.5872772569089622, 'successRate': 0.4, 'explosiveness': 2.91096502024062}, 'rushingPlays': {'rate': 0.4626865671641791, 'ppa': 0.12763568645357273, 'totalPPA': 3.9567062800607546, 'successRate': 0.4838709677419355, 'explosiveness': 0.692143986843656}, 'passingPlays': {'rate': 0.5373134328358209, 'ppa': 0.5631426638219494, 'totalPPA': 20.27313589759018, 'successRate': 0.6111111111111112, 'explosiveness': 1.6925703182443035}}","{'plays': 67, 'drives': 12, 'ppa': 0.1398337614287114, 'totalPPA': 9.368862015723664, 'successRate': 0.373134328358209, 'explosiveness': 1.4367549195963938, 'powerSuccess': 0.3333333333333333, 'stuffRate': 0.12195121951219512, 'lineYards': 3.180487804878049, 'lineYardsTotal': 130, 'secondLevelYards': 1.024390243902439, 'secondLevelYardsTotal': 42, 'openFieldYards': 1.4878048780487805, 'openFieldYardsTotal': 0, 'totalOpportunies': 4, 'pointsPerOpportunity': 6, 'fieldPosition': {'averageStart': 72.9, 'averagePredictedPoints': -1.139}, 'havoc': {'total': 0.179, 'frontSeven': 0.134, 'db': 0.045}, 'standardDowns': {'rate': 0.7014925373134329, 'ppa': -0.04447359925594315, 'successRate': 0.40425531914893614, 'explosiveness': 1.020828399360821}, 'passingDowns': {'rate': 0.29850746268656714, 'ppa': 0.5729560590376496, 'totalPPA': 6.386998378383809, 'successRate': 0.3, 'explosiveness': 2.753855567009041}, 'rushingPlays': {'rate': 0.6119402985074627, 'ppa': 0.07272838139853305, 'totalPPA': 2.981863637339855, 'successRate': 0.4146341463414634, 'explosiveness': 1.1307192029209636}, 'passingPlays': {'rate': 0.3880597014925373, 'ppa': 0.24565378378399266, 'totalPPA': 6.386998378383809, 'successRate': 0.3076923076923077, 'explosiveness': 2.0870808175316826}}"
2026,South Alabama,Sun Belt,"{'plays': 88, 'drives': 11, 'ppa': 0.09432476942180129, 'totalPPA': 8.300579709118514, 'successRate': 0.42045454545454547, 'explosiveness': 1.1090388260054005, 'powerSuccess': 0.8, 'stuffRate': 0.14035087719298245, 'lineYards': 3.3333333333333335, 'lineYardsTotal': 190, 'secondLevelYards': 1.1929824561403508, 'secondLevelYardsTotal': 68, 'openFieldYards': 0.40350877192982454, 'openFieldYardsTotal': 23, 'totalOpportunies': 8, 'pointsPerOpportunity': 4.625, 'fieldPosition': {'averageStart': 65.1, 'averagePredictedPoints': 1.946}, 'havoc': {'total': 0.148, 'frontSeven': 0.091, 'db': 0.057}, 'standardDowns': {'rate': 0.7386363636363636, 'ppa': -0.03436474057218955, 'successRate': 0.4461538461538462, 'explosiveness': 0.9437789465313619}, 'passingDowns': {'rate': 0.26136363636363635, 'ppa': 0.4580125150569928, 'successRate': 0.34782608695652173, 'explosiveness': 1.7081058890987908}, 'rushingPlays': {'rate': 0.6477272727272727, 'ppa': 0.14565453539276396, 'totalPPA': 8.302308517387546, 'successRate': 0.43859649122807015, 'explosiveness': 0.9702118182833261}, 'passingPlays': {'rate': 0.3181818181818182, 'ppa': 0.08073001845267304, 'totalPPA': 2.260440516674845, 'successRate': 0.39285714285714285, 'explosiveness': 1.4212848859572849}}","{'plays': 37, 'drives': 10, 'ppa': -0.1079332162191834, 'totalPPA': -3.993529000109786, 'successRate': 0.40540540540540543, 'explosiveness': 1.3108139148186486, 'powerSuccess': 0.25, 'stuffRate': 0.3125, 'lineYards': 1.46875, 'lineYardsTotal': 24, 'secondLevelYards': 1.1875, 'secondLevelYardsTotal': 19, 'openFieldYards': 0.9375, 'openFieldYardsTotal': 0, 'totalOpportunies': 5, 'pointsPerOpportunity': 2.4, 'fieldPosition': {'averageStart': 70.5, 'averagePredictedPoints': -1.398}, 'havoc': {'total': 0.297, 'frontSeven': 0.162, 'db': 0.135}, 'standardDowns': {'rate': 0.7297297297297297, 'ppa': -0.3158058223213928, 'successRate': 0.4444444444444444, 'explosiveness': 1.0173196293336872}, 'passingDowns': {'rate': 0.2702702702702703, 'ppa': 0.453322820256782, 'totalPPA': 6.487906928671766, 'successRate': 0.3, 'explosiveness': 2.4847910567584948}, 'rushingPlays': {'rate': 0.43243243243243246, 'ppa': -0.5243049433079023, 'totalPPA': -8.388879092926437, 'successRate': 0.3125, 'explosiveness': 0.5439841050632246}, 'passingPlays': {'rate': 0.5405405405405406, 'ppa': 0.3243953464335883, 'totalPPA': 6.487906928671766, 'successRate': 0.5, 'explosiveness': 1.6942288196963609}}"
2026,South Carolina,SEC,"{'plays': 74, 'drives': 10, 'ppa': 0.6831768049116431, 'totalPPA': 50.555083563461594, 'successRate': 0.6891891891891891, 'explosiveness': 1.208883909759148, 'powerSuccess': 0.8333333333333334, 'stuffRate': 0.07692307692307693, 'lineYards': 4.058974358974359, 'lineYardsTotal': 158, 'secondLevelYards': 1.564102564102564, 'secondLevelYardsTotal': 61, 'openFieldYards': 2.4615384615384617, 'openFieldYardsTotal': 96, 'totalOpportunies': 8, 'pointsPerOpportunity': 7, 'fieldPosition': {'averageStart': 80.1, 'averagePredictedPoints': 0.714}, 'havoc': {'total': 0.068, 'frontSeven': 0.068, 'db': 0}, 'standardDowns': {'rate': 0.8378378378378378, 'ppa': 0.5614259917658269, 'successRate': 0.7096774193548387, 'explosiveness': 1.0202124302601328}, 'passingDowns': {'rate': 0.16216216216216217, 'ppa': 1.3122226728316944, 'successRate': 0.5833333333333334, 'explosiveness': 2.3948189237529576}, 'rushingPlays': {'rate': 0.527027027027027, 'ppa': 0.5038102113338384, 'totalPPA': 19.6485982420197, 'successRate': 0.6666666666666666, 'explosiveness': 0.965191667786138}, 'passingPlays': {'rate': 0.44594594594594594, 'ppa': 0.8698807571897776, 'totalPPA': 28.706064987262664, 'successRate': 0.696969696969697, 'explosiveness': 1.4938119870042488}}","{'plays': 49, 'drives': 10, 'ppa': -0.08185170313354628, 'totalPPA': -4.010733453543768, 'successRate': 0.2653061224489796, 'explosiveness': 1.461049533469705, 'powerSuccess': 0.5, 'stuffRate': 0.20833333333333334, 'lineYards': 2.7333333333333334, 'lineYardsTotal': 66, 'secondLevelYards': 0.625, 'secondLevelYardsTotal': 15, 'openFieldYards': 1.2083333333333333, 'openFieldYardsTotal': 0, 'totalOpportunies': 1, 'pointsPerOpportunity': 0, 'fieldPosition': {'averageStart': 76.2, 'averagePredictedPoints': -0.855}, 'havoc': {'total': 0.143, 'frontSeven': 0.082, 'db': 0.061}, 'standardDowns': {'rate': 0.5306122448979592, 'ppa': -0.11165971868060205, 'successRate': 0.34615384615384615, 'explosiveness': 1.2122603978518192}, 'passingDowns': {'rate': 0.46938775510204084, 'ppa': -0.04815568555861368, 'totalPPA': -1.374127734144871, 'successRate': 0.17391304347826086, 'explosiveness': 2.020825088609948}, 'rushingPlays': {'rate': 0.4897959183673469, 'ppa': -0.07185202827444753, 'totalPPA': -1.7244486785867406, 'successRate': 0.25, 'explosiveness': 1.3039921406593526}, 'passingPlays': {'rate': 0.46938775510204084, 'ppa': -0.059744684093255264, 'totalPPA': -1.374127734144871, 'successRate': 0.2608695652173913, 'explosiveness': 1.3479964509366118}}"
2026,Southern Miss,Sun Belt,"{'plays': 85, 'drives': 12, 'ppa': 0.34834967969336783, 'totalPPA': 29.609722773936262, 'successRate': 0.5882352941176471, 'explosiveness': 1.0704689502182791, 'powerSuccess': 0.8461538461538461, 'stuffRate': 0.07017543859649122, 'lineYards': 4.026315789473684, 'lineYardsTotal': 230, 'secondLevelYards': 1.4385964912280702, 'secondLevelYardsTotal': 82, 'openFieldYards': 0.543859649122807, 'openFieldYardsTotal': 31, 'totalOpportunies': 8, 'pointsPerOpportunity': 6.125, 'fieldPosition': {'averageStart': 69, 'averagePredictedPoints': 1.559}, 'havoc': {'total': 0.094, 'frontSeven': 0.024, 'db': 0.071}, 'standardDowns': {'rate': 0.8352941176470589, 'ppa': 0.25298109109338457, 'successRate': 0.5633802816901409, 'explosiveness': 1.008764349306471}, 'passingDowns': {'rate': 0.16470588235294117, 'ppa': 0.83200466473614, 'successRate': 0.7142857142857143, 'explosiveness': 1.3172873538655108}, 'rushingPlays': {'rate': 0.6705882352941176, 'ppa': 0.4636351117711277, 'totalPPA': 26.42720137095428, 'successRate': 0.6666666666666666, 'explosiveness': 0.9146367341082764}, 'passingPlays': {'rate': 0.3176470588235294, 'ppa': 0.1339359485782733, 'totalPPA': 3.6162706116133787, 'successRate': 0.4444444444444444, 'explosiveness': 1.5639376345666207}}","{'plays': 61, 'drives': 13, 'ppa': -0.26229054924344813, 'totalPPA': -15.999723503850337, 'successRate': 0.21311475409836064, 'explosiveness': 1.3757220145427, 'powerSuccess': None, 'stuffRate': 0.3142857142857143, 'lineYards': 2.037142857142857, 'lineYardsTotal': 71, 'secondLevelYards': 0.8571428571428571, 'secondLevelYardsTotal': 30, 'openFieldYards': 0.34285714285714286, 'openFieldYardsTotal': 0, 'totalOpportunies': 2, 'pointsPerOpportunity': 1.5, 'fieldPosition': {'averageStart': 76.8, 'averagePredictedPoints': -0.862}, 'havoc': {'total': 0.213, 'frontSeven': 0.115, 'db': 0.098}, 'standardDowns': {'rate': 0.6229508196721312, 'ppa': -0.5901495633873522, 'successRate': 0.10526315789473684, 'explosiveness': -0.6353974377617299}, 'passingDowns': {'rate': 0.3770491803278688, 'ppa': 0.2793895610812629, 'totalPPA': 3.1330661899873733, 'successRate': 0.391304347826087, 'explosiveness': 2.2695528822335578}, 'rushingPlays': {'rate': 0.5737704918032787, 'ppa': -0.31291273675125986, 'totalPPA': -10.951945786294095, 'successRate': 0.2, 'explosiveness': 0.4469827804614439}, 'passingPlays': {'rate': 0.3442622950819672, 'ppa': 0.14919362809463682, 'totalPPA': 3.1330661899873733, 'successRate': 0.2857142857142857, 'explosiveness': 2.459251120970832}}"
2026,South Florida,American Athletic,"{'plays': 58, 'drives': 9, 'ppa': -0.0627460596868576, 'totalPPA': -3.6392714618377413, 'successRate': 0.43103448275862066, 'explosiveness': 0.6493252074099518, 'powerSuccess': 0.8, 'stuffRate': 0.24324324324324326, 'lineYards': 2.2162162162162162, 'lineYardsTotal': 82, 'secondLevelYards': 0.8918918918918919, 'secondLevelYardsTotal': 33, 'openFieldYards': 0.08108108108108109, 'openFieldYardsTotal': 3, 'totalOpportunies': 6, 'pointsPerOpportunity': 3.1666666666666665, 'fieldPosition': {'averageStart': 58.6, 'averagePredictedPoints': 2.29}, 'havoc': {'total': 0.155, 'frontSeven': 0.121, 'db': 0.034}, 'standardDowns': {'rate': 0.6206896551724138, 'ppa': -0.03012534590662035, 'successRate': 0.5555555555555556, 'explosiveness': 0.4321627365737241}, 'passingDowns': {'rate': 0.3793103448275862, 'ppa': -0.11612540950906403, 'successRate': 0.22727272727272727, 'explosiveness': 1.5179750907548628}, 'rushingPlays': {'rate': 0.6379310344827587, 'ppa': -0.09907372864516202, 'totalPPA': -3.6657279598709946, 'successRate': 0.40540540540540543, 'explosiveness': 0.5413097361341198}, 'passingPlays': {'rate': 0.3275862068965517, 'ppa': 0.15583338573830777, 'totalPPA': 2.9608343290278474, 'successRate': 0.47368421052631576, 'explosiveness': 0.8556339259347239}}","{'plays': 76, 'drives': 10, 'ppa': -0.11861389335065944, 'totalPPA': -9.014655894650119, 'successRate': 0.3815789473684211, 'explosiveness': 0.9910967845218249, 'powerSuccess': 0.5, 'stuffRate': 0.25, 'lineYards': 2.4875, 'lineYardsTotal': 60, 'secondLevelYards': 0.6666666666666666, 'secondLevelYardsTotal': 16, 'openFieldYards': 0.375, 'openFieldYardsTotal': 0, 'totalOpportunies': 3, 'pointsPerOpportunity': 3.3333333333333335, 'fieldPosition': {'averageStart': 78.1, 'averagePredictedPoints': -0.847}, 'havoc': {'total': 0.158, 'frontSeven': 0.092, 'db': 0.066}, 'standardDowns': {'rate': 0.631578947368421, 'ppa': -0.09530162504911546, 'successRate': 0.4791666666666667, 'explosiveness': 0.9132990773624544}, 'passingDowns': {'rate': 0.3684210526315789, 'ppa': -0.158577781867592, 'totalPPA': 0.6189896373388685, 'successRate': 0.21428571428571427, 'explosiveness': 1.289321328632745}, 'rushingPlays': {'rate': 0.3157894736842105, 'ppa': -0.3693673672383767, 'totalPPA': -8.86481681372104, 'successRate': 0.3333333333333333, 'explosiveness': 0.2599758436832648}, 'passingPlays': {'rate': 0.6710526315789473, 'ppa': 0.012137051712526832, 'totalPPA': 0.6189896373388685, 'successRate': 0.4117647058823529, 'explosiveness': 1.2696190476984193}}"
2026,Stanford,ACC,"{'plays': 139, 'drives': 24, 'ppa': 0.16528711647074237, 'totalPPA': 22.974909189433188, 'successRate': 0.39568345323741005, 'explosiveness': 1.1457214486158334, 'powerSuccess': 0.8571428571428571, 'stuffRate': 0.1694915254237288, 'lineYards': 2.886440677966102, 'lineYardsTotal': 170, 'secondLevelYards': 0.8135593220338984, 'secondLevelYardsTotal': 48, 'openFieldYards': 0.864406779661017, 'openFieldYardsTotal': 51, 'totalOpportunies': 11, 'pointsPerOpportunity': 3.090909090909091, 'fieldPosition': {'averageStart': 75.7, 'averagePredictedPoints': 1.01}, 'havoc': {'total': 0.094, 'frontSeven': 0.043, 'db': 0.05}, 'standardDowns': {'rate': 0.6834532374100719, 'ppa': 0.14393538717388266, 'successRate': 0.47368421052631576, 'explosiveness': 0.9459425806920415}, 'passingDowns': {'rate': 0.31654676258992803, 'ppa': 0.2113874410889622, 'successRate': 0.22727272727272727, 'explosiveness': 2.0447263542728966}, 'rushingPlays': {'rate': 0.4244604316546763, 'ppa': 0.11023164428708991, 'totalPPA': 6.503667012938305, 'successRate': 0.3898305084745763, 'explosiveness': 0.8559829327861136}, 'passingPlays': {'rate': 0.5539568345323741, 'ppa': 0.2106466742791542, 'totalPPA': 16.219793919494876, 'successRate': 0.4025974025974026, 'explosiveness': 1.3530970100389736}}","{'plays': 145, 'drives': 25, 'ppa': 0.24458484935107738, 'totalPPA': 35.464803155906225, 'successRate': 0.4482758620689655, 'explosiveness': 1.3156744634857456, 'powerSuccess': 1, 'stuffRate': 0.1509433962264151, 'lineYards': 2.922641509433962, 'lineYardsTotal': 155, 'secondLevelYards': 0.9056603773584906, 'secondLevelYardsTotal': 48, 'openFieldYards': 0.5849056603773585, 'openFieldYardsTotal': 0, 'totalOpportunies': 12, 'pointsPerOpportunity': 6.083333333333333, 'fieldPosition': {'averageStart': 74.8, 'averagePredictedPoints': -1.051}, 'havoc': {'total': 0.124, 'frontSeven': 0.083, 'db': 0.041}, 'standardDowns': {'rate': 0.6344827586206897, 'ppa': 0.20612749905097477, 'successRate': 0.5, 'explosiveness': 1.1368987213340467}, 'passingDowns': {'rate': 0.36551724137931035, 'ppa': 0.3113410045889914, 'totalPPA': 44.96516441779237, 'successRate': 0.3584905660377358, 'explosiveness': 1.748499944484596}, 'rushingPlays': {'rate': 0.36551724137931035, 'ppa': -0.04882960717127035, 'totalPPA': -2.587969180077329, 'successRate': 0.41509433962264153, 'explosiveness': 0.9410665515301696}, 'passingPlays': {'rate': 0.6, 'ppa': 0.5168409703194525, 'totalPPA': 44.96516441779237, 'successRate': 0.4942528735632184, 'explosiveness': 1.5073343254165055}}"
2026,Syracuse,ACC,"{'plays': 78, 'drives': 13, 'ppa': 0.3509468600798421, 'totalPPA': 27.373855086227685, 'successRate': 0.5256410256410257, 'explosiveness': 1.3123860866084411, 'powerSuccess': 0.875, 'stuffRate': 0.15, 'lineYards': 3.5125, 'lineYardsTotal': 141, 'secondLevelYards': 1.775, 'secondLevelYardsTotal': 71, 'openFieldYards': 1.625, 'openFieldYardsTotal': 65, 'totalOpportunies': 11, 'pointsPerOpportunity': 5.363636363636363, 'fieldPosition': {'averageStart': 53.5, 'averagePredictedPoints': 2.532}, 'havoc': {'total': 0.09, 'frontSeven': 0.077, 'db': 0.013}, 'standardDowns': {'rate': 0.7564102564102564, 'ppa': 0.17419539439359505, 'successRate': 0.5423728813559322, 'explosiveness': 1.0473649960196951}, 'passingDowns': {'rate': 0.24358974358974358, 'ppa': 0.8998066745792409, 'successRate': 0.47368421052631576, 'explosiveness': 2.2546832975906494}, 'rushingPlays': {'rate': 0.5128205128205128, 'ppa': 0.33185359088145167, 'totalPPA': 13.274143635258065, 'successRate': 0.55, 'explosiveness': 1.0607670316950981}, 'passingPlays': {'rate': 0.47435897435897434, 'ppa': 0.40960984298985875, 'totalPPA': 15.155564190624775, 'successRate': 0.5135135135135135, 'explosiveness': 1.6037344659817858}}","{'plays': 63, 'drives': 14, 'ppa': -0.3906647759086895, 'totalPPA': -24.611880882247437, 'successRate': 0.2698412698412698, 'explosiveness': 0.8887481994400394, 'powerSuccess': 0.75, 'stuffRate': 0.23333333333333334, 'lineYards': 1.6033333333333333, 'lineYardsTotal': 48, 'secondLevelYards': 0.5333333333333333, 'secondLevelYardsTotal': 16, 'openFieldYards': 1.7333333333333334, 'openFieldYardsTotal': 0, 'totalOpportunies': 3, 'pointsPerOpportunity': 1, 'fieldPosition': {'averageStart': 80.1, 'averagePredictedPoints': -0.723}, 'havoc': {'total': 0.254, 'frontSeven': 0.206, 'db': 0.048}, 'standardDowns': {'rate': 0.5555555555555556, 'ppa': -0.5024165208402551, 'successRate': 0.3142857142857143, 'explosiveness': 0.8027024126385988}, 'passingDowns': {'rate': 0.4444444444444444, 'ppa': -0.2509750947442324, 'totalPPA': -12.530080561728312, 'successRate': 0.21428571428571427, 'explosiveness': 1.0464988085760136}, 'rushingPlays': {'rate': 0.47619047619047616, 'ppa': -0.3080861693062973, 'totalPPA': -9.242585079188919, 'successRate': 0.3333333333333333, 'explosiveness': 0.6323177094703857}, 'passingPlays': {'rate': 0.47619047619047616, 'ppa': -0.4176693520576104, 'totalPPA': -12.530080561728312, 'successRate': 0.2, 'explosiveness': 1.4872682004018594}}"
2026,TCU,Big 12,"{'plays': 72, 'drives': 10, 'ppa': -0.07457329590805598, 'totalPPA': -5.36927730538003, 'successRate': 0.3333333333333333, 'explosiveness': 1.2161647220811567, 'powerSuccess': 0.8, 'stuffRate': 0.19444444444444445, 'lineYards': 2.4472222222222224, 'lineYardsTotal': 88, 'secondLevelYards': 0.6666666666666666, 'secondLevelYardsTotal': 24, 'openFieldYards': 1.0833333333333333, 'openFieldYardsTotal': 39, 'totalOpportunies': 6, 'pointsPerOpportunity': 1.6666666666666667, 'fieldPosition': {'averageStart': 64.8, 'averagePredictedPoints': 1.673}, 'havoc': {'total': 0.153, 'frontSeven': 0.111, 'db': 0.042}, 'standardDowns': {'rate': 0.625, 'ppa': -0.08507850311737167, 'successRate': 0.4222222222222222, 'explosiveness': 1.0947521496292114}, 'passingDowns': {'rate': 0.375, 'ppa': -0.05706461722586315, 'successRate': 0.18518518518518517, 'explosiveness': 1.6775324973985477}, 'rushingPlays': {'rate': 0.5, 'ppa': -0.033578306021848255, 'totalPPA': -1.2088190167865371, 'successRate': 0.3611111111111111, 'explosiveness': 0.9471836289577926}, 'passingPlays': {'rate': 0.4722222222222222, 'ppa': -0.03854534205825231, 'totalPPA': -1.3105416299805785, 'successRate': 0.3235294117647059, 'explosiveness': 1.5340514684996776}}","{'plays': 58, 'drives': 10, 'ppa': -0.014260566423352015, 'totalPPA': -0.8271128525544169, 'successRate': 0.46551724137931033, 'explosiveness': 0.8184081777713084, 'powerSuccess': 0, 'stuffRate': 0.14814814814814814, 'lineYards': 3.425925925925926, 'lineYardsTotal': 93, 'secondLevelYards': 1.222222222222222, 'secondLevelYardsTotal': 33, 'openFieldYards': 0.037037037037037035, 'openFieldYardsTotal': 0, 'totalOpportunies': 5, 'pointsPerOpportunity': 2.6, 'fieldPosition': {'averageStart': 73.3, 'averagePredictedPoints': -1.195}, 'havoc': {'total': 0.155, 'frontSeven': 0.103, 'db': 0.052}, 'standardDowns': {'rate': 0.7068965517241379, 'ppa': -0.13554060987237823, 'successRate': 0.4878048780487805, 'explosiveness': 0.6152954960693156}, 'passingDowns': {'rate': 0.29310344827586204, 'ppa': 0.2782383618948877, 'totalPPA': 8.07655312272658, 'successRate': 0.4117647058823529, 'explosiveness': 1.398730125491288}, 'rushingPlays': {'rate': 0.46551724137931033, 'ppa': -0.349815885451928, 'totalPPA': -9.445028907202056, 'successRate': 0.4444444444444444, 'explosiveness': 0.17267409963621158}, 'passingPlays': {'rate': 0.5172413793103449, 'ppa': 0.26921843742421936, 'totalPPA': 8.07655312272658, 'successRate': 0.4666666666666667, 'explosiveness': 1.391683476590695}}"
2026,Temple,American Athletic,"{'plays': 63, 'drives': 10, 'ppa': 0.1701631807567049, 'totalPPA': 10.720280387672407, 'successRate': 0.4603174603174603, 'explosiveness': 1.1362662343770378, 'powerSuccess': 0.8571428571428571, 'stuffRate': 0.18604651162790697, 'lineYards': 2.9465116279069767, 'lineYardsTotal': 127, 'secondLevelYards': 1.1395348837209303, 'secondLevelYardsTotal': 49, 'openFieldYards': 1.6511627906976745, 'openFieldYardsTotal': 71, 'totalOpportunies': 6, 'pointsPerOpportunity': 4, 'fieldPosition': {'averageStart': 69.7, 'averagePredictedPoints': 1.385}, 'havoc': {'total': 0.111, 'frontSeven': 0.079, 'db': 0.032}, 'standardDowns': {'rate': 0.6825396825396826, 'ppa': 0.14161670518199457, 'successRate': 0.5348837209302325, 'explosiveness': 0.9162137692550849}, 'passingDowns': {'rate': 0.31746031746031744, 'ppa': 0.23153810324233207, 'successRate': 0.3, 'explosiveness': 1.9798006840111904}, 'rushingPlays': {'rate': 0.6825396825396826, 'ppa': 0.1503746729077232, 'totalPPA': 6.4661109350320976, 'successRate': 0.46511627906976744, 'explosiveness': 1.0546945204706748}, 'passingPlays': {'rate': 0.2857142857142857, 'ppa': 0.2667195084889791, 'totalPPA': 4.800951152801623, 'successRate': 0.4444444444444444, 'explosiveness': 1.3998562340868546}}","{'plays': 62, 'drives': 12, 'ppa': -0.03258138363984367, 'totalPPA': -2.0200457856703076, 'successRate': 0.3870967741935484, 'explosiveness': 1.1512097106063257, 'powerSuccess': 0.8, 'stuffRate': 0.2857142857142857, 'lineYards': 2.317857142857143, 'lineYardsTotal': 65, 'secondLevelYards': 1.0357142857142858, 'secondLevelYardsTotal': 29, 'openFieldYards': 0.6785714285714286, 'openFieldYardsTotal': 0, 'totalOpportunies': 4, 'pointsPerOpportunity': 3.5, 'fieldPosition': {'averageStart': 76.7, 'averagePredictedPoints': -0.89}, 'havoc': {'total': 0.226, 'frontSeven': 0.113, 'db': 0.113}, 'standardDowns': {'rate': 0.5967741935483871, 'ppa': -0.18041048691072392, 'successRate': 0.43243243243243246, 'explosiveness': 0.6327776067721779}, 'passingDowns': {'rate': 0.4032258064516129, 'ppa': 0.1862056892010591, 'totalPPA': -0.6663444590820141, 'successRate': 0.32, 'explosiveness': 2.188073918274622}, 'rushingPlays': {'rate': 0.45161290322580644, 'ppa': -0.01972185627759227, 'totalPPA': -0.5522119757725836, 'successRate': 0.42857142857142855, 'explosiveness': 0.7449272539606878}, 'passingPlays': {'rate': 0.532258064516129, 'ppa': -0.020192256335818608, 'totalPPA': -0.6663444590820141, 'successRate': 0.36363636363636365, 'explosiveness': 1.5574921672519637}}"
2026,Tennessee,SEC,"{'plays': 74, 'drives': 13, 'ppa': 0.4850157898087888, 'totalPPA': 35.89116844585037, 'successRate': 0.581081081081081, 'explosiveness': 1.2840787312058908, 'powerSuccess': 0.8333333333333334, 'stuffRate': 0.10869565217391304, 'lineYards': 3.7717391304347827, 'lineYardsTotal': 174, 'secondLevelYards': 1.565217391304348, 'secondLevelYardsTotal': 72, 'openFieldYards': 2.4565217391304346, 'openFieldYardsTotal': 113, 'totalOpportunies': 8, 'pointsPerOpportunity': 6.125, 'fieldPosition': {'averageStart': 70.5, 'averagePredictedPoints': 1.401}, 'havoc': {'total': 0.095, 'frontSeven': 0.081, 'db': 0.014}, 'standardDowns': {'rate': 0.8243243243243243, 'ppa': 0.5191680819393679, 'successRate': 0.6229508196721312, 'explosiveness': 1.2358324775461693}, 'passingDowns': {'rate': 0.17567567567567569, 'ppa': 0.32476272673453316, 'successRate': 0.38461538461538464, 'explosiveness': 1.6507502590197727}, 'rushingPlays': {'rate': 0.6216216216216216, 'ppa': 0.3424530802555483, 'totalPPA': 15.752841691755224, 'successRate': 0.5652173913043478, 'explosiveness': 1.0616917668858412}, 'passingPlays': {'rate': 0.3783783783783784, 'ppa': 0.7192259555033982, 'totalPPA': 20.13832675409515, 'successRate': 0.6071428571428571, 'explosiveness': 1.6241999707542019}}","{'plays': 60, 'drives': 14, 'ppa': -0.2136597102562977, 'totalPPA': -12.819582615377863, 'successRate': 0.25, 'explosiveness': 1.167568813131016, 'powerSuccess': 0, 'stuffRate': 0.27586206896551724, 'lineYards': 2.996551724137931, 'lineYardsTotal': 87, 'secondLevelYards': 1.206896551724138, 'secondLevelYardsTotal': 35, 'openFieldYards': 2.1724137931034484, 'openFieldYardsTotal': 0, 'totalOpportunies': 6, 'pointsPerOpportunity': 1.6666666666666667, 'fieldPosition': {'averageStart': 71, 'averagePredictedPoints': -1.288}, 'havoc': {'total': 0.267, 'frontSeven': 0.217, 'db': 0.05}, 'standardDowns': {'rate': 0.6166666666666667, 'ppa': -0.37396079296443757, 'successRate': 0.2972972972972973, 'explosiveness': 0.7813171148673718}, 'passingDowns': {'rate': 0.38333333333333336, 'ppa': 0.04421594453505773, 'totalPPA': -15.42450436529372, 'successRate': 0.17391304347826086, 'explosiveness': 2.2297609833560377}, 'rushingPlays': {'rate': 0.48333333333333334, 'ppa': 0.12187751586661547, 'totalPPA': 3.5344479601318484, 'successRate': 0.3448275862068966, 'explosiveness': 1.526350085295034}, 'passingPlays': {'rate': 0.4666666666666667, 'ppa': -0.5508751559033471, 'totalPPA': -15.42450436529372, 'successRate': 0.17857142857142858, 'explosiveness': 0.4500062688029801}}"
2026,Texas,SEC,"{'plays': 70, 'drives': 9, 'ppa': 0.4586510146705653, 'totalPPA': 32.10557102693957, 'successRate': 0.5, 'explosiveness': 1.579697637253443, 'powerSuccess': 0.8, 'stuffRate': 0.2857142857142857, 'lineYards': 2.5342857142857143, 'lineYardsTotal': 89, 'secondLevelYards': 0.9428571428571428, 'secondLevelYardsTotal': 33, 'openFieldYards': 1.457142857142857, 'openFieldYardsTotal': 51, 'totalOpportunies': 9, 'pointsPerOpportunity': 5.777777777777778, 'fieldPosition': {'averageStart': 60.2, 'averagePredictedPoints': 2.12}, 'havoc': {'total': 0.171, 'frontSeven': 0.114, 'db': 0.057}, 'standardDowns': {'rate': 0.6571428571428571, 'ppa': 0.3287422963374999, 'successRate': 0.5217391304347826, 'explosiveness': 1.2725998348445515}, 'passingDowns': {'rate': 0.34285714285714286, 'ppa': 0.7076427248089407, 'successRate': 0.4583333333333333, 'explosiveness': 2.2497292061455703}, 'rushingPlays': {'rate': 0.5, 'ppa': 0.14051799394095818, 'totalPPA': 4.918129787933536, 'successRate': 0.37142857142857144, 'explosiveness': 1.0216025205629442}, 'passingPlays': {'rate': 0.4857142857142857, 'ppa': 0.9127815202889592, 'totalPPA': 31.034571689824613, 'successRate': 0.6470588235294118, 'explosiveness': 1.9094811152978288}}","{'plays': 73, 'drives': 11, 'ppa': -0.007256406599933908, 'totalPPA': -0.5297176817951753, 'successRate': 0.410958904109589, 'explosiveness': 1.1274872950767767, 'powerSuccess': 0.6, 'stuffRate': 0.20512820512820512, 'lineYards': 2.6256410256410256, 'lineYardsTotal': 102, 'secondLevelYards': 0.9487179487179487, 'secondLevelYardsTotal': 37, 'openFieldYards': 2.358974358974359, 'openFieldYardsTotal': 0, 'totalOpportunies': 4, 'pointsPerOpportunity': 1.75, 'fieldPosition': {'averageStart': 77.6, 'averagePredictedPoints': -0.795}, 'havoc': {'total': 0.205, 'frontSeven': 0.151, 'db': 0.055}, 'standardDowns': {'rate': 0.7945205479452054, 'ppa': -0.11954888192661417, 'successRate': 0.3620689655172414, 'explosiveness': 1.0034534175049794}, 'passingDowns': {'rate': 0.2054794520547945, 'ppa': 0.42694116466322973, 'totalPPA': 4.308839657240321, 'successRate': 0.6, 'explosiveness': 1.4168996760776371}, 'rushingPlays': {'rate': 0.5342465753424658, 'ppa': -0.15614084956111474, 'totalPPA': -6.089493132883475, 'successRate': 0.358974358974359, 'explosiveness': 0.8301704323208886}, 'passingPlays': {'rate': 0.410958904109589, 'ppa': 0.14362798857467735, 'totalPPA': 4.308839657240321, 'successRate': 0.4666666666666667, 'explosiveness': 1.4148233742034861}}"
2026,Texas A&M,SEC,"{'plays': 89, 'drives': 12, 'ppa': 0.34706447550851627, 'totalPPA': 30.888738320257946, 'successRate': 0.5842696629213483, 'explosiveness': 1.0755940232268968, 'powerSuccess': 1, 'stuffRate': 0.10416666666666667, 'lineYards': 3.925, 'lineYardsTotal': 188, 'secondLevelYards': 1.6458333333333333, 'secondLevelYardsTotal': 79, 'openFieldYards': 1.5625, 'openFieldYardsTotal': 75, 'totalOpportunies': 10, 'pointsPerOpportunity': 4.8, 'fieldPosition': {'averageStart': 58.1, 'averagePredictedPoints': 2.2}, 'havoc': {'total': 0.124, 'frontSeven': 0.067, 'db': 0.056}, 'standardDowns': {'rate': 0.7303370786516854, 'ppa': 0.3030787160872679, 'successRate': 0.6153846153846154, 'explosiveness': 0.898057301925631}, 'passingDowns': {'rate': 0.2696629213483146, 'ppa': 0.46619257394106395, 'successRate': 0.5, 'explosiveness': 1.6673830942311159}, 'rushingPlays': {'rate': 0.5393258426966292, 'ppa': 0.2925463255696909, 'totalPPA': 14.042223627345164, 'successRate': 0.625, 'explosiveness': 0.771465682815412}, 'passingPlays': {'rate': 0.43820224719101125, 'ppa': 0.37777841190255257, 'totalPPA': 14.733358064199551, 'successRate': 0.5128205128205128, 'explosiveness': 1.5336881047311521}}","{'plays': 41, 'drives': 11, 'ppa': -0.42691766732661474, 'totalPPA': -17.503624360391203, 'successRate': 0.17073170731707318, 'explosiveness': 0.9332823449213844, 'powerSuccess': 0.5, 'stuffRate': 0.2608695652173913, 'lineYards': 1.6434782608695653, 'lineYardsTotal': 38, 'secondLevelYards': 0.17391304347826086, 'secondLevelYardsTotal': 4, 'openFieldYards': 0, 'openFieldYardsTotal': 0, 'totalOpportunies': 1, 'pointsPerOpportunity': 0, 'fieldPosition': {'averageStart': 75.1, 'averagePredictedPoints': -0.962}, 'havoc': {'total': 0.293, 'frontSeven': 0.22, 'db': 0.073}, 'standardDowns': {'rate': 0.6585365853658537, 'ppa': -0.4855674963691295, 'successRate': 0.25925925925925924, 'explosiveness': 0.9332823449213844}, 'passingDowns': {'rate': 0.34146341463414637, 'ppa': -0.313807282744622, 'totalPPA': -4.525619301614, 'successRate': 0, 'explosiveness': 0}, 'rushingPlays': {'rate': 0.5609756097560976, 'ppa': -0.5445826686719638, 'totalPPA': -12.525401379455166, 'successRate': 0.2608695652173913, 'explosiveness': 0.764152108380395}, 'passingPlays': {'rate': 0.4146341463414634, 'ppa': -0.2662129000949412, 'totalPPA': -4.525619301614, 'successRate': 0.058823529411764705, 'explosiveness': 1.94806376416732}}"
2026,Texas State,Pac-12,"{'plays': 73, 'drives': 11, 'ppa': -0.007256406599933908, 'totalPPA': -0.5297176817951753, 'successRate': 0.410958904109589, 'explosiveness': 1.1274872950767767, 'powerSuccess': 0.6, 'stuffRate': 0.20512820512820512, 'lineYards': 2.6256410256410256, 'lineYardsTotal': 102, 'secondLevelYards': 0.9487179487179487, 'secondLevelYardsTotal': 37, 'openFieldYards': 2.358974358974359, 'openFieldYardsTotal': 92, 'totalOpportunies': 4, 'pointsPerOpportunity': 1.75, 'fieldPosition': {'averageStart': 77.6, 'averagePredictedPoints': 0.795}, 'havoc': {'total': 0.205, 'frontSeven': 0.151, 'db': 0.055}, 'standardDowns': {'rate': 0.7945205479452054, 'ppa': -0.11954888192661417, 'successRate': 0.3620689655172414, 'explosiveness': 1.0034534175049794}, 'passingDowns': {'rate': 0.2054794520547945, 'ppa': 0.42694116466322973, 'successRate': 0.6, 'explosiveness': 1.4168996760776371}, 'rushingPlays': {'rate': 0.5342465753424658, 'ppa': -0.15614084956111474, 'totalPPA': -6.089493132883475, 'successRate': 0.358974358974359, 'explosiveness': 0.8301704323208886}, 'passingPlays': {'rate': 0.410958904109589, 'ppa': 0.14362798857467735, 'totalPPA': 4.308839657240321, 'successRate': 0.4666666666666667, 'explosiveness': 1.4148233742034861}}","{'plays': 70, 'drives': 9, 'ppa': 0.4586510146705653, 'totalPPA': 32.10557102693957, 'successRate': 0.5, 'explosiveness': 1.579697637253443, 'powerSuccess': 0.8, 'stuffRate': 0.2857142857142857, 'lineYards': 2.5342857142857143, 'lineYardsTotal': 89, 'secondLevelYards': 0.9428571428571428, 'secondLevelYardsTotal': 33, 'openFieldYards': 1.457142857142857, 'openFieldYardsTotal': 0, 'totalOpportunies': 9, 'pointsPerOpportunity': 5.777777777777778, 'fieldPosition': {'averageStart': 60.2, 'averagePredictedPoints': -2.12}, 'havoc': {'total': 0.171, 'frontSeven': 0.114, 'db': 0.057}, 'standardDowns': {'rate': 0.6571428571428571, 'ppa': 0.3287422963374999, 'successRate': 0.5217391304347826, 'explosiveness': 1.2725998348445515}, 'passingDowns': {'rate': 0.34285714285714286, 'ppa': 0.7076427248089407, 'totalPPA': 31.034571689824613, 'successRate': 0.4583333333333333, 'explosiveness': 2.2497292061455703}, 'rushingPlays': {'rate': 0.5, 'ppa': 0.14051799394095818, 'totalPPA': 4.918129787933536, 'successRate': 0.37142857142857144, 'explosiveness': 1.0216025205629442}, 'passingPlays': {'rate': 0.4857142857142857, 'ppa': 0.9127815202889592, 'totalPPA': 31.034571689824613, 'successRate': 0.6470588235294118, 'explosiveness': 1.9094811152978288}}"
2026,Texas Tech,Big 12,"{'plays': 74, 'drives': 11, 'ppa': 0.2768206584174479, 'totalPPA': 20.484728722891145, 'successRate': 0.5, 'explosiveness': 1.0471550507298784, 'powerSuccess': 0.7777777777777778, 'stuffRate': 0.15384615384615385, 'lineYards': 3.3461538461538463, 'lineYardsTotal': 131, 'secondLevelYards': 0.9487179487179487, 'secondLevelYardsTotal': 37, 'openFieldYards': 0.3076923076923077, 'openFieldYardsTotal': 12, 'totalOpportunies': 7, 'pointsPerOpportunity': 3.7142857142857144, 'fieldPosition': {'averageStart': 71.6, 'averagePredictedPoints': 1.303}, 'havoc': {'total': 0.122, 'frontSeven': 0.081, 'db': 0.041}, 'standardDowns': {'rate': 0.7837837837837838, 'ppa': 0.16211262727790904, 'successRate': 0.5517241379310345, 'explosiveness': 0.751752362036196}, 'passingDowns': {'rate': 0.21621621621621623, 'ppa': 0.6926372712982763, 'successRate': 0.3125, 'explosiveness': 2.937732258369446}, 'rushingPlays': {'rate': 0.527027027027027, 'ppa': 0.16476150126401484, 'totalPPA': 6.4256985492965795, 'successRate': 0.5128205128205128, 'explosiveness': 0.661417112773803}, 'passingPlays': {'rate': 0.44594594594594594, 'ppa': 0.5742282258750723, 'totalPPA': 18.949531453877388, 'successRate': 0.5151515151515151, 'explosiveness': 1.5009643895017317}}","{'plays': 63, 'drives': 10, 'ppa': -0.21423155070477995, 'totalPPA': -13.496587694401137, 'successRate': 0.2698412698412698, 'explosiveness': 1.2673339554332412, 'powerSuccess': 0.5, 'stuffRate': 0.19230769230769232, 'lineYards': 2.8384615384615386, 'lineYardsTotal': 74, 'secondLevelYards': 0.8461538461538461, 'secondLevelYardsTotal': 22, 'openFieldYards': 0.4230769230769231, 'openFieldYardsTotal': 0, 'totalOpportunies': 4, 'pointsPerOpportunity': 0.75, 'fieldPosition': {'averageStart': 75.8, 'averagePredictedPoints': -0.92}, 'havoc': {'total': 0.238, 'frontSeven': 0.127, 'db': 0.111}, 'standardDowns': {'rate': 0.5714285714285714, 'ppa': -0.46284387982959097, 'successRate': 0.2222222222222222, 'explosiveness': 0.8522612583107833}, 'passingDowns': {'rate': 0.42857142857142855, 'ppa': 0.11725155479496807, 'totalPPA': -9.36873149717471, 'successRate': 0.3333333333333333, 'explosiveness': 1.6362874639865372}, 'rushingPlays': {'rate': 0.4126984126984127, 'ppa': -0.1240616492598828, 'totalPPA': -3.225602880756953, 'successRate': 0.23076923076923078, 'explosiveness': 1.4022089508315165}, 'passingPlays': {'rate': 0.5555555555555556, 'ppa': -0.2676780427764203, 'totalPPA': -9.36873149717471, 'successRate': 0.3142857142857143, 'explosiveness': 1.193765776125091}}"
2026,Toledo,Mid-American,"{'plays': 42, 'drives': 10, 'ppa': 0.09590193517818776, 'totalPPA': 4.027881277483886, 'successRate': 0.2857142857142857, 'explosiveness': 2.3449878397908352, 'powerSuccess': 0, 'stuffRate': 0.4444444444444444, 'lineYards': 1.1388888888888888, 'lineYardsTotal': 21, 'secondLevelYards': 0.7222222222222222, 'secondLevelYardsTotal': 13, 'openFieldYards': 3.5, 'openFieldYardsTotal': 63, 'totalOpportunies': 4, 'pointsPerOpportunity': 3.5, 'fieldPosition': {'averageStart': 76.7, 'averagePredictedPoints': 0.855}, 'havoc': {'total': 0.262, 'frontSeven': 0.143, 'db': 0.119}, 'standardDowns': {'rate': 0.5952380952380952, 'ppa': -0.4892014538523655, 'successRate': 0.28, 'explosiveness': 0.9330675590588099}, 'passingDowns': {'rate': 0.40476190476190477, 'ppa': 0.9563480955172368, 'successRate': 0.29411764705882354, 'explosiveness': 4.32167623281567}, 'rushingPlays': {'rate': 0.42857142857142855, 'ppa': 0.04700989169780754, 'totalPPA': 0.8461780505605357, 'successRate': 0.2222222222222222, 'explosiveness': 2.1253558762230744}, 'passingPlays': {'rate': 0.5476190476190477, 'ppa': 0.15722920590130662, 'totalPPA': 3.6162717357300527, 'successRate': 0.34782608695652173, 'explosiveness': 2.4548038215747154}}","{'plays': 85, 'drives': 11, 'ppa': 0.00822733839441371, 'totalPPA': 0.6993237635251655, 'successRate': 0.3764705882352941, 'explosiveness': 1.097389911197236, 'powerSuccess': 0.3333333333333333, 'stuffRate': 0.2127659574468085, 'lineYards': 2.7978723404255317, 'lineYardsTotal': 132, 'secondLevelYards': 0.851063829787234, 'secondLevelYardsTotal': 40, 'openFieldYards': 0.3829787234042553, 'openFieldYardsTotal': 0, 'totalOpportunies': 10, 'pointsPerOpportunity': 2.9, 'fieldPosition': {'averageStart': 60.7, 'averagePredictedPoints': -2.098}, 'havoc': {'total': 0.106, 'frontSeven': 0.071, 'db': 0.035}, 'standardDowns': {'rate': 0.7294117647058823, 'ppa': -0.0035962109942563898, 'successRate': 0.43548387096774194, 'explosiveness': 0.9597323444619071}, 'passingDowns': {'rate': 0.27058823529411763, 'ppa': 0.040099515007350504, 'totalPPA': 12.153713509882072, 'successRate': 0.21739130434782608, 'explosiveness': 1.8407407715680115}, 'rushingPlays': {'rate': 0.5529411764705883, 'ppa': -0.1833864282383482, 'totalPPA': -8.619162127202365, 'successRate': 0.2978723404255319, 'explosiveness': 0.7639351229392478}, 'passingPlays': {'rate': 0.4235294117647059, 'ppa': 0.3376031530522798, 'totalPPA': 12.153713509882072, 'successRate': 0.5, 'explosiveness': 1.3567436353978934}}"
2026,Troy,Sun Belt,"{'plays': 69, 'drives': 14, 'ppa': 0.1569078614264043, 'totalPPA': 10.826642438421898, 'successRate': 0.3333333333333333, 'explosiveness': 1.656527031513981, 'powerSuccess': 0, 'stuffRate': 0.28205128205128205, 'lineYards': 2.6666666666666665, 'lineYardsTotal': 104, 'secondLevelYards': 1.3333333333333333, 'secondLevelYardsTotal': 52, 'openFieldYards': 1.358974358974359, 'openFieldYardsTotal': 53, 'totalOpportunies': 7, 'pointsPerOpportunity': 3.4285714285714284, 'fieldPosition': {'averageStart': 67.8, 'averagePredictedPoints': 1.54}, 'havoc': {'total': 0.217, 'frontSeven': 0.13, 'db': 0.087}, 'standardDowns': {'rate': 0.5797101449275363, 'ppa': -0.03337139660681449, 'successRate': 0.35, 'explosiveness': 1.2888506655111682}, 'passingDowns': {'rate': 0.42028985507246375, 'ppa': 0.4193620104377406, 'successRate': 0.3103448275862069, 'explosiveness': 2.228468045296134}, 'rushingPlays': {'rate': 0.5652173913043478, 'ppa': 0.02477515480476396, 'totalPPA': 0.9662310373857944, 'successRate': 0.3333333333333333, 'explosiveness': 1.2914278446996599}, 'passingPlays': {'rate': 0.391304347826087, 'ppa': 0.29010965173991554, 'totalPPA': 7.83296059697772, 'successRate': 0.3333333333333333, 'explosiveness': 2.0888512958381735}}","{'plays': 70, 'drives': 12, 'ppa': 0.0666692867853846, 'totalPPA': 4.666850074976923, 'successRate': 0.4714285714285714, 'explosiveness': 1.2051346981627544, 'powerSuccess': 0.5, 'stuffRate': 0.4, 'lineYards': 1.775, 'lineYardsTotal': 36, 'secondLevelYards': 0.85, 'secondLevelYardsTotal': 17, 'openFieldYards': 0.9, 'openFieldYardsTotal': 0, 'totalOpportunies': 5, 'pointsPerOpportunity': 4.2, 'fieldPosition': {'averageStart': 80.3, 'averagePredictedPoints': -0.647}, 'havoc': {'total': 0.229, 'frontSeven': 0.186, 'db': 0.043}, 'standardDowns': {'rate': 0.6714285714285714, 'ppa': -0.1655739045541718, 'successRate': 0.5319148936170213, 'explosiveness': 0.8456089790281512}, 'passingDowns': {'rate': 0.32857142857142857, 'ppa': 0.541253199522739, 'totalPPA': 11.289289333552048, 'successRate': 0.34782608695652173, 'explosiveness': 2.32865257045839}, 'rushingPlays': {'rate': 0.2857142857142857, 'ppa': -0.3311219629287563, 'totalPPA': -6.622439258575126, 'successRate': 0.45, 'explosiveness': 0.6262233814088436}, 'passingPlays': {'rate': 0.7142857142857143, 'ppa': 0.22578578667104096, 'totalPPA': 11.289289333552048, 'successRate': 0.48, 'explosiveness': 1.422226441945471}}"
2026,Tulane,American Athletic,"{'plays': 55, 'drives': 12, 'ppa': -0.13128979416335887, 'totalPPA': -7.220938678984737, 'successRate': 0.3090909090909091, 'explosiveness': 0.76980868998075, 'powerSuccess': 1, 'stuffRate': 0.13043478260869565, 'lineYards': 2.9565217391304346, 'lineYardsTotal': 68, 'secondLevelYards': 0.391304347826087, 'secondLevelYardsTotal': 9, 'openFieldYards': 1.2608695652173914, 'openFieldYardsTotal': 29, 'totalOpportunies': 4, 'pointsPerOpportunity': 0.75, 'fieldPosition': {'averageStart': 74.9, 'averagePredictedPoints': 1.077}, 'havoc': {'total': 0.255, 'frontSeven': 0.145, 'db': 0.109}, 'standardDowns': {'rate': 0.6545454545454545, 'ppa': 0.0972871162724814, 'successRate': 0.4722222222222222, 'explosiveness': 0.76980868998075}, 'passingDowns': {'rate': 0.34545454545454546, 'ppa': -0.5643828876207404, 'successRate': 0, 'explosiveness': 0}, 'rushingPlays': {'rate': 0.41818181818181815, 'ppa': -0.260612815134411, 'totalPPA': -5.994094748091453, 'successRate': 0.30434782608695654, 'explosiveness': -0.010986245963966714}, 'passingPlays': {'rate': 0.5636363636363636, 'ppa': -0.11209452963214672, 'totalPPA': -3.474930418596548, 'successRate': 0.2903225806451613, 'explosiveness': 1.2128405515241394}}","{'plays': 78, 'drives': 13, 'ppa': -0.12645337701343248, 'totalPPA': -9.863363407047732, 'successRate': 0.2948717948717949, 'explosiveness': 1.1339409920879744, 'powerSuccess': 1, 'stuffRate': 0.1836734693877551, 'lineYards': 3.0408163265306123, 'lineYardsTotal': 149, 'secondLevelYards': 1.2448979591836735, 'secondLevelYardsTotal': 61, 'openFieldYards': 1.2244897959183674, 'openFieldYardsTotal': 0, 'totalOpportunies': 8, 'pointsPerOpportunity': 2.125, 'fieldPosition': {'averageStart': 67.2, 'averagePredictedPoints': -1.658}, 'havoc': {'total': 0.09, 'frontSeven': 0.026, 'db': 0.064}, 'standardDowns': {'rate': 0.6025641025641025, 'ppa': -0.2357163612873952, 'successRate': 0.3191489361702128, 'explosiveness': 0.6766790147824235}, 'passingDowns': {'rate': 0.3974358974358974, 'ppa': 0.03920340559547877, 'totalPPA': -8.093256646786179, 'successRate': 0.25806451612903225, 'explosiveness': 1.9913071995358822}, 'rushingPlays': {'rate': 0.6282051282051282, 'ppa': 0.05583613186939553, 'totalPPA': 2.735970461600381, 'successRate': 0.30612244897959184, 'explosiveness': 1.0868203211032839}, 'passingPlays': {'rate': 0.34615384615384615, 'ppa': -0.29975024617726587, 'totalPPA': -8.093256646786179, 'successRate': 0.2962962962962963, 'explosiveness': 1.222292250184269}}"
2026,Tulsa,American Athletic,"{'plays': 58, 'drives': 12, 'ppa': 0.1838232766411439, 'totalPPA': 10.661750045186347, 'successRate': 0.41379310344827586, 'explosiveness': 1.0851431714647468, 'powerSuccess': 1, 'stuffRate': 0.15151515151515152, 'lineYards': 2.7636363636363637, 'lineYardsTotal': 91, 'secondLevelYards': 0.8484848484848485, 'secondLevelYardsTotal': 28, 'openFieldYards': 0.6060606060606061, 'openFieldYardsTotal': 20, 'totalOpportunies': 8, 'pointsPerOpportunity': 3, 'fieldPosition': {'averageStart': 64.1, 'averagePredictedPoints': 1.822}, 'havoc': {'total': 0.121, 'frontSeven': 0.069, 'db': 0.052}, 'standardDowns': {'rate': 0.6551724137931034, 'ppa': 0.3197271969595383, 'successRate': 0.5789473684210527, 'explosiveness': 1.0019399059881278}, 'passingDowns': {'rate': 0.3448275862068966, 'ppa': -0.07439417196380535, 'successRate': 0.1, 'explosiveness': 2.000379091707555}, 'rushingPlays': {'rate': 0.5689655172413793, 'ppa': 0.03759513625052111, 'totalPPA': 1.2406394962671967, 'successRate': 0.3939393939393939, 'explosiveness': 0.8167806098656288}, 'passingPlays': {'rate': 0.39655172413793105, 'ppa': 0.4425340949061395, 'totalPPA': 10.178284182841209, 'successRate': 0.43478260869565216, 'explosiveness': 1.576835155459604}}","{'plays': 88, 'drives': 12, 'ppa': -0.20438367426383353, 'totalPPA': -17.98576333521735, 'successRate': 0.36363636363636365, 'explosiveness': 0.9029536053402525, 'powerSuccess': 0.5, 'stuffRate': 0.2222222222222222, 'lineYards': 2.7916666666666665, 'lineYardsTotal': 101, 'secondLevelYards': 0.9444444444444444, 'secondLevelYardsTotal': 34, 'openFieldYards': 0.3055555555555556, 'openFieldYardsTotal': 0, 'totalOpportunies': 5, 'pointsPerOpportunity': 2, 'fieldPosition': {'averageStart': 79.2, 'averagePredictedPoints': -0.711}, 'havoc': {'total': 0.102, 'frontSeven': 0.057, 'db': 0.045}, 'standardDowns': {'rate': 0.6590909090909091, 'ppa': -0.48019626260131715, 'successRate': 0.3620689655172414, 'explosiveness': 0.5945429278367107}, 'passingDowns': {'rate': 0.3409090909090909, 'ppa': 0.32885399652196823, 'totalPPA': 3.163116123389624, 'successRate': 0.36666666666666664, 'explosiveness': 1.4917376260288324}, 'rushingPlays': {'rate': 0.4090909090909091, 'ppa': -0.2957518252781033, 'totalPPA': -10.647065710011718, 'successRate': 0.3611111111111111, 'explosiveness': 0.4001538742912935}, 'passingPlays': {'rate': 0.5454545454545454, 'ppa': 0.06589825257061717, 'totalPPA': 3.163116123389624, 'successRate': 0.3958333333333333, 'explosiveness': 1.2469744739526982}}"
2026,UAB,American Athletic,"{'plays': 79, 'drives': 8, 'ppa': 0.13913052223527572, 'totalPPA': 10.991311256586783, 'successRate': 0.43037974683544306, 'explosiveness': 1.2461766276414639, 'powerSuccess': 0.75, 'stuffRate': 0.13043478260869565, 'lineYards': 3.252173913043478, 'lineYardsTotal': 150, 'secondLevelYards': 0.8913043478260869, 'secondLevelYardsTotal': 41, 'openFieldYards': 0.45652173913043476, 'openFieldYardsTotal': 21, 'totalOpportunies': 7, 'pointsPerOpportunity': 2.2857142857142856, 'fieldPosition': {'averageStart': 66.4, 'averagePredictedPoints': 1.606}, 'havoc': {'total': 0.139, 'frontSeven': 0.076, 'db': 0.063}, 'standardDowns': {'rate': 0.6835443037974683, 'ppa': 0.07944185189654784, 'successRate': 0.4444444444444444, 'explosiveness': 0.9547149048490179}, 'passingDowns': {'rate': 0.31645569620253167, 'ppa': 0.26805805016692796, 'successRate': 0.4, 'explosiveness': 1.9456847623433342}, 'rushingPlays': {'rate': 0.5822784810126582, 'ppa': 0.22739516392073572, 'totalPPA': 10.460177540353843, 'successRate': 0.41304347826086957, 'explosiveness': 1.1241243200486486}, 'passingPlays': {'rate': 0.4050632911392405, 'ppa': 0.06307846100079667, 'totalPPA': 2.0185107520254935, 'successRate': 0.46875, 'explosiveness': 1.4007762172590297}}","{'plays': 44, 'drives': 8, 'ppa': 0.45756443668178554, 'totalPPA': 20.132835213998565, 'successRate': 0.5681818181818182, 'explosiveness': 1.3542485462010816, 'powerSuccess': 0.6, 'stuffRate': 0.23076923076923078, 'lineYards': 2.976923076923077, 'lineYardsTotal': 77, 'secondLevelYards': 1, 'secondLevelYardsTotal': 26, 'openFieldYards': 2.076923076923077, 'openFieldYardsTotal': 0, 'totalOpportunies': 4, 'pointsPerOpportunity': 7, 'fieldPosition': {'averageStart': 71.1, 'averagePredictedPoints': -1.311}, 'havoc': {'total': 0.045, 'frontSeven': 0.045, 'db': 0}, 'standardDowns': {'rate': 0.7954545454545454, 'ppa': 0.30447593336781986, 'successRate': 0.5428571428571428, 'explosiveness': 1.2737395872388495}, 'passingDowns': {'rate': 0.20454545454545456, 'ppa': 1.0529086162360966, 'totalPPA': 15.045227711192918, 'successRate': 0.6666666666666666, 'explosiveness': 1.6091935829148167}, 'rushingPlays': {'rate': 0.5909090909090909, 'ppa': 0.11476447132616313, 'totalPPA': 2.9838762544802413, 'successRate': 0.46153846153846156, 'explosiveness': 1.1112593394143806}, 'passingPlays': {'rate': 0.38636363636363635, 'ppa': 0.885013394776054, 'totalPPA': 15.045227711192918, 'successRate': 0.7058823529411765, 'explosiveness': 1.5347808611440892}}"
2026,UCF,Big 12,"{'plays': 62, 'drives': 13, 'ppa': 0.49250356239676507, 'totalPPA': 30.535220868599435, 'successRate': 0.5645161290322581, 'explosiveness': 1.4108685998253796, 'powerSuccess': 1, 'stuffRate': 0.08108108108108109, 'lineYards': 4.386486486486486, 'lineYardsTotal': 162, 'secondLevelYards': 2.027027027027027, 'secondLevelYardsTotal': 75, 'openFieldYards': 4.351351351351352, 'openFieldYardsTotal': 161, 'totalOpportunies': 10, 'pointsPerOpportunity': 5.9, 'fieldPosition': {'averageStart': 51.4, 'averagePredictedPoints': 2.883}, 'havoc': {'total': 0.048, 'frontSeven': 0.032, 'db': 0.016}, 'standardDowns': {'rate': 0.7580645161290323, 'ppa': 0.35826371570100723, 'successRate': 0.5957446808510638, 'explosiveness': 1.229951463029462}, 'passingDowns': {'rate': 0.24193548387096775, 'ppa': 0.9131217487101395, 'successRate': 0.4666666666666667, 'explosiveness': 2.1345371470090493}, 'rushingPlays': {'rate': 0.5967741935483871, 'ppa': 0.7937261696061565, 'totalPPA': 29.367868275427792, 'successRate': 0.5405405405405406, 'explosiveness': 1.7556999011343357}, 'passingPlays': {'rate': 0.3709677419354839, 'ppa': -0.023328341594816327, 'totalPPA': -0.5365518566807755, 'successRate': 0.6086956521739131, 'explosiveness': 0.9009022526608157}}","{'plays': 62, 'drives': 15, 'ppa': -0.1629071620565535, 'totalPPA': -10.100244047506317, 'successRate': 0.20967741935483872, 'explosiveness': 1.219168347266829, 'powerSuccess': 1, 'stuffRate': 0.3157894736842105, 'lineYards': 1.9236842105263159, 'lineYardsTotal': 73, 'secondLevelYards': 0.9736842105263158, 'secondLevelYardsTotal': 37, 'openFieldYards': 0.5263157894736842, 'openFieldYardsTotal': 0, 'totalOpportunies': 3, 'pointsPerOpportunity': 2.3333333333333335, 'fieldPosition': {'averageStart': 75.4, 'averagePredictedPoints': -0.96}, 'havoc': {'total': 0.226, 'frontSeven': 0.177, 'db': 0.048}, 'standardDowns': {'rate': 0.5161290322580645, 'ppa': -0.4672044768177127, 'successRate': 0.25, 'explosiveness': 0.8255985256045854}, 'passingDowns': {'rate': 0.4838709677419355, 'ppa': 0.16167664035534965, 'totalPPA': -3.8181434327706074, 'successRate': 0.16666666666666666, 'explosiveness': 1.8488800619264194}, 'rushingPlays': {'rate': 0.6129032258064516, 'ppa': -0.15825799039991517, 'totalPPA': -6.013803635196777, 'successRate': 0.21052631578947367, 'explosiveness': 0.6877485132313523}, 'passingPlays': {'rate': 0.3548387096774194, 'ppa': -0.1735519742168458, 'totalPPA': -3.8181434327706074, 'successRate': 0.22727272727272727, 'explosiveness': 2.069440081723592}}"
2026,UCLA,Big Ten,"{'plays': 53, 'drives': 14, 'ppa': 0.41406384052818057, 'totalPPA': 21.945383547993572, 'successRate': 0.5660377358490566, 'explosiveness': 1.2513254603824528, 'powerSuccess': 1, 'stuffRate': 0.034482758620689655, 'lineYards': 4.813793103448276, 'lineYardsTotal': 140, 'secondLevelYards': 2.0344827586206895, 'secondLevelYardsTotal': 59, 'openFieldYards': 3.689655172413793, 'openFieldYardsTotal': 107, 'totalOpportunies': 8, 'pointsPerOpportunity': 4.75, 'fieldPosition': {'averageStart': 59.3, 'averagePredictedPoints': 2.232}, 'havoc': {'total': 0.17, 'frontSeven': 0.057, 'db': 0.113}, 'standardDowns': {'rate': 0.7924528301886793, 'ppa': 0.5124062230851982, 'successRate': 0.6666666666666666, 'explosiveness': 1.2146932833906228}, 'passingDowns': {'rate': 0.20754716981132076, 'ppa': 0.038574743492295144, 'successRate': 0.18181818181818182, 'explosiveness': 1.764175938268073}, 'rushingPlays': {'rate': 0.5471698113207547, 'ppa': 0.7456590597972406, 'totalPPA': 21.62411273411998, 'successRate': 0.7241379310344828, 'explosiveness': 1.1655912859043478}, 'passingPlays': {'rate': 0.4528301886792453, 'ppa': 0.013386283911399729, 'totalPPA': 0.3212708138735935, 'successRate': 0.375, 'explosiveness': 1.4513718674980312}}","{'plays': 89, 'drives': 14, 'ppa': -0.06110146746890826, 'totalPPA': -5.438030604732835, 'successRate': 0.33707865168539325, 'explosiveness': 1.4836215579250063, 'powerSuccess': 0.6666666666666666, 'stuffRate': 0.20512820512820512, 'lineYards': 2.528205128205128, 'lineYardsTotal': 99, 'secondLevelYards': 0.8205128205128205, 'secondLevelYardsTotal': 32, 'openFieldYards': 0.3333333333333333, 'openFieldYardsTotal': 0, 'totalOpportunies': 5, 'pointsPerOpportunity': 4.8, 'fieldPosition': {'averageStart': 78.7, 'averagePredictedPoints': -0.719}, 'havoc': {'total': 0.191, 'frontSeven': 0.09, 'db': 0.101}, 'standardDowns': {'rate': 0.6292134831460674, 'ppa': -0.16638236533404022, 'successRate': 0.3392857142857143, 'explosiveness': 1.12388073724581}, 'passingDowns': {'rate': 0.3707865168539326, 'ppa': 0.11755702587798232, 'totalPPA': 3.4461547110138135, 'successRate': 0.3333333333333333, 'explosiveness': 2.104992066370891}, 'rushingPlays': {'rate': 0.43820224719101125, 'ppa': -0.15738430513398663, 'totalPPA': -6.137987900225479, 'successRate': 0.3076923076923077, 'explosiveness': 0.9629843911527259}, 'passingPlays': {'rate': 0.5168539325842697, 'ppa': 0.07491640676116985, 'totalPPA': 3.4461547110138135, 'successRate': 0.34782608695652173, 'explosiveness': 1.8859128215568823}}"
2026,UConn,FBS Independents,"{'plays': 74, 'drives': 14, 'ppa': 0.5527694920165367, 'totalPPA': 40.904942409223715, 'successRate': 0.5135135135135135, 'explosiveness': 1.5911999117333786, 'powerSuccess': 0.3333333333333333, 'stuffRate': 0.15, 'lineYards': 3.855, 'lineYardsTotal': 154, 'secondLevelYards': 1.675, 'secondLevelYardsTotal': 67, 'openFieldYards': 2.525, 'openFieldYardsTotal': 101, 'totalOpportunies': 9, 'pointsPerOpportunity': 4.666666666666667, 'fieldPosition': {'averageStart': 66.3, 'averagePredictedPoints': 1.635}, 'havoc': {'total': 0.108, 'frontSeven': 0.068, 'db': 0.041}, 'standardDowns': {'rate': 0.7297297297297297, 'ppa': 0.4382921795879322, 'successRate': 0.5555555555555556, 'explosiveness': 1.2065520971848742}, 'passingDowns': {'rate': 0.2702702702702703, 'ppa': 0.8618582355737687, 'successRate': 0.4, 'explosiveness': 3.03362921629027}, 'rushingPlays': {'rate': 0.5405405405405406, 'ppa': 0.4744299689984255, 'totalPPA': 18.97719875993702, 'successRate': 0.525, 'explosiveness': 1.299219140713344}, 'passingPlays': {'rate': 0.43243243243243246, 'ppa': 0.6937480467037185, 'totalPPA': 22.19993749451899, 'successRate': 0.53125, 'explosiveness': 1.9518820406404802}}","{'plays': 72, 'drives': 13, 'ppa': -0.16356584801610122, 'totalPPA': -11.776741057159288, 'successRate': 0.2777777777777778, 'explosiveness': 0.8956382174474538, 'powerSuccess': 0.6666666666666666, 'stuffRate': 0.21428571428571427, 'lineYards': 2.3857142857142857, 'lineYardsTotal': 67, 'secondLevelYards': 0.42857142857142855, 'secondLevelYardsTotal': 12, 'openFieldYards': 0, 'openFieldYardsTotal': 0, 'totalOpportunies': 3, 'pointsPerOpportunity': 2.3333333333333335, 'fieldPosition': {'averageStart': 78.5, 'averagePredictedPoints': -0.783}, 'havoc': {'total': 0.153, 'frontSeven': 0.056, 'db': 0.097}, 'standardDowns': {'rate': 0.5416666666666666, 'ppa': -0.08679517103631848, 'successRate': 0.41025641025641024, 'explosiveness': 0.7698202195449911}, 'passingDowns': {'rate': 0.4583333333333333, 'ppa': -0.254294829901299, 'totalPPA': -9.97346506159324, 'successRate': 0.12121212121212122, 'explosiveness': 1.3989102090573045}, 'rushingPlays': {'rate': 0.3888888888888889, 'ppa': -0.05280163846792715, 'totalPPA': -1.4784458771019604, 'successRate': 0.32142857142857145, 'explosiveness': 0.7058756841762217}, 'passingPlays': {'rate': 0.5972222222222222, 'ppa': -0.2319410479440288, 'totalPPA': -9.97346506159324, 'successRate': 0.2558139534883721, 'explosiveness': 1.0508984719420982}}"
2026,UL Monroe,Sun Belt,"{'plays': 71, 'drives': 13, 'ppa': -0.08243843566393148, 'totalPPA': -5.8531289321391355, 'successRate': 0.29577464788732394, 'explosiveness': 1.0528206054479607, 'powerSuccess': 0.4, 'stuffRate': 0.10526315789473684, 'lineYards': 2.860526315789474, 'lineYardsTotal': 109, 'secondLevelYards': 0.7894736842105263, 'secondLevelYardsTotal': 30, 'openFieldYards': 0.4473684210526316, 'openFieldYardsTotal': 17, 'totalOpportunies': 4, 'pointsPerOpportunity': 3.25, 'fieldPosition': {'averageStart': 76.8, 'averagePredictedPoints': 0.831}, 'havoc': {'total': 0.155, 'frontSeven': 0.099, 'db': 0.056}, 'standardDowns': {'rate': 0.7605633802816901, 'ppa': -0.1185532832132223, 'successRate': 0.3333333333333333, 'explosiveness': 0.9679531661911556}, 'passingDowns': {'rate': 0.23943661971830985, 'ppa': 0.032279315374992255, 'successRate': 0.17647058823529413, 'explosiveness': 1.562025240988792}, 'rushingPlays': {'rate': 0.5352112676056338, 'ppa': -0.056607228076385956, 'totalPPA': -2.1510746669026664, 'successRate': 0.2894736842105263, 'explosiveness': 0.7514187182984963}, 'passingPlays': {'rate': 0.4225352112676056, 'ppa': -0.05942758882811089, 'totalPPA': -1.7828276648433266, 'successRate': 0.3333333333333333, 'explosiveness': 1.3843626813123717}}","{'plays': 79, 'drives': 13, 'ppa': 0.6380275101586687, 'totalPPA': 50.40417330253483, 'successRate': 0.5822784810126582, 'explosiveness': 1.4780996639334054, 'powerSuccess': 1, 'stuffRate': 0.13513513513513514, 'lineYards': 4.127027027027027, 'lineYardsTotal': 153, 'secondLevelYards': 1.864864864864865, 'secondLevelYardsTotal': 69, 'openFieldYards': 3.918918918918919, 'openFieldYardsTotal': 0, 'totalOpportunies': 10, 'pointsPerOpportunity': 4.8, 'fieldPosition': {'averageStart': 70.2, 'averagePredictedPoints': -1.366}, 'havoc': {'total': 0.101, 'frontSeven': 0.013, 'db': 0.089}, 'standardDowns': {'rate': 0.7341772151898734, 'ppa': 0.44159096854898633, 'successRate': 0.6206896551724138, 'explosiveness': 1.1394255680950125}, 'passingDowns': {'rate': 0.26582278481012656, 'ppa': 1.1805665298425532, 'totalPPA': 25.942124496188566, 'successRate': 0.47619047619047616, 'explosiveness': 2.69732640895162}, 'rushingPlays': {'rate': 0.46835443037974683, 'ppa': 0.6611364542255747, 'totalPPA': 24.46204880634626, 'successRate': 0.5945945945945946, 'explosiveness': 1.4497120734797422}, 'passingPlays': {'rate': 0.5316455696202531, 'ppa': 0.6176696308616325, 'totalPPA': 25.942124496188566, 'successRate': 0.5714285714285714, 'explosiveness': 1.5041216218492635}}"
2026,UNLV,Mountain West,"{'plays': 145, 'drives': 25, 'ppa': 0.04374385386611921, 'totalPPA': 6.342858810587285, 'successRate': 0.35172413793103446, 'explosiveness': 1.4413345772565798, 'powerSuccess': 0.6666666666666666, 'stuffRate': 0.14285714285714285, 'lineYards': 3.3025974025974025, 'lineYardsTotal': 254, 'secondLevelYards': 1.2597402597402596, 'secondLevelYardsTotal': 97, 'openFieldYards': 2.051948051948052, 'openFieldYardsTotal': 158, 'totalOpportunies': 11, 'pointsPerOpportunity': 3.1818181818181817, 'fieldPosition': {'averageStart': 73.6, 'averagePredictedPoints': 1.132}, 'havoc': {'total': 0.159, 'frontSeven': 0.103, 'db': 0.055}, 'standardDowns': {'rate': 0.6413793103448275, 'ppa': 0.11177276146799675, 'successRate': 0.45161290322580644, 'explosiveness': 1.2498652011074738}, 'passingDowns': {'rate': 0.3586206896551724, 'ppa': -0.07792323088339256, 'successRate': 0.17307692307692307, 'explosiveness': 2.334858332619075}, 'rushingPlays': {'rate': 0.5310344827586206, 'ppa': 0.2646476917091935, 'totalPPA': 20.377872261607898, 'successRate': 0.38961038961038963, 'explosiveness': 1.4084596595269734}, 'passingPlays': {'rate': 0.43448275862068964, 'ppa': -0.16423964597856786, 'totalPPA': -10.347097696649774, 'successRate': 0.3333333333333333, 'explosiveness': 1.4882987454417318}}","{'plays': 137, 'drives': 23, 'ppa': 0.047381422338225086, 'totalPPA': 6.491254860336837, 'successRate': 0.39416058394160586, 'explosiveness': 1.0868267257197162, 'powerSuccess': 0.7142857142857143, 'stuffRate': 0.11290322580645161, 'lineYards': 3.8758064516129034, 'lineYardsTotal': 240, 'secondLevelYards': 1.6129032258064515, 'secondLevelYardsTotal': 100, 'openFieldYards': 1.2419354838709677, 'openFieldYardsTotal': 0, 'totalOpportunies': 9, 'pointsPerOpportunity': 2.888888888888889, 'fieldPosition': {'averageStart': 77, 'averagePredictedPoints': -0.915}, 'havoc': {'total': 0.168, 'frontSeven': 0.08, 'db': 0.088}, 'standardDowns': {'rate': 0.6423357664233577, 'ppa': -0.048962293272536206, 'successRate': 0.4659090909090909, 'explosiveness': 0.8264521922860898}, 'passingDowns': {'rate': 0.35766423357664234, 'ppa': 0.22040687078204127, 'totalPPA': 7.651799430639312, 'successRate': 0.2653061224489796, 'explosiveness': 1.9080079465488453}, 'rushingPlays': {'rate': 0.45255474452554745, 'ppa': 0.08755635501296714, 'totalPPA': 5.428494010803963, 'successRate': 0.5161290322580645, 'explosiveness': 0.6529626298339041}, 'passingPlays': {'rate': 0.5255474452554745, 'ppa': 0.10627499209221267, 'totalPPA': 7.651799430639312, 'successRate': 0.3055555555555556, 'explosiveness': 1.7179017742808973}}"
2026,USC,Big Ten,"{'plays': 146, 'drives': 20, 'ppa': 0.2869729038455146, 'totalPPA': 41.898043961445126, 'successRate': 0.6027397260273972, 'explosiveness': 1.0080711991224447, 'powerSuccess': 0.8, 'stuffRate': 0.18181818181818182, 'lineYards': 3.1818181818181817, 'lineYardsTotal': 245, 'secondLevelYards': 1.2207792207792207, 'secondLevelYardsTotal': 94, 'openFieldYards': 0.3116883116883117, 'openFieldYardsTotal': 24, 'totalOpportunies': 16, 'pointsPerOpportunity': 4.375, 'fieldPosition': {'averageStart': 69.9, 'averagePredictedPoints': 1.427}, 'havoc': {'total': 0.089, 'frontSeven': 0.075, 'db': 0.014}, 'standardDowns': {'rate': 0.8013698630136986, 'ppa': 0.1803000029682221, 'successRate': 0.6239316239316239, 'explosiveness': 0.7933982406685567}, 'passingDowns': {'rate': 0.19863013698630136, 'ppa': 0.7173428832470049, 'successRate': 0.5172413793103449, 'explosiveness': 2.0528129302647}, 'rushingPlays': {'rate': 0.5273972602739726, 'ppa': -0.07205762010291948, 'totalPPA': -5.5484367479248, 'successRate': 0.5064935064935064, 'explosiveness': 0.6683664569859636}, 'passingPlays': {'rate': 0.4589041095890411, 'ppa': 0.7150779937625275, 'totalPPA': 47.91022558208934, 'successRate': 0.7164179104477612, 'explosiveness': 1.2966498604995498}}","{'plays': 102, 'drives': 20, 'ppa': -0.03654097848457552, 'totalPPA': -3.7271798054267027, 'successRate': 0.3431372549019608, 'explosiveness': 1.1708350034918942, 'powerSuccess': 0, 'stuffRate': 0.23404255319148937, 'lineYards': 2.363829787234043, 'lineYardsTotal': 111, 'secondLevelYards': 0.8297872340425532, 'secondLevelYardsTotal': 39, 'openFieldYards': 0.48936170212765956, 'openFieldYardsTotal': 0, 'totalOpportunies': 7, 'pointsPerOpportunity': 3.4285714285714284, 'fieldPosition': {'averageStart': 75.3, 'averagePredictedPoints': -1.021}, 'havoc': {'total': 0.157, 'frontSeven': 0.127, 'db': 0.029}, 'standardDowns': {'rate': 0.6666666666666666, 'ppa': -0.1620259584542952, 'successRate': 0.36764705882352944, 'explosiveness': 0.8904857394808923}, 'passingDowns': {'rate': 0.3333333333333333, 'ppa': 0.2144289814548639, 'totalPPA': 8.943406013617457, 'successRate': 0.29411764705882354, 'explosiveness': 1.8717081635193988}, 'rushingPlays': {'rate': 0.46078431372549017, 'ppa': -0.1141987215114988, 'totalPPA': -5.367339911040444, 'successRate': 0.2553191489361702, 'explosiveness': 1.2146041230289721}, 'passingPlays': {'rate': 0.47058823529411764, 'ppa': 0.18632095861703035, 'totalPPA': 8.943406013617457, 'successRate': 0.4583333333333333, 'explosiveness': 1.164593820079016}}"
2026,Utah,Big 12,"{'plays': 77, 'drives': 13, 'ppa': 0.5101957921741587, 'totalPPA': 39.28507599741022, 'successRate': 0.5714285714285714, 'explosiveness': 1.3617321828088478, 'powerSuccess': 0.75, 'stuffRate': 0.14285714285714285, 'lineYards': 4.116326530612245, 'lineYardsTotal': 202, 'secondLevelYards': 1.816326530612245, 'secondLevelYardsTotal': 89, 'openFieldYards': 2.122448979591837, 'openFieldYardsTotal': 104, 'totalOpportunies': 11, 'pointsPerOpportunity': 6, 'fieldPosition': {'averageStart': 59.5, 'averagePredictedPoints': 2.143}, 'havoc': {'total': 0.078, 'frontSeven': 0.039, 'db': 0.039}, 'standardDowns': {'rate': 0.8051948051948052, 'ppa': 0.3349627093746999, 'successRate': 0.532258064516129, 'explosiveness': 1.195677588084017}, 'passingDowns': {'rate': 0.19480519480519481, 'ppa': 1.2344925344119215, 'successRate': 0.7333333333333333, 'explosiveness': 1.8598959669833404}, 'rushingPlays': {'rate': 0.6363636363636364, 'ppa': 0.44646888045813093, 'totalPPA': 21.876975142448416, 'successRate': 0.5306122448979592, 'explosiveness': 1.1776303056047075}, 'passingPlays': {'rate': 0.33766233766233766, 'ppa': 0.6792665310011168, 'totalPPA': 17.660929806029035, 'successRate': 0.6538461538461539, 'explosiveness': 1.6755353597696705}}","{'plays': 62, 'drives': 13, 'ppa': 0.011567406375027246, 'totalPPA': 0.7171791952516893, 'successRate': 0.3387096774193548, 'explosiveness': 1.262352149239576, 'powerSuccess': 1, 'stuffRate': 0.2, 'lineYards': 2.256666666666667, 'lineYardsTotal': 68, 'secondLevelYards': 0.7333333333333333, 'secondLevelYardsTotal': 22, 'openFieldYards': 0.8333333333333334, 'openFieldYardsTotal': 0, 'totalOpportunies': 3, 'pointsPerOpportunity': 4.666666666666667, 'fieldPosition': {'averageStart': 77.6, 'averagePredictedPoints': -0.799}, 'havoc': {'total': 0.129, 'frontSeven': 0.081, 'db': 0.048}, 'standardDowns': {'rate': 0.5645161290322581, 'ppa': -0.16085096011326652, 'successRate': 0.4, 'explosiveness': 0.8109215389564297}, 'passingDowns': {'rate': 0.43548387096774194, 'ppa': 0.2350726962672599, 'totalPPA': -4.334597850323361, 'successRate': 0.25925925925925924, 'explosiveness': 2.1652133698058686}, 'rushingPlays': {'rate': 0.4838709677419355, 'ppa': 0.11131820078105112, 'totalPPA': 3.3395460234315335, 'successRate': 0.43333333333333335, 'explosiveness': 0.8944298273042265}, 'passingPlays': {'rate': 0.5, 'ppa': -0.13982573710720517, 'totalPPA': -4.334597850323361, 'successRate': 0.22580645161290322, 'explosiveness': 1.8813680509903765}}"
2026,Utah State,Pac-12,"{'plays': 89, 'drives': 12, 'ppa': -0.061442966792083664, 'totalPPA': -5.468424044495446, 'successRate': 0.42696629213483145, 'explosiveness': 1.1945320367732555, 'powerSuccess': 0.25, 'stuffRate': 0.16279069767441862, 'lineYards': 3.4511627906976745, 'lineYardsTotal': 148, 'secondLevelYards': 1.2093023255813953, 'secondLevelYardsTotal': 52, 'openFieldYards': 0.6046511627906976, 'openFieldYardsTotal': 26, 'totalOpportunies': 8, 'pointsPerOpportunity': 2.125, 'fieldPosition': {'averageStart': 70.5, 'averagePredictedPoints': 1.274}, 'havoc': {'total': 0.18, 'frontSeven': 0.079, 'db': 0.101}, 'standardDowns': {'rate': 0.6741573033707865, 'ppa': -0.25315756475774925, 'successRate': 0.4166666666666667, 'explosiveness': 0.7834727863504418}, 'passingDowns': {'rate': 0.3258426966292135, 'ppa': 0.3352079255506727, 'successRate': 0.4482758620689655, 'explosiveness': 1.985030595278666}, 'rushingPlays': {'rate': 0.48314606741573035, 'ppa': -0.029398278857402597, 'totalPPA': -1.2641259908683116, 'successRate': 0.46511627906976744, 'explosiveness': 0.7502930715162361}, 'passingPlays': {'rate': 0.5056179775280899, 'ppa': -0.11636560698023474, 'totalPPA': -5.236452314110563, 'successRate': 0.37777777777777777, 'explosiveness': 1.7267177474456208}}","{'plays': 65, 'drives': 13, 'ppa': 0.03394417818096367, 'totalPPA': 2.206371581762639, 'successRate': 0.35384615384615387, 'explosiveness': 1.0966029950577263, 'powerSuccess': 0.6666666666666666, 'stuffRate': 0.17857142857142858, 'lineYards': 2.242857142857143, 'lineYardsTotal': 63, 'secondLevelYards': 0.8928571428571429, 'secondLevelYardsTotal': 25, 'openFieldYards': 0.75, 'openFieldYardsTotal': 0, 'totalOpportunies': 7, 'pointsPerOpportunity': 4.142857142857143, 'fieldPosition': {'averageStart': 75.1, 'averagePredictedPoints': -1.12}, 'havoc': {'total': 0.092, 'frontSeven': 0.062, 'db': 0.031}, 'standardDowns': {'rate': 0.6615384615384615, 'ppa': -0.20994941959132912, 'successRate': 0.3488372093023256, 'explosiveness': 0.7590354352786842}, 'passingDowns': {'rate': 0.3384615384615385, 'ppa': 0.510645301099536, 'totalPPA': 4.533941726223421, 'successRate': 0.36363636363636365, 'explosiveness': 1.7295421696434303}, 'rushingPlays': {'rate': 0.4307692307692308, 'ppa': -0.0017206189292639838, 'totalPPA': -0.04817733001939155, 'successRate': 0.39285714285714285, 'explosiveness': 0.8058794840512767}, 'passingPlays': {'rate': 0.5384615384615384, 'ppa': 0.12954119217781204, 'totalPPA': 4.533941726223421, 'successRate': 0.34285714285714286, 'explosiveness': 1.3630995468136384}}"
2026,UTEP,Mountain West,"{'plays': 59, 'drives': 13, 'ppa': -0.48699590907637974, 'totalPPA': -28.732758635506404, 'successRate': 0.3389830508474576, 'explosiveness': 0.9392952091081729, 'powerSuccess': 0, 'stuffRate': 0.29411764705882354, 'lineYards': 1.5676470588235294, 'lineYardsTotal': 53, 'secondLevelYards': 0.9117647058823529, 'secondLevelYardsTotal': 31, 'openFieldYards': 1.5882352941176472, 'openFieldYardsTotal': 54, 'totalOpportunies': 5, 'pointsPerOpportunity': 0, 'fieldPosition': {'averageStart': 69.9, 'averagePredictedPoints': 1.254}, 'havoc': {'total': 0.271, 'frontSeven': 0.203, 'db': 0.068}, 'standardDowns': {'rate': 0.711864406779661, 'ppa': -0.346082518139833, 'successRate': 0.40476190476190477, 'explosiveness': 0.9828438840320753}, 'passingDowns': {'rate': 0.288135593220339, 'ppa': -0.8351348749196128, 'successRate': 0.17647058823529413, 'explosiveness': 0.6925193845393924}, 'rushingPlays': {'rate': 0.576271186440678, 'ppa': -0.3112194663462656, 'totalPPA': -10.58146185577303, 'successRate': 0.3235294117647059, 'explosiveness': 0.9581715769812068}, 'passingPlays': {'rate': 0.3728813559322034, 'ppa': -0.38937255300118545, 'totalPPA': -8.56619616602608, 'successRate': 0.4090909090909091, 'explosiveness': 0.9162240928189093}}","{'plays': 60, 'drives': 11, 'ppa': 0.3871905835315659, 'totalPPA': 23.231435011893954, 'successRate': 0.55, 'explosiveness': 1.1941828089991482, 'powerSuccess': 0.5714285714285714, 'stuffRate': 0.23684210526315788, 'lineYards': 2.876315789473684, 'lineYardsTotal': 109, 'secondLevelYards': 1.0526315789473684, 'secondLevelYardsTotal': 40, 'openFieldYards': 0.8157894736842105, 'openFieldYardsTotal': 0, 'totalOpportunies': 8, 'pointsPerOpportunity': 4.625, 'fieldPosition': {'averageStart': 57.4, 'averagePredictedPoints': -2.279}, 'havoc': {'total': 0.117, 'frontSeven': 0.1, 'db': 0.017}, 'standardDowns': {'rate': 0.7833333333333333, 'ppa': 0.31093809847392506, 'successRate': 0.574468085106383, 'explosiveness': 1.0607721742083296}, 'passingDowns': {'rate': 0.21666666666666667, 'ppa': 0.6628726448938058, 'totalPPA': 17.292720205928823, 'successRate': 0.46153846153846156, 'explosiveness': 1.7945306655578321}, 'rushingPlays': {'rate': 0.6333333333333333, 'ppa': 0.16140920047557014, 'totalPPA': 6.133549618071665, 'successRate': 0.5263157894736842, 'explosiveness': 0.8032231996038791}, 'passingPlays': {'rate': 0.35, 'ppa': 0.8234628669489916, 'totalPPA': 17.292720205928823, 'successRate': 0.5714285714285714, 'explosiveness': 1.961533626416737}}"
2026,UTSA,American Athletic,"{'plays': 60, 'drives': 12, 'ppa': 0.4786734592639608, 'totalPPA': 28.72040755583765, 'successRate': 0.6333333333333333, 'explosiveness': 1.0998644890074278, 'powerSuccess': 1, 'stuffRate': 0.10344827586206896, 'lineYards': 3.7655172413793103, 'lineYardsTotal': 109, 'secondLevelYards': 1.103448275862069, 'secondLevelYardsTotal': 32, 'openFieldYards': 3.9655172413793105, 'openFieldYardsTotal': 115, 'totalOpportunies': 5, 'pointsPerOpportunity': 3.4, 'fieldPosition': {'averageStart': 69.1, 'averagePredictedPoints': 1.487}, 'havoc': {'total': 0.117, 'frontSeven': 0.05, 'db': 0.067}, 'standardDowns': {'rate': 0.8166666666666667, 'ppa': 0.5866022306104843, 'successRate': 0.7346938775510204, 'explosiveness': 0.9308471117487539}, 'passingDowns': {'rate': 0.18333333333333332, 'ppa': -0.0021001585523713127, 'successRate': 0.18181818181818182, 'explosiveness': 4.142177279663559}, 'rushingPlays': {'rate': 0.48333333333333334, 'ppa': 0.4245461785028512, 'totalPPA': 12.311839176582684, 'successRate': 0.6896551724137931, 'explosiveness': 0.8654013285658082}, 'passingPlays': {'rate': 0.48333333333333334, 'ppa': 0.5228621541428264, 'totalPPA': 15.163002470141969, 'successRate': 0.5862068965517241, 'explosiveness': 1.3850944580236277}}","{'plays': 82, 'drives': 13, 'ppa': -0.16372240690374346, 'totalPPA': -13.425237366106964, 'successRate': 0.3780487804878049, 'explosiveness': 1.0540254394047484, 'powerSuccess': 0.3333333333333333, 'stuffRate': 0.18181818181818182, 'lineYards': 3.118181818181818, 'lineYardsTotal': 103, 'secondLevelYards': 0.9090909090909091, 'secondLevelYardsTotal': 30, 'openFieldYards': 1.7878787878787878, 'openFieldYardsTotal': 0, 'totalOpportunies': 6, 'pointsPerOpportunity': 2.6666666666666665, 'fieldPosition': {'averageStart': 77.3, 'averagePredictedPoints': -0.91}, 'havoc': {'total': 0.183, 'frontSeven': 0.061, 'db': 0.122}, 'standardDowns': {'rate': 0.6707317073170732, 'ppa': -0.2672825865722211, 'successRate': 0.43636363636363634, 'explosiveness': 0.8400908959119362}, 'passingDowns': {'rate': 0.32926829268292684, 'ppa': 0.04723351464315536, 'totalPPA': -10.65282439742247, 'successRate': 0.25925925925925924, 'explosiveness': 1.787515302808676}, 'rushingPlays': {'rate': 0.4024390243902439, 'ppa': 0.15062482665638616, 'totalPPA': 4.970619279660743, 'successRate': 0.3939393939393939, 'explosiveness': 1.3193402227619837}, 'passingPlays': {'rate': 0.573170731707317, 'ppa': -0.2266558382430313, 'totalPPA': -10.65282439742247, 'successRate': 0.3829787234042553, 'explosiveness': 0.8624092069800786}}"
2026,Vanderbilt,SEC,"{'plays': 63, 'drives': 8, 'ppa': 0.2617676040283218, 'totalPPA': 16.491359053784272, 'successRate': 0.47619047619047616, 'explosiveness': 1.061975081924216, 'powerSuccess': 0.75, 'stuffRate': 0.08108108108108109, 'lineYards': 3.5, 'lineYardsTotal': 130, 'secondLevelYards': 1.0810810810810811, 'secondLevelYardsTotal': 40, 'openFieldYards': 0.7027027027027027, 'openFieldYardsTotal': 26, 'totalOpportunies': 6, 'pointsPerOpportunity': 3.3333333333333335, 'fieldPosition': {'averageStart': 77.4, 'averagePredictedPoints': 0.96}, 'havoc': {'total': 0.079, 'frontSeven': 0.063, 'db': 0.016}, 'standardDowns': {'rate': 0.7777777777777778, 'ppa': 0.21750955060210211, 'successRate': 0.5306122448979592, 'explosiveness': 0.9045340379559912}, 'passingDowns': {'rate': 0.2222222222222222, 'ppa': 0.4166707910200907, 'successRate': 0.2857142857142857, 'explosiveness': 2.0853418677176765}, 'rushingPlays': {'rate': 0.5873015873015873, 'ppa': 0.22639920297197455, 'totalPPA': 8.376770509963059, 'successRate': 0.40540540540540543, 'explosiveness': 1.215000732195372}, 'passingPlays': {'rate': 0.3968253968253968, 'ppa': 0.34110045047437876, 'totalPPA': 8.527511261859468, 'successRate': 0.6, 'explosiveness': 0.9089494316530599}}","{'plays': 47, 'drives': 10, 'ppa': -0.02889950313090751, 'totalPPA': -1.358276647152653, 'successRate': 0.3404255319148936, 'explosiveness': 1.186345828828299, 'powerSuccess': 1, 'stuffRate': 0.21052631578947367, 'lineYards': 3.2263157894736842, 'lineYardsTotal': 61, 'secondLevelYards': 1.0526315789473684, 'secondLevelYardsTotal': 20, 'openFieldYards': 1.2105263157894737, 'openFieldYardsTotal': 0, 'totalOpportunies': 4, 'pointsPerOpportunity': 2.5, 'fieldPosition': {'averageStart': 74.9, 'averagePredictedPoints': -0.937}, 'havoc': {'total': 0.128, 'frontSeven': 0.106, 'db': 0.021}, 'standardDowns': {'rate': 0.574468085106383, 'ppa': 0.15045190801798544, 'successRate': 0.48148148148148145, 'explosiveness': 1.2322244432595528}, 'passingDowns': {'rate': 0.425531914893617, 'ppa': -0.271023908181913, 'totalPPA': -4.040679240691015, 'successRate': 0.15, 'explosiveness': 0.9875384996261992}, 'rushingPlays': {'rate': 0.40425531914893614, 'ppa': 0.20853136138256337, 'totalPPA': 3.962095866268704, 'successRate': 0.3684210526315789, 'explosiveness': 1.3171368284260048}, 'passingPlays': {'rate': 0.5531914893617021, 'ppa': -0.1554107400265775, 'totalPPA': -4.040679240691015, 'successRate': 0.34615384615384615, 'explosiveness': 1.0846194958078612}}"
2026,Virginia,ACC,"{'plays': 71, 'drives': 12, 'ppa': 0.27262204040865434, 'totalPPA': 19.35616486901446, 'successRate': 0.4788732394366197, 'explosiveness': 1.0612371845133193, 'powerSuccess': 0.8333333333333334, 'stuffRate': 0.14285714285714285, 'lineYards': 3.305357142857143, 'lineYardsTotal': 185, 'secondLevelYards': 1.0178571428571428, 'secondLevelYardsTotal': 57, 'openFieldYards': 0.7678571428571429, 'openFieldYardsTotal': 43, 'totalOpportunies': 7, 'pointsPerOpportunity': 3.857142857142857, 'fieldPosition': {'averageStart': 71, 'averagePredictedPoints': 1.372}, 'havoc': {'total': 0.056, 'frontSeven': 0.042, 'db': 0.014}, 'standardDowns': {'rate': 0.8169014084507042, 'ppa': 0.3298486682065506, 'successRate': 0.5344827586206896, 'explosiveness': 1.0598921882876307}, 'passingDowns': {'rate': 0.18309859154929578, 'ppa': 0.017303239464194195, 'successRate': 0.23076923076923078, 'explosiveness': 1.0751354788454355}, 'rushingPlays': {'rate': 0.7887323943661971, 'ppa': 0.1896816679076947, 'totalPPA': 10.622173402830903, 'successRate': 0.48214285714285715, 'explosiveness': 0.8375050020929486}, 'passingPlays': {'rate': 0.16901408450704225, 'ppa': 0.8633637362136882, 'totalPPA': 10.360364834564258, 'successRate': 0.5833333333333334, 'explosiveness': 1.9242041738490343}}","{'plays': 51, 'drives': 12, 'ppa': -0.3076030856053669, 'totalPPA': -15.687757365873711, 'successRate': 0.3137254901960784, 'explosiveness': 0.5258948389178301, 'powerSuccess': 1, 'stuffRate': 0.13636363636363635, 'lineYards': 3.140909090909091, 'lineYardsTotal': 69, 'secondLevelYards': 0.8181818181818182, 'secondLevelYardsTotal': 18, 'openFieldYards': 0.22727272727272727, 'openFieldYardsTotal': 0, 'totalOpportunies': 2, 'pointsPerOpportunity': 3.5, 'fieldPosition': {'averageStart': 72.6, 'averagePredictedPoints': -1.192}, 'havoc': {'total': 0.255, 'frontSeven': 0.098, 'db': 0.157}, 'standardDowns': {'rate': 0.6274509803921569, 'ppa': -0.36311600813121664, 'successRate': 0.375, 'explosiveness': 0.22944072753623818}, 'passingDowns': {'rate': 0.37254901960784315, 'ppa': -0.2141076371407779, 'totalPPA': -6.32956069759913, 'successRate': 0.21052631578947367, 'explosiveness': 1.4152571730626056}, 'rushingPlays': {'rate': 0.43137254901960786, 'ppa': -0.21636704058667744, 'totalPPA': -4.760074892906904, 'successRate': 0.36363636363636365, 'explosiveness': 0.005385467313659106}, 'passingPlays': {'rate': 0.5490196078431373, 'ppa': -0.22605573919996894, 'totalPPA': -6.32956069759913, 'successRate': 0.2857142857142857, 'explosiveness': 1.046404210522001}}"
2026,Virginia Tech,ACC,"{'plays': 74, 'drives': 14, 'ppa': 0.46526852275255143, 'totalPPA': 34.429870683688804, 'successRate': 0.6486486486486487, 'explosiveness': 1.041439357173502, 'powerSuccess': 0.9, 'stuffRate': 0.024390243902439025, 'lineYards': 4.102439024390244, 'lineYardsTotal': 168, 'secondLevelYards': 1.7073170731707317, 'secondLevelYardsTotal': 70, 'openFieldYards': 1.4634146341463414, 'openFieldYardsTotal': 60, 'totalOpportunies': 9, 'pointsPerOpportunity': 5.777777777777778, 'fieldPosition': {'averageStart': 59.8, 'averagePredictedPoints': 2.163}, 'havoc': {'total': 0.041, 'frontSeven': 0.041, 'db': 0}, 'standardDowns': {'rate': 0.9054054054054054, 'ppa': 0.5140248304449612, 'successRate': 0.7014925373134329, 'explosiveness': 1.0513091932643814}, 'passingDowns': {'rate': 0.0945945945945946, 'ppa': -0.001398993731942219, 'successRate': 0.14285714285714285, 'explosiveness': 0.5775570609021567}, 'rushingPlays': {'rate': 0.5540540540540541, 'ppa': 0.4673023022395338, 'totalPPA': 19.159394391820886, 'successRate': 0.6829268292682927, 'explosiveness': 0.8566061347773768}, 'passingPlays': {'rate': 0.4189189189189189, 'ppa': 0.537983365916313, 'totalPPA': 16.677484343405702, 'successRate': 0.6129032258064516, 'explosiveness': 1.3679422214912411}}","{'plays': 57, 'drives': 15, 'ppa': -0.5002883528303119, 'totalPPA': -28.516436111327778, 'successRate': 0.08771929824561403, 'explosiveness': 1.8471598449248687, 'powerSuccess': None, 'stuffRate': 0.5897435897435898, 'lineYards': -0.24615384615384617, 'lineYardsTotal': -10, 'secondLevelYards': 0.15384615384615385, 'secondLevelYardsTotal': 6, 'openFieldYards': 0.28205128205128205, 'openFieldYardsTotal': 0, 'totalOpportunies': 5, 'pointsPerOpportunity': 0.6, 'fieldPosition': {'averageStart': 69.5, 'averagePredictedPoints': -1.392}, 'havoc': {'total': 0.386, 'frontSeven': 0.351, 'db': 0.035}, 'standardDowns': {'rate': 0.43859649122807015, 'ppa': -0.6352291219961623, 'successRate': 0.04, 'explosiveness': 0.3333748010525683}, 'passingDowns': {'rate': 0.5614035087719298, 'ppa': -0.39486587691949127, 'totalPPA': -1.790847565121963, 'successRate': 0.125, 'explosiveness': 2.2256061058929437}, 'rushingPlays': {'rate': 0.6842105263157895, 'ppa': -0.5062246875380234, 'totalPPA': -19.742762813982914, 'successRate': 0.05128205128205128, 'explosiveness': 1.4516550151511338}, 'passingPlays': {'rate': 0.2807017543859649, 'ppa': -0.11192797282012269, 'totalPPA': -1.790847565121963, 'successRate': 0.1875, 'explosiveness': 2.110829731440692}}"
2026,Wake Forest,ACC,"{'plays': 68, 'drives': 11, 'ppa': 0.47758894733523144, 'totalPPA': 32.476048418795735, 'successRate': 0.4264705882352941, 'explosiveness': 1.5275719114401596, 'powerSuccess': 0.8, 'stuffRate': 0.15625, 'lineYards': 3.265625, 'lineYardsTotal': 105, 'secondLevelYards': 1.15625, 'secondLevelYardsTotal': 37, 'openFieldYards': 2.09375, 'openFieldYardsTotal': 67, 'totalOpportunies': 7, 'pointsPerOpportunity': 4.285714285714286, 'fieldPosition': {'averageStart': 70.5, 'averagePredictedPoints': 1.385}, 'havoc': {'total': 0.132, 'frontSeven': 0.074, 'db': 0.059}, 'standardDowns': {'rate': 0.6176470588235294, 'ppa': 0.4019333780328736, 'successRate': 0.47619047619047616, 'explosiveness': 1.327649602697261}, 'passingDowns': {'rate': 0.38235294117647056, 'ppa': 0.5998017900544248, 'successRate': 0.34615384615384615, 'explosiveness': 1.9718437086466003}, 'rushingPlays': {'rate': 0.47058823529411764, 'ppa': 0.30647462535732695, 'totalPPA': 9.807188011434462, 'successRate': 0.5, 'explosiveness': 0.9018223547590158}, 'passingPlays': {'rate': 0.5147058823529411, 'ppa': 0.6418524927697862, 'totalPPA': 22.46483724694252, 'successRate': 0.34285714285714286, 'explosiveness': 2.472200382933468}}","{'plays': 70, 'drives': 11, 'ppa': -0.02740230098845742, 'totalPPA': -1.9181610691920195, 'successRate': 0.5, 'explosiveness': 0.7212615614875549, 'powerSuccess': 0.6, 'stuffRate': 0.18181818181818182, 'lineYards': 3.103030303030303, 'lineYardsTotal': 102, 'secondLevelYards': 1.1515151515151516, 'secondLevelYardsTotal': 38, 'openFieldYards': 0.8181818181818182, 'openFieldYardsTotal': 0, 'totalOpportunies': 3, 'pointsPerOpportunity': 5.666666666666667, 'fieldPosition': {'averageStart': 77.3, 'averagePredictedPoints': -0.804}, 'havoc': {'total': 0.143, 'frontSeven': 0.114, 'db': 0.029}, 'standardDowns': {'rate': 0.7714285714285715, 'ppa': -0.12109866296770375, 'successRate': 0.5370370370370371, 'explosiveness': 0.6762538782434034}, 'passingDowns': {'rate': 0.22857142857142856, 'ppa': 0.2888229206914989, 'totalPPA': 1.816084565920214, 'successRate': 0.375, 'explosiveness': 0.9387986971676205}, 'rushingPlays': {'rate': 0.4714285714285714, 'ppa': -0.012183932912401642, 'totalPPA': -0.40206978610925415, 'successRate': 0.5454545454545454, 'explosiveness': 0.7448574873448729}, 'passingPlays': {'rate': 0.5, 'ppa': 0.051888130454863256, 'totalPPA': 1.816084565920214, 'successRate': 0.4857142857142857, 'explosiveness': 0.6962776399915712}}"
2026,Washington,Big Ten,"{'plays': 64, 'drives': 12, 'ppa': 0.04585732250426914, 'totalPPA': 2.934868640273225, 'successRate': 0.46875, 'explosiveness': 1.0665805293728612, 'powerSuccess': 0.5, 'stuffRate': 0.25, 'lineYards': 2.7535714285714286, 'lineYardsTotal': 77, 'secondLevelYards': 1.25, 'secondLevelYardsTotal': 35, 'openFieldYards': 0.8571428571428571, 'openFieldYardsTotal': 24, 'totalOpportunies': 9, 'pointsPerOpportunity': 2.6666666666666665, 'fieldPosition': {'averageStart': 66.5, 'averagePredictedPoints': 1.649}, 'havoc': {'total': 0.078, 'frontSeven': 0.047, 'db': 0.031}, 'standardDowns': {'rate': 0.765625, 'ppa': -0.006349740445278893, 'successRate': 0.5510204081632653, 'explosiveness': 0.8888882973759803}, 'passingDowns': {'rate': 0.234375, 'ppa': 0.21640039480612605, 'successRate': 0.2, 'explosiveness': 2.66581061734479}, 'rushingPlays': {'rate': 0.4375, 'ppa': 0.0007965718025659647, 'totalPPA': 0.02230401047184701, 'successRate': 0.4642857142857143, 'explosiveness': 0.970423265506644}, 'passingPlays': {'rate': 0.53125, 'ppa': 0.2019455210873904, 'totalPPA': 6.866147716971273, 'successRate': 0.47058823529411764, 'explosiveness': 1.1950781557265913}}","{'plays': 57, 'drives': 11, 'ppa': -0.16975327895924155, 'totalPPA': -9.675936900676769, 'successRate': 0.3157894736842105, 'explosiveness': 1.0264346254160943, 'powerSuccess': None, 'stuffRate': 0.2857142857142857, 'lineYards': 2.8214285714285716, 'lineYardsTotal': 79, 'secondLevelYards': 1.0714285714285714, 'secondLevelYardsTotal': 30, 'openFieldYards': 0.6071428571428571, 'openFieldYardsTotal': 0, 'totalOpportunies': 4, 'pointsPerOpportunity': 2.5, 'fieldPosition': {'averageStart': 75.8, 'averagePredictedPoints': -0.951}, 'havoc': {'total': 0.298, 'frontSeven': 0.175, 'db': 0.123}, 'standardDowns': {'rate': 0.7192982456140351, 'ppa': -0.014593369736370555, 'successRate': 0.4146341463414634, 'explosiveness': 1.04765607052028}, 'passingDowns': {'rate': 0.2807017543859649, 'ppa': -0.5673505463428485, 'totalPPA': -10.705000672345214, 'successRate': 0.0625, 'explosiveness': 0.6656700586449364}, 'rushingPlays': {'rate': 0.49122807017543857, 'ppa': -0.0029474263174882817, 'totalPPA': -0.08252793688967189, 'successRate': 0.2857142857142857, 'explosiveness': 1.2357321008288549}, 'passingPlays': {'rate': 0.49122807017543857, 'ppa': -0.38232145258375766, 'totalPPA': -10.705000672345214, 'successRate': 0.32142857142857145, 'explosiveness': 0.8309305269223044}}"
2026,Washington State,Pac-12,"{'plays': 57, 'drives': 11, 'ppa': -0.16975327895924155, 'totalPPA': -9.675936900676769, 'successRate': 0.3157894736842105, 'explosiveness': 1.0264346254160943, 'powerSuccess': 0, 'stuffRate': 0.2857142857142857, 'lineYards': 2.8214285714285716, 'lineYardsTotal': 79, 'secondLevelYards': 1.0714285714285714, 'secondLevelYardsTotal': 30, 'openFieldYards': 0.6071428571428571, 'openFieldYardsTotal': 17, 'totalOpportunies': 4, 'pointsPerOpportunity': 2.5, 'fieldPosition': {'averageStart': 75.8, 'averagePredictedPoints': 0.951}, 'havoc': {'total': 0.298, 'frontSeven': 0.175, 'db': 0.123}, 'standardDowns': {'rate': 0.7192982456140351, 'ppa': -0.014593369736370555, 'successRate': 0.4146341463414634, 'explosiveness': 1.04765607052028}, 'passingDowns': {'rate': 0.2807017543859649, 'ppa': -0.5673505463428485, 'successRate': 0.0625, 'explosiveness': 0.6656700586449364}, 'rushingPlays': {'rate': 0.49122807017543857, 'ppa': -0.0029474263174882817, 'totalPPA': -0.08252793688967189, 'successRate': 0.2857142857142857, 'explosiveness': 1.2357321008288549}, 'passingPlays': {'rate': 0.49122807017543857, 'ppa': -0.38232145258375766, 'totalPPA': -10.705000672345214, 'successRate': 0.32142857142857145, 'explosiveness': 0.8309305269223044}}","{'plays': 64, 'drives': 12, 'ppa': 0.04585732250426914, 'totalPPA': 2.934868640273225, 'successRate': 0.46875, 'explosiveness': 1.0665805293728612, 'powerSuccess': 0.5, 'stuffRate': 0.25, 'lineYards': 2.7535714285714286, 'lineYardsTotal': 77, 'secondLevelYards': 1.25, 'secondLevelYardsTotal': 35, 'openFieldYards': 0.8571428571428571, 'openFieldYardsTotal': 0, 'totalOpportunies': 9, 'pointsPerOpportunity': 2.6666666666666665, 'fieldPosition': {'averageStart': 66.5, 'averagePredictedPoints': -1.649}, 'havoc': {'total': 0.078, 'frontSeven': 0.047, 'db': 0.031}, 'standardDowns': {'rate': 0.765625, 'ppa': -0.006349740445278893, 'successRate': 0.5510204081632653, 'explosiveness': 0.8888882973759803}, 'passingDowns': {'rate': 0.234375, 'ppa': 0.21640039480612605, 'totalPPA': 6.866147716971273, 'successRate': 0.2, 'explosiveness': 2.66581061734479}, 'rushingPlays': {'rate': 0.4375, 'ppa': 0.0007965718025659647, 'totalPPA': 0.02230401047184701, 'successRate': 0.4642857142857143, 'explosiveness': 0.970423265506644}, 'passingPlays': {'rate': 0.53125, 'ppa': 0.2019455210873904, 'totalPPA': 6.866147716971273, 'successRate': 0.47058823529411764, 'explosiveness': 1.1950781557265913}}"
2026,Western Kentucky,Conference USA,"{'plays': 84, 'drives': 12, 'ppa': 0.0314012613767752, 'totalPPA': 2.6377059556491167, 'successRate': 0.44047619047619047, 'explosiveness': 0.8915966827384775, 'powerSuccess': 0.6666666666666666, 'stuffRate': 0.1951219512195122, 'lineYards': 2.995121951219512, 'lineYardsTotal': 123, 'secondLevelYards': 0.9512195121951219, 'secondLevelYardsTotal': 39, 'openFieldYards': 0.7560975609756098, 'openFieldYardsTotal': 31, 'totalOpportunies': 5, 'pointsPerOpportunity': 2.8, 'fieldPosition': {'averageStart': 76.1, 'averagePredictedPoints': 0.942}, 'havoc': {'total': 0.119, 'frontSeven': 0.095, 'db': 0.024}, 'standardDowns': {'rate': 0.6309523809523809, 'ppa': 0.0009234222910844964, 'successRate': 0.5094339622641509, 'explosiveness': 0.8304257449480311}, 'passingDowns': {'rate': 0.36904761904761907, 'ppa': 0.08350853465231091, 'successRate': 0.3225806451612903, 'explosiveness': 1.0567582147726828}, 'rushingPlays': {'rate': 0.4880952380952381, 'ppa': -0.14744521279583725, 'totalPPA': -6.045253724629327, 'successRate': 0.4634146341463415, 'explosiveness': 0.39477907615244406}, 'passingPlays': {'rate': 0.4880952380952381, 'ppa': 0.19963463612169455, 'totalPPA': 8.185020080989476, 'successRate': 0.43902439024390244, 'explosiveness': 1.4160152674681794}}","{'plays': 59, 'drives': 12, 'ppa': 0.4976904986574679, 'totalPPA': 29.363739420790605, 'successRate': 0.5084745762711864, 'explosiveness': 1.6496693482013214, 'powerSuccess': 0.8571428571428571, 'stuffRate': 0.19047619047619047, 'lineYards': 3.530952380952381, 'lineYardsTotal': 148, 'secondLevelYards': 1.4761904761904763, 'secondLevelYardsTotal': 62, 'openFieldYards': 3.142857142857143, 'openFieldYardsTotal': 0, 'totalOpportunies': 7, 'pointsPerOpportunity': 6, 'fieldPosition': {'averageStart': 72.5, 'averagePredictedPoints': -1.4}, 'havoc': {'total': 0.068, 'frontSeven': 0.051, 'db': 0.017}, 'standardDowns': {'rate': 0.7627118644067796, 'ppa': 0.40558508159664935, 'successRate': 0.5111111111111111, 'explosiveness': 1.5425444105965496}, 'passingDowns': {'rate': 0.23728813559322035, 'ppa': 0.7937436249243847, 'totalPPA': 3.6864817059802264, 'successRate': 0.5, 'explosiveness': 2.001651286045571}, 'rushingPlays': {'rate': 0.711864406779661, 'ppa': 0.5689590118328903, 'totalPPA': 23.896278496981395, 'successRate': 0.5476190476190477, 'explosiveness': 1.4471478823155413}, 'passingPlays': {'rate': 0.2711864406779661, 'ppa': 0.23040510662376415, 'totalPPA': 3.6864817059802264, 'successRate': 0.375, 'explosiveness': 2.404116655825534}}"
2026,Western Michigan,Mid-American,"{'plays': 70, 'drives': 11, 'ppa': -0.04488868271581797, 'totalPPA': -3.1422077901072574, 'successRate': 0.32857142857142857, 'explosiveness': 1.0681220061704584, 'powerSuccess': 0.6666666666666666, 'stuffRate': 0.18181818181818182, 'lineYards': 2.6613636363636366, 'lineYardsTotal': 117, 'secondLevelYards': 0.5681818181818182, 'secondLevelYardsTotal': 25, 'openFieldYards': 0.045454545454545456, 'openFieldYardsTotal': 2, 'totalOpportunies': 7, 'pointsPerOpportunity': 1.7142857142857142, 'fieldPosition': {'averageStart': 61.6, 'averagePredictedPoints': 1.947}, 'havoc': {'total': 0.157, 'frontSeven': 0.129, 'db': 0.029}, 'standardDowns': {'rate': 0.6428571428571429, 'ppa': -0.22513277423716768, 'successRate': 0.37777777777777777, 'explosiveness': 0.7020220388304002}, 'passingDowns': {'rate': 0.35714285714285715, 'ppa': 0.2795506820226115, 'successRate': 0.24, 'explosiveness': 2.10540524696729}, 'rushingPlays': {'rate': 0.6285714285714286, 'ppa': -0.03892261708414375, 'totalPPA': -1.7125951517023248, 'successRate': 0.36363636363636365, 'explosiveness': 0.7705097332466628}, 'passingPlays': {'rate': 0.32857142857142857, 'ppa': -0.19108375269451147, 'totalPPA': -4.394926311973764, 'successRate': 0.2608695652173913, 'explosiveness': 1.4903807397953972}}","{'plays': 48, 'drives': 10, 'ppa': 0.14635091914196965, 'totalPPA': 7.024844118814543, 'successRate': 0.4375, 'explosiveness': 1.0790058466360366, 'powerSuccess': 0.75, 'stuffRate': 0.08333333333333333, 'lineYards': 3.3958333333333335, 'lineYardsTotal': 82, 'secondLevelYards': 1.125, 'secondLevelYardsTotal': 27, 'openFieldYards': 0.3333333333333333, 'openFieldYardsTotal': 0, 'totalOpportunies': 2, 'pointsPerOpportunity': 3.5, 'fieldPosition': {'averageStart': 82.7, 'averagePredictedPoints': -0.568}, 'havoc': {'total': 0.167, 'frontSeven': 0.063, 'db': 0.104}, 'standardDowns': {'rate': 0.7083333333333334, 'ppa': -0.021168169758945758, 'successRate': 0.5, 'explosiveness': 0.7133188774820649}, 'passingDowns': {'rate': 0.2916666666666667, 'ppa': 0.5531829921870499, 'totalPPA': 3.168924496021044, 'successRate': 0.2857142857142857, 'explosiveness': 2.633175465540416}, 'rushingPlays': {'rate': 0.5, 'ppa': 0.1606633176163958, 'totalPPA': 3.8559196227934995, 'successRate': 0.4583333333333333, 'explosiveness': 0.5682578121405988}, 'passingPlays': {'rate': 0.5, 'ppa': 0.13203852066754349, 'totalPPA': 3.168924496021044, 'successRate': 0.4166666666666667, 'explosiveness': 1.640828684581018}}"
2026,West Virginia,Big 12,"{'plays': 77, 'drives': 14, 'ppa': 0.1252039921408981, 'totalPPA': 9.640707394849155, 'successRate': 0.4155844155844156, 'explosiveness': 1.017452011076191, 'powerSuccess': 0.75, 'stuffRate': 0.15, 'lineYards': 2.725, 'lineYardsTotal': 164, 'secondLevelYards': 0.7333333333333333, 'secondLevelYardsTotal': 44, 'openFieldYards': 1.55, 'openFieldYardsTotal': 93, 'totalOpportunies': 7, 'pointsPerOpportunity': 3.4285714285714284, 'fieldPosition': {'averageStart': 67.3, 'averagePredictedPoints': 1.754}, 'havoc': {'total': 0.117, 'frontSeven': 0.104, 'db': 0.013}, 'standardDowns': {'rate': 0.7272727272727273, 'ppa': 0.11557677644176455, 'successRate': 0.44642857142857145, 'explosiveness': 0.9158886100229026}, 'passingDowns': {'rate': 0.2727272727272727, 'ppa': 0.15087656733858765, 'successRate': 0.3333333333333333, 'explosiveness': 1.3801784434093645}, 'rushingPlays': {'rate': 0.7792207792207793, 'ppa': 0.0009497065139730973, 'totalPPA': 0.05698239083838584, 'successRate': 0.4, 'explosiveness': 0.7391222620626183}, 'passingPlays': {'rate': 0.19480519480519481, 'ppa': 0.6361504617345709, 'totalPPA': 9.542256926018563, 'successRate': 0.4666666666666667, 'explosiveness': 2.036575908623189}}","{'plays': 65, 'drives': 13, 'ppa': 0.1681653776154878, 'totalPPA': 10.930749545006709, 'successRate': 0.4307692307692308, 'explosiveness': 1.400877125686242, 'powerSuccess': 0.6666666666666666, 'stuffRate': 0.32, 'lineYards': 1.944, 'lineYardsTotal': 49, 'secondLevelYards': 1.04, 'secondLevelYardsTotal': 26, 'openFieldYards': 1.2, 'openFieldYardsTotal': 0, 'totalOpportunies': 6, 'pointsPerOpportunity': 4, 'fieldPosition': {'averageStart': 75.2, 'averagePredictedPoints': -1.031}, 'havoc': {'total': 0.262, 'frontSeven': 0.185, 'db': 0.077}, 'standardDowns': {'rate': 0.6307692307692307, 'ppa': -0.09609299352590259, 'successRate': 0.4146341463414634, 'explosiveness': 1.0831932619673794}, 'passingDowns': {'rate': 0.36923076923076925, 'ppa': 0.6196067616486964, 'totalPPA': 17.66743544401897, 'successRate': 0.4583333333333333, 'explosiveness': 1.8918430968881206}, 'rushingPlays': {'rate': 0.38461538461538464, 'ppa': -0.33987899663803367, 'totalPPA': -8.496974915950842, 'successRate': 0.36, 'explosiveness': 0.4924266615937112}, 'passingPlays': {'rate': 0.6, 'ppa': 0.4530111652312557, 'totalPPA': 17.66743544401897, 'successRate': 0.46153846153846156, 'explosiveness': 1.835135030440711}}"
2026,Wisconsin,Big Ten,"{'plays': 61, 'drives': 10, 'ppa': -0.04300904507988644, 'totalPPA': -2.623551749873073, 'successRate': 0.3770491803278688, 'explosiveness': 1.2644111837126037, 'powerSuccess': 0.75, 'stuffRate': 0.20689655172413793, 'lineYards': 2.3586206896551722, 'lineYardsTotal': 68, 'secondLevelYards': 0.3103448275862069, 'secondLevelYardsTotal': 9, 'openFieldYards': 0, 'openFieldYardsTotal': 0, 'totalOpportunies': 9, 'pointsPerOpportunity': 0.6666666666666666, 'fieldPosition': {'averageStart': 67.5, 'averagePredictedPoints': 1.55}, 'havoc': {'total': 0.213, 'frontSeven': 0.115, 'db': 0.098}, 'standardDowns': {'rate': 0.639344262295082, 'ppa': -0.019139608566675608, 'successRate': 0.4358974358974359, 'explosiveness': 1.0062494057831937}, 'passingDowns': {'rate': 0.36065573770491804, 'ppa': -0.08532304617148746, 'successRate': 0.2727272727272727, 'explosiveness': 1.9958695545125995}, 'rushingPlays': {'rate': 0.47540983606557374, 'ppa': -0.15788129367795747, 'totalPPA': -4.578557516660767, 'successRate': 0.27586206896551724, 'explosiveness': 0.7129861439594861}, 'passingPlays': {'rate': 0.5081967213114754, 'ppa': 0.06675143199118033, 'totalPPA': 2.06929439172659, 'successRate': 0.4838709677419355, 'explosiveness': 1.5585045382476}}","{'plays': 63, 'drives': 10, 'ppa': 0.34906816757153, 'totalPPA': 21.991294557006388, 'successRate': 0.4603174603174603, 'explosiveness': 1.111044132357502, 'powerSuccess': 0.75, 'stuffRate': 0.03225806451612903, 'lineYards': 2.770967741935484, 'lineYardsTotal': 86, 'secondLevelYards': 0.5483870967741935, 'secondLevelYardsTotal': 17, 'openFieldYards': 0.3548387096774194, 'openFieldYardsTotal': 0, 'totalOpportunies': 6, 'pointsPerOpportunity': 5.666666666666667, 'fieldPosition': {'averageStart': 80.1, 'averagePredictedPoints': -0.725}, 'havoc': {'total': 0.111, 'frontSeven': 0.032, 'db': 0.079}, 'standardDowns': {'rate': 0.746031746031746, 'ppa': 0.46065313957101867, 'successRate': 0.574468085106383, 'explosiveness': 1.0958954154587524}, 'passingDowns': {'rate': 0.25396825396825395, 'ppa': 0.021287312323031878, 'totalPPA': 12.832467153868935, 'successRate': 0.125, 'explosiveness': 1.3155518104906228}, 'rushingPlays': {'rate': 0.49206349206349204, 'ppa': 0.21931662972515734, 'totalPPA': 6.798815521479877, 'successRate': 0.3870967741935484, 'explosiveness': 0.9482338496191741}, 'passingPlays': {'rate': 0.4603174603174603, 'ppa': 0.4424988673747908, 'totalPPA': 12.832467153868935, 'successRate': 0.5517241379310345, 'explosiveness': 1.144187870709413}}"
2026,Wyoming,Mountain West,"{'plays': 55, 'drives': 11, 'ppa': -0.13299268813930754, 'totalPPA': -7.314597847661915, 'successRate': 0.41818181818181815, 'explosiveness': 0.899961606833427, 'powerSuccess': 1, 'stuffRate': 0.12121212121212122, 'lineYards': 3.3545454545454545, 'lineYardsTotal': 111, 'secondLevelYards': 1.1818181818181819, 'secondLevelYardsTotal': 39, 'openFieldYards': 0.6060606060606061, 'openFieldYardsTotal': 20, 'totalOpportunies': 5, 'pointsPerOpportunity': 2.6, 'fieldPosition': {'averageStart': 72.4, 'averagePredictedPoints': 1.192}, 'havoc': {'total': 0.255, 'frontSeven': 0.145, 'db': 0.109}, 'standardDowns': {'rate': 0.7636363636363637, 'ppa': -0.14447302770015225, 'successRate': 0.47619047619047616, 'explosiveness': 0.7657817269045784}, 'passingDowns': {'rate': 0.23636363636363636, 'ppa': -0.09590236032734772, 'successRate': 0.23076923076923078, 'explosiveness': 1.7944941396924177}, 'rushingPlays': {'rate': 0.6, 'ppa': 0.08273525202219534, 'totalPPA': 2.7302633167324464, 'successRate': 0.42424242424242425, 'explosiveness': 0.7724802415196903}, 'passingPlays': {'rate': 0.34545454545454546, 'ppa': -0.0410650443128672, 'totalPPA': -0.7802358419444767, 'successRate': 0.47368421052631576, 'explosiveness': 1.0982659528770171}}","{'plays': 68, 'drives': 11, 'ppa': 0.3012418203750481, 'totalPPA': 20.48444378550327, 'successRate': 0.4852941176470588, 'explosiveness': 1.2087905981747544, 'powerSuccess': 1, 'stuffRate': 0.21212121212121213, 'lineYards': 2.4939393939393937, 'lineYardsTotal': 82, 'secondLevelYards': 1.0303030303030303, 'secondLevelYardsTotal': 34, 'openFieldYards': 1.3636363636363635, 'openFieldYardsTotal': 0, 'totalOpportunies': 6, 'pointsPerOpportunity': 4.666666666666667, 'fieldPosition': {'averageStart': 65.6, 'averagePredictedPoints': -1.632}, 'havoc': {'total': 0.118, 'frontSeven': 0.074, 'db': 0.044}, 'standardDowns': {'rate': 0.75, 'ppa': 0.20817308652068345, 'successRate': 0.5098039215686274, 'explosiveness': 1.0106444488960338}, 'passingDowns': {'rate': 0.25, 'ppa': 0.580448021938142, 'totalPPA': 18.26598553879459, 'successRate': 0.4117647058823529, 'explosiveness': 1.9447620097814309}, 'rushingPlays': {'rate': 0.4852941176470588, 'ppa': 0.06387372555360847, 'totalPPA': 2.1078329432690794, 'successRate': 0.42424242424242425, 'explosiveness': 0.7748140659598562}, 'passingPlays': {'rate': 0.5, 'ppa': 0.5372348687880762, 'totalPPA': 18.26598553879459, 'successRate': 0.5294117647058824, 'explosiveness': 1.607337084049406}}"
