season,team,conference,offense,defense
2026,Air Force,Mountain West,"{'plays': 233, 'drives': 32, 'ppa': 0.2974661943078536, 'totalPPA': 69.30962327372988, 'successRate': 0.4892703862660944, 'explosiveness': 1.0827490054179236, 'powerSuccess': 0.8076923076923077, 'stuffRate': 0.06842105263157895, 'lineYards': 3.8357894736842106, 'lineYardsTotal': 729, 'secondLevelYards': 1.2, 'secondLevelYardsTotal': 228, 'openFieldYards': 0.6789473684210526, 'openFieldYardsTotal': 129, 'totalOpportunies': 19, 'pointsPerOpportunity': 4.315789473684211, 'fieldPosition': {'averageStart': 73.3, 'averagePredictedPoints': 1.077}, 'havoc': {'total': 0.064, 'frontSeven': 0.021, 'db': 0.043}, 'standardDowns': {'rate': 0.759656652360515, 'ppa': 0.3171990261996704, 'successRate': 0.5536723163841808, 'explosiveness': 0.9548935115898008}, 'passingDowns': {'rate': 0.24034334763948498, 'ppa': 0.23509635064978981, 'successRate': 0.2857142857142857, 'explosiveness': 1.8658639051151746}, 'rushingPlays': {'rate': 0.8154506437768241, 'ppa': 0.3356429142271722, 'totalPPA': 63.772153703162715, 'successRate': 0.5105263157894737, 'explosiveness': 0.9656794903904963}, 'passingPlays': {'rate': 0.15450643776824036, 'ppa': 0.2895324648077065, 'totalPPA': 10.423168733077434, 'successRate': 0.4166666666666667, 'explosiveness': 1.877015196990698}}","{'plays': 173, 'drives': 32, 'ppa': 0.004400601889996306, 'totalPPA': 0.761304126969361, 'successRate': 0.3468208092485549, 'explosiveness': 1.4301750176820658, 'powerSuccess': 0.6666666666666666, 'stuffRate': 0.2159090909090909, 'lineYards': 2.8659090909090907, 'lineYardsTotal': 252, 'secondLevelYards': 1.0568181818181819, 'secondLevelYardsTotal': 93, 'openFieldYards': 1.25, 'openFieldYardsTotal': 0, 'totalOpportunies': 11, 'pointsPerOpportunity': 4, 'fieldPosition': {'averageStart': 70.9, 'averagePredictedPoints': -1.297}, 'havoc': {'total': 0.15, 'frontSeven': 0.075, 'db': 0.075}, 'standardDowns': {'rate': 0.6473988439306358, 'ppa': -0.04217062581250424, 'successRate': 0.4107142857142857, 'explosiveness': 1.1747152968876156}, 'passingDowns': {'rate': 0.35260115606936415, 'ppa': 0.0899084298027842, 'totalPPA': -5.128092977834471, 'successRate': 0.22950819672131148, 'explosiveness': 2.2695426717209735}, 'rushingPlays': {'rate': 0.5086705202312138, 'ppa': 0.12503625620141343, 'totalPPA': 11.003190545724381, 'successRate': 0.3977272727272727, 'explosiveness': 1.1182251039958557}, 'passingPlays': {'rate': 0.4624277456647399, 'ppa': -0.06410116222293089, 'totalPPA': -5.128092977834471, 'successRate': 0.3125, 'explosiveness': 1.8669048968427595}}"
2026,Akron,Mid-American,"{'plays': 262, 'drives': 46, 'ppa': 0.019838159666359313, 'totalPPA': 5.19759783258614, 'successRate': 0.44274809160305345, 'explosiveness': 0.9809070069767836, 'powerSuccess': 0.8181818181818182, 'stuffRate': 0.13043478260869565, 'lineYards': 3.6191304347826088, 'lineYardsTotal': 416, 'secondLevelYards': 1.3652173913043477, 'secondLevelYardsTotal': 157, 'openFieldYards': 0.7652173913043478, 'openFieldYardsTotal': 88, 'totalOpportunies': 20, 'pointsPerOpportunity': 3.95, 'fieldPosition': {'averageStart': 75.4, 'averagePredictedPoints': 1.013}, 'havoc': {'total': 0.198, 'frontSeven': 0.122, 'db': 0.076}, 'standardDowns': {'rate': 0.7022900763358778, 'ppa': -0.007210668392188753, 'successRate': 0.5, 'explosiveness': 0.8369600148907718}, 'passingDowns': {'rate': 0.29770992366412213, 'ppa': 0.08364565149678038, 'successRate': 0.3076923076923077, 'explosiveness': 1.5327038099731618}, 'rushingPlays': {'rate': 0.4389312977099237, 'ppa': 0.09947009311859083, 'totalPPA': 11.439060708637944, 'successRate': 0.5130434782608696, 'explosiveness': 0.7089076110711343}, 'passingPlays': {'rate': 0.5305343511450382, 'ppa': 0.026706850082837387, 'totalPPA': 3.712252161514397, 'successRate': 0.41007194244604317, 'explosiveness': 1.2624502413352625}}","{'plays': 246, 'drives': 46, 'ppa': 0.2413347785414639, 'totalPPA': 59.368355521200115, 'successRate': 0.43089430894308944, 'explosiveness': 1.3716863805017796, 'powerSuccess': 0.6875, 'stuffRate': 0.18803418803418803, 'lineYards': 2.8905982905982905, 'lineYardsTotal': 338, 'secondLevelYards': 0.9658119658119658, 'secondLevelYardsTotal': 113, 'openFieldYards': 1.6324786324786325, 'openFieldYardsTotal': 0, 'totalOpportunies': 24, 'pointsPerOpportunity': 3.7916666666666665, 'fieldPosition': {'averageStart': 68.4, 'averagePredictedPoints': -1.51}, 'havoc': {'total': 0.15, 'frontSeven': 0.081, 'db': 0.069}, 'standardDowns': {'rate': 0.6910569105691057, 'ppa': 0.12879331006937964, 'successRate': 0.4823529411764706, 'explosiveness': 1.1357673336869556}, 'passingDowns': {'rate': 0.3089430894308943, 'ppa': 0.49307227380796814, 'totalPPA': 61.298752501331904, 'successRate': 0.3157894736842105, 'explosiveness': 2.1777431237857616}, 'rushingPlays': {'rate': 0.47560975609756095, 'ppa': 0.04541556772107045, 'totalPPA': 5.313621423365243, 'successRate': 0.4358974358974359, 'explosiveness': 0.8783238977385832}, 'passingPlays': {'rate': 0.5040650406504065, 'ppa': 0.49434477823654766, 'totalPPA': 61.298752501331904, 'successRate': 0.41935483870967744, 'explosiveness': 1.9096301299842717}}"
2026,Alabama,SEC,"{'plays': 267, 'drives': 47, 'ppa': 0.32664266155287036, 'totalPPA': 87.21359063461638, 'successRate': 0.4943820224719101, 'explosiveness': 1.3316067628050767, 'powerSuccess': 0.7777777777777778, 'stuffRate': 0.20945945945945946, 'lineYards': 2.992567567567568, 'lineYardsTotal': 443, 'secondLevelYards': 1.2432432432432432, 'secondLevelYardsTotal': 184, 'openFieldYards': 1.5067567567567568, 'openFieldYardsTotal': 223, 'totalOpportunies': 28, 'pointsPerOpportunity': 5.357142857142857, 'fieldPosition': {'averageStart': 66.4, 'averagePredictedPoints': 1.644}, 'havoc': {'total': 0.154, 'frontSeven': 0.097, 'db': 0.056}, 'standardDowns': {'rate': 0.7265917602996255, 'ppa': 0.25826110974781075, 'successRate': 0.5412371134020618, 'explosiveness': 1.1093033665097414}, 'passingDowns': {'rate': 0.27340823970037453, 'ppa': 0.5083689773087822, 'successRate': 0.3698630136986301, 'explosiveness': 2.1961199706202703}, 'rushingPlays': {'rate': 0.5543071161048689, 'ppa': 0.23733339711543955, 'totalPPA': 35.12534277308505, 'successRate': 0.5, 'explosiveness': 1.1069785587967078}, 'passingPlays': {'rate': 0.4344569288389513, 'ppa': 0.4697234599296657, 'totalPPA': 54.48792135184122, 'successRate': 0.49137931034482757, 'explosiveness': 1.6283538884879685}}","{'plays': 249, 'drives': 49, 'ppa': -0.09797917176347254, 'totalPPA': -24.39681376910466, 'successRate': 0.3413654618473896, 'explosiveness': 1.3820358753940611, 'powerSuccess': 0.5625, 'stuffRate': 0.24369747899159663, 'lineYards': 2.1983193277310926, 'lineYardsTotal': 262, 'secondLevelYards': 0.7983193277310925, 'secondLevelYardsTotal': 95, 'openFieldYards': 0.7226890756302521, 'openFieldYardsTotal': 0, 'totalOpportunies': 17, 'pointsPerOpportunity': 3.823529411764706, 'fieldPosition': {'averageStart': 75.3, 'averagePredictedPoints': -0.943}, 'havoc': {'total': 0.189, 'frontSeven': 0.108, 'db': 0.08}, 'standardDowns': {'rate': 0.6465863453815262, 'ppa': -0.1828671059895174, 'successRate': 0.391304347826087, 'explosiveness': 1.0871786106555423}, 'passingDowns': {'rate': 0.3534136546184739, 'ppa': 0.05732716244554134, 'totalPPA': -2.1542029447589295, 'successRate': 0.25, 'explosiveness': 2.2263998607816378}, 'rushingPlays': {'rate': 0.4779116465863454, 'ppa': -0.17425798242688487, 'totalPPA': -20.7366999087993, 'successRate': 0.31092436974789917, 'explosiveness': 0.9132387860168013}, 'passingPlays': {'rate': 0.4819277108433735, 'ppa': -0.017951691206324415, 'totalPPA': -2.1542029447589295, 'successRate': 0.35833333333333334, 'explosiveness': 1.8262316971502994}}"
2026,App State,Sun Belt,"{'plays': 288, 'drives': 48, 'ppa': 0.2375017412396011, 'totalPPA': 68.40050147700512, 'successRate': 0.4548611111111111, 'explosiveness': 1.3124452763172334, 'powerSuccess': 0.6666666666666666, 'stuffRate': 0.23880597014925373, 'lineYards': 2.576865671641791, 'lineYardsTotal': 345, 'secondLevelYards': 1.0223880597014925, 'secondLevelYardsTotal': 137, 'openFieldYards': 1.0970149253731343, 'openFieldYardsTotal': 147, 'totalOpportunies': 36, 'pointsPerOpportunity': 3.694444444444444, 'fieldPosition': {'averageStart': 69.9, 'averagePredictedPoints': 1.377}, 'havoc': {'total': 0.122, 'frontSeven': 0.08, 'db': 0.042}, 'standardDowns': {'rate': 0.6736111111111112, 'ppa': 0.10608544672316844, 'successRate': 0.4587628865979381, 'explosiveness': 1.084617195847727}, 'passingDowns': {'rate': 0.3263888888888889, 'ppa': 0.5087226043905366, 'successRate': 0.44680851063829785, 'explosiveness': 1.7952238277883303}, 'rushingPlays': {'rate': 0.4652777777777778, 'ppa': 0.04817472608653987, 'totalPPA': 6.455413295596342, 'successRate': 0.3880597014925373, 'explosiveness': 1.0756465421633181}, 'passingPlays': {'rate': 0.5034722222222222, 'ppa': 0.47535632590974325, 'totalPPA': 68.92666725691276, 'successRate': 0.5241379310344828, 'explosiveness': 1.463769496724889}}","{'plays': 272, 'drives': 47, 'ppa': 0.0798890370195323, 'totalPPA': 21.729818069312785, 'successRate': 0.4227941176470588, 'explosiveness': 1.1322274576006577, 'powerSuccess': 0.8421052631578947, 'stuffRate': 0.2265625, 'lineYards': 2.6203125, 'lineYardsTotal': 335, 'secondLevelYards': 0.9375, 'secondLevelYardsTotal': 120, 'openFieldYards': 0.7421875, 'openFieldYardsTotal': 0, 'totalOpportunies': 22, 'pointsPerOpportunity': 3.7272727272727275, 'fieldPosition': {'averageStart': 73.6, 'averagePredictedPoints': -1.09}, 'havoc': {'total': 0.176, 'frontSeven': 0.107, 'db': 0.07}, 'standardDowns': {'rate': 0.7058823529411765, 'ppa': 0.1331905121367638, 'successRate': 0.5104166666666666, 'explosiveness': 0.9134003745305225}, 'passingDowns': {'rate': 0.29411764705882354, 'ppa': -0.048034503261823326, 'totalPPA': 18.04822360971449, 'successRate': 0.2125, 'explosiveness': 2.3937012305932024}, 'rushingPlays': {'rate': 0.47058823529411764, 'ppa': 0.05068774141215584, 'totalPPA': 6.488030900755947, 'successRate': 0.4296875, 'explosiveness': 0.8427094523326385}, 'passingPlays': {'rate': 0.5036764705882353, 'ppa': 0.13173885846506928, 'totalPPA': 18.04822360971449, 'successRate': 0.41605839416058393, 'explosiveness': 1.396512535395778}}"
2026,Arizona,Big 12,"{'plays': 280, 'drives': 46, 'ppa': 0.21301577538771505, 'totalPPA': 59.64441710856021, 'successRate': 0.5, 'explosiveness': 1.1510787926944033, 'powerSuccess': 0.85, 'stuffRate': 0.11764705882352941, 'lineYards': 3.534453781512605, 'lineYardsTotal': 421, 'secondLevelYards': 1.403361344537815, 'secondLevelYardsTotal': 167, 'openFieldYards': 1.0084033613445378, 'openFieldYardsTotal': 120, 'totalOpportunies': 28, 'pointsPerOpportunity': 4.321428571428571, 'fieldPosition': {'averageStart': 71.2, 'averagePredictedPoints': 1.294}, 'havoc': {'total': 0.114, 'frontSeven': 0.075, 'db': 0.039}, 'standardDowns': {'rate': 0.6928571428571428, 'ppa': 0.0708257418654777, 'successRate': 0.5360824742268041, 'explosiveness': 0.7775529610750538}, 'passingDowns': {'rate': 0.30714285714285716, 'ppa': 0.5337700370541575, 'successRate': 0.4186046511627907, 'explosiveness': 2.230153417372524}, 'rushingPlays': {'rate': 0.425, 'ppa': 0.14664264661753698, 'totalPPA': 17.4504749474869, 'successRate': 0.5210084033613446, 'explosiveness': 0.6957182030986492}, 'passingPlays': {'rate': 0.5428571428571428, 'ppa': 0.28143590823428033, 'totalPPA': 42.778258051610614, 'successRate': 0.4934210526315789, 'explosiveness': 1.5103727605664354}}","{'plays': 250, 'drives': 43, 'ppa': 0.0016963133093850198, 'totalPPA': 0.424078327346255, 'successRate': 0.352, 'explosiveness': 1.4149125290095736, 'powerSuccess': 1, 'stuffRate': 0.25263157894736843, 'lineYards': 2.5894736842105264, 'lineYardsTotal': 246, 'secondLevelYards': 1.0105263157894737, 'secondLevelYardsTotal': 96, 'openFieldYards': 0.7473684210526316, 'openFieldYardsTotal': 0, 'totalOpportunies': 17, 'pointsPerOpportunity': 2.823529411764706, 'fieldPosition': {'averageStart': 74, 'averagePredictedPoints': -1.089}, 'havoc': {'total': 0.168, 'frontSeven': 0.108, 'db': 0.06}, 'standardDowns': {'rate': 0.596, 'ppa': -0.1654197799035079, 'successRate': 0.40268456375838924, 'explosiveness': 1.0201003352774454}, 'passingDowns': {'rate': 0.404, 'ppa': 0.24823391616800922, 'totalPPA': 7.88295881264718, 'successRate': 0.27722772277227725, 'explosiveness': 2.260938658435563}, 'rushingPlays': {'rate': 0.38, 'ppa': 0.017773138441384912, 'totalPPA': 1.6884481519315666, 'successRate': 0.3473684210526316, 'explosiveness': 1.0717639780494155}, 'passingPlays': {'rate': 0.596, 'ppa': 0.052905763843269664, 'totalPPA': 7.88295881264718, 'successRate': 0.35570469798657717, 'explosiveness': 1.6007216804655562}}"
2026,Arizona State,Big 12,"{'plays': 202, 'drives': 40, 'ppa': 0.05815854025441106, 'totalPPA': 11.748025131391035, 'successRate': 0.4158415841584158, 'explosiveness': 1.3964621633387664, 'powerSuccess': 0.7777777777777778, 'stuffRate': 0.19811320754716982, 'lineYards': 2.689622641509434, 'lineYardsTotal': 285, 'secondLevelYards': 1.1037735849056605, 'secondLevelYardsTotal': 117, 'openFieldYards': 1.3867924528301887, 'openFieldYardsTotal': 147, 'totalOpportunies': 20, 'pointsPerOpportunity': 3.6, 'fieldPosition': {'averageStart': 68, 'averagePredictedPoints': 1.506}, 'havoc': {'total': 0.163, 'frontSeven': 0.104, 'db': 0.059}, 'standardDowns': {'rate': 0.6732673267326733, 'ppa': -0.03760673416811509, 'successRate': 0.4632352941176471, 'explosiveness': 1.1351929398661078}, 'passingDowns': {'rate': 0.32673267326732675, 'ppa': 0.25549304512507104, 'successRate': 0.3181818181818182, 'explosiveness': 2.1802698337567423}, 'rushingPlays': {'rate': 0.5247524752475248, 'ppa': 0.01785265487992245, 'totalPPA': 1.8923814172717797, 'successRate': 0.39622641509433965, 'explosiveness': 1.0498302907744739}, 'passingPlays': {'rate': 0.46534653465346537, 'ppa': 0.18604617786500685, 'totalPPA': 17.488340719310646, 'successRate': 0.44680851063829785, 'explosiveness': 1.743094035903059}}","{'plays': 189, 'drives': 39, 'ppa': 0.022551746319826826, 'totalPPA': 4.26228005444727, 'successRate': 0.37037037037037035, 'explosiveness': 1.1790414583455835, 'powerSuccess': 0.6363636363636364, 'stuffRate': 0.14893617021276595, 'lineYards': 2.907446808510638, 'lineYardsTotal': 273, 'secondLevelYards': 0.8936170212765957, 'secondLevelYardsTotal': 84, 'openFieldYards': 0.6276595744680851, 'openFieldYardsTotal': 0, 'totalOpportunies': 19, 'pointsPerOpportunity': 2.6842105263157894, 'fieldPosition': {'averageStart': 70, 'averagePredictedPoints': -1.373}, 'havoc': {'total': 0.159, 'frontSeven': 0.09, 'db': 0.069}, 'standardDowns': {'rate': 0.6455026455026455, 'ppa': -0.0082011541730884, 'successRate': 0.45081967213114754, 'explosiveness': 0.9508425210050249}, 'passingDowns': {'rate': 0.3544973544973545, 'ppa': 0.07854956512782171, 'totalPPA': 8.235793061351927, 'successRate': 0.22388059701492538, 'explosiveness': 2.015770895260965}, 'rushingPlays': {'rate': 0.4973544973544973, 'ppa': -0.02626163270145737, 'totalPPA': -2.468593473936993, 'successRate': 0.39361702127659576, 'explosiveness': 0.8382838348690083}, 'passingPlays': {'rate': 0.455026455026455, 'ppa': 0.09576503559711542, 'totalPPA': 8.235793061351927, 'successRate': 0.3372093023255814, 'explosiveness': 1.6000215051900744}}"
2026,Arkansas,SEC,"{'plays': 306, 'drives': 46, 'ppa': 0.048770429157151296, 'totalPPA': 14.923751322088295, 'successRate': 0.4215686274509804, 'explosiveness': 1.1175130223447418, 'powerSuccess': 0.8421052631578947, 'stuffRate': 0.18110236220472442, 'lineYards': 2.578740157480315, 'lineYardsTotal': 328, 'secondLevelYards': 0.7559055118110236, 'secondLevelYardsTotal': 96, 'openFieldYards': 0.1889763779527559, 'openFieldYardsTotal': 24, 'totalOpportunies': 26, 'pointsPerOpportunity': 3.5, 'fieldPosition': {'averageStart': 71.2, 'averagePredictedPoints': 1.293}, 'havoc': {'total': 0.18, 'frontSeven': 0.092, 'db': 0.088}, 'standardDowns': {'rate': 0.6339869281045751, 'ppa': -0.05762480275582517, 'successRate': 0.4845360824742268, 'explosiveness': 0.6875718259391036}, 'passingDowns': {'rate': 0.3660130718954248, 'ppa': 0.23306217014927125, 'successRate': 0.3125, 'explosiveness': 2.272212235548456}, 'rushingPlays': {'rate': 0.4150326797385621, 'ppa': -0.07535419446180817, 'totalPPA': -9.569982696649637, 'successRate': 0.3858267716535433, 'explosiveness': 0.5660041971825864}, 'passingPlays': {'rate': 0.5588235294117647, 'ppa': 0.1814452907432981, 'totalPPA': 31.027144717103976, 'successRate': 0.4502923976608187, 'explosiveness': 1.4595229322057741}}","{'plays': 229, 'drives': 46, 'ppa': 0.15849795746261047, 'totalPPA': 36.2960322589378, 'successRate': 0.43231441048034935, 'explosiveness': 1.109799606067956, 'powerSuccess': 0.875, 'stuffRate': 0.1504424778761062, 'lineYards': 3.225663716814159, 'lineYardsTotal': 365, 'secondLevelYards': 1.1592920353982301, 'secondLevelYardsTotal': 131, 'openFieldYards': 1.1327433628318584, 'openFieldYardsTotal': 0, 'totalOpportunies': 21, 'pointsPerOpportunity': 5.142857142857143, 'fieldPosition': {'averageStart': 69.8, 'averagePredictedPoints': -1.391}, 'havoc': {'total': 0.144, 'frontSeven': 0.096, 'db': 0.048}, 'standardDowns': {'rate': 0.7205240174672489, 'ppa': 0.18016536034729588, 'successRate': 0.5272727272727272, 'explosiveness': 1.0452867214631867}, 'passingDowns': {'rate': 0.2794759825327511, 'ppa': 0.10263668440053089, 'totalPPA': 17.56953202614348, 'successRate': 0.1875, 'explosiveness': 1.577518019452535}, 'rushingPlays': {'rate': 0.49344978165938863, 'ppa': 0.19265329974670906, 'totalPPA': 21.769822871378125, 'successRate': 0.46017699115044247, 'explosiveness': 0.9057682539121806}, 'passingPlays': {'rate': 0.48034934497816595, 'ppa': 0.15972301841948622, 'totalPPA': 17.56953202614348, 'successRate': 0.41818181818181815, 'explosiveness': 1.3627109787315266}}"
2026,Arkansas State,Sun Belt,"{'plays': 235, 'drives': 40, 'ppa': 0.151722200567074, 'totalPPA': 35.65471713326239, 'successRate': 0.4851063829787234, 'explosiveness': 1.147182168803558, 'powerSuccess': 0.7391304347826086, 'stuffRate': 0.14634146341463414, 'lineYards': 3.370731707317073, 'lineYardsTotal': 415, 'secondLevelYards': 1.2520325203252034, 'secondLevelYardsTotal': 154, 'openFieldYards': 1.089430894308943, 'openFieldYardsTotal': 134, 'totalOpportunies': 23, 'pointsPerOpportunity': 3.4347826086956523, 'fieldPosition': {'averageStart': 69.7, 'averagePredictedPoints': 1.421}, 'havoc': {'total': 0.14, 'frontSeven': 0.072, 'db': 0.068}, 'standardDowns': {'rate': 0.7361702127659574, 'ppa': 0.1816248950288141, 'successRate': 0.5549132947976878, 'explosiveness': 1.0553142422130177}, 'passingDowns': {'rate': 0.26382978723404255, 'ppa': 0.06828403698834762, 'successRate': 0.2903225806451613, 'explosiveness': 1.637144443953106}, 'rushingPlays': {'rate': 0.5234042553191489, 'ppa': 0.23734169865394728, 'totalPPA': 29.193028934435514, 'successRate': 0.5040650406504065, 'explosiveness': 0.9618094628542565}, 'passingPlays': {'rate': 0.451063829787234, 'ppa': 0.12386456621204538, 'totalPPA': 13.12964401847681, 'successRate': 0.4716981132075472, 'explosiveness': 1.4023591022604314}}","{'plays': 256, 'drives': 43, 'ppa': 0.1608416764111734, 'totalPPA': 41.17546916126039, 'successRate': 0.453125, 'explosiveness': 1.2437369661354392, 'powerSuccess': 0.7619047619047619, 'stuffRate': 0.1360544217687075, 'lineYards': 3.3891156462585035, 'lineYardsTotal': 498, 'secondLevelYards': 1.1428571428571428, 'secondLevelYardsTotal': 168, 'openFieldYards': 1.401360544217687, 'openFieldYardsTotal': 0, 'totalOpportunies': 21, 'pointsPerOpportunity': 3.4761904761904763, 'fieldPosition': {'averageStart': 73.7, 'averagePredictedPoints': -1.138}, 'havoc': {'total': 0.125, 'frontSeven': 0.07, 'db': 0.055}, 'standardDowns': {'rate': 0.7265625, 'ppa': 0.11767426594896883, 'successRate': 0.5, 'explosiveness': 0.9701626629809251}, 'passingDowns': {'rate': 0.2734375, 'ppa': 0.275543652782174, 'totalPPA': 46.625222200760334, 'successRate': 0.32857142857142857, 'explosiveness': 2.349928713673257}, 'rushingPlays': {'rate': 0.57421875, 'ppa': 0.025109132777786244, 'totalPPA': 3.6910425183345783, 'successRate': 0.46258503401360546, 'explosiveness': 0.8900775434370661}, 'passingPlays': {'rate': 0.39453125, 'ppa': 0.4616358633738647, 'totalPPA': 46.625222200760334, 'successRate': 0.45544554455445546, 'explosiveness': 1.8041457032565513}}"
2026,Army,American Athletic,"{'plays': 202, 'drives': 30, 'ppa': 0.3652410716663139, 'totalPPA': 73.77869647659541, 'successRate': 0.5495049504950495, 'explosiveness': 1.0285346811738048, 'powerSuccess': 0.8888888888888888, 'stuffRate': 0.09696969696969697, 'lineYards': 3.8266666666666667, 'lineYardsTotal': 631, 'secondLevelYards': 1.4363636363636365, 'secondLevelYardsTotal': 237, 'openFieldYards': 1.7636363636363637, 'openFieldYardsTotal': 291, 'totalOpportunies': 22, 'pointsPerOpportunity': 4.409090909090909, 'fieldPosition': {'averageStart': 69.6, 'averagePredictedPoints': 1.446}, 'havoc': {'total': 0.045, 'frontSeven': 0.045, 'db': 0}, 'standardDowns': {'rate': 0.8118811881188119, 'ppa': 0.35641892646257933, 'successRate': 0.6097560975609756, 'explosiveness': 0.9067203527889979}, 'passingDowns': {'rate': 0.18811881188118812, 'ppa': 0.40331559307190523, 'successRate': 0.2894736842105263, 'explosiveness': 2.135937666490232}, 'rushingPlays': {'rate': 0.8168316831683168, 'ppa': 0.39463941197435, 'totalPPA': 65.11550297576775, 'successRate': 0.5757575757575758, 'explosiveness': 0.9879526513999448}, 'passingPlays': {'rate': 0.1485148514851485, 'ppa': 0.3200474317762077, 'totalPPA': 9.60142295328623, 'successRate': 0.5, 'explosiveness': 1.2005631343793288}}","{'plays': 162, 'drives': 29, 'ppa': 0.1890381995867541, 'totalPPA': 30.624188333054164, 'successRate': 0.4382716049382716, 'explosiveness': 1.2445339834418145, 'powerSuccess': 0.75, 'stuffRate': 0.18823529411764706, 'lineYards': 3.2741176470588234, 'lineYardsTotal': 278, 'secondLevelYards': 1.3294117647058823, 'secondLevelYardsTotal': 113, 'openFieldYards': 1.0352941176470587, 'openFieldYardsTotal': 0, 'totalOpportunies': 12, 'pointsPerOpportunity': 2.8333333333333335, 'fieldPosition': {'averageStart': 77.9, 'averagePredictedPoints': -0.837}, 'havoc': {'total': 0.13, 'frontSeven': 0.068, 'db': 0.062}, 'standardDowns': {'rate': 0.6975308641975309, 'ppa': 0.042333435948697276, 'successRate': 0.48672566371681414, 'explosiveness': 0.9299554298217793}, 'passingDowns': {'rate': 0.30246913580246915, 'ppa': 0.5273573483847219, 'totalPPA': 16.24180632082048, 'successRate': 0.32653061224489793, 'explosiveness': 2.3258977615106855}, 'rushingPlays': {'rate': 0.5246913580246914, 'ppa': 0.17720231091967717, 'totalPPA': 15.062196428172559, 'successRate': 0.47058823529411764, 'explosiveness': 0.9707767035346864}, 'passingPlays': {'rate': 0.46296296296296297, 'ppa': 0.21655741761093975, 'totalPPA': 16.24180632082048, 'successRate': 0.41333333333333333, 'explosiveness': 1.5977691833219798}}"
2026,Auburn,SEC,"{'plays': 285, 'drives': 45, 'ppa': 0.11909463205714056, 'totalPPA': 33.941970136285065, 'successRate': 0.4280701754385965, 'explosiveness': 1.267789889039531, 'powerSuccess': 0.8666666666666667, 'stuffRate': 0.15217391304347827, 'lineYards': 3.2782608695652176, 'lineYardsTotal': 452, 'secondLevelYards': 1.2318840579710144, 'secondLevelYardsTotal': 170, 'openFieldYards': 1.463768115942029, 'openFieldYardsTotal': 202, 'totalOpportunies': 25, 'pointsPerOpportunity': 4.12, 'fieldPosition': {'averageStart': 72.6, 'averagePredictedPoints': 1.219}, 'havoc': {'total': 0.151, 'frontSeven': 0.098, 'db': 0.053}, 'standardDowns': {'rate': 0.6842105263157895, 'ppa': 0.017677090926632503, 'successRate': 0.4512820512820513, 'explosiveness': 0.975397833145204}, 'passingDowns': {'rate': 0.3157894736842105, 'ppa': 0.338832637839908, 'successRate': 0.37777777777777777, 'explosiveness': 2.0245693278248478}, 'rushingPlays': {'rate': 0.4842105263157895, 'ppa': 0.18737570183949157, 'totalPPA': 25.857846853849836, 'successRate': 0.463768115942029, 'explosiveness': 0.9893076184192341}, 'passingPlays': {'rate': 0.4982456140350877, 'ppa': 0.14204102317685677, 'totalPPA': 20.169825291113664, 'successRate': 0.4014084507042254, 'explosiveness': 1.5833069787985814}}","{'plays': 317, 'drives': 46, 'ppa': -0.00901256856579502, 'totalPPA': -2.8569842353570216, 'successRate': 0.3753943217665615, 'explosiveness': 1.213542730131642, 'powerSuccess': 0.6818181818181818, 'stuffRate': 0.18543046357615894, 'lineYards': 2.5688741721854305, 'lineYardsTotal': 388, 'secondLevelYards': 0.6291390728476821, 'secondLevelYardsTotal': 95, 'openFieldYards': 0.6158940397350994, 'openFieldYardsTotal': 0, 'totalOpportunies': 22, 'pointsPerOpportunity': 3.5, 'fieldPosition': {'averageStart': 72.5, 'averagePredictedPoints': -1.225}, 'havoc': {'total': 0.155, 'frontSeven': 0.101, 'db': 0.054}, 'standardDowns': {'rate': 0.7034700315457413, 'ppa': -0.06300038110966115, 'successRate': 0.4170403587443946, 'explosiveness': 0.9280901789416954}, 'passingDowns': {'rate': 0.29652996845425866, 'ppa': 0.11906490161805759, 'totalPPA': 19.50604888571263, 'successRate': 0.2765957446808511, 'explosiveness': 2.2345845478495274}, 'rushingPlays': {'rate': 0.47634069400630913, 'ppa': -0.017518951472174655, 'totalPPA': -2.6453616722983733, 'successRate': 0.3576158940397351, 'explosiveness': 0.9243245327842828}, 'passingPlays': {'rate': 0.4794952681388013, 'ppa': 0.1283292689849515, 'totalPPA': 19.50604888571263, 'successRate': 0.4144736842105263, 'explosiveness': 1.4939270542508678}}"
2026,Ball State,Mid-American,"{'plays': 246, 'drives': 46, 'ppa': 0.04723728919803628, 'totalPPA': 11.620373142716923, 'successRate': 0.33739837398373984, 'explosiveness': 1.4167354936497174, 'powerSuccess': 0.8888888888888888, 'stuffRate': 0.21428571428571427, 'lineYards': 2.5419642857142857, 'lineYardsTotal': 285, 'secondLevelYards': 1.0089285714285714, 'secondLevelYardsTotal': 113, 'openFieldYards': 1.7410714285714286, 'openFieldYardsTotal': 195, 'totalOpportunies': 16, 'pointsPerOpportunity': 3.625, 'fieldPosition': {'averageStart': 72.7, 'averagePredictedPoints': 1.226}, 'havoc': {'total': 0.199, 'frontSeven': 0.138, 'db': 0.061}, 'standardDowns': {'rate': 0.6219512195121951, 'ppa': -0.05995140445682787, 'successRate': 0.39215686274509803, 'explosiveness': 1.052958833622961}, 'passingDowns': {'rate': 0.3780487804878049, 'ppa': 0.2235799787592644, 'successRate': 0.24731182795698925, 'explosiveness': 2.3657180850238646}, 'rushingPlays': {'rate': 0.45528455284552843, 'ppa': 0.09003485947318636, 'totalPPA': 10.083904260996873, 'successRate': 0.35714285714285715, 'explosiveness': 1.1560797523452748}, 'passingPlays': {'rate': 0.5040650406504065, 'ppa': 0.0716456603034463, 'totalPPA': 8.88406187762734, 'successRate': 0.3387096774193548, 'explosiveness': 1.5960925406187085}}","{'plays': 270, 'drives': 44, 'ppa': 0.3245174494482526, 'totalPPA': 87.6197113510282, 'successRate': 0.45185185185185184, 'explosiveness': 1.4552780962608534, 'powerSuccess': 0.7777777777777778, 'stuffRate': 0.18840579710144928, 'lineYards': 3.0101449275362318, 'lineYardsTotal': 415, 'secondLevelYards': 1.115942028985507, 'secondLevelYardsTotal': 154, 'openFieldYards': 2.13768115942029, 'openFieldYardsTotal': 0, 'totalOpportunies': 24, 'pointsPerOpportunity': 5.041666666666667, 'fieldPosition': {'averageStart': 71.4, 'averagePredictedPoints': -1.35}, 'havoc': {'total': 0.119, 'frontSeven': 0.074, 'db': 0.044}, 'standardDowns': {'rate': 0.6962962962962963, 'ppa': 0.2977705450693964, 'successRate': 0.4946808510638298, 'explosiveness': 1.2723739681259905}, 'passingDowns': {'rate': 0.3037037037037037, 'ppa': 0.3858396204631912, 'totalPPA': 57.28713958715746, 'successRate': 0.35365853658536583, 'explosiveness': 2.041832714072655}, 'rushingPlays': {'rate': 0.5111111111111111, 'ppa': 0.256367797895227, 'totalPPA': 35.37875610954133, 'successRate': 0.42028985507246375, 'explosiveness': 1.3516633410800891}, 'passingPlays': {'rate': 0.4666666666666667, 'ppa': 0.45465983799331317, 'totalPPA': 57.28713958715746, 'successRate': 0.5, 'explosiveness': 1.5555502955585423}}"
2026,Baylor,Big 12,"{'plays': 329, 'drives': 55, 'ppa': 0.09202617899843175, 'totalPPA': 30.276612890484046, 'successRate': 0.4012158054711246, 'explosiveness': 1.2626771043945284, 'powerSuccess': 0.7368421052631579, 'stuffRate': 0.16875, 'lineYards': 2.938125, 'lineYardsTotal': 470, 'secondLevelYards': 0.84375, 'secondLevelYardsTotal': 135, 'openFieldYards': 0.51875, 'openFieldYardsTotal': 83, 'totalOpportunies': 28, 'pointsPerOpportunity': 3.392857142857143, 'fieldPosition': {'averageStart': 64.2, 'averagePredictedPoints': 1.86}, 'havoc': {'total': 0.167, 'frontSeven': 0.103, 'db': 0.064}, 'standardDowns': {'rate': 0.6838905775075987, 'ppa': -0.05406084941052466, 'successRate': 0.4488888888888889, 'explosiveness': 0.9520679617056167}, 'passingDowns': {'rate': 0.3161094224924012, 'ppa': 0.40807984622934707, 'successRate': 0.2980769230769231, 'explosiveness': 2.274661730574531}, 'rushingPlays': {'rate': 0.48632218844984804, 'ppa': 0.054558447386304235, 'totalPPA': 8.729351581808677, 'successRate': 0.44375, 'explosiveness': 0.8623942916329753}, 'passingPlays': {'rate': 0.48936170212765956, 'ppa': 0.17653774576841416, 'totalPPA': 28.42257706871468, 'successRate': 0.37267080745341613, 'explosiveness': 1.7555910154770353}}","{'plays': 290, 'drives': 53, 'ppa': -0.11506771452268853, 'totalPPA': -33.36963721157967, 'successRate': 0.32068965517241377, 'explosiveness': 1.139479400538103, 'powerSuccess': 0.4, 'stuffRate': 0.264, 'lineYards': 2.5032, 'lineYardsTotal': 313, 'secondLevelYards': 0.848, 'secondLevelYardsTotal': 106, 'openFieldYards': 0.552, 'openFieldYardsTotal': 0, 'totalOpportunies': 24, 'pointsPerOpportunity': 1.9583333333333333, 'fieldPosition': {'averageStart': 71.1, 'averagePredictedPoints': -1.38}, 'havoc': {'total': 0.214, 'frontSeven': 0.138, 'db': 0.076}, 'standardDowns': {'rate': 0.6310344827586207, 'ppa': -0.19093605016549808, 'successRate': 0.36065573770491804, 'explosiveness': 0.9229790872614133}, 'passingDowns': {'rate': 0.3689655172413793, 'ppa': 0.014688410922490422, 'totalPPA': -3.9869617126380517, 'successRate': 0.2523364485981308, 'explosiveness': 1.668702388547789}, 'rushingPlays': {'rate': 0.43103448275862066, 'ppa': -0.25658258056373406, 'totalPPA': -32.072822570466755, 'successRate': 0.28, 'explosiveness': 0.9699172677613014}, 'passingPlays': {'rate': 0.5413793103448276, 'ppa': -0.025394660590051285, 'totalPPA': -3.9869617126380517, 'successRate': 0.34394904458598724, 'explosiveness': 1.2839599908594146}}"
2026,Boise State,Pac-12,"{'plays': 290, 'drives': 45, 'ppa': 0.29514320311366316, 'totalPPA': 85.59152890296232, 'successRate': 0.5, 'explosiveness': 1.1533594709235888, 'powerSuccess': 0.7619047619047619, 'stuffRate': 0.1488095238095238, 'lineYards': 3.504166666666667, 'lineYardsTotal': 589, 'secondLevelYards': 1.0773809523809523, 'secondLevelYardsTotal': 181, 'openFieldYards': 1.4702380952380951, 'openFieldYardsTotal': 247, 'totalOpportunies': 28, 'pointsPerOpportunity': 4.285714285714286, 'fieldPosition': {'averageStart': 75, 'averagePredictedPoints': 1.106}, 'havoc': {'total': 0.09, 'frontSeven': 0.059, 'db': 0.031}, 'standardDowns': {'rate': 0.7241379310344828, 'ppa': 0.2045422568182342, 'successRate': 0.5380952380952381, 'explosiveness': 0.995197500320355}, 'passingDowns': {'rate': 0.27586206896551724, 'ppa': 0.5329706871391642, 'successRate': 0.4, 'explosiveness': 1.711868929616258}, 'rushingPlays': {'rate': 0.5793103448275863, 'ppa': 0.24818780462142212, 'totalPPA': 41.695551176398915, 'successRate': 0.5178571428571429, 'explosiveness': 0.9413094231565777}, 'passingPlays': {'rate': 0.39655172413793105, 'ppa': 0.33501311677227247, 'totalPPA': 38.52650842881134, 'successRate': 0.4608695652173913, 'explosiveness': 1.4903506107341888}}","{'plays': 219, 'drives': 46, 'ppa': 0.019355040616333623, 'totalPPA': 4.238753894977063, 'successRate': 0.3561643835616438, 'explosiveness': 1.662621788848783, 'powerSuccess': 0.8, 'stuffRate': 0.2840909090909091, 'lineYards': 2.4693181818181817, 'lineYardsTotal': 217, 'secondLevelYards': 0.875, 'secondLevelYardsTotal': 77, 'openFieldYards': 1.8181818181818181, 'openFieldYardsTotal': 0, 'totalOpportunies': 24, 'pointsPerOpportunity': 2.6666666666666665, 'fieldPosition': {'averageStart': 69.5, 'averagePredictedPoints': -1.399}, 'havoc': {'total': 0.192, 'frontSeven': 0.114, 'db': 0.078}, 'standardDowns': {'rate': 0.6164383561643836, 'ppa': -0.044479997547041614, 'successRate': 0.4148148148148148, 'explosiveness': 1.2407661992168695}, 'passingDowns': {'rate': 0.3835616438356164, 'ppa': 0.12194706623604382, 'totalPPA': 14.406691780397589, 'successRate': 0.2619047619047619, 'explosiveness': 2.7364360170027444}, 'rushingPlays': {'rate': 0.4018264840182648, 'ppa': 0.016618214674599213, 'totalPPA': 1.4624028913647307, 'successRate': 0.32954545454545453, 'explosiveness': 1.0832611329241084}, 'passingPlays': {'rate': 0.5753424657534246, 'ppa': 0.11433882365394912, 'totalPPA': 14.406691780397589, 'successRate': 0.38095238095238093, 'explosiveness': 2.023857816590919}}"
2026,Boston College,ACC,"{'plays': 262, 'drives': 48, 'ppa': -0.03178524639967173, 'totalPPA': -8.327734556713994, 'successRate': 0.3893129770992366, 'explosiveness': 1.163530181972362, 'powerSuccess': 0.6875, 'stuffRate': 0.2517985611510791, 'lineYards': 2.8467625899280575, 'lineYardsTotal': 396, 'secondLevelYards': 1.3381294964028776, 'secondLevelYardsTotal': 186, 'openFieldYards': 1.2661870503597121, 'openFieldYardsTotal': 176, 'totalOpportunies': 22, 'pointsPerOpportunity': 3.090909090909091, 'fieldPosition': {'averageStart': 71.2, 'averagePredictedPoints': 1.296}, 'havoc': {'total': 0.179, 'frontSeven': 0.111, 'db': 0.069}, 'standardDowns': {'rate': 0.6717557251908397, 'ppa': 0.013932696970039975, 'successRate': 0.4602272727272727, 'explosiveness': 1.0328142826876512}, 'passingDowns': {'rate': 0.3282442748091603, 'ppa': -0.1253475491097794, 'successRate': 0.2441860465116279, 'explosiveness': 1.6677200792133897}, 'rushingPlays': {'rate': 0.5305343511450382, 'ppa': -0.005932268261180609, 'totalPPA': -0.8245852883041047, 'successRate': 0.43884892086330934, 'explosiveness': 0.9350361665857019}, 'passingPlays': {'rate': 0.42748091603053434, 'ppa': 0.06333440136172355, 'totalPPA': 7.093452952513037, 'successRate': 0.35714285714285715, 'explosiveness': 1.5325669560685369}}","{'plays': 276, 'drives': 46, 'ppa': 0.0018121895071706127, 'totalPPA': 0.5001643039790891, 'successRate': 0.39492753623188404, 'explosiveness': 1.2373410366856836, 'powerSuccess': 0.65, 'stuffRate': 0.19480519480519481, 'lineYards': 3.015584415584416, 'lineYardsTotal': 464, 'secondLevelYards': 1.0844155844155845, 'secondLevelYardsTotal': 167, 'openFieldYards': 1.1883116883116882, 'openFieldYardsTotal': 0, 'totalOpportunies': 23, 'pointsPerOpportunity': 3.391304347826087, 'fieldPosition': {'averageStart': 69.7, 'averagePredictedPoints': -1.392}, 'havoc': {'total': 0.174, 'frontSeven': 0.12, 'db': 0.054}, 'standardDowns': {'rate': 0.6920289855072463, 'ppa': -0.11247765136607321, 'successRate': 0.39790575916230364, 'explosiveness': 0.961872360692582}, 'passingDowns': {'rate': 0.3079710144927536, 'ppa': 0.25862818488116557, 'totalPPA': 18.00711213474215, 'successRate': 0.38823529411764707, 'explosiveness': 1.8717537450334325}, 'rushingPlays': {'rate': 0.5579710144927537, 'ppa': 0.007395566464195553, 'totalPPA': 1.1389172354861152, 'successRate': 0.38961038961038963, 'explosiveness': 1.029679792694125}, 'passingPlays': {'rate': 0.42028985507246375, 'ppa': 0.1552337252995013, 'totalPPA': 18.00711213474215, 'successRate': 0.4224137931034483, 'explosiveness': 1.4916201109610614}}"
2026,Bowling Green,Mid-American,"{'plays': 232, 'drives': 45, 'ppa': -0.11541447210785052, 'totalPPA': -26.776157529021322, 'successRate': 0.33620689655172414, 'explosiveness': 0.9581163924687428, 'powerSuccess': 0.7272727272727273, 'stuffRate': 0.24603174603174602, 'lineYards': 2.430952380952381, 'lineYardsTotal': 306, 'secondLevelYards': 0.6190476190476191, 'secondLevelYardsTotal': 78, 'openFieldYards': 0.38095238095238093, 'openFieldYardsTotal': 48, 'totalOpportunies': 16, 'pointsPerOpportunity': 1.1875, 'fieldPosition': {'averageStart': 71.3, 'averagePredictedPoints': 1.299}, 'havoc': {'total': 0.194, 'frontSeven': 0.138, 'db': 0.056}, 'standardDowns': {'rate': 0.6594827586206896, 'ppa': -0.13403090170758453, 'successRate': 0.43137254901960786, 'explosiveness': 0.7254469200057241}, 'passingDowns': {'rate': 0.34051724137931033, 'ppa': -0.07935986794634033, 'successRate': 0.1518987341772152, 'explosiveness': 2.2377984910153454}, 'rushingPlays': {'rate': 0.5431034482758621, 'ppa': -0.26142876417503536, 'totalPPA': -32.94002428605445, 'successRate': 0.30158730158730157, 'explosiveness': 0.5771296396561945}, 'passingPlays': {'rate': 0.4267241379310345, 'ppa': 0.059140691788881365, 'totalPPA': 5.854928487099255, 'successRate': 0.36363636363636365, 'explosiveness': 1.4467643047760925}}","{'plays': 242, 'drives': 42, 'ppa': 0.22733087433479024, 'totalPPA': 55.01407158901924, 'successRate': 0.49173553719008267, 'explosiveness': 1.294370808726625, 'powerSuccess': 0.7391304347826086, 'stuffRate': 0.16891891891891891, 'lineYards': 3.4364864864864866, 'lineYardsTotal': 509, 'secondLevelYards': 1.4594594594594594, 'secondLevelYardsTotal': 216, 'openFieldYards': 2.9864864864864864, 'openFieldYardsTotal': 0, 'totalOpportunies': 26, 'pointsPerOpportunity': 4.230769230769231, 'fieldPosition': {'averageStart': 70.1, 'averagePredictedPoints': -1.474}, 'havoc': {'total': 0.12, 'frontSeven': 0.091, 'db': 0.029}, 'standardDowns': {'rate': 0.743801652892562, 'ppa': 0.2239429717387193, 'successRate': 0.5555555555555556, 'explosiveness': 1.1406786319808304}, 'passingDowns': {'rate': 0.256198347107438, 'ppa': 0.23716672058144783, 'totalPPA': 24.411340181296886, 'successRate': 0.3064516129032258, 'explosiveness': 2.103277002125544}, 'rushingPlays': {'rate': 0.6115702479338843, 'ppa': 0.25097545384589165, 'totalPPA': 37.14436716919196, 'successRate': 0.5202702702702703, 'explosiveness': 1.2158875056057439}, 'passingPlays': {'rate': 0.36363636363636365, 'ppa': 0.2774015929692828, 'totalPPA': 24.411340181296886, 'successRate': 0.4772727272727273, 'explosiveness': 1.438256864448241}}"
2026,Buffalo,Mid-American,"{'plays': 306, 'drives': 56, 'ppa': 0.0003070626769482482, 'totalPPA': 0.09396117914616396, 'successRate': 0.3333333333333333, 'explosiveness': 1.2190083433359717, 'powerSuccess': 0.8, 'stuffRate': 0.19230769230769232, 'lineYards': 2.703846153846154, 'lineYardsTotal': 422, 'secondLevelYards': 0.6987179487179487, 'secondLevelYardsTotal': 109, 'openFieldYards': 0.9038461538461539, 'openFieldYardsTotal': 141, 'totalOpportunies': 20, 'pointsPerOpportunity': 4.25, 'fieldPosition': {'averageStart': 72.6, 'averagePredictedPoints': 1.238}, 'havoc': {'total': 0.163, 'frontSeven': 0.101, 'db': 0.062}, 'standardDowns': {'rate': 0.673202614379085, 'ppa': -0.026421946742960428, 'successRate': 0.3786407766990291, 'explosiveness': 0.9783668242725855}, 'passingDowns': {'rate': 0.32679738562091504, 'ppa': 0.05536882208196012, 'successRate': 0.24, 'explosiveness': 2.001093280291977}, 'rushingPlays': {'rate': 0.5098039215686274, 'ppa': -0.02696086736563158, 'totalPPA': -4.205895309038526, 'successRate': 0.33974358974358976, 'explosiveness': 0.9182837061089846}, 'passingPlays': {'rate': 0.46405228758169936, 'ppa': 0.04653023922295675, 'totalPPA': 6.6072939696598585, 'successRate': 0.323943661971831, 'explosiveness': 1.502327567738643}}","{'plays': 276, 'drives': 55, 'ppa': 0.11616236279887764, 'totalPPA': 32.06081213249023, 'successRate': 0.36594202898550726, 'explosiveness': 1.4454634719206607, 'powerSuccess': 0.625, 'stuffRate': 0.19230769230769232, 'lineYards': 3.039230769230769, 'lineYardsTotal': 395, 'secondLevelYards': 1.123076923076923, 'secondLevelYardsTotal': 146, 'openFieldYards': 1.5846153846153845, 'openFieldYardsTotal': 0, 'totalOpportunies': 28, 'pointsPerOpportunity': 3.5357142857142856, 'fieldPosition': {'averageStart': 68.2, 'averagePredictedPoints': -1.52}, 'havoc': {'total': 0.152, 'frontSeven': 0.076, 'db': 0.076}, 'standardDowns': {'rate': 0.6340579710144928, 'ppa': 0.10650204042843697, 'successRate': 0.42857142857142855, 'explosiveness': 1.2789064120181766}, 'passingDowns': {'rate': 0.36594202898550726, 'ppa': 0.1329005451238986, 'totalPPA': 34.94626243771295, 'successRate': 0.25742574257425743, 'explosiveness': 1.9259165293316731}, 'rushingPlays': {'rate': 0.47101449275362317, 'ppa': 0.016854147568302103, 'totalPPA': 2.191039183879273, 'successRate': 0.38461538461538464, 'explosiveness': 0.9255394609935776}, 'passingPlays': {'rate': 0.5036231884057971, 'ppa': 0.25141195998354643, 'totalPPA': 34.94626243771295, 'successRate': 0.3669064748201439, 'explosiveness': 1.9551928943981933}}"
2026,BYU,Big 12,"{'plays': 187, 'drives': 34, 'ppa': 0.44803842507070435, 'totalPPA': 83.78318548822172, 'successRate': 0.5989304812834224, 'explosiveness': 1.1573847531361499, 'powerSuccess': 0.9411764705882353, 'stuffRate': 0.12173913043478261, 'lineYards': 3.9521739130434783, 'lineYardsTotal': 455, 'secondLevelYards': 1.6782608695652175, 'secondLevelYardsTotal': 193, 'openFieldYards': 1.8869565217391304, 'openFieldYardsTotal': 217, 'totalOpportunies': 23, 'pointsPerOpportunity': 5.434782608695652, 'fieldPosition': {'averageStart': 68.4, 'averagePredictedPoints': 1.562}, 'havoc': {'total': 0.059, 'frontSeven': 0.016, 'db': 0.043}, 'standardDowns': {'rate': 0.7967914438502673, 'ppa': 0.43692210776233154, 'successRate': 0.6644295302013423, 'explosiveness': 0.9909283521806946}, 'passingDowns': {'rate': 0.20320855614973263, 'ppa': 0.4916260903061661, 'successRate': 0.34210526315789475, 'explosiveness': 2.4250142681046167}, 'rushingPlays': {'rate': 0.6149732620320856, 'ppa': 0.4785367682318138, 'totalPPA': 55.03172834665859, 'successRate': 0.6173913043478261, 'explosiveness': 1.0531419071440207}, 'passingPlays': {'rate': 0.3582887700534759, 'ppa': 0.37967836376174047, 'totalPPA': 25.438450372036613, 'successRate': 0.5671641791044776, 'explosiveness': 1.3173773360789718}}","{'plays': 187, 'drives': 33, 'ppa': -0.06061636019263051, 'totalPPA': -11.335259356021906, 'successRate': 0.3689839572192513, 'explosiveness': 1.1821843427834813, 'powerSuccess': 0.7692307692307693, 'stuffRate': 0.2236842105263158, 'lineYards': 2.4105263157894736, 'lineYardsTotal': 183, 'secondLevelYards': 0.631578947368421, 'secondLevelYardsTotal': 48, 'openFieldYards': 0.4605263157894737, 'openFieldYardsTotal': 0, 'totalOpportunies': 12, 'pointsPerOpportunity': 3.75, 'fieldPosition': {'averageStart': 72.8, 'averagePredictedPoints': -1.131}, 'havoc': {'total': 0.171, 'frontSeven': 0.091, 'db': 0.08}, 'standardDowns': {'rate': 0.6631016042780749, 'ppa': -0.15619861658086082, 'successRate': 0.3870967741935484, 'explosiveness': 0.8279853593525484}, 'passingDowns': {'rate': 0.33689839572192515, 'ppa': 0.127513795238172, 'totalPPA': 2.4797271879796563, 'successRate': 0.3333333333333333, 'explosiveness': 1.991782019197042}, 'rushingPlays': {'rate': 0.40641711229946526, 'ppa': -0.0689143316797904, 'totalPPA': -5.237489207664071, 'successRate': 0.35526315789473684, 'explosiveness': 0.8944414233381215}, 'passingPlays': {'rate': 0.5614973262032086, 'ppa': 0.023616449409330057, 'totalPPA': 2.4797271879796563, 'successRate': 0.3904761904761905, 'explosiveness': 1.3826673380916679}}"
2026,California,ACC,"{'plays': 278, 'drives': 47, 'ppa': 0.006865854582878863, 'totalPPA': 1.9087075740403239, 'successRate': 0.4028776978417266, 'explosiveness': 1.1933662731082961, 'powerSuccess': 0.6666666666666666, 'stuffRate': 0.20512820512820512, 'lineYards': 2.818803418803419, 'lineYardsTotal': 330, 'secondLevelYards': 0.9145299145299145, 'secondLevelYardsTotal': 107, 'openFieldYards': 0.36752136752136755, 'openFieldYardsTotal': 43, 'totalOpportunies': 25, 'pointsPerOpportunity': 2.72, 'fieldPosition': {'averageStart': 73.7, 'averagePredictedPoints': 1.098}, 'havoc': {'total': 0.169, 'frontSeven': 0.094, 'db': 0.076}, 'standardDowns': {'rate': 0.6654676258992805, 'ppa': 0.0024381316943974246, 'successRate': 0.4594594594594595, 'explosiveness': 1.0196966820306852}, 'passingDowns': {'rate': 0.3345323741007194, 'ppa': 0.01567369043630968, 'successRate': 0.2903225806451613, 'explosiveness': 1.740103874648924}, 'rushingPlays': {'rate': 0.420863309352518, 'ppa': -0.055637346353704834, 'totalPPA': -6.509569523383465, 'successRate': 0.37606837606837606, 'explosiveness': 0.7629938382843042}, 'passingPlays': {'rate': 0.5539568345323741, 'ppa': 0.13116391486018966, 'totalPPA': 20.199242888469207, 'successRate': 0.42857142857142855, 'explosiveness': 1.474349466736552}}","{'plays': 268, 'drives': 49, 'ppa': 0.014419924985766292, 'totalPPA': 3.864539896185366, 'successRate': 0.3694029850746269, 'explosiveness': 1.3408408208913778, 'powerSuccess': 0.8888888888888888, 'stuffRate': 0.1450381679389313, 'lineYards': 3.1595419847328245, 'lineYardsTotal': 414, 'secondLevelYards': 1.083969465648855, 'secondLevelYardsTotal': 142, 'openFieldYards': 2.1603053435114505, 'openFieldYardsTotal': 0, 'totalOpportunies': 26, 'pointsPerOpportunity': 2.6153846153846154, 'fieldPosition': {'averageStart': 68, 'averagePredictedPoints': -1.581}, 'havoc': {'total': 0.131, 'frontSeven': 0.063, 'db': 0.067}, 'standardDowns': {'rate': 0.6492537313432836, 'ppa': 0.03820677081921162, 'successRate': 0.43103448275862066, 'explosiveness': 1.106828651091516}, 'passingDowns': {'rate': 0.35074626865671643, 'ppa': -0.029611044961249538, 'totalPPA': -11.735746431418091, 'successRate': 0.2553191489361702, 'explosiveness': 2.072128851515946}, 'rushingPlays': {'rate': 0.48880597014925375, 'ppa': 0.21678648050521024, 'totalPPA': 28.39902894618254, 'successRate': 0.4198473282442748, 'explosiveness': 1.12162743775118}, 'passingPlays': {'rate': 0.47761194029850745, 'ppa': -0.09168551899545384, 'totalPPA': -11.735746431418091, 'successRate': 0.3203125, 'explosiveness': 1.6440347403832756}}"
2026,Central Michigan,Mid-American,"{'plays': 228, 'drives': 41, 'ppa': 0.00015707363778741924, 'totalPPA': 0.035812789415531586, 'successRate': 0.3508771929824561, 'explosiveness': 1.195933983562599, 'powerSuccess': 0.8260869565217391, 'stuffRate': 0.1292517006802721, 'lineYards': 3.180952380952381, 'lineYardsTotal': 468, 'secondLevelYards': 1.0272108843537415, 'secondLevelYardsTotal': 151, 'openFieldYards': 0.9387755102040817, 'openFieldYardsTotal': 138, 'totalOpportunies': 16, 'pointsPerOpportunity': 3, 'fieldPosition': {'averageStart': 71.4, 'averagePredictedPoints': 1.253}, 'havoc': {'total': 0.162, 'frontSeven': 0.096, 'db': 0.066}, 'standardDowns': {'rate': 0.6885964912280702, 'ppa': -0.03919765067127748, 'successRate': 0.39490445859872614, 'explosiveness': 1.0940820570786678}, 'passingDowns': {'rate': 0.31140350877192985, 'ppa': 0.08718090063107177, 'successRate': 0.2535211267605634, 'explosiveness': 1.5467572858961405}, 'rushingPlays': {'rate': 0.6447368421052632, 'ppa': 0.13493426292549446, 'totalPPA': 19.835336650047683, 'successRate': 0.4013605442176871, 'explosiveness': 1.1068348140602502}, 'passingPlays': {'rate': 0.3333333333333333, 'ppa': -0.1803872192063592, 'totalPPA': -13.709428659683297, 'successRate': 0.2631578947368421, 'explosiveness': 1.4225020944504652}}","{'plays': 264, 'drives': 40, 'ppa': 0.16594769207642177, 'totalPPA': 43.81019070817535, 'successRate': 0.4734848484848485, 'explosiveness': 1.1175277807603152, 'powerSuccess': 0.9333333333333333, 'stuffRate': 0.13533834586466165, 'lineYards': 3.5338345864661656, 'lineYardsTotal': 470, 'secondLevelYards': 1.2932330827067668, 'secondLevelYardsTotal': 172, 'openFieldYards': 0.7969924812030075, 'openFieldYardsTotal': 0, 'totalOpportunies': 28, 'pointsPerOpportunity': 3.392857142857143, 'fieldPosition': {'averageStart': 68.3, 'averagePredictedPoints': -1.598}, 'havoc': {'total': 0.144, 'frontSeven': 0.068, 'db': 0.076}, 'standardDowns': {'rate': 0.6893939393939394, 'ppa': 0.1107898330094533, 'successRate': 0.521978021978022, 'explosiveness': 0.9397172586187982}, 'passingDowns': {'rate': 0.3106060606060606, 'ppa': 0.2883712329323762, 'totalPPA': 18.647706819964412, 'successRate': 0.36585365853658536, 'explosiveness': 1.6805944342084527}, 'rushingPlays': {'rate': 0.5037878787878788, 'ppa': 0.11777613195948078, 'totalPPA': 15.664225550610944, 'successRate': 0.49624060150375937, 'explosiveness': 0.8623108479165771}, 'passingPlays': {'rate': 0.4621212121212121, 'ppa': 0.15285005590134765, 'totalPPA': 18.647706819964412, 'successRate': 0.4344262295081967, 'explosiveness': 1.3294590033996014}}"
2026,Charlotte,American Athletic,"{'plays': 243, 'drives': 46, 'ppa': -0.09530680226087108, 'totalPPA': -23.159552949391674, 'successRate': 0.36213991769547327, 'explosiveness': 1.0598862867138024, 'powerSuccess': 0.5714285714285714, 'stuffRate': 0.27884615384615385, 'lineYards': 2.3836538461538463, 'lineYardsTotal': 248, 'secondLevelYards': 0.9038461538461539, 'secondLevelYardsTotal': 94, 'openFieldYards': 1.2211538461538463, 'openFieldYardsTotal': 127, 'totalOpportunies': 16, 'pointsPerOpportunity': 2.3125, 'fieldPosition': {'averageStart': 73.9, 'averagePredictedPoints': 1.096}, 'havoc': {'total': 0.173, 'frontSeven': 0.103, 'db': 0.07}, 'standardDowns': {'rate': 0.6584362139917695, 'ppa': -0.024913082001640607, 'successRate': 0.44375, 'explosiveness': 0.9139322353207238}, 'passingDowns': {'rate': 0.34156378600823045, 'ppa': -0.23100554010999008, 'successRate': 0.20481927710843373, 'explosiveness': 1.6694590895907773}, 'rushingPlays': {'rate': 0.4279835390946502, 'ppa': -0.15527373091263025, 'totalPPA': -16.148468014913547, 'successRate': 0.36538461538461536, 'explosiveness': 0.7602465989696335}, 'passingPlays': {'rate': 0.5473251028806584, 'ppa': 0.023678439878031837, 'totalPPA': 3.1492325037782343, 'successRate': 0.37593984962406013, 'explosiveness': 1.2876124493993706}}","{'plays': 284, 'drives': 48, 'ppa': 0.1652303849654907, 'totalPPA': 46.92542933019936, 'successRate': 0.47183098591549294, 'explosiveness': 1.1807941472630041, 'powerSuccess': 0.8, 'stuffRate': 0.24666666666666667, 'lineYards': 2.7933333333333334, 'lineYardsTotal': 419, 'secondLevelYards': 1.0066666666666666, 'secondLevelYardsTotal': 151, 'openFieldYards': 1.2533333333333334, 'openFieldYardsTotal': 0, 'totalOpportunies': 27, 'pointsPerOpportunity': 4.037037037037037, 'fieldPosition': {'averageStart': 66.3, 'averagePredictedPoints': -1.66}, 'havoc': {'total': 0.137, 'frontSeven': 0.106, 'db': 0.032}, 'standardDowns': {'rate': 0.6866197183098591, 'ppa': 0.03740257830523139, 'successRate': 0.48205128205128206, 'explosiveness': 0.8493833700325764}, 'passingDowns': {'rate': 0.31338028169014087, 'ppa': 0.4453025456256094, 'totalPPA': 42.15455856819364, 'successRate': 0.449438202247191, 'explosiveness': 1.9596094737545093}, 'rushingPlays': {'rate': 0.528169014084507, 'ppa': 0.09678125429098473, 'totalPPA': 14.51718814364771, 'successRate': 0.43333333333333335, 'explosiveness': 1.1019899018456822}, 'passingPlays': {'rate': 0.43309859154929575, 'ppa': 0.3427199883592979, 'totalPPA': 42.15455856819364, 'successRate': 0.5203252032520326, 'explosiveness': 1.2941019506757594}}"
2026,Cincinnati,Big 12,"{'plays': 270, 'drives': 47, 'ppa': 0.3625587101785252, 'totalPPA': 97.8908517482018, 'successRate': 0.4962962962962963, 'explosiveness': 1.3054500850438453, 'powerSuccess': 0.8333333333333334, 'stuffRate': 0.1320754716981132, 'lineYards': 3.677358490566038, 'lineYardsTotal': 585, 'secondLevelYards': 1.6037735849056605, 'secondLevelYardsTotal': 255, 'openFieldYards': 2.207547169811321, 'openFieldYardsTotal': 351, 'totalOpportunies': 30, 'pointsPerOpportunity': 5.2, 'fieldPosition': {'averageStart': 69.2, 'averagePredictedPoints': 1.485}, 'havoc': {'total': 0.107, 'frontSeven': 0.096, 'db': 0.011}, 'standardDowns': {'rate': 0.7148148148148148, 'ppa': 0.3923277402080258, 'successRate': 0.5595854922279793, 'explosiveness': 1.162487624682984}, 'passingDowns': {'rate': 0.2851851851851852, 'ppa': 0.28794282971497165, 'successRate': 0.33766233766233766, 'explosiveness': 1.899294151158193}, 'rushingPlays': {'rate': 0.5888888888888889, 'ppa': 0.360803866857708, 'totalPPA': 57.36781483037557, 'successRate': 0.4968553459119497, 'explosiveness': 1.223516833172629}, 'passingPlays': {'rate': 0.3925925925925926, 'ppa': 0.38534411180174993, 'totalPPA': 40.84647585098549, 'successRate': 0.5094339622641509, 'explosiveness': 1.432117562041926}}","{'plays': 270, 'drives': 45, 'ppa': 0.10188632653613514, 'totalPPA': 27.509308164756487, 'successRate': 0.4148148148148148, 'explosiveness': 1.2050266527429307, 'powerSuccess': 0.6666666666666666, 'stuffRate': 0.17857142857142858, 'lineYards': 3.2169642857142855, 'lineYardsTotal': 360, 'secondLevelYards': 1.2142857142857142, 'secondLevelYardsTotal': 136, 'openFieldYards': 1.2142857142857142, 'openFieldYardsTotal': 0, 'totalOpportunies': 19, 'pointsPerOpportunity': 3.9473684210526314, 'fieldPosition': {'averageStart': 75.5, 'averagePredictedPoints': -0.99}, 'havoc': {'total': 0.163, 'frontSeven': 0.107, 'db': 0.056}, 'standardDowns': {'rate': 0.674074074074074, 'ppa': 0.03943049162105318, 'successRate': 0.46153846153846156, 'explosiveness': 1.0294563909275567}, 'passingDowns': {'rate': 0.32592592592592595, 'ppa': 0.2310563487468728, 'totalPPA': 32.58128042971667, 'successRate': 0.3181818181818182, 'explosiveness': 1.7317374381890527}, 'rushingPlays': {'rate': 0.4148148148148148, 'ppa': 0.11260552797191185, 'totalPPA': 12.611819132854128, 'successRate': 0.48214285714285715, 'explosiveness': 0.8275714990832954}, 'passingPlays': {'rate': 0.5481481481481482, 'ppa': 0.2201437866872748, 'totalPPA': 32.58128042971667, 'successRate': 0.3783783783783784, 'explosiveness': 1.5646654651603262}}"
2026,Clemson,ACC,"{'plays': 260, 'drives': 51, 'ppa': -0.026926597938338855, 'totalPPA': -7.000915463968102, 'successRate': 0.3423076923076923, 'explosiveness': 1.1750750803164596, 'powerSuccess': 0.8, 'stuffRate': 0.21052631578947367, 'lineYards': 2.7639097744360903, 'lineYardsTotal': 368, 'secondLevelYards': 1.0601503759398496, 'secondLevelYardsTotal': 141, 'openFieldYards': 1.5639097744360901, 'openFieldYardsTotal': 208, 'totalOpportunies': 21, 'pointsPerOpportunity': 3.0952380952380953, 'fieldPosition': {'averageStart': 70.4, 'averagePredictedPoints': 1.366}, 'havoc': {'total': 0.188, 'frontSeven': 0.146, 'db': 0.042}, 'standardDowns': {'rate': 0.6461538461538462, 'ppa': -0.08923650574531886, 'successRate': 0.40476190476190477, 'explosiveness': 0.8331998207514345}, 'passingDowns': {'rate': 0.35384615384615387, 'ppa': 0.0868567119700594, 'successRate': 0.22826086956521738, 'explosiveness': 2.2820997303365402}, 'rushingPlays': {'rate': 0.5115384615384615, 'ppa': 0.093255337562347, 'totalPPA': 12.40295989579215, 'successRate': 0.3684210526315789, 'explosiveness': 1.0195582680015567}, 'passingPlays': {'rate': 0.4461538461538462, 'ppa': 0.0011583914591373728, 'totalPPA': 0.13437340925993524, 'successRate': 0.3275862068965517, 'explosiveness': 1.4001580247074517}}","{'plays': 288, 'drives': 47, 'ppa': 0.017484317483307487, 'totalPPA': 5.035483435192556, 'successRate': 0.4097222222222222, 'explosiveness': 1.1883693200608125, 'powerSuccess': 0.7272727272727273, 'stuffRate': 0.12878787878787878, 'lineYards': 3.459090909090909, 'lineYardsTotal': 457, 'secondLevelYards': 1.4015151515151516, 'secondLevelYardsTotal': 185, 'openFieldYards': 0.696969696969697, 'openFieldYardsTotal': 0, 'totalOpportunies': 26, 'pointsPerOpportunity': 2.3461538461538463, 'fieldPosition': {'averageStart': 74.5, 'averagePredictedPoints': -1.083}, 'havoc': {'total': 0.16, 'frontSeven': 0.073, 'db': 0.087}, 'standardDowns': {'rate': 0.6701388888888888, 'ppa': -0.1103235706710291, 'successRate': 0.43005181347150256, 'explosiveness': 0.9200602593613058}, 'passingDowns': {'rate': 0.3298611111111111, 'ppa': 0.2771361323652755, 'totalPPA': -8.287041047209255, 'successRate': 0.3684210526315789, 'explosiveness': 1.8246450925767854}, 'rushingPlays': {'rate': 0.4583333333333333, 'ppa': 0.2028721880583754, 'totalPPA': 26.779128823705552, 'successRate': 0.49242424242424243, 'explosiveness': 0.8869517522676675}, 'passingPlays': {'rate': 0.5243055555555556, 'ppa': -0.054881066537809636, 'totalPPA': -8.287041047209255, 'successRate': 0.3443708609271523, 'explosiveness': 1.56344608778961}}"
2026,Coastal Carolina,Sun Belt,"{'plays': 262, 'drives': 48, 'ppa': 0.15748953513346295, 'totalPPA': 41.262258204967296, 'successRate': 0.4122137404580153, 'explosiveness': 1.4290556129612537, 'powerSuccess': 0.6923076923076923, 'stuffRate': 0.1774193548387097, 'lineYards': 3.4137096774193547, 'lineYardsTotal': 423, 'secondLevelYards': 1.435483870967742, 'secondLevelYardsTotal': 178, 'openFieldYards': 0.8951612903225806, 'openFieldYardsTotal': 111, 'totalOpportunies': 24, 'pointsPerOpportunity': 3.5833333333333335, 'fieldPosition': {'averageStart': 71.1, 'averagePredictedPoints': 1.339}, 'havoc': {'total': 0.195, 'frontSeven': 0.126, 'db': 0.069}, 'standardDowns': {'rate': 0.6335877862595419, 'ppa': 0.0647243324682183, 'successRate': 0.4397590361445783, 'explosiveness': 1.184593110254365}, 'passingDowns': {'rate': 0.366412213740458, 'ppa': 0.3178960314087818, 'successRate': 0.3645833333333333, 'explosiveness': 1.9389345471784791}, 'rushingPlays': {'rate': 0.4732824427480916, 'ppa': 0.10178905881192003, 'totalPPA': 12.621843292678085, 'successRate': 0.4435483870967742, 'explosiveness': 0.8781618601488269}, 'passingPlays': {'rate': 0.5076335877862596, 'ppa': 0.24034460965954538, 'totalPPA': 31.965833084719534, 'successRate': 0.38345864661654133, 'explosiveness': 1.9976266090526915}}","{'plays': 264, 'drives': 51, 'ppa': 0.09454295826922464, 'totalPPA': 24.959340983075304, 'successRate': 0.45075757575757575, 'explosiveness': 0.9393216637344015, 'powerSuccess': 0.8095238095238095, 'stuffRate': 0.12345679012345678, 'lineYards': 3.182098765432099, 'lineYardsTotal': 516, 'secondLevelYards': 0.8641975308641975, 'secondLevelYardsTotal': 140, 'openFieldYards': 1.277777777777778, 'openFieldYardsTotal': 0, 'totalOpportunies': 25, 'pointsPerOpportunity': 3.16, 'fieldPosition': {'averageStart': 71, 'averagePredictedPoints': -1.381}, 'havoc': {'total': 0.148, 'frontSeven': 0.098, 'db': 0.049}, 'standardDowns': {'rate': 0.7651515151515151, 'ppa': 0.10079165836288795, 'successRate': 0.504950495049505, 'explosiveness': 0.9027521564940604}, 'passingDowns': {'rate': 0.23484848484848486, 'ppa': 0.07418429022212802, 'totalPPA': 40.11748964931728, 'successRate': 0.27419354838709675, 'explosiveness': 1.158738707176449}, 'rushingPlays': {'rate': 0.6136363636363636, 'ppa': -0.0050674054869910175, 'totalPPA': -0.8209196888925449, 'successRate': 0.4444444444444444, 'explosiveness': 0.5541791860298663}, 'passingPlays': {'rate': 0.3409090909090909, 'ppa': 0.44574988499241425, 'totalPPA': 40.11748964931728, 'successRate': 0.4888888888888889, 'explosiveness': 1.5889937758656725}}"
2026,Colorado,Big 12,"{'plays': 294, 'drives': 51, 'ppa': 0.0591230804472788, 'totalPPA': 17.382185651499967, 'successRate': 0.3979591836734694, 'explosiveness': 1.2023639115726048, 'powerSuccess': 0.6190476190476191, 'stuffRate': 0.14383561643835616, 'lineYards': 3.132876712328767, 'lineYardsTotal': 457, 'secondLevelYards': 1, 'secondLevelYardsTotal': 146, 'openFieldYards': 0.8835616438356164, 'openFieldYardsTotal': 129, 'totalOpportunies': 23, 'pointsPerOpportunity': 2.217391304347826, 'fieldPosition': {'averageStart': 74.1, 'averagePredictedPoints': 1.144}, 'havoc': {'total': 0.184, 'frontSeven': 0.122, 'db': 0.061}, 'standardDowns': {'rate': 0.673469387755102, 'ppa': -0.015374301930370324, 'successRate': 0.4393939393939394, 'explosiveness': 1.0160968706665945}, 'passingDowns': {'rate': 0.32653061224489793, 'ppa': 0.21277393160118013, 'successRate': 0.3125, 'explosiveness': 1.7425383302000346}, 'rushingPlays': {'rate': 0.4965986394557823, 'ppa': -0.01857782401696854, 'totalPPA': -2.712362306477407, 'successRate': 0.4041095890410959, 'explosiveness': 0.8522546583285692}, 'passingPlays': {'rate': 0.47619047619047616, 'ppa': 0.11303135656084895, 'totalPPA': 15.824389918518854, 'successRate': 0.38571428571428573, 'explosiveness': 1.606461773031947}}","{'plays': 283, 'drives': 52, 'ppa': 0.0074155068222096976, 'totalPPA': 2.0985884306853446, 'successRate': 0.38162544169611307, 'explosiveness': 1.2071586134840042, 'powerSuccess': 0.6470588235294118, 'stuffRate': 0.31654676258992803, 'lineYards': 2.3697841726618707, 'lineYardsTotal': 329, 'secondLevelYards': 1.0575539568345325, 'secondLevelYardsTotal': 147, 'openFieldYards': 0.5827338129496403, 'openFieldYardsTotal': 0, 'totalOpportunies': 31, 'pointsPerOpportunity': 2.935483870967742, 'fieldPosition': {'averageStart': 67.4, 'averagePredictedPoints': -1.587}, 'havoc': {'total': 0.201, 'frontSeven': 0.138, 'db': 0.064}, 'standardDowns': {'rate': 0.6466431095406361, 'ppa': -0.08881588134725528, 'successRate': 0.41530054644808745, 'explosiveness': 0.9227725129596326}, 'passingDowns': {'rate': 0.35335689045936397, 'ppa': 0.1835189471723306, 'totalPPA': 30.88818956464186, 'successRate': 0.32, 'explosiveness': 1.882575602229387}, 'rushingPlays': {'rate': 0.4911660777385159, 'ppa': -0.13523776206654867, 'totalPPA': -18.798048927250267, 'successRate': 0.41007194244604317, 'explosiveness': 0.6752923841847046}, 'passingPlays': {'rate': 0.4840989399293286, 'ppa': 0.22546123769811574, 'totalPPA': 30.88818956464186, 'successRate': 0.36496350364963503, 'explosiveness': 1.8295772182286119}}"
2026,Colorado State,Pac-12,"{'plays': 283, 'drives': 49, 'ppa': 0.27012533205137434, 'totalPPA': 76.44546897053893, 'successRate': 0.4381625441696113, 'explosiveness': 1.5117720395729728, 'powerSuccess': 0.8, 'stuffRate': 0.20168067226890757, 'lineYards': 2.615966386554622, 'lineYardsTotal': 311, 'secondLevelYards': 0.9327731092436975, 'secondLevelYardsTotal': 111, 'openFieldYards': 2.630252100840336, 'openFieldYardsTotal': 313, 'totalOpportunies': 24, 'pointsPerOpportunity': 4.875, 'fieldPosition': {'averageStart': 68.6, 'averagePredictedPoints': 1.441}, 'havoc': {'total': 0.155, 'frontSeven': 0.081, 'db': 0.074}, 'standardDowns': {'rate': 0.7031802120141343, 'ppa': 0.20640353140738285, 'successRate': 0.4723618090452261, 'explosiveness': 1.2556977730905399}, 'passingDowns': {'rate': 0.2968197879858657, 'ppa': 0.42108531214844935, 'successRate': 0.35714285714285715, 'explosiveness': 2.3141380745512627}, 'rushingPlays': {'rate': 0.4204946996466431, 'ppa': 0.28736994606382626, 'totalPPA': 34.197023581595325, 'successRate': 0.42857142857142855, 'explosiveness': 1.344328891888069}, 'passingPlays': {'rate': 0.558303886925795, 'ppa': 0.30886820478937055, 'totalPPA': 48.801176356720546, 'successRate': 0.44936708860759494, 'explosiveness': 1.6627731515090842}}","{'plays': 253, 'drives': 50, 'ppa': 0.16279445462347175, 'totalPPA': 41.18699701973835, 'successRate': 0.4624505928853755, 'explosiveness': 1.1979105495251043, 'powerSuccess': 0.8888888888888888, 'stuffRate': 0.15789473684210525, 'lineYards': 3.395394736842105, 'lineYardsTotal': 516, 'secondLevelYards': 1.381578947368421, 'secondLevelYardsTotal': 210, 'openFieldYards': 2.3421052631578947, 'openFieldYardsTotal': 0, 'totalOpportunies': 27, 'pointsPerOpportunity': 4.037037037037037, 'fieldPosition': {'averageStart': 71.5, 'averagePredictedPoints': -1.316}, 'havoc': {'total': 0.182, 'frontSeven': 0.107, 'db': 0.075}, 'standardDowns': {'rate': 0.7193675889328063, 'ppa': 0.13013092273139332, 'successRate': 0.521978021978022, 'explosiveness': 0.9486782995086239}, 'passingDowns': {'rate': 0.28063241106719367, 'ppa': 0.24652350820598268, 'totalPPA': 25.070308883582854, 'successRate': 0.30985915492957744, 'explosiveness': 2.2741407200508146}, 'rushingPlays': {'rate': 0.6007905138339921, 'ppa': 0.22925127194466816, 'totalPPA': 34.84619333558956, 'successRate': 0.4868421052631579, 'explosiveness': 0.9271480354011399}, 'passingPlays': {'rate': 0.36363636363636365, 'ppa': 0.2725033574302484, 'totalPPA': 25.070308883582854, 'successRate': 0.4673913043478261, 'explosiveness': 1.6638739459244847}}"
2026,Delaware,Conference USA,"{'plays': 262, 'drives': 50, 'ppa': 0.03635837311996848, 'totalPPA': 9.525893757431742, 'successRate': 0.3893129770992366, 'explosiveness': 1.2666365578672474, 'powerSuccess': 0.6470588235294118, 'stuffRate': 0.20869565217391303, 'lineYards': 2.717391304347826, 'lineYardsTotal': 313, 'secondLevelYards': 0.9478260869565217, 'secondLevelYardsTotal': 109, 'openFieldYards': 0.5130434782608696, 'openFieldYardsTotal': 59, 'totalOpportunies': 20, 'pointsPerOpportunity': 3.6, 'fieldPosition': {'averageStart': 71.4, 'averagePredictedPoints': 1.273}, 'havoc': {'total': 0.214, 'frontSeven': 0.111, 'db': 0.103}, 'standardDowns': {'rate': 0.6450381679389313, 'ppa': -0.016013209656014726, 'successRate': 0.47928994082840237, 'explosiveness': 0.9960197808114458}, 'passingDowns': {'rate': 0.3549618320610687, 'ppa': 0.13152823859460464, 'successRate': 0.22580645161290322, 'explosiveness': 2.3104441265110536}, 'rushingPlays': {'rate': 0.4389312977099237, 'ppa': 0.046422512746000344, 'totalPPA': 5.33858896579004, 'successRate': 0.43478260869565216, 'explosiveness': 0.7796276635991567}, 'passingPlays': {'rate': 0.5381679389312977, 'ppa': 0.15730561824074105, 'totalPPA': 22.180092171944487, 'successRate': 0.36879432624113473, 'explosiveness': 1.7349143408173346}}","{'plays': 294, 'drives': 49, 'ppa': 0.07958079761620179, 'totalPPA': 23.39675449916333, 'successRate': 0.3877551020408163, 'explosiveness': 1.312462276507268, 'powerSuccess': 0.8333333333333334, 'stuffRate': 0.14960629921259844, 'lineYards': 2.9031496062992126, 'lineYardsTotal': 369, 'secondLevelYards': 0.9212598425196851, 'secondLevelYardsTotal': 117, 'openFieldYards': 0.41732283464566927, 'openFieldYardsTotal': 0, 'totalOpportunies': 25, 'pointsPerOpportunity': 2.8, 'fieldPosition': {'averageStart': 72.4, 'averagePredictedPoints': -1.222}, 'havoc': {'total': 0.184, 'frontSeven': 0.109, 'db': 0.075}, 'standardDowns': {'rate': 0.6496598639455783, 'ppa': -0.004284730374904069, 'successRate': 0.45549738219895286, 'explosiveness': 1.0141909071499238}, 'passingDowns': {'rate': 0.35034013605442177, 'ppa': 0.2350984271919418, 'totalPPA': 43.06220902855603, 'successRate': 0.2621359223300971, 'explosiveness': 2.273558911103155}, 'rushingPlays': {'rate': 0.43197278911564624, 'ppa': -0.060497057062894155, 'totalPPA': -7.683126246987558, 'successRate': 0.3779527559055118, 'explosiveness': 0.8430447876688933}, 'passingPlays': {'rate': 0.5340136054421769, 'ppa': 0.2742815861691467, 'totalPPA': 43.06220902855603, 'successRate': 0.4140127388535032, 'explosiveness': 1.642379875395655}}"
2026,Duke,ACC,"{'plays': 280, 'drives': 47, 'ppa': 0.294948176306143, 'totalPPA': 82.58548936572004, 'successRate': 0.44642857142857145, 'explosiveness': 1.3269095790530947, 'powerSuccess': 0.75, 'stuffRate': 0.16071428571428573, 'lineYards': 3.322619047619048, 'lineYardsTotal': 558, 'secondLevelYards': 1.4226190476190477, 'secondLevelYardsTotal': 239, 'openFieldYards': 1.5178571428571428, 'openFieldYardsTotal': 255, 'totalOpportunies': 31, 'pointsPerOpportunity': 4.67741935483871, 'fieldPosition': {'averageStart': 67.9, 'averagePredictedPoints': 1.582}, 'havoc': {'total': 0.089, 'frontSeven': 0.043, 'db': 0.046}, 'standardDowns': {'rate': 0.7035714285714286, 'ppa': 0.257592702685106, 'successRate': 0.49238578680203043, 'explosiveness': 1.131221202860679}, 'passingDowns': {'rate': 0.29642857142857143, 'ppa': 0.3836111679127007, 'successRate': 0.3373493975903614, 'explosiveness': 2.0048300251482494}, 'rushingPlays': {'rate': 0.6, 'ppa': 0.234082856608424, 'totalPPA': 39.325919910215234, 'successRate': 0.4226190476190476, 'explosiveness': 1.1438264462959995}, 'passingPlays': {'rate': 0.375, 'ppa': 0.4270106353324205, 'totalPPA': 44.836116709904154, 'successRate': 0.47619047619047616, 'explosiveness': 1.6591081950284305}}","{'plays': 235, 'drives': 46, 'ppa': -0.06413435416773869, 'totalPPA': -15.07157322941859, 'successRate': 0.35319148936170214, 'explosiveness': 1.0706329307840854, 'powerSuccess': 0.7, 'stuffRate': 0.1717171717171717, 'lineYards': 2.6232323232323234, 'lineYardsTotal': 260, 'secondLevelYards': 0.5151515151515151, 'secondLevelYardsTotal': 51, 'openFieldYards': 0.5656565656565656, 'openFieldYardsTotal': 0, 'totalOpportunies': 17, 'pointsPerOpportunity': 2.588235294117647, 'fieldPosition': {'averageStart': 73.7, 'averagePredictedPoints': -1.122}, 'havoc': {'total': 0.183, 'frontSeven': 0.106, 'db': 0.077}, 'standardDowns': {'rate': 0.6510638297872341, 'ppa': -0.014389777629913928, 'successRate': 0.4444444444444444, 'explosiveness': 0.8931045688342301}, 'passingDowns': {'rate': 0.34893617021276596, 'ppa': -0.15695045429319218, 'totalPPA': 3.555289312498919, 'successRate': 0.18292682926829268, 'explosiveness': 1.8754281716234298}, 'rushingPlays': {'rate': 0.42127659574468085, 'ppa': -0.20465460548545716, 'totalPPA': -20.26080594306026, 'successRate': 0.32323232323232326, 'explosiveness': 0.43885243228276183}, 'passingPlays': {'rate': 0.5574468085106383, 'ppa': 0.027139613072510834, 'totalPPA': 3.555289312498919, 'successRate': 0.37404580152671757, 'explosiveness': 1.4546375394714433}}"
2026,East Carolina,American Athletic,"{'plays': 242, 'drives': 51, 'ppa': 0.05628616909617197, 'totalPPA': 13.621252921273616, 'successRate': 0.40082644628099173, 'explosiveness': 1.1660351080207183, 'powerSuccess': 0.7272727272727273, 'stuffRate': 0.19658119658119658, 'lineYards': 2.430769230769231, 'lineYardsTotal': 284, 'secondLevelYards': 0.8803418803418803, 'secondLevelYardsTotal': 103, 'openFieldYards': 1.6752136752136753, 'openFieldYardsTotal': 196, 'totalOpportunies': 21, 'pointsPerOpportunity': 3.238095238095238, 'fieldPosition': {'averageStart': 73.4, 'averagePredictedPoints': 1.13}, 'havoc': {'total': 0.182, 'frontSeven': 0.116, 'db': 0.066}, 'standardDowns': {'rate': 0.6900826446280992, 'ppa': 0.1715312508925651, 'successRate': 0.49101796407185627, 'explosiveness': 0.9981883536367044}, 'passingDowns': {'rate': 0.30991735537190085, 'ppa': -0.2003262130371301, 'successRate': 0.2, 'explosiveness': 2.0835973653199944}, 'rushingPlays': {'rate': 0.4834710743801653, 'ppa': -0.06748373324702334, 'totalPPA': -7.895596789901731, 'successRate': 0.36752136752136755, 'explosiveness': 0.8360195189520933}, 'passingPlays': {'rate': 0.48760330578512395, 'ppa': 0.2096340120686927, 'totalPPA': 24.73681342410574, 'successRate': 0.423728813559322, 'explosiveness': 1.4971528376146217}}","{'plays': 288, 'drives': 53, 'ppa': -0.017745757539749944, 'totalPPA': -5.110778171447984, 'successRate': 0.3541666666666667, 'explosiveness': 1.3129262260057688, 'powerSuccess': 0.5833333333333334, 'stuffRate': 0.2909090909090909, 'lineYards': 2.2515151515151515, 'lineYardsTotal': 372, 'secondLevelYards': 1.0121212121212122, 'secondLevelYardsTotal': 167, 'openFieldYards': 0.7515151515151515, 'openFieldYardsTotal': 0, 'totalOpportunies': 26, 'pointsPerOpportunity': 2.8461538461538463, 'fieldPosition': {'averageStart': 71, 'averagePredictedPoints': -1.29}, 'havoc': {'total': 0.194, 'frontSeven': 0.16, 'db': 0.035}, 'standardDowns': {'rate': 0.6076388888888888, 'ppa': -0.1440664669831264, 'successRate': 0.37142857142857144, 'explosiveness': 0.9333254924073843}, 'passingDowns': {'rate': 0.3923611111111111, 'ppa': 0.17788365973981535, 'totalPPA': -0.18574827442891054, 'successRate': 0.3274336283185841, 'explosiveness': 1.9797923796245525}, 'rushingPlays': {'rate': 0.5729166666666666, 'ppa': 0.02446343431280335, 'totalPPA': 4.036466661612552, 'successRate': 0.3696969696969697, 'explosiveness': 1.1834361905408488}, 'passingPlays': {'rate': 0.4027777777777778, 'ppa': -0.0016012782278354357, 'totalPPA': -0.18574827442891054, 'successRate': 0.3448275862068966, 'explosiveness': 1.539866566632436}}"
2026,Eastern Michigan,Mid-American,"{'plays': 326, 'drives': 56, 'ppa': -0.015691948431414124, 'totalPPA': -5.115575188641005, 'successRate': 0.37116564417177916, 'explosiveness': 1.1429077693263077, 'powerSuccess': 0.8, 'stuffRate': 0.1678832116788321, 'lineYards': 2.894890510948905, 'lineYardsTotal': 397, 'secondLevelYards': 1, 'secondLevelYardsTotal': 137, 'openFieldYards': 0.8175182481751825, 'openFieldYardsTotal': 112, 'totalOpportunies': 28, 'pointsPerOpportunity': 3.1785714285714284, 'fieldPosition': {'averageStart': 74.8, 'averagePredictedPoints': 1.037}, 'havoc': {'total': 0.172, 'frontSeven': 0.098, 'db': 0.074}, 'standardDowns': {'rate': 0.6748466257668712, 'ppa': 0.017576530038036588, 'successRate': 0.43636363636363634, 'explosiveness': 1.0534487099017242}, 'passingDowns': {'rate': 0.32515337423312884, 'ppa': -0.08473973393404768, 'successRate': 0.2358490566037736, 'explosiveness': 1.4864305575167085}, 'rushingPlays': {'rate': 0.42024539877300615, 'ppa': 0.03594818712695157, 'totalPPA': 4.924901636392365, 'successRate': 0.39416058394160586, 'explosiveness': 0.9559942791772508}, 'passingPlays': {'rate': 0.5429447852760736, 'ppa': 0.0582129251634192, 'totalPPA': 10.303687753925198, 'successRate': 0.3615819209039548, 'explosiveness': 1.31017482715684}}","{'plays': 332, 'drives': 56, 'ppa': 0.11166864222318468, 'totalPPA': 37.07398921809731, 'successRate': 0.40963855421686746, 'explosiveness': 1.2529692301068933, 'powerSuccess': 0.6956521739130435, 'stuffRate': 0.1870967741935484, 'lineYards': 2.9696774193548388, 'lineYardsTotal': 460, 'secondLevelYards': 1.0451612903225806, 'secondLevelYardsTotal': 162, 'openFieldYards': 0.896774193548387, 'openFieldYardsTotal': 0, 'totalOpportunies': 32, 'pointsPerOpportunity': 3.40625, 'fieldPosition': {'averageStart': 68.8, 'averagePredictedPoints': -1.475}, 'havoc': {'total': 0.179, 'frontSeven': 0.095, 'db': 0.084}, 'standardDowns': {'rate': 0.6596385542168675, 'ppa': 0.0629516343897458, 'successRate': 0.4840182648401826, 'explosiveness': 1.0505102051419564}, 'passingDowns': {'rate': 0.34036144578313254, 'ppa': 0.20608479014816802, 'totalPPA': 34.43137834702621, 'successRate': 0.26548672566371684, 'explosiveness': 1.9683244516496703}, 'rushingPlays': {'rate': 0.46686746987951805, 'ppa': 0.06449851131159368, 'totalPPA': 9.997269253297018, 'successRate': 0.4064516129032258, 'explosiveness': 1.0400649719003279}, 'passingPlays': {'rate': 0.5090361445783133, 'ppa': 0.20373596655045095, 'totalPPA': 34.43137834702621, 'successRate': 0.4260355029585799, 'explosiveness': 1.4551338553106652}}"
2026,Florida,SEC,"{'plays': 285, 'drives': 45, 'ppa': 0.4126226036434, 'totalPPA': 117.59744203836898, 'successRate': 0.5157894736842106, 'explosiveness': 1.3024360786248743, 'powerSuccess': 1, 'stuffRate': 0.1329479768786127, 'lineYards': 3.2323699421965317, 'lineYardsTotal': 559, 'secondLevelYards': 1.069364161849711, 'secondLevelYardsTotal': 185, 'openFieldYards': 2.023121387283237, 'openFieldYardsTotal': 350, 'totalOpportunies': 31, 'pointsPerOpportunity': 5.548387096774193, 'fieldPosition': {'averageStart': 67.4, 'averagePredictedPoints': 1.653}, 'havoc': {'total': 0.091, 'frontSeven': 0.053, 'db': 0.039}, 'standardDowns': {'rate': 0.743859649122807, 'ppa': 0.3953618956443837, 'successRate': 0.5707547169811321, 'explosiveness': 1.1190783319559956}, 'passingDowns': {'rate': 0.256140350877193, 'ppa': 0.46274959125698145, 'successRate': 0.3561643835616438, 'explosiveness': 2.1557548227377334}, 'rushingPlays': {'rate': 0.6070175438596491, 'ppa': 0.34086061565749337, 'totalPPA': 58.96888650874635, 'successRate': 0.4797687861271676, 'explosiveness': 1.1327245865250022}, 'passingPlays': {'rate': 0.3719298245614035, 'ppa': 0.5994736755884572, 'totalPPA': 63.54420961237647, 'successRate': 0.5849056603773585, 'explosiveness': 1.5568917907548572}}","{'plays': 289, 'drives': 49, 'ppa': -0.03592642043915018, 'totalPPA': -10.382735506914402, 'successRate': 0.40484429065743943, 'explosiveness': 1.1456211335713724, 'powerSuccess': 0.7222222222222222, 'stuffRate': 0.10909090909090909, 'lineYards': 3.0463636363636364, 'lineYardsTotal': 335, 'secondLevelYards': 0.9181818181818182, 'secondLevelYardsTotal': 101, 'openFieldYards': 0.4090909090909091, 'openFieldYardsTotal': 0, 'totalOpportunies': 22, 'pointsPerOpportunity': 4.045454545454546, 'fieldPosition': {'averageStart': 73.2, 'averagePredictedPoints': -1.096}, 'havoc': {'total': 0.204, 'frontSeven': 0.114, 'db': 0.09}, 'standardDowns': {'rate': 0.7024221453287197, 'ppa': -0.09060685401847295, 'successRate': 0.4433497536945813, 'explosiveness': 0.9565238511736991}, 'passingDowns': {'rate': 0.2975778546712803, 'ppa': 0.0931448355678559, 'totalPPA': 19.55001403302946, 'successRate': 0.313953488372093, 'explosiveness': 1.775945408230284}, 'rushingPlays': {'rate': 0.3806228373702422, 'ppa': -0.06257188205310989, 'totalPPA': -6.882907025842088, 'successRate': 0.39090909090909093, 'explosiveness': 0.8803854857609625}, 'passingPlays': {'rate': 0.5813148788927336, 'ppa': 0.11636913114898488, 'totalPPA': 19.55001403302946, 'successRate': 0.42857142857142855, 'explosiveness': 1.3051098875067715}}"
2026,Florida Atlantic,American Athletic,"{'plays': 330, 'drives': 46, 'ppa': 0.14234948625024457, 'totalPPA': 46.97533046258071, 'successRate': 0.43636363636363634, 'explosiveness': 1.1506194104987235, 'powerSuccess': 0.7931034482758621, 'stuffRate': 0.16666666666666666, 'lineYards': 2.746, 'lineYardsTotal': 412, 'secondLevelYards': 0.6066666666666667, 'secondLevelYardsTotal': 91, 'openFieldYards': 0.42, 'openFieldYardsTotal': 63, 'totalOpportunies': 26, 'pointsPerOpportunity': 3.9615384615384617, 'fieldPosition': {'averageStart': 69.6, 'averagePredictedPoints': 1.463}, 'havoc': {'total': 0.145, 'frontSeven': 0.085, 'db': 0.061}, 'standardDowns': {'rate': 0.7090909090909091, 'ppa': 0.03140871129554838, 'successRate': 0.4658119658119658, 'explosiveness': 0.8932512343832573}, 'passingDowns': {'rate': 0.2909090909090909, 'ppa': 0.41276762520231647, 'successRate': 0.3645833333333333, 'explosiveness': 1.9521374446868902}, 'rushingPlays': {'rate': 0.45454545454545453, 'ppa': 0.055462398948751226, 'totalPPA': 8.319359842312684, 'successRate': 0.38666666666666666, 'explosiveness': 0.9764538462317469}, 'passingPlays': {'rate': 0.5151515151515151, 'ppa': 0.22972110718966343, 'totalPPA': 39.05258822224278, 'successRate': 0.4823529411764706, 'explosiveness': 1.2872479301430348}}","{'plays': 259, 'drives': 46, 'ppa': 0.20884709245406707, 'totalPPA': 54.09139694560337, 'successRate': 0.40540540540540543, 'explosiveness': 1.542679050290743, 'powerSuccess': 0.8571428571428571, 'stuffRate': 0.19083969465648856, 'lineYards': 2.8053435114503817, 'lineYardsTotal': 368, 'secondLevelYards': 1.0381679389312977, 'secondLevelYardsTotal': 136, 'openFieldYards': 1.870229007633588, 'openFieldYardsTotal': 0, 'totalOpportunies': 22, 'pointsPerOpportunity': 4.2272727272727275, 'fieldPosition': {'averageStart': 73.1, 'averagePredictedPoints': -1.191}, 'havoc': {'total': 0.158, 'frontSeven': 0.089, 'db': 0.069}, 'standardDowns': {'rate': 0.6756756756756757, 'ppa': 0.250695812138209, 'successRate': 0.46285714285714286, 'explosiveness': 1.4595302836898965}, 'passingDowns': {'rate': 0.32432432432432434, 'ppa': 0.12166225977877138, 'totalPPA': 35.736568202515095, 'successRate': 0.2857142857142857, 'explosiveness': 1.8233061375686006}, 'rushingPlays': {'rate': 0.5057915057915058, 'ppa': 0.17141037070884738, 'totalPPA': 22.454758562859006, 'successRate': 0.3893129770992366, 'explosiveness': 1.1724296165587003}, 'passingPlays': {'rate': 0.47876447876447875, 'ppa': 0.2881981306654443, 'totalPPA': 35.736568202515095, 'successRate': 0.4274193548387097, 'explosiveness': 1.874674436367319}}"
2026,Florida International,Conference USA,"{'plays': 294, 'drives': 43, 'ppa': 0.009160633238520852, 'totalPPA': 2.6932261721251303, 'successRate': 0.391156462585034, 'explosiveness': 1.2069907538933642, 'powerSuccess': 0.7894736842105263, 'stuffRate': 0.18045112781954886, 'lineYards': 2.8263157894736843, 'lineYardsTotal': 376, 'secondLevelYards': 0.8646616541353384, 'secondLevelYardsTotal': 115, 'openFieldYards': 0.3082706766917293, 'openFieldYardsTotal': 41, 'totalOpportunies': 24, 'pointsPerOpportunity': 2.5, 'fieldPosition': {'averageStart': 71.3, 'averagePredictedPoints': 1.351}, 'havoc': {'total': 0.153, 'frontSeven': 0.075, 'db': 0.078}, 'standardDowns': {'rate': 0.6394557823129252, 'ppa': -0.03622830691361538, 'successRate': 0.44148936170212766, 'explosiveness': 1.1145410112259129}, 'passingDowns': {'rate': 0.36054421768707484, 'ppa': 0.0896617723762719, 'successRate': 0.3018867924528302, 'explosiveness': 1.4467822739370655}, 'rushingPlays': {'rate': 0.4523809523809524, 'ppa': -0.07868830054229561, 'totalPPA': -10.465543972125316, 'successRate': 0.3458646616541353, 'explosiveness': 0.6001577925161052}, 'passingPlays': {'rate': 0.5204081632653061, 'ppa': 0.12291467973450634, 'totalPPA': 18.80594599937947, 'successRate': 0.4444444444444444, 'explosiveness': 1.5936328460798472}}","{'plays': 249, 'drives': 41, 'ppa': -0.003786046049119338, 'totalPPA': -0.9427254662307151, 'successRate': 0.3373493975903614, 'explosiveness': 1.1588398912972853, 'powerSuccess': 0.6666666666666666, 'stuffRate': 0.2184873949579832, 'lineYards': 2.23109243697479, 'lineYardsTotal': 266, 'secondLevelYards': 0.7563025210084033, 'secondLevelYardsTotal': 90, 'openFieldYards': 0.24369747899159663, 'openFieldYardsTotal': 0, 'totalOpportunies': 21, 'pointsPerOpportunity': 2.761904761904762, 'fieldPosition': {'averageStart': 68.2, 'averagePredictedPoints': -1.543}, 'havoc': {'total': 0.177, 'frontSeven': 0.12, 'db': 0.056}, 'standardDowns': {'rate': 0.6184738955823293, 'ppa': -0.02373386553349123, 'successRate': 0.4025974025974026, 'explosiveness': 0.8225659432486171}, 'passingDowns': {'rate': 0.3815261044176707, 'ppa': 0.028550419220283518, 'totalPPA': 5.925273233717305, 'successRate': 0.23157894736842105, 'explosiveness': 2.106521017616259}, 'rushingPlays': {'rate': 0.4779116465863454, 'ppa': -0.05787938507310011, 'totalPPA': -6.887646823698913, 'successRate': 0.3025210084033613, 'explosiveness': 0.8956158643739676}, 'passingPlays': {'rate': 0.4979919678714859, 'ppa': 0.04778446156223633, 'totalPPA': 5.925273233717305, 'successRate': 0.3629032258064516, 'explosiveness': 1.360902376295488}}"
2026,Florida State,ACC,"{'plays': 249, 'drives': 43, 'ppa': 0.2471089473000573, 'totalPPA': 61.53012787771427, 'successRate': 0.43373493975903615, 'explosiveness': 1.5262338322945705, 'powerSuccess': 0.5625, 'stuffRate': 0.15217391304347827, 'lineYards': 3.1956521739130435, 'lineYardsTotal': 441, 'secondLevelYards': 1.108695652173913, 'secondLevelYardsTotal': 153, 'openFieldYards': 1.4710144927536233, 'openFieldYardsTotal': 203, 'totalOpportunies': 26, 'pointsPerOpportunity': 4.884615384615385, 'fieldPosition': {'averageStart': 71.3, 'averagePredictedPoints': 1.286}, 'havoc': {'total': 0.145, 'frontSeven': 0.08, 'db': 0.064}, 'standardDowns': {'rate': 0.7028112449799196, 'ppa': 0.0797731109637277, 'successRate': 0.4514285714285714, 'explosiveness': 1.2137427283685418}, 'passingDowns': {'rate': 0.2971887550200803, 'ppa': 0.6428355872846206, 'successRate': 0.3918918918918919, 'explosiveness': 2.3775027016103047}, 'rushingPlays': {'rate': 0.5542168674698795, 'ppa': 0.22404399930902924, 'totalPPA': 30.918071904646034, 'successRate': 0.4420289855072464, 'explosiveness': 1.1310624882799294}, 'passingPlays': {'rate': 0.41767068273092367, 'ppa': 0.3671108236626718, 'totalPPA': 38.17952566091787, 'successRate': 0.4230769230769231, 'explosiveness': 2.0607037709241323}}","{'plays': 276, 'drives': 42, 'ppa': 0.21941918459037987, 'totalPPA': 60.559694946944845, 'successRate': 0.43478260869565216, 'explosiveness': 1.3496313678774807, 'powerSuccess': 0.9285714285714286, 'stuffRate': 0.1796875, 'lineYards': 3.01015625, 'lineYardsTotal': 385, 'secondLevelYards': 0.984375, 'secondLevelYardsTotal': 126, 'openFieldYards': 1.0859375, 'openFieldYardsTotal': 0, 'totalOpportunies': 21, 'pointsPerOpportunity': 3.5238095238095237, 'fieldPosition': {'averageStart': 73.3, 'averagePredictedPoints': -1.138}, 'havoc': {'total': 0.156, 'frontSeven': 0.101, 'db': 0.054}, 'standardDowns': {'rate': 0.6557971014492754, 'ppa': 0.17250849701327683, 'successRate': 0.4972375690607735, 'explosiveness': 1.0995451270897894}, 'passingDowns': {'rate': 0.3442028985507246, 'ppa': 0.30879638934254466, 'totalPPA': 46.142404007262755, 'successRate': 0.3157894736842105, 'explosiveness': 2.099890090240555}, 'rushingPlays': {'rate': 0.463768115942029, 'ppa': 0.13442737331920399, 'totalPPA': 17.20670378485811, 'successRate': 0.4140625, 'explosiveness': 0.9585785062243065}, 'passingPlays': {'rate': 0.5144927536231884, 'ppa': 0.3249465070933997, 'totalPPA': 46.142404007262755, 'successRate': 0.45774647887323944, 'explosiveness': 1.6544870829332337}}"
2026,Fresno State,Pac-12,"{'plays': 249, 'drives': 48, 'ppa': 0.1151643838601097, 'totalPPA': 28.675931581167315, 'successRate': 0.36947791164658633, 'explosiveness': 1.4282421329421429, 'powerSuccess': 0.5, 'stuffRate': 0.265625, 'lineYards': 2.559375, 'lineYardsTotal': 328, 'secondLevelYards': 0.9765625, 'secondLevelYardsTotal': 125, 'openFieldYards': 1.890625, 'openFieldYardsTotal': 242, 'totalOpportunies': 25, 'pointsPerOpportunity': 3.64, 'fieldPosition': {'averageStart': 66.9, 'averagePredictedPoints': 1.612}, 'havoc': {'total': 0.133, 'frontSeven': 0.108, 'db': 0.024}, 'standardDowns': {'rate': 0.6947791164658634, 'ppa': 0.04686561497308375, 'successRate': 0.3988439306358382, 'explosiveness': 1.1943861987568165}, 'passingDowns': {'rate': 0.30522088353413657, 'ppa': 0.27063394987926087, 'successRate': 0.3026315789473684, 'explosiveness': 2.129809935498122}, 'rushingPlays': {'rate': 0.5140562248995983, 'ppa': 0.02485369375922136, 'totalPPA': 3.181272801180334, 'successRate': 0.3359375, 'explosiveness': 1.2260423085165049}, 'passingPlays': {'rate': 0.44176706827309237, 'ppa': 0.3607562681310196, 'totalPPA': 39.683189494412154, 'successRate': 0.44545454545454544, 'explosiveness': 1.605682795193213}}","{'plays': 270, 'drives': 46, 'ppa': 0.010281397213021468, 'totalPPA': 2.7759772475157964, 'successRate': 0.4444444444444444, 'explosiveness': 1.1267273774219355, 'powerSuccess': 0.65, 'stuffRate': 0.20833333333333334, 'lineYards': 2.9319444444444445, 'lineYardsTotal': 422, 'secondLevelYards': 1.0486111111111112, 'secondLevelYardsTotal': 151, 'openFieldYards': 1.4166666666666667, 'openFieldYardsTotal': 0, 'totalOpportunies': 20, 'pointsPerOpportunity': 2.9, 'fieldPosition': {'averageStart': 77.4, 'averagePredictedPoints': -0.88}, 'havoc': {'total': 0.156, 'frontSeven': 0.1, 'db': 0.056}, 'standardDowns': {'rate': 0.7185185185185186, 'ppa': 0.07553222480416005, 'successRate': 0.5103092783505154, 'explosiveness': 0.9206674194465617}, 'passingDowns': {'rate': 0.2814814814814815, 'ppa': -0.15627992584856912, 'totalPPA': 13.715447674914095, 'successRate': 0.27631578947368424, 'explosiveness': 2.0981528935915548}, 'rushingPlays': {'rate': 0.5333333333333333, 'ppa': -0.01981279067578221, 'totalPPA': -2.8530418573126384, 'successRate': 0.4375, 'explosiveness': 0.8207615484454143}, 'passingPlays': {'rate': 0.4444444444444444, 'ppa': 0.1142953972909508, 'totalPPA': 13.715447674914095, 'successRate': 0.4666666666666667, 'explosiveness': 1.493688454853678}}"
2026,Georgia,SEC,"{'plays': 242, 'drives': 52, 'ppa': 0.42514111871504806, 'totalPPA': 102.88415072904164, 'successRate': 0.5330578512396694, 'explosiveness': 1.3009361261871628, 'powerSuccess': 0.8823529411764706, 'stuffRate': 0.11904761904761904, 'lineYards': 3.6912698412698415, 'lineYardsTotal': 465, 'secondLevelYards': 1.4285714285714286, 'secondLevelYardsTotal': 180, 'openFieldYards': 2.5873015873015874, 'openFieldYardsTotal': 326, 'totalOpportunies': 28, 'pointsPerOpportunity': 5.821428571428571, 'fieldPosition': {'averageStart': 65, 'averagePredictedPoints': 1.729}, 'havoc': {'total': 0.12, 'frontSeven': 0.074, 'db': 0.045}, 'standardDowns': {'rate': 0.756198347107438, 'ppa': 0.46239714616629235, 'successRate': 0.6010928961748634, 'explosiveness': 1.1544017575849328}, 'passingDowns': {'rate': 0.24380165289256198, 'ppa': 0.30958428780695146, 'successRate': 0.3220338983050847, 'explosiveness': 2.1492929970421786}, 'rushingPlays': {'rate': 0.5206611570247934, 'ppa': 0.3279077734560184, 'totalPPA': 41.31637945545832, 'successRate': 0.5158730158730159, 'explosiveness': 1.0682451376427518}, 'passingPlays': {'rate': 0.4462809917355372, 'ppa': 0.5670060779712498, 'totalPPA': 61.236656420894974, 'successRate': 0.5555555555555556, 'explosiveness': 1.5408199274552996}}","{'plays': 266, 'drives': 53, 'ppa': -0.14330711380664646, 'totalPPA': -38.11969227256795, 'successRate': 0.3308270676691729, 'explosiveness': 1.0915867971634325, 'powerSuccess': 0.5454545454545454, 'stuffRate': 0.21551724137931033, 'lineYards': 2.030172413793103, 'lineYardsTotal': 236, 'secondLevelYards': 0.45689655172413796, 'secondLevelYardsTotal': 53, 'openFieldYards': 0.8189655172413793, 'openFieldYardsTotal': 0, 'totalOpportunies': 16, 'pointsPerOpportunity': 3, 'fieldPosition': {'averageStart': 72, 'averagePredictedPoints': -1.157}, 'havoc': {'total': 0.188, 'frontSeven': 0.124, 'db': 0.064}, 'standardDowns': {'rate': 0.6052631578947368, 'ppa': -0.18031819257403398, 'successRate': 0.422360248447205, 'explosiveness': 0.7895050839067626}, 'passingDowns': {'rate': 0.39473684210526316, 'ppa': -0.08655679302998559, 'totalPPA': 9.696788863084, 'successRate': 0.19047619047619047, 'explosiveness': 2.11866462223611}, 'rushingPlays': {'rate': 0.43609022556390975, 'ppa': -0.4198975307876843, 'totalPPA': -48.708113571371385, 'successRate': 0.2672413793103448, 'explosiveness': 0.49626757972862756}, 'passingPlays': {'rate': 0.5451127819548872, 'ppa': 0.06687440595230346, 'totalPPA': 9.696788863084, 'successRate': 0.3793103448275862, 'explosiveness': 1.4337838653689114}}"
2026,Georgia Southern,Sun Belt,"{'plays': 285, 'drives': 46, 'ppa': 0.10258820725545698, 'totalPPA': 29.237639067805237, 'successRate': 0.41754385964912283, 'explosiveness': 1.1710175151488371, 'powerSuccess': 0.75, 'stuffRate': 0.13761467889908258, 'lineYards': 3.0798165137614677, 'lineYardsTotal': 336, 'secondLevelYards': 0.981651376146789, 'secondLevelYardsTotal': 107, 'openFieldYards': 0.8256880733944955, 'openFieldYardsTotal': 90, 'totalOpportunies': 21, 'pointsPerOpportunity': 3.761904761904762, 'fieldPosition': {'averageStart': 75, 'averagePredictedPoints': 1.052}, 'havoc': {'total': 0.179, 'frontSeven': 0.105, 'db': 0.074}, 'standardDowns': {'rate': 0.6982456140350877, 'ppa': 0.028841776990753406, 'successRate': 0.457286432160804, 'explosiveness': 0.9390237296009114}, 'passingDowns': {'rate': 0.3017543859649123, 'ppa': 0.2732340168214571, 'successRate': 0.32558139534883723, 'explosiveness': 1.924997318179596}, 'rushingPlays': {'rate': 0.3824561403508772, 'ppa': 0.019700959858132264, 'totalPPA': 2.1474046245364167, 'successRate': 0.44036697247706424, 'explosiveness': 0.7673673517208133}, 'passingPlays': {'rate': 0.6070175438596491, 'ppa': 0.1970008023694592, 'totalPPA': 34.08113880991644, 'successRate': 0.4046242774566474, 'explosiveness': 1.4495948758797228}}","{'plays': 255, 'drives': 46, 'ppa': 0.08561154881046541, 'totalPPA': 21.83094494666868, 'successRate': 0.37254901960784315, 'explosiveness': 1.1753901259733148, 'powerSuccess': 0.6666666666666666, 'stuffRate': 0.25, 'lineYards': 2.5453125, 'lineYardsTotal': 326, 'secondLevelYards': 1.015625, 'secondLevelYardsTotal': 130, 'openFieldYards': 0.578125, 'openFieldYardsTotal': 0, 'totalOpportunies': 24, 'pointsPerOpportunity': 3.6666666666666665, 'fieldPosition': {'averageStart': 69.1, 'averagePredictedPoints': -1.475}, 'havoc': {'total': 0.188, 'frontSeven': 0.133, 'db': 0.055}, 'standardDowns': {'rate': 0.6588235294117647, 'ppa': 0.09398891152671057, 'successRate': 0.4107142857142857, 'explosiveness': 0.9946947058751853}, 'passingDowns': {'rate': 0.3411764705882353, 'ppa': 0.06943457253081957, 'totalPPA': 32.57012952149151, 'successRate': 0.2988505747126437, 'explosiveness': 1.6549279716183511}, 'rushingPlays': {'rate': 0.5019607843137255, 'ppa': -0.0011091655153852454, 'totalPPA': -0.1419731859693114, 'successRate': 0.375, 'explosiveness': 0.7949530819442079}, 'passingPlays': {'rate': 0.45098039215686275, 'ppa': 0.283218517578187, 'totalPPA': 32.57012952149151, 'successRate': 0.391304347826087, 'explosiveness': 1.5682636368711602}}"
2026,Georgia State,Sun Belt,"{'plays': 286, 'drives': 48, 'ppa': 0.2513156708882154, 'totalPPA': 71.87628187402959, 'successRate': 0.479020979020979, 'explosiveness': 1.295771495143261, 'powerSuccess': 0.631578947368421, 'stuffRate': 0.17647058823529413, 'lineYards': 3.3006535947712417, 'lineYardsTotal': 505, 'secondLevelYards': 1.2418300653594772, 'secondLevelYardsTotal': 190, 'openFieldYards': 1.738562091503268, 'openFieldYardsTotal': 266, 'totalOpportunies': 29, 'pointsPerOpportunity': 4.344827586206897, 'fieldPosition': {'averageStart': 69.7, 'averagePredictedPoints': 1.435}, 'havoc': {'total': 0.105, 'frontSeven': 0.052, 'db': 0.052}, 'standardDowns': {'rate': 0.7482517482517482, 'ppa': 0.10814241635534197, 'successRate': 0.49065420560747663, 'explosiveness': 1.0617316188677508}, 'passingDowns': {'rate': 0.2517482517482518, 'ppa': 0.6768583996387002, 'successRate': 0.4444444444444444, 'explosiveness': 2.063714839172279}, 'rushingPlays': {'rate': 0.534965034965035, 'ppa': 0.1836893680088023, 'totalPPA': 28.104473305346755, 'successRate': 0.4444444444444444, 'explosiveness': 1.0185272439012345}, 'passingPlays': {'rate': 0.4370629370629371, 'ppa': 0.38927968003761126, 'totalPPA': 48.65996000470141, 'successRate': 0.52, 'explosiveness': 1.5602643524324267}}","{'plays': 242, 'drives': 46, 'ppa': 0.02446609863425589, 'totalPPA': 5.920795869489925, 'successRate': 0.38016528925619836, 'explosiveness': 1.293567067031015, 'powerSuccess': 1, 'stuffRate': 0.20909090909090908, 'lineYards': 3.090909090909091, 'lineYardsTotal': 340, 'secondLevelYards': 1.3454545454545455, 'secondLevelYardsTotal': 148, 'openFieldYards': 1.7454545454545456, 'openFieldYardsTotal': 0, 'totalOpportunies': 22, 'pointsPerOpportunity': 3.2272727272727275, 'fieldPosition': {'averageStart': 70.4, 'averagePredictedPoints': -1.367}, 'havoc': {'total': 0.178, 'frontSeven': 0.116, 'db': 0.062}, 'standardDowns': {'rate': 0.6446280991735537, 'ppa': -0.012644662415834628, 'successRate': 0.44871794871794873, 'explosiveness': 1.12618347769494}, 'passingDowns': {'rate': 0.35537190082644626, 'ppa': 0.09178329309721078, 'totalPPA': -7.159826184198222, 'successRate': 0.2558139534883721, 'explosiveness': 1.8261512149185264}, 'rushingPlays': {'rate': 0.45454545454545453, 'ppa': 0.17396396322251004, 'totalPPA': 19.136035954476103, 'successRate': 0.4090909090909091, 'explosiveness': 1.1873390413725087}, 'passingPlays': {'rate': 0.5206611570247934, 'ppa': -0.05682401733490652, 'totalPPA': -7.159826184198222, 'successRate': 0.36507936507936506, 'explosiveness': 1.3825624224778352}}"
2026,Georgia Tech,ACC,"{'plays': 260, 'drives': 42, 'ppa': 0.14134452188810442, 'totalPPA': 36.74957569090715, 'successRate': 0.4423076923076923, 'explosiveness': 1.2208778751676495, 'powerSuccess': 0.7058823529411765, 'stuffRate': 0.20161290322580644, 'lineYards': 3.074193548387097, 'lineYardsTotal': 381, 'secondLevelYards': 1.1129032258064515, 'secondLevelYardsTotal': 138, 'openFieldYards': 1.153225806451613, 'openFieldYardsTotal': 143, 'totalOpportunies': 28, 'pointsPerOpportunity': 3.392857142857143, 'fieldPosition': {'averageStart': 70.6, 'averagePredictedPoints': 1.372}, 'havoc': {'total': 0.162, 'frontSeven': 0.104, 'db': 0.058}, 'standardDowns': {'rate': 0.6923076923076923, 'ppa': 0.09615699896925786, 'successRate': 0.5, 'explosiveness': 1.0187180732173877}, 'passingDowns': {'rate': 0.3076923076923077, 'ppa': 0.24301644845550918, 'successRate': 0.3125, 'explosiveness': 1.948653162188592}, 'rushingPlays': {'rate': 0.47692307692307695, 'ppa': 0.11204633594454214, 'totalPPA': 13.893745657123226, 'successRate': 0.45161290322580644, 'explosiveness': 0.8847804781016037}, 'passingPlays': {'rate': 0.5038461538461538, 'ppa': 0.19113473065261466, 'totalPPA': 25.03864971549252, 'successRate': 0.44274809160305345, 'explosiveness': 1.5128979747352675}}","{'plays': 281, 'drives': 44, 'ppa': 0.1552695286200172, 'totalPPA': 43.630737542224836, 'successRate': 0.4128113879003559, 'explosiveness': 1.2672318275370569, 'powerSuccess': 0.6842105263157895, 'stuffRate': 0.17058823529411765, 'lineYards': 2.906470588235294, 'lineYardsTotal': 494, 'secondLevelYards': 0.9647058823529412, 'secondLevelYardsTotal': 164, 'openFieldYards': 0.8176470588235294, 'openFieldYardsTotal': 0, 'totalOpportunies': 26, 'pointsPerOpportunity': 3.6538461538461537, 'fieldPosition': {'averageStart': 70.4, 'averagePredictedPoints': -1.318}, 'havoc': {'total': 0.16, 'frontSeven': 0.121, 'db': 0.039}, 'standardDowns': {'rate': 0.6761565836298933, 'ppa': 0.04864898099780595, 'successRate': 0.4473684210526316, 'explosiveness': 0.9542461115566422}, 'passingDowns': {'rate': 0.3238434163701068, 'ppa': 0.3778838588202385, 'totalPPA': 34.637073672084696, 'successRate': 0.34065934065934067, 'explosiveness': 2.1254184681285166}, 'rushingPlays': {'rate': 0.604982206405694, 'ppa': 0.0824167948768314, 'totalPPA': 14.010855129061339, 'successRate': 0.4470588235294118, 'explosiveness': 0.8649528807425144}, 'passingPlays': {'rate': 0.3594306049822064, 'ppa': 0.34294132348598705, 'totalPPA': 34.637073672084696, 'successRate': 0.36633663366336633, 'explosiveness': 2.0888731316703253}}"
2026,Hawai'i,Mountain West,"{'plays': 297, 'drives': 45, 'ppa': 0.041625593610402786, 'totalPPA': 12.362801302289627, 'successRate': 0.3838383838383838, 'explosiveness': 1.1248847728792668, 'powerSuccess': 0.8, 'stuffRate': 0.17525773195876287, 'lineYards': 3.138144329896907, 'lineYardsTotal': 304, 'secondLevelYards': 1.309278350515464, 'secondLevelYardsTotal': 127, 'openFieldYards': 1.5257731958762888, 'openFieldYardsTotal': 148, 'totalOpportunies': 21, 'pointsPerOpportunity': 3.1904761904761907, 'fieldPosition': {'averageStart': 73.7, 'averagePredictedPoints': 1.131}, 'havoc': {'total': 0.168, 'frontSeven': 0.108, 'db': 0.061}, 'standardDowns': {'rate': 0.6296296296296297, 'ppa': 0.007992214232150564, 'successRate': 0.4385026737967914, 'explosiveness': 0.9681790019434177}, 'passingDowns': {'rate': 0.37037037037037035, 'ppa': 0.09880233855343155, 'successRate': 0.2909090909090909, 'explosiveness': 1.5264433109023805}, 'rushingPlays': {'rate': 0.3265993265993266, 'ppa': -0.007848248106220175, 'totalPPA': -0.761280066303357, 'successRate': 0.4329896907216495, 'explosiveness': 0.8689112760706988}, 'passingPlays': {'rate': 0.6498316498316499, 'ppa': 0.11720469686027964, 'totalPPA': 22.62050649403397, 'successRate': 0.37305699481865284, 'explosiveness': 1.2742026460175981}}","{'plays': 268, 'drives': 45, 'ppa': 0.21269611527765236, 'totalPPA': 57.00255889441083, 'successRate': 0.4664179104477612, 'explosiveness': 1.2265552991957558, 'powerSuccess': 0.75, 'stuffRate': 0.1103448275862069, 'lineYards': 3.4372413793103447, 'lineYardsTotal': 498, 'secondLevelYards': 1.3310344827586207, 'secondLevelYardsTotal': 193, 'openFieldYards': 1.2620689655172415, 'openFieldYardsTotal': 0, 'totalOpportunies': 22, 'pointsPerOpportunity': 3.7727272727272725, 'fieldPosition': {'averageStart': 74.8, 'averagePredictedPoints': -1.085}, 'havoc': {'total': 0.134, 'frontSeven': 0.075, 'db': 0.06}, 'standardDowns': {'rate': 0.7313432835820896, 'ppa': 0.11020479201439877, 'successRate': 0.5255102040816326, 'explosiveness': 1.0403576109707127}, 'passingDowns': {'rate': 0.26865671641791045, 'ppa': 0.4917002730498427, 'totalPPA': 14.912530449491403, 'successRate': 0.3055555555555556, 'explosiveness': 2.0982990213402752}, 'rushingPlays': {'rate': 0.5410447761194029, 'ppa': 0.24968056558163298, 'totalPPA': 36.20368200933678, 'successRate': 0.4896551724137931, 'explosiveness': 1.0307606383664927}, 'passingPlays': {'rate': 0.4291044776119403, 'ppa': 0.12967417782166438, 'totalPPA': 14.912530449491403, 'successRate': 0.43478260869565216, 'explosiveness': 1.4471139129692772}}"
2026,Houston,Big 12,"{'plays': 280, 'drives': 42, 'ppa': 0.4389037467900525, 'totalPPA': 122.8930491012147, 'successRate': 0.5785714285714286, 'explosiveness': 1.1226958500408188, 'powerSuccess': 0.8571428571428571, 'stuffRate': 0.09937888198757763, 'lineYards': 3.9037267080745344, 'lineYardsTotal': 629, 'secondLevelYards': 1.5031055900621118, 'secondLevelYardsTotal': 242, 'openFieldYards': 1.3229813664596273, 'openFieldYardsTotal': 213, 'totalOpportunies': 31, 'pointsPerOpportunity': 5.129032258064516, 'fieldPosition': {'averageStart': 65.3, 'averagePredictedPoints': 1.76}, 'havoc': {'total': 0.1, 'frontSeven': 0.057, 'db': 0.043}, 'standardDowns': {'rate': 0.7928571428571428, 'ppa': 0.3594784738500484, 'successRate': 0.581081081081081, 'explosiveness': 0.9860917271270258}, 'passingDowns': {'rate': 0.20714285714285716, 'ppa': 0.7429108259742062, 'successRate': 0.5689655172413793, 'explosiveness': 1.6566937850674641}, 'rushingPlays': {'rate': 0.575, 'ppa': 0.3067507155764304, 'totalPPA': 49.3868652078053, 'successRate': 0.577639751552795, 'explosiveness': 0.7956758900122255}, 'passingPlays': {'rate': 0.4035714285714286, 'ppa': 0.6389314174449677, 'totalPPA': 72.19925017128135, 'successRate': 0.5929203539823009, 'explosiveness': 1.5796906300456808}}","{'plays': 246, 'drives': 44, 'ppa': 0.09934363950084366, 'totalPPA': 24.43853531720754, 'successRate': 0.3943089430894309, 'explosiveness': 1.3601297167430575, 'powerSuccess': 0.6428571428571429, 'stuffRate': 0.21428571428571427, 'lineYards': 2.3183673469387753, 'lineYardsTotal': 227, 'secondLevelYards': 0.5816326530612245, 'secondLevelYardsTotal': 57, 'openFieldYards': 0.5816326530612245, 'openFieldYardsTotal': 0, 'totalOpportunies': 16, 'pointsPerOpportunity': 4.8125, 'fieldPosition': {'averageStart': 75.5, 'averagePredictedPoints': -0.982}, 'havoc': {'total': 0.211, 'frontSeven': 0.098, 'db': 0.114}, 'standardDowns': {'rate': 0.6666666666666666, 'ppa': 0.05765370709444334, 'successRate': 0.45121951219512196, 'explosiveness': 1.1530350180733122}, 'passingDowns': {'rate': 0.3333333333333333, 'ppa': 0.18272350431364426, 'totalPPA': 42.35894759854225, 'successRate': 0.2804878048780488, 'explosiveness': 2.026434399419629}, 'rushingPlays': {'rate': 0.3983739837398374, 'ppa': -0.09491700965031095, 'totalPPA': -9.301866945730474, 'successRate': 0.3469387755102041, 'explosiveness': 0.8391701714302895}, 'passingPlays': {'rate': 0.5691056910569106, 'ppa': 0.3025639114181589, 'totalPPA': 42.35894759854225, 'successRate': 0.44285714285714284, 'explosiveness': 1.6508868804341086}}"
2026,Illinois,Big Ten,"{'plays': 246, 'drives': 38, 'ppa': 0.2838635684857444, 'totalPPA': 69.83043784749313, 'successRate': 0.516260162601626, 'explosiveness': 1.2731488300867524, 'powerSuccess': 0.6666666666666666, 'stuffRate': 0.11403508771929824, 'lineYards': 3.450877192982456, 'lineYardsTotal': 393, 'secondLevelYards': 1.1666666666666667, 'secondLevelYardsTotal': 133, 'openFieldYards': 1.7456140350877194, 'openFieldYardsTotal': 199, 'totalOpportunies': 27, 'pointsPerOpportunity': 4.037037037037037, 'fieldPosition': {'averageStart': 71.6, 'averagePredictedPoints': 1.303}, 'havoc': {'total': 0.114, 'frontSeven': 0.045, 'db': 0.069}, 'standardDowns': {'rate': 0.7357723577235772, 'ppa': 0.1951156346346926, 'successRate': 0.56353591160221, 'explosiveness': 1.0529202094211134}, 'passingDowns': {'rate': 0.26422764227642276, 'ppa': 0.5309924304402118, 'successRate': 0.38461538461538464, 'explosiveness': 2.1716816024025594}, 'rushingPlays': {'rate': 0.4634146341463415, 'ppa': 0.2609645460413418, 'totalPPA': 29.74995824871296, 'successRate': 0.5175438596491229, 'explosiveness': 1.0224370358671413}, 'passingPlays': {'rate': 0.5040650406504065, 'ppa': 0.3231500965711414, 'totalPPA': 40.07061197482153, 'successRate': 0.5241935483870968, 'explosiveness': 1.4746450032160856}}","{'plays': 274, 'drives': 38, 'ppa': 0.19297310502538595, 'totalPPA': 52.874630776955755, 'successRate': 0.44525547445255476, 'explosiveness': 1.2692011344190495, 'powerSuccess': 0.782608695652174, 'stuffRate': 0.20714285714285716, 'lineYards': 2.7664285714285715, 'lineYardsTotal': 387, 'secondLevelYards': 1.0071428571428571, 'secondLevelYardsTotal': 141, 'openFieldYards': 0.5285714285714286, 'openFieldYardsTotal': 0, 'totalOpportunies': 22, 'pointsPerOpportunity': 3.8636363636363638, 'fieldPosition': {'averageStart': 71.6, 'averagePredictedPoints': -1.272}, 'havoc': {'total': 0.131, 'frontSeven': 0.069, 'db': 0.062}, 'standardDowns': {'rate': 0.7226277372262774, 'ppa': 0.15857175739216825, 'successRate': 0.4898989898989899, 'explosiveness': 1.1421731924435832}, 'passingDowns': {'rate': 0.2773722627737226, 'ppa': 0.28259766859613733, 'totalPPA': 36.52384713162655, 'successRate': 0.32894736842105265, 'explosiveness': 1.7620695492838585}, 'rushingPlays': {'rate': 0.5109489051094891, 'ppa': 0.12257161200582074, 'totalPPA': 17.160025680814904, 'successRate': 0.4142857142857143, 'explosiveness': 1.0385761090372052}, 'passingPlays': {'rate': 0.4781021897810219, 'ppa': 0.2788079933711951, 'totalPPA': 36.52384713162655, 'successRate': 0.48854961832061067, 'explosiveness': 1.4782050636713457}}"
2026,Indiana,Big Ten,"{'plays': 247, 'drives': 42, 'ppa': 0.4206054896605618, 'totalPPA': 103.88955594615878, 'successRate': 0.5101214574898786, 'explosiveness': 1.3819184765929697, 'powerSuccess': 0.72, 'stuffRate': 0.11842105263157894, 'lineYards': 3.5065789473684212, 'lineYardsTotal': 533, 'secondLevelYards': 1.2828947368421053, 'secondLevelYardsTotal': 195, 'openFieldYards': 2.0657894736842106, 'openFieldYardsTotal': 314, 'totalOpportunies': 29, 'pointsPerOpportunity': 5.241379310344827, 'fieldPosition': {'averageStart': 66.9, 'averagePredictedPoints': 1.682}, 'havoc': {'total': 0.109, 'frontSeven': 0.081, 'db': 0.028}, 'standardDowns': {'rate': 0.7327935222672065, 'ppa': 0.36987902277606044, 'successRate': 0.5580110497237569, 'explosiveness': 1.1726174068528095}, 'passingDowns': {'rate': 0.26720647773279355, 'ppa': 0.559718982177149, 'successRate': 0.3787878787878788, 'explosiveness': 2.227494798343218}, 'rushingPlays': {'rate': 0.6153846153846154, 'ppa': 0.2562244366046193, 'totalPPA': 38.94611436390213, 'successRate': 0.47368421052631576, 'explosiveness': 1.0220462546795215}, 'passingPlays': {'rate': 0.3603238866396761, 'ppa': 0.6862699164486484, 'totalPPA': 61.07802256392971, 'successRate': 0.5730337078651685, 'explosiveness': 1.8771980433705748}}","{'plays': 237, 'drives': 43, 'ppa': -0.10688628739418667, 'totalPPA': -25.332050112422237, 'successRate': 0.29957805907172996, 'explosiveness': 1.4207399529810825, 'powerSuccess': 0.5, 'stuffRate': 0.23636363636363636, 'lineYards': 2.2618181818181817, 'lineYardsTotal': 249, 'secondLevelYards': 0.8090909090909091, 'secondLevelYardsTotal': 89, 'openFieldYards': 0.6636363636363637, 'openFieldYardsTotal': 0, 'totalOpportunies': 14, 'pointsPerOpportunity': 2.857142857142857, 'fieldPosition': {'averageStart': 74.8, 'averagePredictedPoints': -1.023}, 'havoc': {'total': 0.198, 'frontSeven': 0.169, 'db': 0.03}, 'standardDowns': {'rate': 0.6286919831223629, 'ppa': -0.24117805541745846, 'successRate': 0.3288590604026846, 'explosiveness': 1.150412144417075}, 'passingDowns': {'rate': 0.37130801687763715, 'ppa': 0.12049409255430764, 'totalPPA': -4.136150839755005, 'successRate': 0.25, 'explosiveness': 2.022833708419099}, 'rushingPlays': {'rate': 0.4641350210970464, 'ppa': -0.1338680313651136, 'totalPPA': -14.725483450162498, 'successRate': 0.2636363636363636, 'explosiveness': 1.1635024111916366}, 'passingPlays': {'rate': 0.4978902953586498, 'ppa': -0.03505212576063564, 'totalPPA': -4.136150839755005, 'successRate': 0.3559322033898305, 'explosiveness': 1.5983563508833187}}"
2026,Iowa,Big Ten,"{'plays': 263, 'drives': 47, 'ppa': 0.17226266947863822, 'totalPPA': 45.30508207288185, 'successRate': 0.4296577946768061, 'explosiveness': 1.2788259382836886, 'powerSuccess': 0.5294117647058824, 'stuffRate': 0.13178294573643412, 'lineYards': 3.4953488372093022, 'lineYardsTotal': 451, 'secondLevelYards': 1.37984496124031, 'secondLevelYardsTotal': 178, 'openFieldYards': 2.387596899224806, 'openFieldYardsTotal': 308, 'totalOpportunies': 27, 'pointsPerOpportunity': 3.6666666666666665, 'fieldPosition': {'averageStart': 68.4, 'averagePredictedPoints': 1.612}, 'havoc': {'total': 0.099, 'frontSeven': 0.046, 'db': 0.053}, 'standardDowns': {'rate': 0.6996197718631179, 'ppa': 0.19686730086506465, 'successRate': 0.5108695652173914, 'explosiveness': 1.1222151415476067}, 'passingDowns': {'rate': 0.30038022813688214, 'ppa': 0.11495567992037925, 'successRate': 0.24050632911392406, 'explosiveness': 2.0536372484516727}, 'rushingPlays': {'rate': 0.49049429657794674, 'ppa': 0.23200822844265204, 'totalPPA': 29.929061469102113, 'successRate': 0.4263565891472868, 'explosiveness': 1.3420065085259252}, 'passingPlays': {'rate': 0.49049429657794674, 'ppa': 0.1935321802541657, 'totalPPA': 24.96565125278737, 'successRate': 0.4496124031007752, 'explosiveness': 1.218913328571223}}","{'plays': 243, 'drives': 50, 'ppa': -0.1447049947966999, 'totalPPA': -35.163313735598074, 'successRate': 0.3004115226337449, 'explosiveness': 1.0382181567882602, 'powerSuccess': 0.7272727272727273, 'stuffRate': 0.19327731092436976, 'lineYards': 2.604201680672269, 'lineYardsTotal': 310, 'secondLevelYards': 0.42016806722689076, 'secondLevelYardsTotal': 50, 'openFieldYards': 0.31092436974789917, 'openFieldYardsTotal': 0, 'totalOpportunies': 12, 'pointsPerOpportunity': 2.1666666666666665, 'fieldPosition': {'averageStart': 77.1, 'averagePredictedPoints': -0.918}, 'havoc': {'total': 0.173, 'frontSeven': 0.082, 'db': 0.091}, 'standardDowns': {'rate': 0.6255144032921811, 'ppa': -0.26855002471412137, 'successRate': 0.35526315789473684, 'explosiveness': 0.639473414648169}, 'passingDowns': {'rate': 0.37448559670781895, 'ppa': 0.0621570331972349, 'totalPPA': 7.633648996720234, 'successRate': 0.2087912087912088, 'explosiveness': 2.1714926870811517}, 'rushingPlays': {'rate': 0.4897119341563786, 'ppa': -0.24405452044500175, 'totalPPA': -29.042487932955208, 'successRate': 0.31932773109243695, 'explosiveness': 0.3854127068297764}, 'passingPlays': {'rate': 0.46502057613168724, 'ppa': 0.06755441590017906, 'totalPPA': 7.633648996720234, 'successRate': 0.3008849557522124, 'explosiveness': 1.7869841706949983}}"
2026,Iowa State,Big 12,"{'plays': 241, 'drives': 46, 'ppa': 0.11732838730981318, 'totalPPA': 28.276141341664978, 'successRate': 0.3817427385892116, 'explosiveness': 1.3341665352943148, 'powerSuccess': 0.5833333333333334, 'stuffRate': 0.19014084507042253, 'lineYards': 2.992957746478873, 'lineYardsTotal': 425, 'secondLevelYards': 1.1126760563380282, 'secondLevelYardsTotal': 158, 'openFieldYards': 1.5211267605633803, 'openFieldYardsTotal': 216, 'totalOpportunies': 22, 'pointsPerOpportunity': 4.636363636363637, 'fieldPosition': {'averageStart': 71.1, 'averagePredictedPoints': 1.385}, 'havoc': {'total': 0.17, 'frontSeven': 0.083, 'db': 0.087}, 'standardDowns': {'rate': 0.6804979253112033, 'ppa': 0.06293277547254732, 'successRate': 0.42073170731707316, 'explosiveness': 1.1864325352881615}, 'passingDowns': {'rate': 0.31950207468879666, 'ppa': 0.2331839761580158, 'successRate': 0.2987012987012987, 'explosiveness': 1.7773685353127746}, 'rushingPlays': {'rate': 0.5892116182572614, 'ppa': 0.10496047324833536, 'totalPPA': 14.90438720126362, 'successRate': 0.3873239436619718, 'explosiveness': 1.1913989170593076}, 'passingPlays': {'rate': 0.3817427385892116, 'ppa': 0.20494964492469483, 'totalPPA': 18.855367333071925, 'successRate': 0.40217391304347827, 'explosiveness': 1.5463886705085148}}","{'plays': 243, 'drives': 49, 'ppa': -0.03774599741238774, 'totalPPA': -9.172277371210221, 'successRate': 0.37037037037037035, 'explosiveness': 1.092834908105983, 'powerSuccess': 0.7, 'stuffRate': 0.1984732824427481, 'lineYards': 2.5763358778625953, 'lineYardsTotal': 338, 'secondLevelYards': 0.7404580152671756, 'secondLevelYardsTotal': 97, 'openFieldYards': 1.0458015267175573, 'openFieldYardsTotal': 0, 'totalOpportunies': 21, 'pointsPerOpportunity': 2.0476190476190474, 'fieldPosition': {'averageStart': 69.8, 'averagePredictedPoints': -1.429}, 'havoc': {'total': 0.177, 'frontSeven': 0.128, 'db': 0.049}, 'standardDowns': {'rate': 0.6872427983539094, 'ppa': -0.013624296561890882, 'successRate': 0.46706586826347307, 'explosiveness': 0.9090211034129908}, 'passingDowns': {'rate': 0.31275720164609055, 'ppa': -0.09075026112334794, 'totalPPA': 7.272209791416646, 'successRate': 0.15789473684210525, 'explosiveness': 2.2876246386104317}, 'rushingPlays': {'rate': 0.5390946502057613, 'ppa': -0.0822788065404087, 'totalPPA': -10.77852365679354, 'successRate': 0.37404580152671757, 'explosiveness': 0.8637250545155508}, 'passingPlays': {'rate': 0.43209876543209874, 'ppa': 0.06925914087063473, 'totalPPA': 7.272209791416646, 'successRate': 0.3619047619047619, 'explosiveness': 1.4393078257436462}}"
2026,Jacksonville State,Conference USA,"{'plays': 308, 'drives': 48, 'ppa': 0.2039256783625617, 'totalPPA': 62.809108935669, 'successRate': 0.4805194805194805, 'explosiveness': 1.1919700680154681, 'powerSuccess': 0.8148148148148148, 'stuffRate': 0.17575757575757575, 'lineYards': 3.1224242424242425, 'lineYardsTotal': 515, 'secondLevelYards': 1.2, 'secondLevelYardsTotal': 198, 'openFieldYards': 1.0363636363636364, 'openFieldYardsTotal': 171, 'totalOpportunies': 28, 'pointsPerOpportunity': 3.2857142857142856, 'fieldPosition': {'averageStart': 75.3, 'averagePredictedPoints': 1.004}, 'havoc': {'total': 0.132, 'frontSeven': 0.084, 'db': 0.048}, 'standardDowns': {'rate': 0.7564935064935064, 'ppa': 0.1946999637347621, 'successRate': 0.5236051502145923, 'explosiveness': 1.1047397259003977}, 'passingDowns': {'rate': 0.2435064935064935, 'ppa': 0.23258689847292582, 'successRate': 0.3466666666666667, 'explosiveness': 1.6012816733246442}, 'rushingPlays': {'rate': 0.5357142857142857, 'ppa': 0.10683613580353334, 'totalPPA': 17.627962407583002, 'successRate': 0.4727272727272727, 'explosiveness': 0.9350646727972503}, 'passingPlays': {'rate': 0.43506493506493504, 'ppa': 0.3828830331569897, 'totalPPA': 51.30632644303662, 'successRate': 0.5074626865671642, 'explosiveness': 1.4998761084871537}}","{'plays': 324, 'drives': 47, 'ppa': 0.038705259371239004, 'totalPPA': 12.540504036281437, 'successRate': 0.4228395061728395, 'explosiveness': 1.0462276584798134, 'powerSuccess': 0.84, 'stuffRate': 0.1711229946524064, 'lineYards': 2.9149732620320856, 'lineYardsTotal': 545, 'secondLevelYards': 0.9411764705882353, 'secondLevelYardsTotal': 176, 'openFieldYards': 1.0427807486631016, 'openFieldYardsTotal': 0, 'totalOpportunies': 24, 'pointsPerOpportunity': 3.5, 'fieldPosition': {'averageStart': 74, 'averagePredictedPoints': -1.134}, 'havoc': {'total': 0.155, 'frontSeven': 0.1, 'db': 0.055}, 'standardDowns': {'rate': 0.7253086419753086, 'ppa': 0.015186473058411995, 'successRate': 0.49361702127659574, 'explosiveness': 0.8383067307082337}, 'passingDowns': {'rate': 0.27469135802469136, 'ppa': 0.10080542547814178, 'totalPPA': 5.53804284833524, 'successRate': 0.23595505617977527, 'explosiveness': 2.194743259503777}, 'rushingPlays': {'rate': 0.5771604938271605, 'ppa': 0.08745331470865991, 'totalPPA': 16.353769850519402, 'successRate': 0.43315508021390375, 'explosiveness': 0.8708617193946713}, 'passingPlays': {'rate': 0.4012345679012346, 'ppa': 0.04260032960257877, 'totalPPA': 5.53804284833524, 'successRate': 0.4076923076923077, 'explosiveness': 1.3398702529637647}}"
2026,James Madison,Sun Belt,"{'plays': 269, 'drives': 49, 'ppa': 0.29322941326811086, 'totalPPA': 78.87871216912183, 'successRate': 0.4758364312267658, 'explosiveness': 1.2229988166501045, 'powerSuccess': 0.7727272727272727, 'stuffRate': 0.15384615384615385, 'lineYards': 3.230769230769231, 'lineYardsTotal': 462, 'secondLevelYards': 1.13986013986014, 'secondLevelYardsTotal': 163, 'openFieldYards': 1.6573426573426573, 'openFieldYardsTotal': 237, 'totalOpportunies': 32, 'pointsPerOpportunity': 4.5625, 'fieldPosition': {'averageStart': 65.9, 'averagePredictedPoints': 1.697}, 'havoc': {'total': 0.104, 'frontSeven': 0.067, 'db': 0.037}, 'standardDowns': {'rate': 0.7360594795539034, 'ppa': 0.2329170432375711, 'successRate': 0.5252525252525253, 'explosiveness': 1.0816784725761623}, 'passingDowns': {'rate': 0.26394052044609667, 'ppa': 0.4614244733532781, 'successRate': 0.3380281690140845, 'explosiveness': 1.835386974303853}, 'rushingPlays': {'rate': 0.5315985130111525, 'ppa': 0.24531863497325684, 'totalPPA': 35.08056480117573, 'successRate': 0.4965034965034965, 'explosiveness': 1.0051166257701802}, 'passingPlays': {'rate': 0.44609665427509293, 'ppa': 0.36839479908788, 'totalPPA': 44.2073758905456, 'successRate': 0.4583333333333333, 'explosiveness': 1.527217991696775}}","{'plays': 287, 'drives': 53, 'ppa': -0.1968722169622853, 'totalPPA': -56.50232626817588, 'successRate': 0.27526132404181186, 'explosiveness': 1.3802235120846753, 'powerSuccess': 0.8181818181818182, 'stuffRate': 0.1956521739130435, 'lineYards': 2.368840579710145, 'lineYardsTotal': 327, 'secondLevelYards': 0.6304347826086957, 'secondLevelYardsTotal': 87, 'openFieldYards': 0.3188405797101449, 'openFieldYardsTotal': 0, 'totalOpportunies': 23, 'pointsPerOpportunity': 2.4782608695652173, 'fieldPosition': {'averageStart': 72.6, 'averagePredictedPoints': -1.195}, 'havoc': {'total': 0.178, 'frontSeven': 0.118, 'db': 0.059}, 'standardDowns': {'rate': 0.5609756097560976, 'ppa': -0.344708328992469, 'successRate': 0.3105590062111801, 'explosiveness': 1.0325858494188636}, 'passingDowns': {'rate': 0.43902439024390244, 'ppa': -0.007970518257050533, 'totalPPA': -18.082655032119725, 'successRate': 0.23015873015873015, 'explosiveness': 1.9795987925429717}, 'rushingPlays': {'rate': 0.4808362369337979, 'ppa': -0.14244804374414213, 'totalPPA': -19.657830036691614, 'successRate': 0.2608695652173913, 'explosiveness': 1.0612594577730308}, 'passingPlays': {'rate': 0.4843205574912892, 'ppa': -0.1300910433965448, 'totalPPA': -18.082655032119725, 'successRate': 0.2805755395683453, 'explosiveness': 1.687016497716827}}"
2026,Kansas,Big 12,"{'plays': 220, 'drives': 37, 'ppa': 0.20175641942206554, 'totalPPA': 44.38641227285442, 'successRate': 0.4409090909090909, 'explosiveness': 1.4288824563386082, 'powerSuccess': 0.5454545454545454, 'stuffRate': 0.09917355371900827, 'lineYards': 3.268595041322314, 'lineYardsTotal': 396, 'secondLevelYards': 1.0991735537190084, 'secondLevelYardsTotal': 133, 'openFieldYards': 0.5454545454545454, 'openFieldYardsTotal': 66, 'totalOpportunies': 24, 'pointsPerOpportunity': 3.1666666666666665, 'fieldPosition': {'averageStart': 73.1, 'averagePredictedPoints': 1.152}, 'havoc': {'total': 0.173, 'frontSeven': 0.1, 'db': 0.073}, 'standardDowns': {'rate': 0.6409090909090909, 'ppa': 0.12060912258981546, 'successRate': 0.5035460992907801, 'explosiveness': 1.1015641143385564}, 'passingDowns': {'rate': 0.35909090909090907, 'ppa': 0.34658893655304357, 'successRate': 0.3291139240506329, 'explosiveness': 2.3227133133387494}, 'rushingPlays': {'rate': 0.55, 'ppa': 0.09724759105393688, 'totalPPA': 11.766958517526362, 'successRate': 0.4462809917355372, 'explosiveness': 0.9444096510105316}, 'passingPlays': {'rate': 0.41818181818181815, 'ppa': 0.2844213549891053, 'totalPPA': 26.166764658997693, 'successRate': 0.41304347826086957, 'explosiveness': 2.041696426381844}}","{'plays': 195, 'drives': 39, 'ppa': -0.06750225191685817, 'totalPPA': -13.162939123787343, 'successRate': 0.3076923076923077, 'explosiveness': 1.2346084307154783, 'powerSuccess': 0.75, 'stuffRate': 0.25, 'lineYards': 2.132142857142857, 'lineYardsTotal': 239, 'secondLevelYards': 0.5625, 'secondLevelYardsTotal': 63, 'openFieldYards': 0.7767857142857143, 'openFieldYardsTotal': 0, 'totalOpportunies': 21, 'pointsPerOpportunity': 3.238095238095238, 'fieldPosition': {'averageStart': 66.2, 'averagePredictedPoints': -1.549}, 'havoc': {'total': 0.2, 'frontSeven': 0.144, 'db': 0.056}, 'standardDowns': {'rate': 0.6051282051282051, 'ppa': -0.03551029853430877, 'successRate': 0.3644067796610169, 'explosiveness': 0.9753658054309546}, 'passingDowns': {'rate': 0.39487179487179486, 'ppa': -0.11652888177582998, 'totalPPA': 21.137106528275226, 'successRate': 0.22077922077922077, 'explosiveness': 1.890339777023391}, 'rushingPlays': {'rate': 0.5743589743589743, 'ppa': -0.15700996823154115, 'totalPPA': -17.58511644193261, 'successRate': 0.26785714285714285, 'explosiveness': 0.76536081809691}, 'passingPlays': {'rate': 0.39487179487179486, 'ppa': 0.2745078769905874, 'totalPPA': 21.137106528275226, 'successRate': 0.37662337662337664, 'explosiveness': 1.7181941080592809}}"
2026,Kansas State,Big 12,"{'plays': 296, 'drives': 45, 'ppa': 0.3066555233089882, 'totalPPA': 90.77003489946051, 'successRate': 0.5135135135135135, 'explosiveness': 1.2147288981652262, 'powerSuccess': 0.7619047619047619, 'stuffRate': 0.13333333333333333, 'lineYards': 3.398, 'lineYardsTotal': 510, 'secondLevelYards': 1.34, 'secondLevelYardsTotal': 201, 'openFieldYards': 2.2866666666666666, 'openFieldYardsTotal': 343, 'totalOpportunies': 27, 'pointsPerOpportunity': 4.962962962962963, 'fieldPosition': {'averageStart': 70.1, 'averagePredictedPoints': 1.379}, 'havoc': {'total': 0.084, 'frontSeven': 0.057, 'db': 0.027}, 'standardDowns': {'rate': 0.6959459459459459, 'ppa': 0.1780655389679973, 'successRate': 0.5485436893203883, 'explosiveness': 0.9541845512992759}, 'passingDowns': {'rate': 0.30405405405405406, 'ppa': 0.6009837096894786, 'successRate': 0.43333333333333335, 'explosiveness': 1.9696394416486207}, 'rushingPlays': {'rate': 0.5067567567567568, 'ppa': 0.3199979762248998, 'totalPPA': 47.99969643373497, 'successRate': 0.56, 'explosiveness': 1.0155327170266144}, 'passingPlays': {'rate': 0.46621621621621623, 'ppa': 0.30529550025694246, 'totalPPA': 42.130779035458055, 'successRate': 0.47101449275362317, 'explosiveness': 1.4835693402659451}}","{'plays': 223, 'drives': 45, 'ppa': -0.03939382867070738, 'totalPPA': -8.784823793567744, 'successRate': 0.30493273542600896, 'explosiveness': 1.4953268179868437, 'powerSuccess': 0.4166666666666667, 'stuffRate': 0.2558139534883721, 'lineYards': 2.5108527131782945, 'lineYardsTotal': 324, 'secondLevelYards': 1.3488372093023255, 'secondLevelYardsTotal': 174, 'openFieldYards': 1.4341085271317828, 'openFieldYardsTotal': 0, 'totalOpportunies': 14, 'pointsPerOpportunity': 3.857142857142857, 'fieldPosition': {'averageStart': 74.1, 'averagePredictedPoints': -1.124}, 'havoc': {'total': 0.238, 'frontSeven': 0.193, 'db': 0.045}, 'standardDowns': {'rate': 0.57847533632287, 'ppa': -0.17950578428598915, 'successRate': 0.3333333333333333, 'explosiveness': 1.1198428222601595}, 'passingDowns': {'rate': 0.42152466367713004, 'ppa': 0.15288747212047718, 'totalPPA': -10.612377410594494, 'successRate': 0.26595744680851063, 'explosiveness': 2.1411592906367405}, 'rushingPlays': {'rate': 0.57847533632287, 'ppa': 0.07056166185459041, 'totalPPA': 9.102454379242163, 'successRate': 0.34108527131782945, 'explosiveness': 1.443321095458422}, 'passingPlays': {'rate': 0.3991031390134529, 'ppa': -0.11924019562465724, 'totalPPA': -10.612377410594494, 'successRate': 0.25842696629213485, 'explosiveness': 1.6425108234143466}}"
2026,Kennesaw State,Conference USA,"{'plays': 272, 'drives': 45, 'ppa': 0.09684077719214801, 'totalPPA': 26.34069139626426, 'successRate': 0.45955882352941174, 'explosiveness': 1.0511684298734412, 'powerSuccess': 0.8181818181818182, 'stuffRate': 0.19696969696969696, 'lineYards': 3.3136363636363635, 'lineYardsTotal': 437, 'secondLevelYards': 1.303030303030303, 'secondLevelYardsTotal': 172, 'openFieldYards': 1.1136363636363635, 'openFieldYardsTotal': 147, 'totalOpportunies': 18, 'pointsPerOpportunity': 4.166666666666667, 'fieldPosition': {'averageStart': 73.2, 'averagePredictedPoints': 1.178}, 'havoc': {'total': 0.14, 'frontSeven': 0.085, 'db': 0.055}, 'standardDowns': {'rate': 0.6948529411764706, 'ppa': 0.11415451233889617, 'successRate': 0.5343915343915344, 'explosiveness': 0.9005573194255477}, 'passingDowns': {'rate': 0.30514705882352944, 'ppa': 0.05741552487003473, 'successRate': 0.2891566265060241, 'explosiveness': 1.6849901863416594}, 'rushingPlays': {'rate': 0.4852941176470588, 'ppa': 0.15727996123454283, 'totalPPA': 20.760954882959652, 'successRate': 0.5, 'explosiveness': 1.0060733290130603}, 'passingPlays': {'rate': 0.47794117647058826, 'ppa': 0.10326052204578931, 'totalPPA': 13.42386786595261, 'successRate': 0.43846153846153846, 'explosiveness': 1.1275332664838247}}","{'plays': 251, 'drives': 44, 'ppa': 0.15108840921895164, 'totalPPA': 37.92319071395686, 'successRate': 0.4262948207171315, 'explosiveness': 1.089390254669204, 'powerSuccess': 0.8571428571428571, 'stuffRate': 0.19148936170212766, 'lineYards': 3.1602836879432625, 'lineYardsTotal': 446, 'secondLevelYards': 1.24822695035461, 'secondLevelYardsTotal': 176, 'openFieldYards': 0.8439716312056738, 'openFieldYardsTotal': 0, 'totalOpportunies': 23, 'pointsPerOpportunity': 3.8260869565217392, 'fieldPosition': {'averageStart': 71, 'averagePredictedPoints': -1.401}, 'havoc': {'total': 0.108, 'frontSeven': 0.076, 'db': 0.032}, 'standardDowns': {'rate': 0.6892430278884463, 'ppa': 0.06896453045127082, 'successRate': 0.48554913294797686, 'explosiveness': 0.8478288980115298}, 'passingDowns': {'rate': 0.3107569721115538, 'ppa': 0.3332349608447052, 'totalPPA': 28.022111996137166, 'successRate': 0.2948717948717949, 'explosiveness': 1.9716143398537533}, 'rushingPlays': {'rate': 0.5617529880478087, 'ppa': 0.07847760417926905, 'totalPPA': 11.065342189276935, 'successRate': 0.40425531914893614, 'explosiveness': 0.9005122889976072}, 'passingPlays': {'rate': 0.42231075697211157, 'ppa': 0.26435954713336945, 'totalPPA': 28.022111996137166, 'successRate': 0.46226415094339623, 'explosiveness': 1.2843174794601588}}"
2026,Kent State,Mid-American,"{'plays': 246, 'drives': 46, 'ppa': -0.028066761604708078, 'totalPPA': -6.904423354758187, 'successRate': 0.3130081300813008, 'explosiveness': 1.3677693927429808, 'powerSuccess': 0.6153846153846154, 'stuffRate': 0.22302158273381295, 'lineYards': 2.7776978417266185, 'lineYardsTotal': 386, 'secondLevelYards': 0.8992805755395683, 'secondLevelYardsTotal': 125, 'openFieldYards': 0.7338129496402878, 'openFieldYardsTotal': 102, 'totalOpportunies': 19, 'pointsPerOpportunity': 2.8947368421052633, 'fieldPosition': {'averageStart': 74.6, 'averagePredictedPoints': 1.115}, 'havoc': {'total': 0.163, 'frontSeven': 0.085, 'db': 0.077}, 'standardDowns': {'rate': 0.6016260162601627, 'ppa': -0.18388470826671058, 'successRate': 0.3716216216216216, 'explosiveness': 0.9687272107013192}, 'passingDowns': {'rate': 0.3983739837398374, 'ppa': 0.20725013743586712, 'successRate': 0.22448979591836735, 'explosiveness': 2.365374847847135}, 'rushingPlays': {'rate': 0.5650406504065041, 'ppa': -0.07862654220474588, 'totalPPA': -10.929089366459676, 'successRate': 0.33093525179856115, 'explosiveness': 0.9723474744951867}, 'passingPlays': {'rate': 0.3983739837398374, 'ppa': 0.12587144715452958, 'totalPPA': 12.335401821143899, 'successRate': 0.29591836734693877, 'explosiveness': 1.9784618019128506}}","{'plays': 249, 'drives': 47, 'ppa': 0.20070964486957016, 'totalPPA': 49.97670157252297, 'successRate': 0.4738955823293173, 'explosiveness': 1.2720519322498094, 'powerSuccess': 0.8421052631578947, 'stuffRate': 0.1557377049180328, 'lineYards': 3.189344262295082, 'lineYardsTotal': 389, 'secondLevelYards': 1.0245901639344261, 'secondLevelYardsTotal': 125, 'openFieldYards': 0.8934426229508197, 'openFieldYardsTotal': 0, 'totalOpportunies': 23, 'pointsPerOpportunity': 5.260869565217392, 'fieldPosition': {'averageStart': 70.1, 'averagePredictedPoints': -1.408}, 'havoc': {'total': 0.141, 'frontSeven': 0.1, 'db': 0.04}, 'standardDowns': {'rate': 0.7228915662650602, 'ppa': 0.290068227321586, 'successRate': 0.5555555555555556, 'explosiveness': 1.1008523745096714}, 'passingDowns': {'rate': 0.27710843373493976, 'ppa': -0.03239970065742762, 'totalPPA': 37.45874780151235, 'successRate': 0.2608695652173913, 'explosiveness': 2.2231605863616872}, 'rushingPlays': {'rate': 0.4899598393574297, 'ppa': 0.13281384395403556, 'totalPPA': 16.20328896239234, 'successRate': 0.4344262295081967, 'explosiveness': 0.8899834668550114}, 'passingPlays': {'rate': 0.4819277108433735, 'ppa': 0.3121562316792696, 'totalPPA': 37.45874780151235, 'successRate': 0.5166666666666667, 'explosiveness': 1.5552034637879497}}"
2026,Kentucky,SEC,"{'plays': 252, 'drives': 47, 'ppa': 0.23582988157411575, 'totalPPA': 59.42913015667717, 'successRate': 0.5158730158730159, 'explosiveness': 1.2028393571873282, 'powerSuccess': 0.7647058823529411, 'stuffRate': 0.15555555555555556, 'lineYards': 3.46, 'lineYardsTotal': 467, 'secondLevelYards': 1.3703703703703705, 'secondLevelYardsTotal': 185, 'openFieldYards': 1.7925925925925925, 'openFieldYardsTotal': 242, 'totalOpportunies': 24, 'pointsPerOpportunity': 4.875, 'fieldPosition': {'averageStart': 69.1, 'averagePredictedPoints': 1.437}, 'havoc': {'total': 0.135, 'frontSeven': 0.091, 'db': 0.044}, 'standardDowns': {'rate': 0.7777777777777778, 'ppa': 0.22038535800800121, 'successRate': 0.5714285714285714, 'explosiveness': 1.0517139814340979}, 'passingDowns': {'rate': 0.2222222222222222, 'ppa': 0.2898857140555166, 'successRate': 0.32142857142857145, 'explosiveness': 2.143175028540761}, 'rushingPlays': {'rate': 0.5357142857142857, 'ppa': 0.20881748390490823, 'totalPPA': 28.190360327162608, 'successRate': 0.5481481481481482, 'explosiveness': 0.9479462211675739}, 'passingPlays': {'rate': 0.42857142857142855, 'ppa': 0.2668130634367313, 'totalPPA': 28.81581085116698, 'successRate': 0.46296296296296297, 'explosiveness': 1.58438031297042}}","{'plays': 290, 'drives': 45, 'ppa': 0.015506405315718029, 'totalPPA': 4.496857541558228, 'successRate': 0.41724137931034483, 'explosiveness': 1.1898726045681303, 'powerSuccess': 0.7777777777777778, 'stuffRate': 0.168, 'lineYards': 2.8056, 'lineYardsTotal': 351, 'secondLevelYards': 0.896, 'secondLevelYardsTotal': 112, 'openFieldYards': 0.744, 'openFieldYardsTotal': 0, 'totalOpportunies': 26, 'pointsPerOpportunity': 3.576923076923077, 'fieldPosition': {'averageStart': 68.9, 'averagePredictedPoints': -1.424}, 'havoc': {'total': 0.183, 'frontSeven': 0.083, 'db': 0.1}, 'standardDowns': {'rate': 0.6931034482758621, 'ppa': -0.057189543778871164, 'successRate': 0.44776119402985076, 'explosiveness': 0.9720327633212839}, 'passingDowns': {'rate': 0.30689655172413793, 'ppa': 0.17968489709113855, 'totalPPA': -5.827422208381427, 'successRate': 0.34831460674157305, 'explosiveness': 1.8223108533492969}, 'rushingPlays': {'rate': 0.43103448275862066, 'ppa': 0.1414886640508107, 'totalPPA': 17.68608300635134, 'successRate': 0.432, 'explosiveness': 1.076857198993536}, 'passingPlays': {'rate': 0.5448275862068965, 'ppa': -0.03688241904038878, 'totalPPA': -5.827422208381427, 'successRate': 0.4177215189873418, 'explosiveness': 1.2865736295762384}}"
2026,Liberty,Conference USA,"{'plays': 266, 'drives': 46, 'ppa': 0.12380416781207514, 'totalPPA': 32.93190863801199, 'successRate': 0.462406015037594, 'explosiveness': 1.1307237637447787, 'powerSuccess': 0.7619047619047619, 'stuffRate': 0.1125, 'lineYards': 3.32375, 'lineYardsTotal': 532, 'secondLevelYards': 1.25625, 'secondLevelYardsTotal': 201, 'openFieldYards': 1.1875, 'openFieldYardsTotal': 190, 'totalOpportunies': 28, 'pointsPerOpportunity': 3.642857142857143, 'fieldPosition': {'averageStart': 67.2, 'averagePredictedPoints': 1.586}, 'havoc': {'total': 0.147, 'frontSeven': 0.094, 'db': 0.053}, 'standardDowns': {'rate': 0.7180451127819549, 'ppa': 0.07073535311181177, 'successRate': 0.4869109947643979, 'explosiveness': 0.9458010898426747}, 'passingDowns': {'rate': 0.2819548872180451, 'ppa': 0.25895274924874584, 'successRate': 0.4, 'explosiveness': 1.703984052841301}, 'rushingPlays': {'rate': 0.6015037593984962, 'ppa': 0.0012658857896105573, 'totalPPA': 0.20254172633768916, 'successRate': 0.475, 'explosiveness': 0.6892885327241456}, 'passingPlays': {'rate': 0.3684210526315789, 'ppa': 0.381208391860261, 'totalPPA': 37.35842240230558, 'successRate': 0.4489795918367347, 'explosiveness': 1.9205944498658547}}","{'plays': 245, 'drives': 44, 'ppa': 0.039341597869576556, 'totalPPA': 9.638691478046256, 'successRate': 0.3551020408163265, 'explosiveness': 1.385914318599743, 'powerSuccess': 0.7272727272727273, 'stuffRate': 0.21138211382113822, 'lineYards': 3.01869918699187, 'lineYardsTotal': 371, 'secondLevelYards': 1.1382113821138211, 'secondLevelYardsTotal': 140, 'openFieldYards': 1.5853658536585367, 'openFieldYardsTotal': 0, 'totalOpportunies': 21, 'pointsPerOpportunity': 2.857142857142857, 'fieldPosition': {'averageStart': 71.9, 'averagePredictedPoints': -1.284}, 'havoc': {'total': 0.188, 'frontSeven': 0.11, 'db': 0.078}, 'standardDowns': {'rate': 0.6285714285714286, 'ppa': -0.07763893066522272, 'successRate': 0.3961038961038961, 'explosiveness': 1.0101058577672801}, 'passingDowns': {'rate': 0.37142857142857144, 'ppa': 0.23730864615923689, 'totalPPA': 4.491781088576682, 'successRate': 0.2857142857142857, 'explosiveness': 2.267618784398983}, 'rushingPlays': {'rate': 0.5020408163265306, 'ppa': 0.14696741743559086, 'totalPPA': 18.076992344577675, 'successRate': 0.3983739837398374, 'explosiveness': 1.0843202796749742}, 'passingPlays': {'rate': 0.46938775510204084, 'ppa': 0.03905896598762332, 'totalPPA': 4.491781088576682, 'successRate': 0.3217391304347826, 'explosiveness': 1.8040430270069698}}"
2026,Louisiana,Sun Belt,"{'plays': 273, 'drives': 46, 'ppa': 0.1316892008453768, 'totalPPA': 35.951151830787865, 'successRate': 0.4249084249084249, 'explosiveness': 1.1746644646175253, 'powerSuccess': 0.75, 'stuffRate': 0.18292682926829268, 'lineYards': 3.0591463414634146, 'lineYardsTotal': 502, 'secondLevelYards': 1.1646341463414633, 'secondLevelYardsTotal': 191, 'openFieldYards': 1.2926829268292683, 'openFieldYardsTotal': 212, 'totalOpportunies': 29, 'pointsPerOpportunity': 3.793103448275862, 'fieldPosition': {'averageStart': 65.9, 'averagePredictedPoints': 1.717}, 'havoc': {'total': 0.15, 'frontSeven': 0.117, 'db': 0.033}, 'standardDowns': {'rate': 0.663003663003663, 'ppa': 0.10375471623207397, 'successRate': 0.47513812154696133, 'explosiveness': 0.954224257242228}, 'passingDowns': {'rate': 0.336996336996337, 'ppa': 0.18664726296502693, 'successRate': 0.32608695652173914, 'explosiveness': 1.8065930590933774}, 'rushingPlays': {'rate': 0.6007326007326007, 'ppa': 0.15389469530289845, 'totalPPA': 25.238730029675345, 'successRate': 0.42073170731707316, 'explosiveness': 1.1226941523458385}, 'passingPlays': {'rate': 0.37362637362637363, 'ppa': 0.2556337713956702, 'totalPPA': 26.074644682358358, 'successRate': 0.45098039215686275, 'explosiveness': 1.2574599479766448}}","{'plays': 242, 'drives': 45, 'ppa': -0.16642312155664077, 'totalPPA': -40.274395416707065, 'successRate': 0.39669421487603307, 'explosiveness': 0.9843056126444863, 'powerSuccess': 0.46153846153846156, 'stuffRate': 0.24545454545454545, 'lineYards': 2.650909090909091, 'lineYardsTotal': 292, 'secondLevelYards': 0.9090909090909091, 'secondLevelYardsTotal': 100, 'openFieldYards': 0.5363636363636364, 'openFieldYardsTotal': 0, 'totalOpportunies': 11, 'pointsPerOpportunity': 4.454545454545454, 'fieldPosition': {'averageStart': 75.2, 'averagePredictedPoints': -1.015}, 'havoc': {'total': 0.182, 'frontSeven': 0.116, 'db': 0.066}, 'standardDowns': {'rate': 0.6900826446280992, 'ppa': -0.2903519565008821, 'successRate': 0.4491017964071856, 'explosiveness': 0.7007450839964003}, 'passingDowns': {'rate': 0.30991735537190085, 'ppa': 0.10952508425253658, 'totalPPA': 15.290936772306722, 'successRate': 0.28, 'explosiveness': 1.9970217863876507}, 'rushingPlays': {'rate': 0.45454545454545453, 'ppa': -0.305128746119094, 'totalPPA': -33.56416207310034, 'successRate': 0.41818181818181815, 'explosiveness': 0.5042442370128167}, 'passingPlays': {'rate': 0.49586776859504134, 'ppa': 0.12742447310255603, 'totalPPA': 15.290936772306722, 'successRate': 0.4083333333333333, 'explosiveness': 1.4287379524530972}}"
2026,Louisiana Tech,Sun Belt,"{'plays': 193, 'drives': 41, 'ppa': 0.014770417673578454, 'totalPPA': 2.850690611000642, 'successRate': 0.33678756476683935, 'explosiveness': 1.4428676625000247, 'powerSuccess': 0.5, 'stuffRate': 0.2268041237113402, 'lineYards': 2.6484536082474226, 'lineYardsTotal': 257, 'secondLevelYards': 0.8865979381443299, 'secondLevelYardsTotal': 86, 'openFieldYards': 1.0309278350515465, 'openFieldYardsTotal': 100, 'totalOpportunies': 20, 'pointsPerOpportunity': 4.7, 'fieldPosition': {'averageStart': 64.7, 'averagePredictedPoints': 1.805}, 'havoc': {'total': 0.181, 'frontSeven': 0.114, 'db': 0.067}, 'standardDowns': {'rate': 0.6528497409326425, 'ppa': 0.030546997882949244, 'successRate': 0.373015873015873, 'explosiveness': 1.1447411749302407}, 'passingDowns': {'rate': 0.3471502590673575, 'ppa': -0.01489897197389497, 'successRate': 0.26865671641791045, 'explosiveness': 2.221309046710016}, 'rushingPlays': {'rate': 0.5025906735751295, 'ppa': -0.07662968418731542, 'totalPPA': -7.433079366169595, 'successRate': 0.31958762886597936, 'explosiveness': 1.126710551004903}, 'passingPlays': {'rate': 0.47668393782383417, 'ppa': 0.13912474018122054, 'totalPPA': 12.799476096672288, 'successRate': 0.358695652173913, 'explosiveness': 1.7968449437066192}}","{'plays': 219, 'drives': 43, 'ppa': -0.011791548685523416, 'totalPPA': -2.582349162129628, 'successRate': 0.3470319634703196, 'explosiveness': 1.305153941737421, 'powerSuccess': 0.6666666666666666, 'stuffRate': 0.23015873015873015, 'lineYards': 2.0634920634920637, 'lineYardsTotal': 260, 'secondLevelYards': 0.8095238095238095, 'secondLevelYardsTotal': 102, 'openFieldYards': 1.007936507936508, 'openFieldYardsTotal': 0, 'totalOpportunies': 18, 'pointsPerOpportunity': 3.7222222222222223, 'fieldPosition': {'averageStart': 65.3, 'averagePredictedPoints': -1.742}, 'havoc': {'total': 0.242, 'frontSeven': 0.178, 'db': 0.064}, 'standardDowns': {'rate': 0.639269406392694, 'ppa': -0.021227897125229676, 'successRate': 0.4142857142857143, 'explosiveness': 1.0274144955802227}, 'passingDowns': {'rate': 0.3607305936073059, 'ppa': 0.004931094119019323, 'totalPPA': 10.259840950515146, 'successRate': 0.22784810126582278, 'explosiveness': 2.200092157132838}, 'rushingPlays': {'rate': 0.5753424657534246, 'ppa': -0.017067812261719457, 'totalPPA': -2.1505443449766513, 'successRate': 0.3253968253968254, 'explosiveness': 1.0180482251852625}, 'passingPlays': {'rate': 0.3926940639269406, 'ppa': 0.11930047616878076, 'totalPPA': 10.259840950515146, 'successRate': 0.38372093023255816, 'explosiveness': 1.6860728773968117}}"
2026,Louisville,ACC,"{'plays': 270, 'drives': 51, 'ppa': 0.34445752450372485, 'totalPPA': 93.0035316160057, 'successRate': 0.5, 'explosiveness': 1.3529614271567436, 'powerSuccess': 0.7222222222222222, 'stuffRate': 0.19444444444444445, 'lineYards': 2.8090277777777777, 'lineYardsTotal': 405, 'secondLevelYards': 1.1180555555555556, 'secondLevelYardsTotal': 161, 'openFieldYards': 1.9444444444444444, 'openFieldYardsTotal': 280, 'totalOpportunies': 28, 'pointsPerOpportunity': 4.392857142857143, 'fieldPosition': {'averageStart': 69.8, 'averagePredictedPoints': 1.421}, 'havoc': {'total': 0.141, 'frontSeven': 0.111, 'db': 0.03}, 'standardDowns': {'rate': 0.737037037037037, 'ppa': 0.31599442367371744, 'successRate': 0.5628140703517588, 'explosiveness': 1.1550594694380878}, 'passingDowns': {'rate': 0.26296296296296295, 'ppa': 0.42423438457656254, 'successRate': 0.323943661971831, 'explosiveness': 2.316657916917155}, 'rushingPlays': {'rate': 0.5333333333333333, 'ppa': 0.20289077081216875, 'totalPPA': 29.2162709969523, 'successRate': 0.4861111111111111, 'explosiveness': 1.0341208995364022}, 'passingPlays': {'rate': 0.45185185185185184, 'ppa': 0.48671667209206926, 'totalPPA': 59.37943399523245, 'successRate': 0.5163934426229508, 'explosiveness': 1.6625266208486877}}","{'plays': 286, 'drives': 50, 'ppa': 0.10643224212220684, 'totalPPA': 30.43962124695116, 'successRate': 0.4020979020979021, 'explosiveness': 1.2382424769784324, 'powerSuccess': 0.5172413793103449, 'stuffRate': 0.12080536912751678, 'lineYards': 3.0208053691275167, 'lineYardsTotal': 450, 'secondLevelYards': 0.9261744966442953, 'secondLevelYardsTotal': 138, 'openFieldYards': 0.8053691275167785, 'openFieldYardsTotal': 0, 'totalOpportunies': 26, 'pointsPerOpportunity': 3.6153846153846154, 'fieldPosition': {'averageStart': 71.1, 'averagePredictedPoints': -1.268}, 'havoc': {'total': 0.136, 'frontSeven': 0.073, 'db': 0.063}, 'standardDowns': {'rate': 0.7062937062937062, 'ppa': 0.043300076206501385, 'successRate': 0.45544554455445546, 'explosiveness': 1.021085795742425}, 'passingDowns': {'rate': 0.2937062937062937, 'ppa': 0.2582500696814033, 'totalPPA': 47.684855680014515, 'successRate': 0.27380952380952384, 'explosiveness': 2.106869201922461}, 'rushingPlays': {'rate': 0.5209790209790209, 'ppa': -0.014995151111117506, 'totalPPA': -2.234277515556508, 'successRate': 0.42953020134228187, 'explosiveness': 0.7098186655995428}, 'passingPlays': {'rate': 0.4405594405594406, 'ppa': 0.37845123555567073, 'totalPPA': 47.684855680014515, 'successRate': 0.38095238095238093, 'explosiveness': 1.9642713632580089}}"
2026,LSU,SEC,"{'plays': 318, 'drives': 50, 'ppa': 0.23580042020105313, 'totalPPA': 74.9845336239349, 'successRate': 0.4779874213836478, 'explosiveness': 1.2822059615849353, 'powerSuccess': 0.72, 'stuffRate': 0.14772727272727273, 'lineYards': 3.0517045454545455, 'lineYardsTotal': 537, 'secondLevelYards': 1.2045454545454546, 'secondLevelYardsTotal': 212, 'openFieldYards': 1.0340909090909092, 'openFieldYardsTotal': 182, 'totalOpportunies': 33, 'pointsPerOpportunity': 4.0606060606060606, 'fieldPosition': {'averageStart': 65.4, 'averagePredictedPoints': 1.699}, 'havoc': {'total': 0.167, 'frontSeven': 0.088, 'db': 0.079}, 'standardDowns': {'rate': 0.7232704402515723, 'ppa': 0.18167064141191955, 'successRate': 0.508695652173913, 'explosiveness': 1.0669923491897224}, 'passingDowns': {'rate': 0.27672955974842767, 'ppa': 0.37727597839992494, 'successRate': 0.3977272727272727, 'explosiveness': 2.0016343230203604}, 'rushingPlays': {'rate': 0.5534591194968553, 'ppa': 0.1736523463195035, 'totalPPA': 30.562812952232612, 'successRate': 0.4602272727272727, 'explosiveness': 0.9579178473350117}, 'passingPlays': {'rate': 0.42452830188679247, 'ppa': 0.3454479591392507, 'totalPPA': 46.635474483798845, 'successRate': 0.4888888888888889, 'explosiveness': 1.7180766790287063}}","{'plays': 241, 'drives': 52, 'ppa': -0.16589265060639788, 'totalPPA': -39.980128796141884, 'successRate': 0.3029045643153527, 'explosiveness': 1.1840555424357224, 'powerSuccess': 0.7777777777777778, 'stuffRate': 0.24, 'lineYards': 2.2, 'lineYardsTotal': 220, 'secondLevelYards': 0.85, 'secondLevelYardsTotal': 85, 'openFieldYards': 0.36, 'openFieldYardsTotal': 0, 'totalOpportunies': 14, 'pointsPerOpportunity': 3.857142857142857, 'fieldPosition': {'averageStart': 74.3, 'averagePredictedPoints': -1.044}, 'havoc': {'total': 0.224, 'frontSeven': 0.154, 'db': 0.071}, 'standardDowns': {'rate': 0.5975103734439834, 'ppa': -0.16300196198838418, 'successRate': 0.3541666666666667, 'explosiveness': 0.9125077920164568}, 'passingDowns': {'rate': 0.4024896265560166, 'ppa': -0.17018398216303676, 'totalPPA': -24.33164193010959, 'successRate': 0.2268041237113402, 'explosiveness': 1.8135526002258378}, 'rushingPlays': {'rate': 0.4149377593360996, 'ppa': -0.1551750334781107, 'totalPPA': -15.51750334781107, 'successRate': 0.33, 'explosiveness': 0.7269120873524724}, 'passingPlays': {'rate': 0.5601659751037344, 'ppa': -0.18023438466747846, 'totalPPA': -24.33164193010959, 'successRate': 0.2814814814814815, 'explosiveness': 1.5633566696946715}}"
2026,Marshall,Sun Belt,"{'plays': 268, 'drives': 47, 'ppa': 0.0881555190702176, 'totalPPA': 23.625679110818318, 'successRate': 0.417910447761194, 'explosiveness': 1.2122594701835288, 'powerSuccess': 0.6842105263157895, 'stuffRate': 0.2158273381294964, 'lineYards': 3.002158273381295, 'lineYardsTotal': 417, 'secondLevelYards': 1.1151079136690647, 'secondLevelYardsTotal': 155, 'openFieldYards': 0.8561151079136691, 'openFieldYardsTotal': 119, 'totalOpportunies': 29, 'pointsPerOpportunity': 2.5517241379310347, 'fieldPosition': {'averageStart': 73.3, 'averagePredictedPoints': 1.14}, 'havoc': {'total': 0.168, 'frontSeven': 0.119, 'db': 0.049}, 'standardDowns': {'rate': 0.6791044776119403, 'ppa': 0.05824231016769172, 'successRate': 0.5, 'explosiveness': 0.9733627460661404}, 'passingDowns': {'rate': 0.3208955223880597, 'ppa': 0.15146021698021425, 'successRate': 0.2441860465116279, 'explosiveness': 2.2474786080255456}, 'rushingPlays': {'rate': 0.5186567164179104, 'ppa': -0.08601080374109028, 'totalPPA': -11.95550172001155, 'successRate': 0.4172661870503597, 'explosiveness': 0.8509676690337109}, 'passingPlays': {'rate': 0.44776119402985076, 'ppa': 0.36459015102936726, 'totalPPA': 43.75081812352407, 'successRate': 0.425, 'explosiveness': 1.6465424344386865}}","{'plays': 269, 'drives': 42, 'ppa': 0.3322744406018015, 'totalPPA': 89.3818245218846, 'successRate': 0.4721189591078067, 'explosiveness': 1.3217694979067145, 'powerSuccess': 0.8125, 'stuffRate': 0.152, 'lineYards': 3.276, 'lineYardsTotal': 410, 'secondLevelYards': 0.96, 'secondLevelYardsTotal': 120, 'openFieldYards': 1.128, 'openFieldYardsTotal': 0, 'totalOpportunies': 23, 'pointsPerOpportunity': 4.173913043478261, 'fieldPosition': {'averageStart': 71.7, 'averagePredictedPoints': -1.275}, 'havoc': {'total': 0.119, 'frontSeven': 0.067, 'db': 0.052}, 'standardDowns': {'rate': 0.7174721189591078, 'ppa': 0.29283169587755453, 'successRate': 0.5440414507772021, 'explosiveness': 1.0975933286930064}, 'passingDowns': {'rate': 0.2825278810408922, 'ppa': 0.43243825286206017, 'totalPPA': 74.62712835394888, 'successRate': 0.2894736842105263, 'explosiveness': 2.3917012146085024}, 'rushingPlays': {'rate': 0.4646840148698885, 'ppa': 0.11200289723998233, 'totalPPA': 14.000362154997791, 'successRate': 0.472, 'explosiveness': 0.8024056214213793}, 'passingPlays': {'rate': 0.5204460966542751, 'ppa': 0.5330509168139206, 'totalPPA': 74.62712835394888, 'successRate': 0.4714285714285714, 'explosiveness': 1.8187340428990435}}"
2026,Maryland,Big Ten,"{'plays': 294, 'drives': 50, 'ppa': 0.13164390633133394, 'totalPPA': 38.70330846141217, 'successRate': 0.4523809523809524, 'explosiveness': 1.2391446102841337, 'powerSuccess': 0.7142857142857143, 'stuffRate': 0.23387096774193547, 'lineYards': 2.882258064516129, 'lineYardsTotal': 357, 'secondLevelYards': 1.153225806451613, 'secondLevelYardsTotal': 143, 'openFieldYards': 1.2741935483870968, 'openFieldYardsTotal': 158, 'totalOpportunies': 30, 'pointsPerOpportunity': 3.433333333333333, 'fieldPosition': {'averageStart': 70.2, 'averagePredictedPoints': 1.414}, 'havoc': {'total': 0.143, 'frontSeven': 0.085, 'db': 0.058}, 'standardDowns': {'rate': 0.7244897959183674, 'ppa': 0.12081787256750401, 'successRate': 0.5070422535211268, 'explosiveness': 1.0866106382622156}, 'passingDowns': {'rate': 0.2755102040816326, 'ppa': 0.16011236548807187, 'successRate': 0.30864197530864196, 'explosiveness': 1.8980913694188195}, 'rushingPlays': {'rate': 0.4217687074829932, 'ppa': 0.13759165424979247, 'totalPPA': 17.061365126974266, 'successRate': 0.43548387096774194, 'explosiveness': 1.0424044039824663}, 'passingPlays': {'rate': 0.5612244897959183, 'ppa': 0.1288758458313835, 'totalPPA': 21.264514562178277, 'successRate': 0.46060606060606063, 'explosiveness': 1.4004945031851597}}","{'plays': 245, 'drives': 47, 'ppa': 0.02916029016547214, 'totalPPA': 7.144271090540674, 'successRate': 0.3795918367346939, 'explosiveness': 1.2211145537608818, 'powerSuccess': 0.7058823529411765, 'stuffRate': 0.2265625, 'lineYards': 2.33359375, 'lineYardsTotal': 299, 'secondLevelYards': 0.8515625, 'secondLevelYardsTotal': 109, 'openFieldYards': 1.1875, 'openFieldYardsTotal': 0, 'totalOpportunies': 20, 'pointsPerOpportunity': 4.15, 'fieldPosition': {'averageStart': 70.3, 'averagePredictedPoints': -1.354}, 'havoc': {'total': 0.159, 'frontSeven': 0.114, 'db': 0.045}, 'standardDowns': {'rate': 0.6285714285714286, 'ppa': -0.11749520501891095, 'successRate': 0.4155844155844156, 'explosiveness': 0.7941148912909527}, 'passingDowns': {'rate': 0.37142857142857144, 'ppa': 0.27734651278519734, 'totalPPA': 18.64143918893075, 'successRate': 0.31868131868131866, 'explosiveness': 2.163458636453139}, 'rushingPlays': {'rate': 0.5224489795918368, 'ppa': -0.05056447830114573, 'totalPPA': -6.472253222546653, 'successRate': 0.3671875, 'explosiveness': 0.8779473042390601}, 'passingPlays': {'rate': 0.4489795918367347, 'ppa': 0.16946762899027956, 'totalPPA': 18.64143918893075, 'successRate': 0.41818181818181815, 'explosiveness': 1.5717419608810042}}"
2026,Massachusetts,Mid-American,"{'plays': 220, 'drives': 44, 'ppa': 0.279587129633783, 'totalPPA': 61.50916851943226, 'successRate': 0.45, 'explosiveness': 1.2370342543322186, 'powerSuccess': 0.55, 'stuffRate': 0.14074074074074075, 'lineYards': 3.52, 'lineYardsTotal': 475, 'secondLevelYards': 1.3333333333333333, 'secondLevelYardsTotal': 180, 'openFieldYards': 1.4814814814814814, 'openFieldYardsTotal': 200, 'totalOpportunies': 27, 'pointsPerOpportunity': 3.888888888888889, 'fieldPosition': {'averageStart': 65, 'averagePredictedPoints': 1.753}, 'havoc': {'total': 0.095, 'frontSeven': 0.073, 'db': 0.023}, 'standardDowns': {'rate': 0.7136363636363636, 'ppa': 0.25328245679550204, 'successRate': 0.5095541401273885, 'explosiveness': 1.1304543211749272}, 'passingDowns': {'rate': 0.2863636363636364, 'ppa': 0.34514004448473706, 'successRate': 0.30158730158730157, 'explosiveness': 1.6857918676260772}, 'rushingPlays': {'rate': 0.6136363636363636, 'ppa': 0.26653065656494634, 'totalPPA': 35.98163863626775, 'successRate': 0.48148148148148145, 'explosiveness': 1.0223199137366632}, 'passingPlays': {'rate': 0.36818181818181817, 'ppa': 0.36163721778988855, 'totalPPA': 29.292614640980972, 'successRate': 0.4074074074074074, 'explosiveness': 1.671343900036984}}","{'plays': 273, 'drives': 47, 'ppa': -0.1390494892059586, 'totalPPA': -37.9605105532267, 'successRate': 0.3663003663003663, 'explosiveness': 1.0197492021941357, 'powerSuccess': 0.7058823529411765, 'stuffRate': 0.2184873949579832, 'lineYards': 2.5672268907563023, 'lineYardsTotal': 306, 'secondLevelYards': 0.5126050420168067, 'secondLevelYardsTotal': 61, 'openFieldYards': 0.18487394957983194, 'openFieldYardsTotal': 0, 'totalOpportunies': 20, 'pointsPerOpportunity': 1.5, 'fieldPosition': {'averageStart': 75.3, 'averagePredictedPoints': -0.99}, 'havoc': {'total': 0.161, 'frontSeven': 0.088, 'db': 0.073}, 'standardDowns': {'rate': 0.652014652014652, 'ppa': -0.1821422877236919, 'successRate': 0.42134831460674155, 'explosiveness': 0.8032915514354}, 'passingDowns': {'rate': 0.34798534798534797, 'ppa': -0.058307193035889916, 'totalPPA': 6.578236288277157, 'successRate': 0.2631578947368421, 'explosiveness': 1.6691221544703425}, 'rushingPlays': {'rate': 0.4358974358974359, 'ppa': -0.27740409709371533, 'totalPPA': -33.01108755415213, 'successRate': 0.35294117647058826, 'explosiveness': 0.3164424011624143}, 'passingPlays': {'rate': 0.5274725274725275, 'ppa': 0.045682196446369144, 'totalPPA': 6.578236288277157, 'successRate': 0.3888888888888889, 'explosiveness': 1.5306955882952844}}"
2026,Memphis,American Athletic,"{'plays': 254, 'drives': 44, 'ppa': 0.26206601300991084, 'totalPPA': 66.56476730451735, 'successRate': 0.47244094488188976, 'explosiveness': 1.369827052932887, 'powerSuccess': 0.75, 'stuffRate': 0.14788732394366197, 'lineYards': 3.4640845070422537, 'lineYardsTotal': 492, 'secondLevelYards': 1.267605633802817, 'secondLevelYardsTotal': 180, 'openFieldYards': 2.76056338028169, 'openFieldYardsTotal': 392, 'totalOpportunies': 23, 'pointsPerOpportunity': 4.608695652173913, 'fieldPosition': {'averageStart': 76.9, 'averagePredictedPoints': 0.904}, 'havoc': {'total': 0.126, 'frontSeven': 0.067, 'db': 0.059}, 'standardDowns': {'rate': 0.7322834645669292, 'ppa': 0.20423902559118376, 'successRate': 0.5161290322580645, 'explosiveness': 1.0935030114492772}, 'passingDowns': {'rate': 0.2677165354330709, 'ppa': 0.4202398315376054, 'successRate': 0.35294117647058826, 'explosiveness': 2.475123218867327}, 'rushingPlays': {'rate': 0.5590551181102362, 'ppa': 0.181942430606745, 'totalPPA': 25.83582514615779, 'successRate': 0.45774647887323944, 'explosiveness': 1.0084834849834572}, 'passingPlays': {'rate': 0.41338582677165353, 'ppa': 0.5447347650665509, 'totalPPA': 57.19715033198785, 'successRate': 0.5142857142857142, 'explosiveness': 1.8284049778548526}}","{'plays': 275, 'drives': 45, 'ppa': 0.1795247018535912, 'totalPPA': 49.369293009737575, 'successRate': 0.41818181818181815, 'explosiveness': 1.3998643995610853, 'powerSuccess': 0.8421052631578947, 'stuffRate': 0.12686567164179105, 'lineYards': 3.388805970149254, 'lineYardsTotal': 454, 'secondLevelYards': 1.2462686567164178, 'secondLevelYardsTotal': 167, 'openFieldYards': 1.8582089552238805, 'openFieldYardsTotal': 0, 'totalOpportunies': 25, 'pointsPerOpportunity': 3.6, 'fieldPosition': {'averageStart': 73.6, 'averagePredictedPoints': -1.118}, 'havoc': {'total': 0.149, 'frontSeven': 0.091, 'db': 0.058}, 'standardDowns': {'rate': 0.6509090909090909, 'ppa': 0.21719107357373996, 'successRate': 0.5027932960893855, 'explosiveness': 1.1275528978988123}, 'passingDowns': {'rate': 0.3490909090909091, 'ppa': 0.10929261291706381, 'totalPPA': 15.379386705090486, 'successRate': 0.2604166666666667, 'explosiveness': 2.3801858055452683}, 'rushingPlays': {'rate': 0.48727272727272725, 'ppa': 0.2897168242052636, 'totalPPA': 38.82205444350532, 'successRate': 0.4626865671641791, 'explosiveness': 1.1035081180093922}, 'passingPlays': {'rate': 0.48727272727272725, 'ppa': 0.11477154257530213, 'totalPPA': 15.379386705090486, 'successRate': 0.3880597014925373, 'explosiveness': 1.7087983292766318}}"
2026,Miami,ACC,"{'plays': 280, 'drives': 48, 'ppa': 0.44156994541832745, 'totalPPA': 123.63958471713168, 'successRate': 0.5714285714285714, 'explosiveness': 1.277780756396218, 'powerSuccess': 0.8125, 'stuffRate': 0.12056737588652482, 'lineYards': 3.8872340425531915, 'lineYardsTotal': 548, 'secondLevelYards': 1.5602836879432624, 'secondLevelYardsTotal': 220, 'openFieldYards': 2.141843971631206, 'openFieldYardsTotal': 302, 'totalOpportunies': 35, 'pointsPerOpportunity': 5.057142857142857, 'fieldPosition': {'averageStart': 70, 'averagePredictedPoints': 1.454}, 'havoc': {'total': 0.068, 'frontSeven': 0.046, 'db': 0.021}, 'standardDowns': {'rate': 0.7714285714285715, 'ppa': 0.49542796402655837, 'successRate': 0.6296296296296297, 'explosiveness': 1.2257584262954888}, 'passingDowns': {'rate': 0.22857142857142856, 'ppa': 0.25979913261554805, 'successRate': 0.375, 'explosiveness': 1.5725739603003501}, 'rushingPlays': {'rate': 0.5035714285714286, 'ppa': 0.12250873641708866, 'totalPPA': 17.2737318348095, 'successRate': 0.5106382978723404, 'explosiveness': 0.9818702245993486}, 'passingPlays': {'rate': 0.4642857142857143, 'ppa': 0.8392143611358868, 'totalPPA': 109.09786694766527, 'successRate': 0.6538461538461539, 'explosiveness': 1.4894696028952372}}","{'plays': 228, 'drives': 45, 'ppa': -0.048722737763452616, 'totalPPA': -11.108784210067197, 'successRate': 0.32456140350877194, 'explosiveness': 1.148798300609516, 'powerSuccess': 0.5714285714285714, 'stuffRate': 0.2702702702702703, 'lineYards': 2.152702702702703, 'lineYardsTotal': 159, 'secondLevelYards': 0.5675675675675675, 'secondLevelYardsTotal': 42, 'openFieldYards': 0.2702702702702703, 'openFieldYardsTotal': 0, 'totalOpportunies': 13, 'pointsPerOpportunity': 2.3076923076923075, 'fieldPosition': {'averageStart': 76, 'averagePredictedPoints': -0.912}, 'havoc': {'total': 0.162, 'frontSeven': 0.096, 'db': 0.066}, 'standardDowns': {'rate': 0.6359649122807017, 'ppa': -0.09258554485502384, 'successRate': 0.3793103448275862, 'explosiveness': 0.939522868288066}, 'passingDowns': {'rate': 0.36403508771929827, 'ppa': 0.027905057757966985, 'totalPPA': 3.5041074261538347, 'successRate': 0.2289156626506024, 'explosiveness': 1.7545956046979236}, 'rushingPlays': {'rate': 0.32456140350877194, 'ppa': -0.15789740049401807, 'totalPPA': -11.684407636557337, 'successRate': 0.25675675675675674, 'explosiveness': 0.7188376020469512}, 'passingPlays': {'rate': 0.6535087719298246, 'ppa': 0.023517499504388154, 'totalPPA': 3.5041074261538347, 'successRate': 0.3624161073825503, 'explosiveness': 1.302977825911944}}"
2026,Miami (OH),Mid-American,"{'plays': 235, 'drives': 41, 'ppa': 0.23921339945641054, 'totalPPA': 56.21514887225648, 'successRate': 0.4297872340425532, 'explosiveness': 1.4261825887036175, 'powerSuccess': 0.6666666666666666, 'stuffRate': 0.21238938053097345, 'lineYards': 2.870796460176991, 'lineYardsTotal': 324, 'secondLevelYards': 0.911504424778761, 'secondLevelYardsTotal': 103, 'openFieldYards': 0.9646017699115044, 'openFieldYardsTotal': 109, 'totalOpportunies': 22, 'pointsPerOpportunity': 3.909090909090909, 'fieldPosition': {'averageStart': 71, 'averagePredictedPoints': 1.356}, 'havoc': {'total': 0.149, 'frontSeven': 0.111, 'db': 0.038}, 'standardDowns': {'rate': 0.6893617021276596, 'ppa': 0.23115468967989714, 'successRate': 0.4876543209876543, 'explosiveness': 1.2656076208492897}, 'passingDowns': {'rate': 0.31063829787234043, 'ppa': 0.2570971115631937, 'successRate': 0.3013698630136986, 'explosiveness': 2.002792700544158}, 'rushingPlays': {'rate': 0.4808510638297872, 'ppa': 0.017190368718824133, 'totalPPA': 1.942511665227127, 'successRate': 0.3893805309734513, 'explosiveness': 0.8767125059577132}, 'passingPlays': {'rate': 0.4808510638297872, 'ppa': 0.619470223184846, 'totalPPA': 70.0001352198876, 'successRate': 0.48672566371681414, 'explosiveness': 1.8674742989564517}}","{'plays': 260, 'drives': 44, 'ppa': 0.17912977666654456, 'totalPPA': 46.573741933301584, 'successRate': 0.45, 'explosiveness': 1.3157571806365698, 'powerSuccess': 0.7777777777777778, 'stuffRate': 0.2169811320754717, 'lineYards': 2.860377358490566, 'lineYardsTotal': 303, 'secondLevelYards': 1.0566037735849056, 'secondLevelYardsTotal': 112, 'openFieldYards': 1.339622641509434, 'openFieldYardsTotal': 0, 'totalOpportunies': 20, 'pointsPerOpportunity': 4.7, 'fieldPosition': {'averageStart': 72.5, 'averagePredictedPoints': -1.201}, 'havoc': {'total': 0.104, 'frontSeven': 0.065, 'db': 0.038}, 'standardDowns': {'rate': 0.65, 'ppa': 0.16473438006051047, 'successRate': 0.5088757396449705, 'explosiveness': 1.0765258287695554}, 'passingDowns': {'rate': 0.35, 'ppa': 0.20586408464917932, 'totalPPA': 54.66498597443975, 'successRate': 0.34065934065934067, 'explosiveness': 1.9794312535579646}, 'rushingPlays': {'rate': 0.4076923076923077, 'ppa': 0.06498779577936031, 'totalPPA': 6.888706352612194, 'successRate': 0.42452830188679247, 'explosiveness': 0.9849440804861967}, 'passingPlays': {'rate': 0.5653846153846154, 'ppa': 0.3718706528873452, 'totalPPA': 54.66498597443975, 'successRate': 0.48299319727891155, 'explosiveness': 1.5286694084693089}}"
2026,Michigan,Big Ten,"{'plays': 246, 'drives': 41, 'ppa': 0.16421526546038462, 'totalPPA': 40.396955303254614, 'successRate': 0.4349593495934959, 'explosiveness': 1.173524584863374, 'powerSuccess': 0.75, 'stuffRate': 0.1267605633802817, 'lineYards': 3.1704225352112676, 'lineYardsTotal': 450, 'secondLevelYards': 0.795774647887324, 'secondLevelYardsTotal': 113, 'openFieldYards': 0.4647887323943662, 'openFieldYardsTotal': 66, 'totalOpportunies': 25, 'pointsPerOpportunity': 3.28, 'fieldPosition': {'averageStart': 74.1, 'averagePredictedPoints': 1.216}, 'havoc': {'total': 0.134, 'frontSeven': 0.073, 'db': 0.061}, 'standardDowns': {'rate': 0.7235772357723578, 'ppa': 0.027492722360125562, 'successRate': 0.449438202247191, 'explosiveness': 0.8877314150096849}, 'passingDowns': {'rate': 0.2764227642276423, 'ppa': 0.5221066282816509, 'successRate': 0.39705882352941174, 'explosiveness': 2.0203191622076377}, 'rushingPlays': {'rate': 0.5772357723577236, 'ppa': 0.03369228319293551, 'totalPPA': 4.784304213396843, 'successRate': 0.4014084507042254, 'explosiveness': 0.780547431609023}, 'passingPlays': {'rate': 0.4024390243902439, 'ppa': 0.43304534028110386, 'totalPPA': 42.87148868782928, 'successRate': 0.494949494949495, 'explosiveness': 1.6339926573398031}}","{'plays': 241, 'drives': 43, 'ppa': -0.0898447710039574, 'totalPPA': -21.65258981195373, 'successRate': 0.3112033195020747, 'explosiveness': 1.1999127964530778, 'powerSuccess': 0.7142857142857143, 'stuffRate': 0.2231404958677686, 'lineYards': 2.628099173553719, 'lineYardsTotal': 318, 'secondLevelYards': 0.8016528925619835, 'secondLevelYardsTotal': 97, 'openFieldYards': 0.19834710743801653, 'openFieldYardsTotal': 0, 'totalOpportunies': 19, 'pointsPerOpportunity': 2.0526315789473686, 'fieldPosition': {'averageStart': 71.9, 'averagePredictedPoints': -1.299}, 'havoc': {'total': 0.178, 'frontSeven': 0.137, 'db': 0.041}, 'standardDowns': {'rate': 0.6265560165975104, 'ppa': -0.07150646305598704, 'successRate': 0.37748344370860926, 'explosiveness': 1.0238036877290262}, 'passingDowns': {'rate': 0.37344398340248963, 'ppa': -0.12061237656110765, 'totalPPA': -7.20447317914687, 'successRate': 0.2, 'explosiveness': 1.7575916407459078}, 'rushingPlays': {'rate': 0.5020746887966805, 'ppa': -0.1332457138363419, 'totalPPA': -16.12273137419737, 'successRate': 0.3140495867768595, 'explosiveness': 0.7284112492588152}, 'passingPlays': {'rate': 0.46887966804979253, 'ppa': -0.06375639981545903, 'totalPPA': -7.20447317914687, 'successRate': 0.30973451327433627, 'explosiveness': 1.683720016885154}}"
2026,Michigan State,Big Ten,"{'plays': 266, 'drives': 39, 'ppa': 0.03292696477630217, 'totalPPA': 8.758572630496378, 'successRate': 0.44360902255639095, 'explosiveness': 1.0821258780858587, 'powerSuccess': 0.7142857142857143, 'stuffRate': 0.20422535211267606, 'lineYards': 2.9225352112676055, 'lineYardsTotal': 415, 'secondLevelYards': 0.9014084507042254, 'secondLevelYardsTotal': 128, 'openFieldYards': 0.6197183098591549, 'openFieldYardsTotal': 88, 'totalOpportunies': 26, 'pointsPerOpportunity': 3.3461538461538463, 'fieldPosition': {'averageStart': 68.3, 'averagePredictedPoints': 1.513}, 'havoc': {'total': 0.192, 'frontSeven': 0.128, 'db': 0.064}, 'standardDowns': {'rate': 0.7293233082706767, 'ppa': 0.028885436698828985, 'successRate': 0.5051546391752577, 'explosiveness': 0.9233635904212795}, 'passingDowns': {'rate': 0.2706766917293233, 'ppa': 0.04381663765171603, 'successRate': 0.2777777777777778, 'explosiveness': 1.8600610876422965}, 'rushingPlays': {'rate': 0.5338345864661654, 'ppa': -0.008178779873345352, 'totalPPA': -1.1613867420150399, 'successRate': 0.4154929577464789, 'explosiveness': 0.8484217293604264}, 'passingPlays': {'rate': 0.43609022556390975, 'ppa': 0.1551212110627768, 'totalPPA': 17.99406048328211, 'successRate': 0.4827586206896552, 'explosiveness': 1.3466390837040667}}","{'plays': 232, 'drives': 39, 'ppa': 0.15123228108672218, 'totalPPA': 35.08588921211955, 'successRate': 0.4267241379310345, 'explosiveness': 1.2341667069367308, 'powerSuccess': 0.631578947368421, 'stuffRate': 0.2601626016260163, 'lineYards': 2.759349593495935, 'lineYardsTotal': 339, 'secondLevelYards': 1.008130081300813, 'secondLevelYardsTotal': 124, 'openFieldYards': 1.008130081300813, 'openFieldYardsTotal': 0, 'totalOpportunies': 20, 'pointsPerOpportunity': 3.6, 'fieldPosition': {'averageStart': 72.3, 'averagePredictedPoints': -1.223}, 'havoc': {'total': 0.151, 'frontSeven': 0.095, 'db': 0.056}, 'standardDowns': {'rate': 0.6853448275862069, 'ppa': 0.04674287120573829, 'successRate': 0.48427672955974843, 'explosiveness': 0.9690994215052445}, 'passingDowns': {'rate': 0.3146551724137931, 'ppa': 0.37881880397818024, 'totalPPA': 21.816812018162896, 'successRate': 0.3013698630136986, 'explosiveness': 2.161902205946933}, 'rushingPlays': {'rate': 0.5301724137931034, 'ppa': 0.059585123731931616, 'totalPPA': 7.328970219027589, 'successRate': 0.45528455284552843, 'explosiveness': 0.8536222367528452}, 'passingPlays': {'rate': 0.44396551724137934, 'ppa': 0.21181370891420287, 'totalPPA': 21.816812018162896, 'successRate': 0.3786407766990291, 'explosiveness': 1.7233580905384878}}"
2026,Middle Tennessee,Conference USA,"{'plays': 247, 'drives': 38, 'ppa': 0.19766982808572664, 'totalPPA': 48.82444753717448, 'successRate': 0.4251012145748988, 'explosiveness': 1.1708755822401458, 'powerSuccess': 0.7333333333333333, 'stuffRate': 0.13333333333333333, 'lineYards': 3.497142857142857, 'lineYardsTotal': 367, 'secondLevelYards': 1.4285714285714286, 'secondLevelYardsTotal': 150, 'openFieldYards': 1, 'openFieldYardsTotal': 105, 'totalOpportunies': 22, 'pointsPerOpportunity': 4.181818181818182, 'fieldPosition': {'averageStart': 72.7, 'averagePredictedPoints': 1.217}, 'havoc': {'total': 0.113, 'frontSeven': 0.053, 'db': 0.061}, 'standardDowns': {'rate': 0.680161943319838, 'ppa': 0.18707603663605027, 'successRate': 0.49404761904761907, 'explosiveness': 0.9690323542052103}, 'passingDowns': {'rate': 0.31983805668016196, 'ppa': 0.2201983972445321, 'successRate': 0.27848101265822783, 'explosiveness': 1.9323750334628573}, 'rushingPlays': {'rate': 0.4251012145748988, 'ppa': 0.16465819502823664, 'totalPPA': 17.289110477964847, 'successRate': 0.44761904761904764, 'explosiveness': 0.8804191572891243}, 'passingPlays': {'rate': 0.5465587044534413, 'ppa': 0.2393480496181623, 'totalPPA': 32.31198669845191, 'successRate': 0.4148148148148148, 'explosiveness': 1.4329121766626332}}","{'plays': 239, 'drives': 41, 'ppa': 0.10102003731084272, 'totalPPA': 24.14378891729141, 'successRate': 0.45188284518828453, 'explosiveness': 1.1198683826265927, 'powerSuccess': 0.7241379310344828, 'stuffRate': 0.17647058823529413, 'lineYards': 3.0926470588235295, 'lineYardsTotal': 421, 'secondLevelYards': 1.1617647058823528, 'secondLevelYardsTotal': 158, 'openFieldYards': 0.9779411764705882, 'openFieldYardsTotal': 0, 'totalOpportunies': 24, 'pointsPerOpportunity': 2.6666666666666665, 'fieldPosition': {'averageStart': 73.9, 'averagePredictedPoints': -1.081}, 'havoc': {'total': 0.117, 'frontSeven': 0.071, 'db': 0.046}, 'standardDowns': {'rate': 0.7447698744769874, 'ppa': 0.04358031298125169, 'successRate': 0.5112359550561798, 'explosiveness': 1.0318853249581261}, 'passingDowns': {'rate': 0.25523012552301255, 'ppa': 0.2686310361742395, 'totalPPA': 18.007541290512336, 'successRate': 0.2786885245901639, 'explosiveness': 1.5908365148519137}, 'rushingPlays': {'rate': 0.5690376569037657, 'ppa': 0.04992825310539169, 'totalPPA': 6.79024242233327, 'successRate': 0.4632352941176471, 'explosiveness': 1.0084674675184209}, 'passingPlays': {'rate': 0.40585774058577406, 'ppa': 0.1856447555722921, 'totalPPA': 18.007541290512336, 'successRate': 0.4536082474226804, 'explosiveness': 1.2997933156576986}}"
2026,Minnesota,Big Ten,"{'plays': 266, 'drives': 46, 'ppa': 0.12894365985150955, 'totalPPA': 34.29901352050154, 'successRate': 0.4699248120300752, 'explosiveness': 1.0915976846870952, 'powerSuccess': 0.64, 'stuffRate': 0.2413793103448276, 'lineYards': 2.4982758620689656, 'lineYardsTotal': 290, 'secondLevelYards': 0.8275862068965517, 'secondLevelYardsTotal': 96, 'openFieldYards': 1.353448275862069, 'openFieldYardsTotal': 157, 'totalOpportunies': 32, 'pointsPerOpportunity': 3.5, 'fieldPosition': {'averageStart': 63.6, 'averagePredictedPoints': 1.864}, 'havoc': {'total': 0.143, 'frontSeven': 0.094, 'db': 0.049}, 'standardDowns': {'rate': 0.7255639097744361, 'ppa': 0.16338125553818975, 'successRate': 0.5595854922279793, 'explosiveness': 0.9439301573576377}, 'passingDowns': {'rate': 0.2744360902255639, 'ppa': 0.037896317830560536, 'successRate': 0.2328767123287671, 'explosiveness': 2.029720799486002}, 'rushingPlays': {'rate': 0.43609022556390975, 'ppa': 0.022852685093472002, 'totalPPA': 2.650911470842752, 'successRate': 0.47413793103448276, 'explosiveness': 0.7468447712125819}, 'passingPlays': {'rate': 0.5338345864661654, 'ppa': 0.2730409515551153, 'totalPPA': 38.771815120826375, 'successRate': 0.4788732394366197, 'explosiveness': 1.3548227934178376}}","{'plays': 230, 'drives': 48, 'ppa': 0.041217842595023924, 'totalPPA': 9.480103796855502, 'successRate': 0.3695652173913043, 'explosiveness': 1.204534550102037, 'powerSuccess': 0.5714285714285714, 'stuffRate': 0.2702702702702703, 'lineYards': 2.68018018018018, 'lineYardsTotal': 298, 'secondLevelYards': 1.009009009009009, 'secondLevelYardsTotal': 112, 'openFieldYards': 0.5765765765765766, 'openFieldYardsTotal': 0, 'totalOpportunies': 17, 'pointsPerOpportunity': 4.470588235294118, 'fieldPosition': {'averageStart': 78.8, 'averagePredictedPoints': -0.809}, 'havoc': {'total': 0.237, 'frontSeven': 0.172, 'db': 0.065}, 'standardDowns': {'rate': 0.6521739130434783, 'ppa': -0.04579026791288488, 'successRate': 0.42, 'explosiveness': 1.023996940217311}, 'passingDowns': {'rate': 0.34782608695652173, 'ppa': 0.20435804979735292, 'totalPPA': 20.01868735454449, 'successRate': 0.275, 'explosiveness': 1.7215286147719338}, 'rushingPlays': {'rate': 0.4826086956521739, 'ppa': 0.07446643521876557, 'totalPPA': 8.26577430928298, 'successRate': 0.38738738738738737, 'explosiveness': 0.8701496422180272}, 'passingPlays': {'rate': 0.4826086956521739, 'ppa': 0.18034853472562604, 'totalPPA': 20.01868735454449, 'successRate': 0.36936936936936937, 'explosiveness': 1.5427207463017365}}"
2026,Mississippi State,SEC,"{'plays': 289, 'drives': 47, 'ppa': 0.38327121073382314, 'totalPPA': 110.7653799020749, 'successRate': 0.5121107266435986, 'explosiveness': 1.3196692356478494, 'powerSuccess': 0.8235294117647058, 'stuffRate': 0.20134228187919462, 'lineYards': 3.344295302013423, 'lineYardsTotal': 498, 'secondLevelYards': 1.3758389261744965, 'secondLevelYardsTotal': 205, 'openFieldYards': 1.7248322147651007, 'openFieldYardsTotal': 257, 'totalOpportunies': 31, 'pointsPerOpportunity': 4.645161290322581, 'fieldPosition': {'averageStart': 71.8, 'averagePredictedPoints': 1.312}, 'havoc': {'total': 0.119, 'frontSeven': 0.067, 'db': 0.052}, 'standardDowns': {'rate': 0.7197231833910035, 'ppa': 0.2679605139345142, 'successRate': 0.5432692307692307, 'explosiveness': 1.0582215235457884}, 'passingDowns': {'rate': 0.28027681660899656, 'ppa': 0.6793776914036537, 'successRate': 0.43209876543209874, 'explosiveness': 2.163771849005933}, 'rushingPlays': {'rate': 0.5155709342560554, 'ppa': 0.32735011531607444, 'totalPPA': 48.77516718209509, 'successRate': 0.5436241610738255, 'explosiveness': 1.0167038735275178}, 'passingPlays': {'rate': 0.46366782006920415, 'ppa': 0.5313872024067126, 'totalPPA': 71.20588512249948, 'successRate': 0.5, 'explosiveness': 1.6859407928381012}}","{'plays': 292, 'drives': 46, 'ppa': 0.018123058367995153, 'totalPPA': 5.291933043454584, 'successRate': 0.3732876712328767, 'explosiveness': 1.1429895601280653, 'powerSuccess': 0.6, 'stuffRate': 0.15833333333333333, 'lineYards': 2.910833333333333, 'lineYardsTotal': 349, 'secondLevelYards': 0.725, 'secondLevelYardsTotal': 87, 'openFieldYards': 0.375, 'openFieldYardsTotal': 0, 'totalOpportunies': 24, 'pointsPerOpportunity': 3.1666666666666665, 'fieldPosition': {'averageStart': 72, 'averagePredictedPoints': -1.188}, 'havoc': {'total': 0.182, 'frontSeven': 0.082, 'db': 0.099}, 'standardDowns': {'rate': 0.7054794520547946, 'ppa': 0.01797553604712645, 'successRate': 0.4368932038834951, 'explosiveness': 0.982841636294003}, 'passingDowns': {'rate': 0.2945205479452055, 'ppa': 0.018476425787750418, 'totalPPA': 11.083112882316975, 'successRate': 0.22093023255813954, 'explosiveness': 1.9015849888157292}, 'rushingPlays': {'rate': 0.410958904109589, 'ppa': -0.007776118450323088, 'totalPPA': -0.9331342140387706, 'successRate': 0.35833333333333334, 'explosiveness': 0.7203846971849742}, 'passingPlays': {'rate': 0.565068493150685, 'ppa': 0.06717038110495135, 'totalPPA': 11.083112882316975, 'successRate': 0.3878787878787879, 'explosiveness': 1.4410298566317008}}"
2026,Missouri,SEC,"{'plays': 280, 'drives': 51, 'ppa': 0.1991046920861861, 'totalPPA': 55.74931378413211, 'successRate': 0.4357142857142857, 'explosiveness': 1.237778594341354, 'powerSuccess': 0.6923076923076923, 'stuffRate': 0.1724137931034483, 'lineYards': 3.099310344827586, 'lineYardsTotal': 449, 'secondLevelYards': 0.9655172413793104, 'secondLevelYardsTotal': 140, 'openFieldYards': 0.696551724137931, 'openFieldYardsTotal': 101, 'totalOpportunies': 36, 'pointsPerOpportunity': 3.7222222222222223, 'fieldPosition': {'averageStart': 61.5, 'averagePredictedPoints': 1.938}, 'havoc': {'total': 0.168, 'frontSeven': 0.086, 'db': 0.082}, 'standardDowns': {'rate': 0.6857142857142857, 'ppa': 0.145778473391243, 'successRate': 0.484375, 'explosiveness': 0.9384154909585949}, 'passingDowns': {'rate': 0.3142857142857143, 'ppa': 0.31545280560242567, 'successRate': 0.32954545454545453, 'explosiveness': 2.1978050982929602}, 'rushingPlays': {'rate': 0.5178571428571429, 'ppa': 0.04225569142378924, 'totalPPA': 6.127075256449439, 'successRate': 0.4, 'explosiveness': 0.7675033076981956}, 'passingPlays': {'rate': 0.4392857142857143, 'ppa': 0.4585039902024398, 'totalPPA': 56.395990794900094, 'successRate': 0.4715447154471545, 'explosiveness': 1.672254801055907}}","{'plays': 271, 'drives': 49, 'ppa': -0.003716788643732836, 'totalPPA': -1.0072497224515986, 'successRate': 0.35424354243542433, 'explosiveness': 1.412475978969476, 'powerSuccess': 0.8666666666666667, 'stuffRate': 0.24444444444444444, 'lineYards': 2.4814814814814814, 'lineYardsTotal': 335, 'secondLevelYards': 0.9851851851851852, 'secondLevelYardsTotal': 133, 'openFieldYards': 0.6888888888888889, 'openFieldYardsTotal': 0, 'totalOpportunies': 19, 'pointsPerOpportunity': 3.263157894736842, 'fieldPosition': {'averageStart': 76.2, 'averagePredictedPoints': -0.939}, 'havoc': {'total': 0.221, 'frontSeven': 0.133, 'db': 0.089}, 'standardDowns': {'rate': 0.6088560885608856, 'ppa': -0.07025559298018387, 'successRate': 0.4, 'explosiveness': 1.0696611671281966}, 'passingDowns': {'rate': 0.39114391143911437, 'ppa': 0.09985776527621452, 'totalPPA': 9.352939061250892, 'successRate': 0.2830188679245283, 'explosiveness': 2.1666685650202915}, 'rushingPlays': {'rate': 0.4981549815498155, 'ppa': -0.0015949657878633122, 'totalPPA': -0.21532038136154713, 'successRate': 0.362962962962963, 'explosiveness': 1.073590810524549}, 'passingPlays': {'rate': 0.4833948339483395, 'ppa': 0.0713964813835946, 'totalPPA': 9.352939061250892, 'successRate': 0.3511450381679389, 'explosiveness': 1.696361127361421}}"
2026,Missouri State,Conference USA,"{'plays': 247, 'drives': 42, 'ppa': 0.10104536714618226, 'totalPPA': 24.958205685107018, 'successRate': 0.4008097165991903, 'explosiveness': 1.2292095221793706, 'powerSuccess': 0.7142857142857143, 'stuffRate': 0.16030534351145037, 'lineYards': 2.9938931297709925, 'lineYardsTotal': 392, 'secondLevelYards': 0.9541984732824428, 'secondLevelYardsTotal': 125, 'openFieldYards': 0.8625954198473282, 'openFieldYardsTotal': 113, 'totalOpportunies': 19, 'pointsPerOpportunity': 4.368421052631579, 'fieldPosition': {'averageStart': 73.6, 'averagePredictedPoints': 1.111}, 'havoc': {'total': 0.166, 'frontSeven': 0.113, 'db': 0.053}, 'standardDowns': {'rate': 0.6882591093117408, 'ppa': 0.11171099746306722, 'successRate': 0.49411764705882355, 'explosiveness': 1.0025119532560882}, 'passingDowns': {'rate': 0.3117408906882591, 'ppa': 0.0774978716413713, 'successRate': 0.19480519480519481, 'explosiveness': 2.4987159081497525}, 'rushingPlays': {'rate': 0.5303643724696356, 'ppa': 0.0234876748222502, 'totalPPA': 3.076885401714776, 'successRate': 0.44274809160305345, 'explosiveness': 0.856863787612316}, 'passingPlays': {'rate': 0.4574898785425101, 'ppa': 0.22850232843906754, 'totalPPA': 25.820763113614632, 'successRate': 0.36283185840707965, 'explosiveness': 1.755942512542521}}","{'plays': 296, 'drives': 45, 'ppa': 0.22746053974840863, 'totalPPA': 67.32831976552896, 'successRate': 0.5168918918918919, 'explosiveness': 1.0234936916528945, 'powerSuccess': 0.8695652173913043, 'stuffRate': 0.15950920245398773, 'lineYards': 3.3319018404907976, 'lineYardsTotal': 543, 'secondLevelYards': 1.245398773006135, 'secondLevelYardsTotal': 203, 'openFieldYards': 1.165644171779141, 'openFieldYardsTotal': 0, 'totalOpportunies': 32, 'pointsPerOpportunity': 3.96875, 'fieldPosition': {'averageStart': 67.4, 'averagePredictedPoints': -1.574}, 'havoc': {'total': 0.149, 'frontSeven': 0.088, 'db': 0.061}, 'standardDowns': {'rate': 0.7094594594594594, 'ppa': 0.22022996668636663, 'successRate': 0.580952380952381, 'explosiveness': 0.8328383842891196}, 'passingDowns': {'rate': 0.2905405405405405, 'ppa': 0.24511659024874374, 'totalPPA': 47.38892803919398, 'successRate': 0.36046511627906974, 'explosiveness': 1.7738145786974273}, 'rushingPlays': {'rate': 0.5506756756756757, 'ppa': 0.10666954005046783, 'totalPPA': 17.387135028226258, 'successRate': 0.50920245398773, 'explosiveness': 0.6708759507956175}, 'passingPlays': {'rate': 0.4189189189189189, 'ppa': 0.38216877450962883, 'totalPPA': 47.38892803919398, 'successRate': 0.5080645161290323, 'explosiveness': 1.4870150212426498}}"
2026,Navy,American Athletic,"{'plays': 207, 'drives': 32, 'ppa': 0.21122821507763168, 'totalPPA': 43.72424052106976, 'successRate': 0.5120772946859904, 'explosiveness': 1.1414943049502273, 'powerSuccess': 0.9565217391304348, 'stuffRate': 0.09937888198757763, 'lineYards': 3.8248447204968943, 'lineYardsTotal': 616, 'secondLevelYards': 1.360248447204969, 'secondLevelYardsTotal': 219, 'openFieldYards': 1.763975155279503, 'openFieldYardsTotal': 284, 'totalOpportunies': 16, 'pointsPerOpportunity': 4.75, 'fieldPosition': {'averageStart': 72.7, 'averagePredictedPoints': 1.2}, 'havoc': {'total': 0.164, 'frontSeven': 0.116, 'db': 0.048}, 'standardDowns': {'rate': 0.714975845410628, 'ppa': 0.24789299165655712, 'successRate': 0.6148648648648649, 'explosiveness': 0.9879090435246363}, 'passingDowns': {'rate': 0.28502415458937197, 'ppa': 0.11925555518473396, 'successRate': 0.2542372881355932, 'explosiveness': 2.0732448909321453}, 'rushingPlays': {'rate': 0.7777777777777778, 'ppa': 0.3385865455184876, 'totalPPA': 54.5124338284765, 'successRate': 0.577639751552795, 'explosiveness': 1.0497371215035507}, 'passingPlays': {'rate': 0.2222222222222222, 'ppa': -0.234525941465364, 'totalPPA': -10.788193307406745, 'successRate': 0.2826086956521739, 'explosiveness': 1.7979110788379902}}","{'plays': 179, 'drives': 32, 'ppa': 0.15764720639581536, 'totalPPA': 28.21884994485095, 'successRate': 0.39106145251396646, 'explosiveness': 1.4071072187745968, 'powerSuccess': 0.8888888888888888, 'stuffRate': 0.20689655172413793, 'lineYards': 2.711494252873563, 'lineYardsTotal': 236, 'secondLevelYards': 0.6091954022988506, 'secondLevelYardsTotal': 53, 'openFieldYards': 0.47126436781609193, 'openFieldYardsTotal': 0, 'totalOpportunies': 14, 'pointsPerOpportunity': 3.4285714285714284, 'fieldPosition': {'averageStart': 68.2, 'averagePredictedPoints': -1.561}, 'havoc': {'total': 0.145, 'frontSeven': 0.117, 'db': 0.028}, 'standardDowns': {'rate': 0.6424581005586593, 'ppa': -0.07155878122010224, 'successRate': 0.41739130434782606, 'explosiveness': 0.9292285748026416}, 'passingDowns': {'rate': 0.3575418994413408, 'ppa': 0.5695017153931673, 'totalPPA': 34.84906762831874, 'successRate': 0.34375, 'explosiveness': 2.449751532895226}, 'rushingPlays': {'rate': 0.4860335195530726, 'ppa': -0.019874250370383633, 'totalPPA': -1.729059782223376, 'successRate': 0.3333333333333333, 'explosiveness': 0.8987664535437042}, 'passingPlays': {'rate': 0.45251396648044695, 'ppa': 0.43023540281874995, 'totalPPA': 34.84906762831874, 'successRate': 0.48148148148148145, 'explosiveness': 1.7754567608593763}}"
2026,NC State,ACC,"{'plays': 281, 'drives': 49, 'ppa': 0.2211360632310617, 'totalPPA': 62.13923376792833, 'successRate': 0.4875444839857651, 'explosiveness': 1.2088715818008906, 'powerSuccess': 0.84, 'stuffRate': 0.14864864864864866, 'lineYards': 3.2945945945945945, 'lineYardsTotal': 488, 'secondLevelYards': 1.1081081081081081, 'secondLevelYardsTotal': 164, 'openFieldYards': 2.006756756756757, 'openFieldYardsTotal': 297, 'totalOpportunies': 28, 'pointsPerOpportunity': 4.678571428571429, 'fieldPosition': {'averageStart': 70.9, 'averagePredictedPoints': 1.35}, 'havoc': {'total': 0.157, 'frontSeven': 0.093, 'db': 0.064}, 'standardDowns': {'rate': 0.708185053380783, 'ppa': 0.1822667450793835, 'successRate': 0.5477386934673367, 'explosiveness': 0.9860780710679339}, 'passingDowns': {'rate': 0.2918149466192171, 'ppa': 0.3154652621601343, 'successRate': 0.34146341463414637, 'explosiveness': 2.0761748914399005}, 'rushingPlays': {'rate': 0.5266903914590747, 'ppa': 0.21480286813328814, 'totalPPA': 31.790824483726645, 'successRate': 0.49324324324324326, 'explosiveness': 1.0371987037546377}, 'passingPlays': {'rate': 0.4483985765124555, 'ppa': 0.2568029132577065, 'totalPPA': 32.35716707047102, 'successRate': 0.48412698412698413, 'explosiveness': 1.4056364841938211}}","{'plays': 243, 'drives': 50, 'ppa': 0.12037041552443989, 'totalPPA': 29.250010972438893, 'successRate': 0.3991769547325103, 'explosiveness': 1.2500467390577739, 'powerSuccess': 0.7619047619047619, 'stuffRate': 0.19008264462809918, 'lineYards': 2.8206611570247935, 'lineYardsTotal': 341, 'secondLevelYards': 0.9752066115702479, 'secondLevelYardsTotal': 118, 'openFieldYards': 0.6115702479338843, 'openFieldYardsTotal': 0, 'totalOpportunies': 22, 'pointsPerOpportunity': 3.590909090909091, 'fieldPosition': {'averageStart': 71.5, 'averagePredictedPoints': -1.292}, 'havoc': {'total': 0.152, 'frontSeven': 0.07, 'db': 0.082}, 'standardDowns': {'rate': 0.7037037037037037, 'ppa': 0.0629843864930627, 'successRate': 0.45614035087719296, 'explosiveness': 1.126303068334934}, 'passingDowns': {'rate': 0.2962962962962963, 'ppa': 0.25666223447396075, 'totalPPA': 30.236223591327114, 'successRate': 0.2638888888888889, 'explosiveness': 1.7580470714989058}, 'rushingPlays': {'rate': 0.49794238683127573, 'ppa': 0.06681932481775056, 'totalPPA': 8.085138302947817, 'successRate': 0.4462809917355372, 'explosiveness': 0.967472711669046}, 'passingPlays': {'rate': 0.4609053497942387, 'ppa': 0.26996628206542067, 'totalPPA': 30.236223591327114, 'successRate': 0.36607142857142855, 'explosiveness': 1.6429210667020633}}"
2026,Nebraska,Big Ten,"{'plays': 281, 'drives': 41, 'ppa': 0.41380455119747744, 'totalPPA': 116.27907888649115, 'successRate': 0.498220640569395, 'explosiveness': 1.4394874375595026, 'powerSuccess': 0.72, 'stuffRate': 0.1518987341772152, 'lineYards': 3.4075949367088607, 'lineYardsTotal': 538, 'secondLevelYards': 1.3481012658227849, 'secondLevelYardsTotal': 213, 'openFieldYards': 1.7974683544303798, 'openFieldYardsTotal': 284, 'totalOpportunies': 26, 'pointsPerOpportunity': 5.1923076923076925, 'fieldPosition': {'averageStart': 69.7, 'averagePredictedPoints': 1.404}, 'havoc': {'total': 0.11, 'frontSeven': 0.071, 'db': 0.039}, 'standardDowns': {'rate': 0.7224199288256228, 'ppa': 0.26408359151730254, 'successRate': 0.5172413793103449, 'explosiveness': 1.2039488645297327}, 'passingDowns': {'rate': 0.2775800711743772, 'ppa': 0.803462946262548, 'successRate': 0.44871794871794873, 'explosiveness': 2.1461031566488122}, 'rushingPlays': {'rate': 0.5622775800711743, 'ppa': 0.3435172446245864, 'totalPPA': 54.275724650684644, 'successRate': 0.4936708860759494, 'explosiveness': 1.2587691014371813}, 'passingPlays': {'rate': 0.4199288256227758, 'ppa': 0.49899475593300385, 'totalPPA': 58.88138120009445, 'successRate': 0.5, 'explosiveness': 1.657707039662977}}","{'plays': 235, 'drives': 44, 'ppa': -0.01832216636730359, 'totalPPA': -4.305709096316344, 'successRate': 0.3659574468085106, 'explosiveness': 1.2411580159343365, 'powerSuccess': 0.8, 'stuffRate': 0.18181818181818182, 'lineYards': 2.897520661157025, 'lineYardsTotal': 351, 'secondLevelYards': 0.9090909090909091, 'secondLevelYardsTotal': 110, 'openFieldYards': 0.6198347107438017, 'openFieldYardsTotal': 0, 'totalOpportunies': 18, 'pointsPerOpportunity': 2.611111111111111, 'fieldPosition': {'averageStart': 73.3, 'averagePredictedPoints': -1.136}, 'havoc': {'total': 0.204, 'frontSeven': 0.136, 'db': 0.068}, 'standardDowns': {'rate': 0.6425531914893617, 'ppa': 0.08090426764253285, 'successRate': 0.46357615894039733, 'explosiveness': 1.0872974444910026}, 'passingDowns': {'rate': 0.3574468085106383, 'ppa': -0.19669349417070006, 'totalPPA': -11.37399921644299, 'successRate': 0.19047619047619047, 'explosiveness': 1.914298015998922}, 'rushingPlays': {'rate': 0.5148936170212766, 'ppa': 0.0021658820057615497, 'totalPPA': 0.2620717226971475, 'successRate': 0.35537190082644626, 'explosiveness': 1.0496747875309327}, 'passingPlays': {'rate': 0.451063829787234, 'ppa': -0.10730187940040556, 'totalPPA': -11.37399921644299, 'successRate': 0.3490566037735849, 'explosiveness': 1.3416835884061258}}"
2026,Nevada,Mountain West,"{'plays': 256, 'drives': 45, 'ppa': 0.09346339458213704, 'totalPPA': 23.926629013027082, 'successRate': 0.4140625, 'explosiveness': 1.2947367406781387, 'powerSuccess': 0.64, 'stuffRate': 0.19718309859154928, 'lineYards': 3.2359154929577465, 'lineYardsTotal': 460, 'secondLevelYards': 1.352112676056338, 'secondLevelYardsTotal': 192, 'openFieldYards': 1.6056338028169015, 'openFieldYardsTotal': 228, 'totalOpportunies': 22, 'pointsPerOpportunity': 4.045454545454546, 'fieldPosition': {'averageStart': 73.3, 'averagePredictedPoints': 1.195}, 'havoc': {'total': 0.129, 'frontSeven': 0.074, 'db': 0.055}, 'standardDowns': {'rate': 0.6796875, 'ppa': 0.06428758390007416, 'successRate': 0.46551724137931033, 'explosiveness': 1.094606055288046}, 'passingDowns': {'rate': 0.3203125, 'ppa': 0.15537304163919727, 'successRate': 0.3048780487804878, 'explosiveness': 1.9431601613420382}, 'rushingPlays': {'rate': 0.5546875, 'ppa': 0.21830582703482745, 'totalPPA': 30.9994274389455, 'successRate': 0.49295774647887325, 'explosiveness': 1.0894379221522277}, 'passingPlays': {'rate': 0.421875, 'ppa': -0.014967464671559258, 'totalPPA': -1.6164861845283998, 'successRate': 0.32407407407407407, 'explosiveness': 1.6914417355256506}}","{'plays': 304, 'drives': 47, 'ppa': 0.14912307920175932, 'totalPPA': 45.33341607733483, 'successRate': 0.42105263157894735, 'explosiveness': 1.120475603033139, 'powerSuccess': 0.625, 'stuffRate': 0.14594594594594595, 'lineYards': 3.271891891891892, 'lineYardsTotal': 605, 'secondLevelYards': 1.0864864864864865, 'secondLevelYardsTotal': 201, 'openFieldYards': 0.6378378378378379, 'openFieldYardsTotal': 0, 'totalOpportunies': 25, 'pointsPerOpportunity': 3.24, 'fieldPosition': {'averageStart': 70.8, 'averagePredictedPoints': -1.277}, 'havoc': {'total': 0.112, 'frontSeven': 0.063, 'db': 0.049}, 'standardDowns': {'rate': 0.6875, 'ppa': 0.1331050564216885, 'successRate': 0.47368421052631576, 'explosiveness': 0.9808893177050768}, 'passingDowns': {'rate': 0.3125, 'ppa': 0.18436272931791517, 'totalPPA': 29.543434537309082, 'successRate': 0.30526315789473685, 'explosiveness': 1.5969943012220416}, 'rushingPlays': {'rate': 0.6085526315789473, 'ppa': 0.12490696960194121, 'totalPPA': 23.107789376359126, 'successRate': 0.43783783783783786, 'explosiveness': 0.8739485164735511}, 'passingPlays': {'rate': 0.35855263157894735, 'ppa': 0.2710406838285237, 'totalPPA': 29.543434537309082, 'successRate': 0.42201834862385323, 'explosiveness': 1.5346133026969546}}"
2026,New Mexico,Mountain West,"{'plays': 264, 'drives': 48, 'ppa': 0.16251459141953586, 'totalPPA': 42.903852134757464, 'successRate': 0.4166666666666667, 'explosiveness': 1.2345745704538462, 'powerSuccess': 0.8888888888888888, 'stuffRate': 0.14035087719298245, 'lineYards': 3.284795321637427, 'lineYardsTotal': 562, 'secondLevelYards': 1.1812865497076024, 'secondLevelYardsTotal': 202, 'openFieldYards': 1.1403508771929824, 'openFieldYardsTotal': 195, 'totalOpportunies': 33, 'pointsPerOpportunity': 4.2727272727272725, 'fieldPosition': {'averageStart': 59.6, 'averagePredictedPoints': 2.163}, 'havoc': {'total': 0.117, 'frontSeven': 0.087, 'db': 0.03}, 'standardDowns': {'rate': 0.696969696969697, 'ppa': 0.15743708198952722, 'successRate': 0.47282608695652173, 'explosiveness': 1.1175449451314734}, 'passingDowns': {'rate': 0.30303030303030304, 'ppa': 0.17419286310855572, 'successRate': 0.2875, 'explosiveness': 1.67725184884717}, 'rushingPlays': {'rate': 0.6477272727272727, 'ppa': 0.2642366503726674, 'totalPPA': 45.18446721372613, 'successRate': 0.4619883040935672, 'explosiveness': 1.1255322440321098}, 'passingPlays': {'rate': 0.3371212121212121, 'ppa': -0.02140037171969201, 'totalPPA': -1.9046330830525888, 'successRate': 0.33707865168539325, 'explosiveness': 1.5424142248491823}}","{'plays': 237, 'drives': 48, 'ppa': -0.1458178721495771, 'totalPPA': -34.558835699449766, 'successRate': 0.3206751054852321, 'explosiveness': 1.373865169085593, 'powerSuccess': 0.5, 'stuffRate': 0.24561403508771928, 'lineYards': 1.9166666666666667, 'lineYardsTotal': 219, 'secondLevelYards': 0.8596491228070176, 'secondLevelYardsTotal': 98, 'openFieldYards': 0.7456140350877193, 'openFieldYardsTotal': 0, 'totalOpportunies': 12, 'pointsPerOpportunity': 2.5833333333333335, 'fieldPosition': {'averageStart': 77.4, 'averagePredictedPoints': -0.841}, 'havoc': {'total': 0.249, 'frontSeven': 0.169, 'db': 0.08}, 'standardDowns': {'rate': 0.6075949367088608, 'ppa': -0.2674159756294082, 'successRate': 0.3680555555555556, 'explosiveness': 1.1277588919651858}, 'passingDowns': {'rate': 0.3924050632911392, 'ppa': 0.04246306227080662, 'totalPPA': 9.540708409232208, 'successRate': 0.24731182795698925, 'explosiveness': 1.9409796337543572}, 'rushingPlays': {'rate': 0.4810126582278481, 'ppa': -0.1446824490951821, 'totalPPA': -16.49379919685076, 'successRate': 0.30701754385964913, 'explosiveness': 0.9263310522566818}, 'passingPlays': {'rate': 0.46835443037974683, 'ppa': 0.08595232801110098, 'totalPPA': 9.540708409232208, 'successRate': 0.35135135135135137, 'explosiveness': 1.828403923446006}}"
2026,New Mexico State,Conference USA,"{'plays': 272, 'drives': 45, 'ppa': 0.12131220091948079, 'totalPPA': 32.99691865009878, 'successRate': 0.4375, 'explosiveness': 1.3972786327176543, 'powerSuccess': 0.6842105263157895, 'stuffRate': 0.16806722689075632, 'lineYards': 3.0445378151260503, 'lineYardsTotal': 362, 'secondLevelYards': 1.2184873949579833, 'secondLevelYardsTotal': 145, 'openFieldYards': 1.2941176470588236, 'openFieldYardsTotal': 154, 'totalOpportunies': 21, 'pointsPerOpportunity': 3.761904761904762, 'fieldPosition': {'averageStart': 75.6, 'averagePredictedPoints': 0.994}, 'havoc': {'total': 0.176, 'frontSeven': 0.092, 'db': 0.085}, 'standardDowns': {'rate': 0.6838235294117647, 'ppa': -0.03289815809704037, 'successRate': 0.4731182795698925, 'explosiveness': 1.126718650004618}, 'passingDowns': {'rate': 0.3161764705882353, 'ppa': 0.4548369308854452, 'successRate': 0.36046511627906974, 'explosiveness': 2.165319873967564}, 'rushingPlays': {'rate': 0.4375, 'ppa': 0.04791781540862034, 'totalPPA': 5.702220033625821, 'successRate': 0.453781512605042, 'explosiveness': 0.9900676383599484}, 'passingPlays': {'rate': 0.5257352941176471, 'ppa': 0.28083299640236165, 'totalPPA': 40.15911848553772, 'successRate': 0.4405594405594406, 'explosiveness': 1.779810981187884}}","{'plays': 265, 'drives': 46, 'ppa': 0.15755775719073997, 'totalPPA': 41.75280565554609, 'successRate': 0.4226415094339623, 'explosiveness': 1.2299566428818016, 'powerSuccess': 0.8888888888888888, 'stuffRate': 0.1865671641791045, 'lineYards': 3.155970149253731, 'lineYardsTotal': 423, 'secondLevelYards': 1.0671641791044777, 'secondLevelYardsTotal': 143, 'openFieldYards': 1.6791044776119404, 'openFieldYardsTotal': 0, 'totalOpportunies': 26, 'pointsPerOpportunity': 4.346153846153846, 'fieldPosition': {'averageStart': 65.6, 'averagePredictedPoints': -1.676}, 'havoc': {'total': 0.121, 'frontSeven': 0.079, 'db': 0.042}, 'standardDowns': {'rate': 0.6641509433962264, 'ppa': 0.14451102865842647, 'successRate': 0.4772727272727273, 'explosiveness': 1.089196692149609}, 'passingDowns': {'rate': 0.33584905660377357, 'ppa': 0.18335802934452847, 'totalPPA': 25.051808162116842, 'successRate': 0.3146067415730337, 'explosiveness': 1.6522364950783792}, 'rushingPlays': {'rate': 0.5056603773584906, 'ppa': 0.15006208053059236, 'totalPPA': 20.108318791099375, 'successRate': 0.4253731343283582, 'explosiveness': 1.0144128607891851}, 'passingPlays': {'rate': 0.47547169811320755, 'ppa': 0.19882387430251464, 'totalPPA': 25.051808162116842, 'successRate': 0.42063492063492064, 'explosiveness': 1.4685259202156553}}"
2026,North Carolina,ACC,"{'plays': 182, 'drives': 30, 'ppa': 0.11802479265004023, 'totalPPA': 21.48051226230732, 'successRate': 0.4835164835164835, 'explosiveness': 1.037750541807011, 'powerSuccess': 0.7777777777777778, 'stuffRate': 0.125, 'lineYards': 3.871590909090909, 'lineYardsTotal': 341, 'secondLevelYards': 1.5909090909090908, 'secondLevelYardsTotal': 140, 'openFieldYards': 0.8068181818181818, 'openFieldYardsTotal': 71, 'totalOpportunies': 17, 'pointsPerOpportunity': 4, 'fieldPosition': {'averageStart': 70, 'averagePredictedPoints': 1.465}, 'havoc': {'total': 0.132, 'frontSeven': 0.082, 'db': 0.049}, 'standardDowns': {'rate': 0.6923076923076923, 'ppa': -0.016273045592804146, 'successRate': 0.5317460317460317, 'explosiveness': 0.7512521481020172}, 'passingDowns': {'rate': 0.3076923076923077, 'ppa': 0.4201949286964401, 'successRate': 0.375, 'explosiveness': 1.951816845532467}, 'rushingPlays': {'rate': 0.4835164835164835, 'ppa': 0.12419599300951444, 'totalPPA': 10.929247384837272, 'successRate': 0.5340909090909091, 'explosiveness': 0.7058502410329723}, 'passingPlays': {'rate': 0.4945054945054945, 'ppa': 0.14774668372116723, 'totalPPA': 13.297201534905051, 'successRate': 0.4222222222222222, 'explosiveness': 1.4524912562475003}}","{'plays': 206, 'drives': 32, 'ppa': -0.018831119059238684, 'totalPPA': -3.8792105262031686, 'successRate': 0.3932038834951456, 'explosiveness': 1.0238332099979037, 'powerSuccess': 0.875, 'stuffRate': 0.12244897959183673, 'lineYards': 2.9397959183673468, 'lineYardsTotal': 288, 'secondLevelYards': 0.7551020408163265, 'secondLevelYardsTotal': 74, 'openFieldYards': 1.0918367346938775, 'openFieldYardsTotal': 0, 'totalOpportunies': 16, 'pointsPerOpportunity': 2.6875, 'fieldPosition': {'averageStart': 70.3, 'averagePredictedPoints': -1.325}, 'havoc': {'total': 0.141, 'frontSeven': 0.097, 'db': 0.044}, 'standardDowns': {'rate': 0.6796116504854369, 'ppa': -0.00654437873312304, 'successRate': 0.4714285714285714, 'explosiveness': 0.8728437782173587}, 'passingDowns': {'rate': 0.32038834951456313, 'ppa': -0.04489390156918095, 'totalPPA': 2.7394198960588, 'successRate': 0.22727272727272727, 'explosiveness': 1.6881867098323022}, 'rushingPlays': {'rate': 0.47572815533980584, 'ppa': 0.05808534642120945, 'totalPPA': 5.692363949278526, 'successRate': 0.42857142857142855, 'explosiveness': 0.8265081424536016}, 'passingPlays': {'rate': 0.49029126213592233, 'ppa': 0.02712296926790891, 'totalPPA': 2.7394198960588, 'successRate': 0.37623762376237624, 'explosiveness': 1.2416151743078168}}"
2026,North Dakota State,Mountain West,"{'plays': 260, 'drives': 41, 'ppa': 0.156824607490598, 'totalPPA': 40.774397947555485, 'successRate': 0.4, 'explosiveness': 1.4137345404833734, 'powerSuccess': 0.6923076923076923, 'stuffRate': 0.19078947368421054, 'lineYards': 2.8263157894736843, 'lineYardsTotal': 430, 'secondLevelYards': 0.9013157894736842, 'secondLevelYardsTotal': 137, 'openFieldYards': 0.9078947368421053, 'openFieldYardsTotal': 138, 'totalOpportunies': 24, 'pointsPerOpportunity': 4.083333333333333, 'fieldPosition': {'averageStart': 70.4, 'averagePredictedPoints': 1.409}, 'havoc': {'total': 0.115, 'frontSeven': 0.069, 'db': 0.046}, 'standardDowns': {'rate': 0.6923076923076923, 'ppa': 0.06759750693525933, 'successRate': 0.45555555555555555, 'explosiveness': 1.0971726375855984}, 'passingDowns': {'rate': 0.3076923076923077, 'ppa': 0.35758558374011007, 'successRate': 0.275, 'explosiveness': 2.5936470876478084}, 'rushingPlays': {'rate': 0.5846153846153846, 'ppa': 0.04009691032439976, 'totalPPA': 6.094730369308762, 'successRate': 0.34868421052631576, 'explosiveness': 1.0806686166732005}, 'passingPlays': {'rate': 0.38846153846153847, 'ppa': 0.377468897874788, 'totalPPA': 38.12435868535359, 'successRate': 0.48514851485148514, 'explosiveness': 1.794316056408743}}","{'plays': 240, 'drives': 42, 'ppa': -0.15609768018813192, 'totalPPA': -37.463443245151666, 'successRate': 0.39166666666666666, 'explosiveness': 1.024351033572395, 'powerSuccess': 0.7142857142857143, 'stuffRate': 0.1796875, 'lineYards': 2.64609375, 'lineYardsTotal': 339, 'secondLevelYards': 0.84375, 'secondLevelYardsTotal': 108, 'openFieldYards': 0.46875, 'openFieldYardsTotal': 0, 'totalOpportunies': 18, 'pointsPerOpportunity': 1.722222222222222, 'fieldPosition': {'averageStart': 73.3, 'averagePredictedPoints': -1.111}, 'havoc': {'total': 0.183, 'frontSeven': 0.104, 'db': 0.079}, 'standardDowns': {'rate': 0.6833333333333333, 'ppa': -0.09166145188846048, 'successRate': 0.4878048780487805, 'explosiveness': 0.866950518184404}, 'passingDowns': {'rate': 0.31666666666666665, 'ppa': -0.29514427809794924, 'totalPPA': -3.1820133465785676, 'successRate': 0.18421052631578946, 'explosiveness': 1.923782550075201}, 'rushingPlays': {'rate': 0.5333333333333333, 'ppa': -0.23084135574013712, 'totalPPA': -29.54769353473755, 'successRate': 0.3984375, 'explosiveness': 0.7047512060159664}, 'passingPlays': {'rate': 0.4375, 'ppa': -0.03030488901503398, 'totalPPA': -3.1820133465785676, 'successRate': 0.3904761904761905, 'explosiveness': 1.4377667885543688}}"
2026,Northern Illinois,Mountain West,"{'plays': 265, 'drives': 46, 'ppa': -0.1206541817533527, 'totalPPA': -31.973358164638466, 'successRate': 0.3622641509433962, 'explosiveness': 1.1902069954238734, 'powerSuccess': 0.7647058823529411, 'stuffRate': 0.20952380952380953, 'lineYards': 2.56, 'lineYardsTotal': 269, 'secondLevelYards': 0.9428571428571428, 'secondLevelYardsTotal': 99, 'openFieldYards': 0.780952380952381, 'openFieldYardsTotal': 82, 'totalOpportunies': 22, 'pointsPerOpportunity': 1.5454545454545454, 'fieldPosition': {'averageStart': 72.3, 'averagePredictedPoints': 1.204}, 'havoc': {'total': 0.177, 'frontSeven': 0.132, 'db': 0.045}, 'standardDowns': {'rate': 0.6490566037735849, 'ppa': -0.1582157786792664, 'successRate': 0.4418604651162791, 'explosiveness': 0.9000371494995058}, 'passingDowns': {'rate': 0.35094339622641507, 'ppa': -0.051185421847361766, 'successRate': 0.21505376344086022, 'explosiveness': 2.292852409936471}, 'rushingPlays': {'rate': 0.39622641509433965, 'ppa': -0.1120591510768567, 'totalPPA': -11.766210863069952, 'successRate': 0.38095238095238093, 'explosiveness': 0.8765935480033666}, 'passingPlays': {'rate': 0.5773584905660377, 'ppa': 0.006722756504782466, 'totalPPA': 1.0285817452317172, 'successRate': 0.3660130718954248, 'explosiveness': 1.4142166007242354}}","{'plays': 268, 'drives': 45, 'ppa': 0.15856388977800073, 'totalPPA': 42.49512246050419, 'successRate': 0.44402985074626866, 'explosiveness': 1.3225028869796787, 'powerSuccess': 0.5789473684210527, 'stuffRate': 0.20155038759689922, 'lineYards': 2.902325581395349, 'lineYardsTotal': 374, 'secondLevelYards': 1.2403100775193798, 'secondLevelYardsTotal': 160, 'openFieldYards': 1.4883720930232558, 'openFieldYardsTotal': 0, 'totalOpportunies': 26, 'pointsPerOpportunity': 3.730769230769231, 'fieldPosition': {'averageStart': 70.7, 'averagePredictedPoints': -1.371}, 'havoc': {'total': 0.127, 'frontSeven': 0.086, 'db': 0.041}, 'standardDowns': {'rate': 0.6791044776119403, 'ppa': 0.029500682988650568, 'successRate': 0.47802197802197804, 'explosiveness': 1.0509756973064799}, 'passingDowns': {'rate': 0.3208955223880597, 'ppa': 0.43169765298336965, 'totalPPA': 33.851145322118604, 'successRate': 0.37209302325581395, 'explosiveness': 2.060717433903688}, 'rushingPlays': {'rate': 0.48134328358208955, 'ppa': 0.11049453925654841, 'totalPPA': 14.253795564094744, 'successRate': 0.4108527131782946, 'explosiveness': 1.0761076063449178}, 'passingPlays': {'rate': 0.48507462686567165, 'ppa': 0.26039342555475853, 'totalPPA': 33.851145322118604, 'successRate': 0.49230769230769234, 'explosiveness': 1.4886973991289363}}"
2026,North Texas,American Athletic,"{'plays': 291, 'drives': 45, 'ppa': 0.31863372105350196, 'totalPPA': 92.72241282656907, 'successRate': 0.5051546391752577, 'explosiveness': 1.280100723700839, 'powerSuccess': 0.75, 'stuffRate': 0.16546762589928057, 'lineYards': 3.271223021582734, 'lineYardsTotal': 455, 'secondLevelYards': 1.2158273381294964, 'secondLevelYardsTotal': 169, 'openFieldYards': 0.9640287769784173, 'openFieldYardsTotal': 134, 'totalOpportunies': 31, 'pointsPerOpportunity': 4.419354838709677, 'fieldPosition': {'averageStart': 70.1, 'averagePredictedPoints': 1.359}, 'havoc': {'total': 0.113, 'frontSeven': 0.069, 'db': 0.045}, 'standardDowns': {'rate': 0.7079037800687286, 'ppa': 0.2664473772844143, 'successRate': 0.558252427184466, 'explosiveness': 1.1169279944093902}, 'passingDowns': {'rate': 0.2920962199312715, 'ppa': 0.4451088600703496, 'successRate': 0.3764705882352941, 'explosiveness': 1.866502719591984}, 'rushingPlays': {'rate': 0.47766323024054985, 'ppa': 0.18810105326684418, 'totalPPA': 26.14604640409134, 'successRate': 0.4460431654676259, 'explosiveness': 1.0581769029796202}, 'passingPlays': {'rate': 0.49828178694158076, 'ppa': 0.46684021103598167, 'totalPPA': 67.69183060021734, 'successRate': 0.5724137931034483, 'explosiveness': 1.4611999323129574}}","{'plays': 254, 'drives': 45, 'ppa': 0.11856322995780488, 'totalPPA': 30.115060409282442, 'successRate': 0.4448818897637795, 'explosiveness': 1.225846037457078, 'powerSuccess': 0.7037037037037037, 'stuffRate': 0.19594594594594594, 'lineYards': 2.483108108108108, 'lineYardsTotal': 368, 'secondLevelYards': 0.9324324324324325, 'secondLevelYardsTotal': 138, 'openFieldYards': 1.5067567567567568, 'openFieldYardsTotal': 0, 'totalOpportunies': 24, 'pointsPerOpportunity': 3.875, 'fieldPosition': {'averageStart': 65.7, 'averagePredictedPoints': -1.681}, 'havoc': {'total': 0.15, 'frontSeven': 0.106, 'db': 0.043}, 'standardDowns': {'rate': 0.7204724409448819, 'ppa': 0.007646526059908959, 'successRate': 0.4808743169398907, 'explosiveness': 0.9022800655913602}, 'passingDowns': {'rate': 0.2795275590551181, 'ppa': 0.40444712873688876, 'totalPPA': 44.8280437163428, 'successRate': 0.352112676056338, 'explosiveness': 2.364798258424405}, 'rushingPlays': {'rate': 0.5826771653543307, 'ppa': -0.04280681632782918, 'totalPPA': -6.335408816518719, 'successRate': 0.41216216216216217, 'explosiveness': 0.7235602029028352}, 'passingPlays': {'rate': 0.38976377952755903, 'ppa': 0.45280852238730096, 'totalPPA': 44.8280437163428, 'successRate': 0.5050505050505051, 'explosiveness': 1.8456611683847297}}"
2026,Northwestern,Big Ten,"{'plays': 188, 'drives': 33, 'ppa': 0.30448300026481795, 'totalPPA': 57.242804049785775, 'successRate': 0.4627659574468085, 'explosiveness': 1.294453920932533, 'powerSuccess': 0.8181818181818182, 'stuffRate': 0.19, 'lineYards': 2.835, 'lineYardsTotal': 284, 'secondLevelYards': 1.12, 'secondLevelYardsTotal': 112, 'openFieldYards': 1.4, 'openFieldYardsTotal': 140, 'totalOpportunies': 18, 'pointsPerOpportunity': 5.111111111111111, 'fieldPosition': {'averageStart': 72.4, 'averagePredictedPoints': 1.239}, 'havoc': {'total': 0.133, 'frontSeven': 0.112, 'db': 0.021}, 'standardDowns': {'rate': 0.7021276595744681, 'ppa': 0.19129833073709615, 'successRate': 0.48484848484848486, 'explosiveness': 1.1311815602049689}, 'passingDowns': {'rate': 0.2978723404255319, 'ppa': 0.5712754355801621, 'successRate': 0.4107142857142857, 'explosiveness': 1.7487770116527115}, 'rushingPlays': {'rate': 0.5319148936170213, 'ppa': 0.15628176561131743, 'totalPPA': 15.628176561131744, 'successRate': 0.41, 'explosiveness': 0.9777714855404381}, 'passingPlays': {'rate': 0.43617021276595747, 'ppa': 0.5396795424969298, 'totalPPA': 44.253722484748245, 'successRate': 0.5365853658536586, 'explosiveness': 1.6493099565395624}}","{'plays': 222, 'drives': 34, 'ppa': 0.08309623191400818, 'totalPPA': 18.447363484909815, 'successRate': 0.44144144144144143, 'explosiveness': 1.1199703529662888, 'powerSuccess': 0.5909090909090909, 'stuffRate': 0.14150943396226415, 'lineYards': 3.4292452830188678, 'lineYardsTotal': 364, 'secondLevelYards': 1.0566037735849056, 'secondLevelYardsTotal': 112, 'openFieldYards': 1.8867924528301887, 'openFieldYardsTotal': 0, 'totalOpportunies': 19, 'pointsPerOpportunity': 2.4210526315789473, 'fieldPosition': {'averageStart': 72, 'averagePredictedPoints': -1.206}, 'havoc': {'total': 0.162, 'frontSeven': 0.063, 'db': 0.099}, 'standardDowns': {'rate': 0.7432432432432432, 'ppa': 0.10781215536531351, 'successRate': 0.5151515151515151, 'explosiveness': 1.0053517758678383}, 'passingDowns': {'rate': 0.25675675675675674, 'ppa': 0.011550137712861185, 'totalPPA': 3.8326002401546964, 'successRate': 0.22807017543859648, 'explosiveness': 1.8693995109176968}, 'rushingPlays': {'rate': 0.4774774774774775, 'ppa': 0.11193485737684249, 'totalPPA': 11.865094881945303, 'successRate': 0.4716981132075472, 'explosiveness': 0.8679542593656773}, 'passingPlays': {'rate': 0.5, 'ppa': 0.03452793009148375, 'totalPPA': 3.8326002401546964, 'successRate': 0.40540540540540543, 'explosiveness': 1.405853982486264}}"
2026,Notre Dame,FBS Independents,"{'plays': 258, 'drives': 41, 'ppa': 0.33278256161413683, 'totalPPA': 85.8579008964473, 'successRate': 0.5155038759689923, 'explosiveness': 1.115505324177074, 'powerSuccess': 0.7619047619047619, 'stuffRate': 0.15328467153284672, 'lineYards': 2.9430656934306567, 'lineYardsTotal': 403, 'secondLevelYards': 0.7591240875912408, 'secondLevelYardsTotal': 104, 'openFieldYards': 0.6058394160583942, 'openFieldYardsTotal': 83, 'totalOpportunies': 28, 'pointsPerOpportunity': 5.285714285714286, 'fieldPosition': {'averageStart': 72.3, 'averagePredictedPoints': 1.289}, 'havoc': {'total': 0.101, 'frontSeven': 0.035, 'db': 0.066}, 'standardDowns': {'rate': 0.7829457364341085, 'ppa': 0.4116500843262637, 'successRate': 0.599009900990099, 'explosiveness': 1.0711291339821893}, 'passingDowns': {'rate': 0.21705426356589147, 'ppa': 0.04829614040253631, 'successRate': 0.21428571428571427, 'explosiveness': 1.5629652419754954}, 'rushingPlays': {'rate': 0.5310077519379846, 'ppa': 0.14159011859144144, 'totalPPA': 19.397846247027477, 'successRate': 0.48175182481751827, 'explosiveness': 0.7948306298955009}, 'passingPlays': {'rate': 0.437984496124031, 'ppa': 0.5634223047452287, 'totalPPA': 63.666720436210845, 'successRate': 0.5575221238938053, 'explosiveness': 1.4586932972660065}}","{'plays': 225, 'drives': 42, 'ppa': -0.11932781585244327, 'totalPPA': -26.848758566799734, 'successRate': 0.3422222222222222, 'explosiveness': 1.1379848670959163, 'powerSuccess': 0.7333333333333333, 'stuffRate': 0.22321428571428573, 'lineYards': 2.3214285714285716, 'lineYardsTotal': 260, 'secondLevelYards': 0.5714285714285714, 'secondLevelYardsTotal': 64, 'openFieldYards': 0.22321428571428573, 'openFieldYardsTotal': 0, 'totalOpportunies': 16, 'pointsPerOpportunity': 1.625, 'fieldPosition': {'averageStart': 72.3, 'averagePredictedPoints': -1.2}, 'havoc': {'total': 0.24, 'frontSeven': 0.169, 'db': 0.071}, 'standardDowns': {'rate': 0.6488888888888888, 'ppa': -0.18302427373207691, 'successRate': 0.3904109589041096, 'explosiveness': 0.8461396255366189}, 'passingDowns': {'rate': 0.3511111111111111, 'ppa': -0.0016103114166646263, 'totalPPA': -2.245131327409197, 'successRate': 0.25316455696202533, 'explosiveness': 1.9697438055399132}, 'rushingPlays': {'rate': 0.49777777777777776, 'ppa': -0.2285448539059618, 'totalPPA': -25.59702363746772, 'successRate': 0.30357142857142855, 'explosiveness': 0.8118318570318486}, 'passingPlays': {'rate': 0.47555555555555556, 'ppa': -0.02098253577017941, 'totalPPA': -2.245131327409197, 'successRate': 0.37383177570093457, 'explosiveness': 1.3778379459150962}}"
2026,Ohio,Mid-American,"{'plays': 265, 'drives': 41, 'ppa': 0.22259868356357693, 'totalPPA': 58.98865114434789, 'successRate': 0.44150943396226416, 'explosiveness': 1.2573276583540105, 'powerSuccess': 0.8636363636363636, 'stuffRate': 0.10067114093959731, 'lineYards': 3.565771812080537, 'lineYardsTotal': 531, 'secondLevelYards': 1.0939597315436242, 'secondLevelYardsTotal': 163, 'openFieldYards': 0.9530201342281879, 'openFieldYardsTotal': 142, 'totalOpportunies': 25, 'pointsPerOpportunity': 4.28, 'fieldPosition': {'averageStart': 69.7, 'averagePredictedPoints': 1.403}, 'havoc': {'total': 0.137, 'frontSeven': 0.07, 'db': 0.067}, 'standardDowns': {'rate': 0.6943396226415094, 'ppa': 0.3380558116177666, 'successRate': 0.5163043478260869, 'explosiveness': 1.2102864539661333}, 'passingDowns': {'rate': 0.30566037735849055, 'ppa': -0.03967429868297737, 'successRate': 0.2716049382716049, 'explosiveness': 1.4604601318471162}, 'rushingPlays': {'rate': 0.5622641509433962, 'ppa': 0.28637537869564983, 'totalPPA': 42.66993142565182, 'successRate': 0.46308724832214765, 'explosiveness': 1.0532229711162076}, 'passingPlays': {'rate': 0.4188679245283019, 'ppa': 0.10435743255074381, 'totalPPA': 11.583675013132563, 'successRate': 0.3963963963963964, 'explosiveness': 1.5548156109837574}}","{'plays': 257, 'drives': 40, 'ppa': 0.2762327564711109, 'totalPPA': 70.9918184130755, 'successRate': 0.43190661478599224, 'explosiveness': 1.3809726244356875, 'powerSuccess': 0.7619047619047619, 'stuffRate': 0.20915032679738563, 'lineYards': 2.8326797385620917, 'lineYardsTotal': 433, 'secondLevelYards': 1.065359477124183, 'secondLevelYardsTotal': 163, 'openFieldYards': 1.026143790849673, 'openFieldYardsTotal': 0, 'totalOpportunies': 20, 'pointsPerOpportunity': 5.35, 'fieldPosition': {'averageStart': 71.6, 'averagePredictedPoints': -1.217}, 'havoc': {'total': 0.158, 'frontSeven': 0.112, 'db': 0.046}, 'standardDowns': {'rate': 0.708171206225681, 'ppa': 0.14246114971115809, 'successRate': 0.43956043956043955, 'explosiveness': 1.2166672144785555}, 'passingDowns': {'rate': 0.2918287937743191, 'ppa': 0.6008518555419297, 'totalPPA': 49.04003325042087, 'successRate': 0.41333333333333333, 'explosiveness': 1.8049865856153828}, 'rushingPlays': {'rate': 0.5953307392996109, 'ppa': 0.1466638426546882, 'totalPPA': 22.439567926167296, 'successRate': 0.40522875816993464, 'explosiveness': 1.087993670633681}, 'passingPlays': {'rate': 0.38910505836575876, 'ppa': 0.4904003325042087, 'totalPPA': 49.04003325042087, 'successRate': 0.48, 'explosiveness': 1.7740807844316735}}"
2026,Ohio State,Big Ten,"{'plays': 271, 'drives': 46, 'ppa': 0.3936935013034291, 'totalPPA': 106.6909388532293, 'successRate': 0.5239852398523985, 'explosiveness': 1.3415050395555912, 'powerSuccess': 0.782608695652174, 'stuffRate': 0.16793893129770993, 'lineYards': 3.200763358778626, 'lineYardsTotal': 419, 'secondLevelYards': 1.0458015267175573, 'secondLevelYardsTotal': 137, 'openFieldYards': 1.0610687022900762, 'openFieldYardsTotal': 139, 'totalOpportunies': 27, 'pointsPerOpportunity': 5.111111111111111, 'fieldPosition': {'averageStart': 68.2, 'averagePredictedPoints': 1.557}, 'havoc': {'total': 0.111, 'frontSeven': 0.063, 'db': 0.048}, 'standardDowns': {'rate': 0.7675276752767528, 'ppa': 0.4060406773493606, 'successRate': 0.5721153846153846, 'explosiveness': 1.1946633563682083}, 'passingDowns': {'rate': 0.23247232472324722, 'ppa': 0.35292822165971893, 'successRate': 0.36507936507936506, 'explosiveness': 2.101251139525094}, 'rushingPlays': {'rate': 0.4833948339483395, 'ppa': 0.1746897931100351, 'totalPPA': 22.884362897414597, 'successRate': 0.45038167938931295, 'explosiveness': 1.0236850321264503}, 'passingPlays': {'rate': 0.4981549815498155, 'ppa': 0.6630322507275692, 'totalPPA': 89.50935384822185, 'successRate': 0.6074074074074074, 'explosiveness': 1.5793372787193394}}","{'plays': 269, 'drives': 47, 'ppa': -0.08062273006432333, 'totalPPA': -21.687514387302976, 'successRate': 0.35315985130111527, 'explosiveness': 1.2113439846486092, 'powerSuccess': 0.6666666666666666, 'stuffRate': 0.1935483870967742, 'lineYards': 2.7911290322580644, 'lineYardsTotal': 346, 'secondLevelYards': 1.1774193548387097, 'secondLevelYardsTotal': 146, 'openFieldYards': 0.6854838709677419, 'openFieldYardsTotal': 0, 'totalOpportunies': 18, 'pointsPerOpportunity': 2.7777777777777777, 'fieldPosition': {'averageStart': 75.7, 'averagePredictedPoints': -0.966}, 'havoc': {'total': 0.208, 'frontSeven': 0.104, 'db': 0.104}, 'standardDowns': {'rate': 0.6171003717472119, 'ppa': -0.23944422484618202, 'successRate': 0.39759036144578314, 'explosiveness': 0.8950039821271221}, 'passingDowns': {'rate': 0.3828996282527881, 'ppa': 0.17534200909867226, 'totalPPA': -18.932470358888335, 'successRate': 0.2815533980582524, 'explosiveness': 1.9312901972837175}, 'rushingPlays': {'rate': 0.46096654275092935, 'ppa': -0.04211274305051853, 'totalPPA': -5.221980138264298, 'successRate': 0.43548387096774194, 'explosiveness': 0.944957965814064}, 'passingPlays': {'rate': 0.5130111524163569, 'ppa': -0.137191814194843, 'totalPPA': -18.932470358888335, 'successRate': 0.2753623188405797, 'explosiveness': 1.5878059535113096}}"
2026,Oklahoma,SEC,"{'plays': 255, 'drives': 47, 'ppa': -0.04522904063238055, 'totalPPA': -11.53340536125704, 'successRate': 0.39215686274509803, 'explosiveness': 1.1117720724855946, 'powerSuccess': 0.46153846153846156, 'stuffRate': 0.2230769230769231, 'lineYards': 2.603076923076923, 'lineYardsTotal': 338, 'secondLevelYards': 0.8, 'secondLevelYardsTotal': 104, 'openFieldYards': 0.9307692307692308, 'openFieldYardsTotal': 121, 'totalOpportunies': 18, 'pointsPerOpportunity': 3.388888888888889, 'fieldPosition': {'averageStart': 72.4, 'averagePredictedPoints': 1.264}, 'havoc': {'total': 0.157, 'frontSeven': 0.118, 'db': 0.039}, 'standardDowns': {'rate': 0.6901960784313725, 'ppa': -0.09845787125479855, 'successRate': 0.4318181818181818, 'explosiveness': 0.9342720605373497}, 'passingDowns': {'rate': 0.30980392156862746, 'ppa': 0.07335670860237348, 'successRate': 0.3037974683544304, 'explosiveness': 1.6738554436550366}, 'rushingPlays': {'rate': 0.5098039215686274, 'ppa': -0.26018333926621395, 'totalPPA': -33.82383410460782, 'successRate': 0.36153846153846153, 'explosiveness': 0.5419623831473139}, 'passingPlays': {'rate': 0.4549019607843137, 'ppa': 0.2927645791435055, 'totalPPA': 33.96069118064664, 'successRate': 0.43103448275862066, 'explosiveness': 1.7140601370957096}}","{'plays': 227, 'drives': 48, 'ppa': -0.18217213262775817, 'totalPPA': -41.353074106501104, 'successRate': 0.3039647577092511, 'explosiveness': 1.2353158782344913, 'powerSuccess': 0.5833333333333334, 'stuffRate': 0.1937984496124031, 'lineYards': 2.3635658914728683, 'lineYardsTotal': 305, 'secondLevelYards': 0.7596899224806202, 'secondLevelYardsTotal': 98, 'openFieldYards': 1.2093023255813953, 'openFieldYardsTotal': 0, 'totalOpportunies': 24, 'pointsPerOpportunity': 2.0833333333333335, 'fieldPosition': {'averageStart': 66.1, 'averagePredictedPoints': -1.617}, 'havoc': {'total': 0.216, 'frontSeven': 0.145, 'db': 0.07}, 'standardDowns': {'rate': 0.6607929515418502, 'ppa': -0.22552458955946258, 'successRate': 0.3333333333333333, 'explosiveness': 0.958398178472264}, 'passingDowns': {'rate': 0.3392070484581498, 'ppa': -0.09771929444911318, 'totalPPA': -14.910375041251678, 'successRate': 0.24675324675324675, 'explosiveness': 1.9640466670824575}, 'rushingPlays': {'rate': 0.5682819383259912, 'ppa': -0.10444310440649099, 'totalPPA': -13.473160468437339, 'successRate': 0.2868217054263566, 'explosiveness': 1.1709851291282893}, 'passingPlays': {'rate': 0.4052863436123348, 'ppa': -0.16206929392664868, 'totalPPA': -14.910375041251678, 'successRate': 0.33695652173913043, 'explosiveness': 1.3216418805209067}}"
2026,Oklahoma State,Big 12,"{'plays': 320, 'drives': 51, 'ppa': 0.16143210183441845, 'totalPPA': 51.6582725870139, 'successRate': 0.490625, 'explosiveness': 1.108175371954534, 'powerSuccess': 0.64, 'stuffRate': 0.17177914110429449, 'lineYards': 3.2263803680981593, 'lineYardsTotal': 526, 'secondLevelYards': 1.2883435582822087, 'secondLevelYardsTotal': 210, 'openFieldYards': 1.3251533742331287, 'openFieldYardsTotal': 216, 'totalOpportunies': 36, 'pointsPerOpportunity': 3.75, 'fieldPosition': {'averageStart': 71.6, 'averagePredictedPoints': 1.295}, 'havoc': {'total': 0.091, 'frontSeven': 0.044, 'db': 0.047}, 'standardDowns': {'rate': 0.740625, 'ppa': 0.18411864285834503, 'successRate': 0.5527426160337553, 'explosiveness': 1.0119411527678495}, 'passingDowns': {'rate': 0.259375, 'ppa': 0.09665246059742318, 'successRate': 0.3132530120481928, 'explosiveness': 1.593047784010522}, 'rushingPlays': {'rate': 0.509375, 'ppa': 0.07063654186464674, 'totalPPA': 11.513756323937418, 'successRate': 0.4723926380368098, 'explosiveness': 0.7305768064959081}, 'passingPlays': {'rate': 0.459375, 'ppa': 0.3326148683040151, 'totalPPA': 48.89438564069022, 'successRate': 0.5238095238095238, 'explosiveness': 1.502716301475322}}","{'plays': 252, 'drives': 48, 'ppa': -0.02973431120798791, 'totalPPA': -7.493046424412953, 'successRate': 0.373015873015873, 'explosiveness': 1.1584523445777564, 'powerSuccess': 0.6111111111111112, 'stuffRate': 0.16666666666666666, 'lineYards': 3.0819444444444444, 'lineYardsTotal': 444, 'secondLevelYards': 0.9513888888888888, 'secondLevelYardsTotal': 137, 'openFieldYards': 0.8819444444444444, 'openFieldYardsTotal': 0, 'totalOpportunies': 24, 'pointsPerOpportunity': 3, 'fieldPosition': {'averageStart': 71.4, 'averagePredictedPoints': -1.248}, 'havoc': {'total': 0.163, 'frontSeven': 0.083, 'db': 0.079}, 'standardDowns': {'rate': 0.6785714285714286, 'ppa': -0.02903745745335077, 'successRate': 0.45614035087719296, 'explosiveness': 1.024133441113678}, 'passingDowns': {'rate': 0.32142857142857145, 'ppa': -0.03120544691222187, 'totalPPA': -13.967871544232239, 'successRate': 0.19753086419753085, 'explosiveness': 1.8132569989651375}, 'rushingPlays': {'rate': 0.5714285714285714, 'ppa': 0.03954233375909317, 'totalPPA': 5.694096061309416, 'successRate': 0.4236111111111111, 'explosiveness': 0.927308223640108}, 'passingPlays': {'rate': 0.4087301587301587, 'ppa': -0.13561040334206056, 'totalPPA': -13.967871544232239, 'successRate': 0.30097087378640774, 'explosiveness': 1.6390535169630354}}"
2026,Old Dominion,Sun Belt,"{'plays': 239, 'drives': 52, 'ppa': -0.1003869660045513, 'totalPPA': -23.992484875087758, 'successRate': 0.30962343096234307, 'explosiveness': 1.4828704323220148, 'powerSuccess': 0.3, 'stuffRate': 0.31496062992125984, 'lineYards': 1.6125984251968504, 'lineYardsTotal': 205, 'secondLevelYards': 1.1338582677165354, 'secondLevelYardsTotal': 144, 'openFieldYards': 1.5039370078740157, 'openFieldYardsTotal': 191, 'totalOpportunies': 23, 'pointsPerOpportunity': 2.9130434782608696, 'fieldPosition': {'averageStart': 71.1, 'averagePredictedPoints': 1.287}, 'havoc': {'total': 0.243, 'frontSeven': 0.205, 'db': 0.038}, 'standardDowns': {'rate': 0.6150627615062761, 'ppa': -0.31580240400856596, 'successRate': 0.29931972789115646, 'explosiveness': 1.2436098666001545}, 'passingDowns': {'rate': 0.38493723849372385, 'ppa': 0.24380944037142868, 'successRate': 0.32608695652173914, 'explosiveness': 1.8337859287140765}, 'rushingPlays': {'rate': 0.5313807531380753, 'ppa': -0.07552408056979264, 'totalPPA': -9.591558232363665, 'successRate': 0.33070866141732286, 'explosiveness': 1.298452737532938}, 'passingPlays': {'rate': 0.4476987447698745, 'ppa': -0.1370507779622512, 'totalPPA': -14.66443324196088, 'successRate': 0.2897196261682243, 'explosiveness': 1.6767581217572485}}","{'plays': 298, 'drives': 50, 'ppa': -0.01667735037065505, 'totalPPA': -4.969850410455205, 'successRate': 0.3389261744966443, 'explosiveness': 1.2419565580498637, 'powerSuccess': 0.6190476190476191, 'stuffRate': 0.2229299363057325, 'lineYards': 2.388535031847134, 'lineYardsTotal': 375, 'secondLevelYards': 0.8152866242038217, 'secondLevelYardsTotal': 128, 'openFieldYards': 1.1210191082802548, 'openFieldYardsTotal': 0, 'totalOpportunies': 30, 'pointsPerOpportunity': 3.3333333333333335, 'fieldPosition': {'averageStart': 66, 'averagePredictedPoints': -1.626}, 'havoc': {'total': 0.164, 'frontSeven': 0.128, 'db': 0.037}, 'standardDowns': {'rate': 0.6476510067114094, 'ppa': -0.14714381424748318, 'successRate': 0.36787564766839376, 'explosiveness': 0.8768902825370811}, 'passingDowns': {'rate': 0.3523489932885906, 'ppa': 0.22313243561246715, 'totalPPA': 13.603100330569857, 'successRate': 0.2857142857142857, 'explosiveness': 2.1059467434301156}, 'rushingPlays': {'rate': 0.5268456375838926, 'ppa': -0.10610021749878747, 'totalPPA': -16.657734147309633, 'successRate': 0.3184713375796178, 'explosiveness': 0.9632281734090701}, 'passingPlays': {'rate': 0.4463087248322148, 'ppa': 0.1022789498539087, 'totalPPA': 13.603100330569857, 'successRate': 0.3609022556390977, 'explosiveness': 1.578258369125247}}"
2026,Ole Miss,SEC,"{'plays': 276, 'drives': 45, 'ppa': 0.25167168162516396, 'totalPPA': 69.46138412854526, 'successRate': 0.5181159420289855, 'explosiveness': 1.1622157256130825, 'powerSuccess': 0.76, 'stuffRate': 0.17543859649122806, 'lineYards': 2.9350877192982456, 'lineYardsTotal': 335, 'secondLevelYards': 1.0789473684210527, 'secondLevelYardsTotal': 123, 'openFieldYards': 0.5789473684210527, 'openFieldYardsTotal': 66, 'totalOpportunies': 28, 'pointsPerOpportunity': 4.75, 'fieldPosition': {'averageStart': 72.7, 'averagePredictedPoints': 1.164}, 'havoc': {'total': 0.127, 'frontSeven': 0.072, 'db': 0.054}, 'standardDowns': {'rate': 0.7463768115942029, 'ppa': 0.18194334561744638, 'successRate': 0.5679611650485437, 'explosiveness': 0.9450506016866682}, 'passingDowns': {'rate': 0.2536231884057971, 'ppa': 0.45687221330501865, 'successRate': 0.37142857142857144, 'explosiveness': 2.139458783281947}, 'rushingPlays': {'rate': 0.41304347826086957, 'ppa': 0.15378805641036128, 'totalPPA': 17.531838430781185, 'successRate': 0.5175438596491229, 'explosiveness': 0.8941744478670891}, 'passingPlays': {'rate': 0.5507246376811594, 'ppa': 0.4353034771765317, 'totalPPA': 66.16612853083282, 'successRate': 0.5263157894736842, 'explosiveness': 1.399728869592414}}","{'plays': 276, 'drives': 45, 'ppa': 0.2245004693490552, 'totalPPA': 61.962129540339234, 'successRate': 0.47101449275362317, 'explosiveness': 1.1445332345829773, 'powerSuccess': 0.8181818181818182, 'stuffRate': 0.21739130434782608, 'lineYards': 2.9, 'lineYardsTotal': 467, 'secondLevelYards': 0.9751552795031055, 'secondLevelYardsTotal': 157, 'openFieldYards': 1.3664596273291925, 'openFieldYardsTotal': 0, 'totalOpportunies': 27, 'pointsPerOpportunity': 4, 'fieldPosition': {'averageStart': 68, 'averagePredictedPoints': -1.543}, 'havoc': {'total': 0.13, 'frontSeven': 0.087, 'db': 0.043}, 'standardDowns': {'rate': 0.717391304347826, 'ppa': 0.21926362334236402, 'successRate': 0.5404040404040404, 'explosiveness': 0.937351322357544}, 'passingDowns': {'rate': 0.2826086956521739, 'ppa': 0.23779400151988667, 'totalPPA': 33.510379869488666, 'successRate': 0.2948717948717949, 'explosiveness': 2.1083795218926022}, 'rushingPlays': {'rate': 0.5833333333333334, 'ppa': 0.17668366063904561, 'totalPPA': 28.44606936288634, 'successRate': 0.4782608695652174, 'explosiveness': 0.9524780398889952}, 'passingPlays': {'rate': 0.40217391304347827, 'ppa': 0.3018953141395375, 'totalPPA': 33.510379869488666, 'successRate': 0.45045045045045046, 'explosiveness': 1.4796702021208183}}"
2026,Oregon,Big Ten,"{'plays': 289, 'drives': 49, 'ppa': 0.3282973751105438, 'totalPPA': 94.87794140694716, 'successRate': 0.47750865051903113, 'explosiveness': 1.4144341938067029, 'powerSuccess': 0.8095238095238095, 'stuffRate': 0.12213740458015267, 'lineYards': 3.3595419847328243, 'lineYardsTotal': 440, 'secondLevelYards': 1.0458015267175573, 'secondLevelYardsTotal': 137, 'openFieldYards': 0.8702290076335878, 'openFieldYardsTotal': 114, 'totalOpportunies': 35, 'pointsPerOpportunity': 5.0285714285714285, 'fieldPosition': {'averageStart': 68.2, 'averagePredictedPoints': 1.516}, 'havoc': {'total': 0.107, 'frontSeven': 0.069, 'db': 0.038}, 'standardDowns': {'rate': 0.7058823529411765, 'ppa': 0.26273305672449143, 'successRate': 0.5147058823529411, 'explosiveness': 1.235942867709742}, 'passingDowns': {'rate': 0.29411764705882354, 'ppa': 0.48565173923706945, 'successRate': 0.38823529411764707, 'explosiveness': 1.9823611404788517}, 'rushingPlays': {'rate': 0.4532871972318339, 'ppa': 0.22526739545965457, 'totalPPA': 29.510028805214752, 'successRate': 0.4732824427480916, 'explosiveness': 1.000658175462074}, 'passingPlays': {'rate': 0.5259515570934256, 'ppa': 0.41432368193718383, 'totalPPA': 62.977199654451944, 'successRate': 0.48026315789473684, 'explosiveness': 1.7774162028215792}}","{'plays': 268, 'drives': 51, 'ppa': -0.003303296529835803, 'totalPPA': -0.8852834699959953, 'successRate': 0.373134328358209, 'explosiveness': 1.2391364139667749, 'powerSuccess': 0.75, 'stuffRate': 0.18487394957983194, 'lineYards': 2.6848739495798317, 'lineYardsTotal': 320, 'secondLevelYards': 0.6890756302521008, 'secondLevelYardsTotal': 82, 'openFieldYards': 0.907563025210084, 'openFieldYardsTotal': 0, 'totalOpportunies': 24, 'pointsPerOpportunity': 3.3333333333333335, 'fieldPosition': {'averageStart': 72.1, 'averagePredictedPoints': -1.248}, 'havoc': {'total': 0.157, 'frontSeven': 0.049, 'db': 0.108}, 'standardDowns': {'rate': 0.6828358208955224, 'ppa': -0.05181870126017515, 'successRate': 0.4098360655737705, 'explosiveness': 0.9918199112480093}, 'passingDowns': {'rate': 0.31716417910447764, 'ppa': 0.10114751600724772, 'totalPPA': 5.016577298794619, 'successRate': 0.29411764705882354, 'explosiveness': 1.9810859221230712}, 'rushingPlays': {'rate': 0.44402985074626866, 'ppa': 0.041052275697262434, 'totalPPA': 4.88522080797423, 'successRate': 0.37815126050420167, 'explosiveness': 0.9009418468971445}, 'passingPlays': {'rate': 0.5223880597014925, 'ppa': 0.03583269499139014, 'totalPPA': 5.016577298794619, 'successRate': 0.37857142857142856, 'explosiveness': 1.5397338367882014}}"
2026,Oregon State,Pac-12,"{'plays': 273, 'drives': 48, 'ppa': 0.2550130773471846, 'totalPPA': 69.6185701157814, 'successRate': 0.4249084249084249, 'explosiveness': 1.4547518674764726, 'powerSuccess': 0.7777777777777778, 'stuffRate': 0.10752688172043011, 'lineYards': 3.1978494623655913, 'lineYardsTotal': 297, 'secondLevelYards': 0.7741935483870968, 'secondLevelYardsTotal': 72, 'openFieldYards': 0.7956989247311828, 'openFieldYardsTotal': 74, 'totalOpportunies': 27, 'pointsPerOpportunity': 4.592592592592593, 'fieldPosition': {'averageStart': 74.8, 'averagePredictedPoints': 1.047}, 'havoc': {'total': 0.132, 'frontSeven': 0.051, 'db': 0.081}, 'standardDowns': {'rate': 0.663003663003663, 'ppa': 0.2519907337338636, 'successRate': 0.4861878453038674, 'explosiveness': 1.1547101712938936}, 'passingDowns': {'rate': 0.336996336996337, 'ppa': 0.2609592098907835, 'successRate': 0.30434782608695654, 'explosiveness': 2.3977400554788635}, 'rushingPlays': {'rate': 0.34065934065934067, 'ppa': 0.03733756217852911, 'totalPPA': 3.4723932826032073, 'successRate': 0.3870967741935484, 'explosiveness': 0.7948232140405986}, 'passingPlays': {'rate': 0.6446886446886447, 'ppa': 0.3686194648210765, 'totalPPA': 64.87702580850947, 'successRate': 0.44886363636363635, 'explosiveness': 1.753949417824386}}","{'plays': 288, 'drives': 48, 'ppa': 0.09159264570317568, 'totalPPA': 26.378681962514598, 'successRate': 0.4131944444444444, 'explosiveness': 1.09253689194952, 'powerSuccess': 0.7619047619047619, 'stuffRate': 0.1347517730496454, 'lineYards': 3.041843971631206, 'lineYardsTotal': 429, 'secondLevelYards': 0.9078014184397163, 'secondLevelYardsTotal': 128, 'openFieldYards': 0.8865248226950354, 'openFieldYardsTotal': 0, 'totalOpportunies': 26, 'pointsPerOpportunity': 3.3076923076923075, 'fieldPosition': {'averageStart': 69, 'averagePredictedPoints': -1.46}, 'havoc': {'total': 0.167, 'frontSeven': 0.097, 'db': 0.069}, 'standardDowns': {'rate': 0.6666666666666666, 'ppa': -0.01962295510679831, 'successRate': 0.46875, 'explosiveness': 0.8157977618078678}, 'passingDowns': {'rate': 0.3333333333333333, 'ppa': 0.31402384732312366, 'totalPPA': 23.95747833155317, 'successRate': 0.3020833333333333, 'explosiveness': 1.9513824682511993}, 'rushingPlays': {'rate': 0.4895833333333333, 'ppa': 0.02572571852000646, 'totalPPA': 3.627326311320911, 'successRate': 0.3971631205673759, 'explosiveness': 0.7641655701122992}, 'passingPlays': {'rate': 0.4826388888888889, 'ppa': 0.17235595921980695, 'totalPPA': 23.95747833155317, 'successRate': 0.43884892086330934, 'explosiveness': 1.3963773851358863}}"
2026,Penn State,Big Ten,"{'plays': 275, 'drives': 49, 'ppa': 0.21961666378769235, 'totalPPA': 60.39458254161539, 'successRate': 0.41818181818181815, 'explosiveness': 1.2991505807934227, 'powerSuccess': 0.7272727272727273, 'stuffRate': 0.13636363636363635, 'lineYards': 2.8350649350649353, 'lineYardsTotal': 437, 'secondLevelYards': 1.012987012987013, 'secondLevelYardsTotal': 156, 'openFieldYards': 0.9675324675324676, 'openFieldYardsTotal': 149, 'totalOpportunies': 30, 'pointsPerOpportunity': 3.966666666666667, 'fieldPosition': {'averageStart': 65.8, 'averagePredictedPoints': 1.711}, 'havoc': {'total': 0.116, 'frontSeven': 0.058, 'db': 0.058}, 'standardDowns': {'rate': 0.730909090909091, 'ppa': 0.180511682842188, 'successRate': 0.472636815920398, 'explosiveness': 1.1146154135519264}, 'passingDowns': {'rate': 0.2690909090909091, 'ppa': 0.3258342471666974, 'successRate': 0.2702702702702703, 'explosiveness': 2.1756926251905297}, 'rushingPlays': {'rate': 0.56, 'ppa': 0.10226050934283551, 'totalPPA': 15.748118438796668, 'successRate': 0.4090909090909091, 'explosiveness': 0.9286103103148964}, 'passingPlays': {'rate': 0.4109090909090909, 'ppa': 0.39100587351896643, 'totalPPA': 44.183663707643205, 'successRate': 0.4336283185840708, 'explosiveness': 1.813205218583281}}","{'plays': 241, 'drives': 49, 'ppa': -0.10284646170992028, 'totalPPA': -24.785997272090786, 'successRate': 0.3153526970954357, 'explosiveness': 1.1707435850065595, 'powerSuccess': 0.6666666666666666, 'stuffRate': 0.2288135593220339, 'lineYards': 2.528813559322034, 'lineYardsTotal': 298, 'secondLevelYards': 0.7711864406779662, 'secondLevelYardsTotal': 91, 'openFieldYards': 0.847457627118644, 'openFieldYardsTotal': 0, 'totalOpportunies': 11, 'pointsPerOpportunity': 3.6363636363636362, 'fieldPosition': {'averageStart': 76.3, 'averagePredictedPoints': -0.933}, 'havoc': {'total': 0.195, 'frontSeven': 0.112, 'db': 0.083}, 'standardDowns': {'rate': 0.6473029045643154, 'ppa': -0.2275967121159716, 'successRate': 0.36538461538461536, 'explosiveness': 0.8436816315871762}, 'passingDowns': {'rate': 0.35269709543568467, 'ppa': 0.12610693903530334, 'totalPPA': -18.899015110932087, 'successRate': 0.2235294117647059, 'explosiveness': 2.151929445264709}, 'rushingPlays': {'rate': 0.4896265560165975, 'ppa': 0.03991284844955524, 'totalPPA': 4.709716117047519, 'successRate': 0.3389830508474576, 'explosiveness': 1.1293852019937483}, 'passingPlays': {'rate': 0.47717842323651455, 'ppa': -0.16433926183419206, 'totalPPA': -18.899015110932087, 'successRate': 0.2956521739130435, 'explosiveness': 1.207049491565109}}"
2026,Pittsburgh,ACC,"{'plays': 292, 'drives': 46, 'ppa': 0.29436393496798696, 'totalPPA': 85.9542690106522, 'successRate': 0.4965753424657534, 'explosiveness': 1.2493195690476524, 'powerSuccess': 0.631578947368421, 'stuffRate': 0.18248175182481752, 'lineYards': 3.3094890510948907, 'lineYardsTotal': 453, 'secondLevelYards': 1.2554744525547445, 'secondLevelYardsTotal': 172, 'openFieldYards': 1.3357664233576643, 'openFieldYardsTotal': 183, 'totalOpportunies': 30, 'pointsPerOpportunity': 4.233333333333333, 'fieldPosition': {'averageStart': 70.4, 'averagePredictedPoints': 1.426}, 'havoc': {'total': 0.096, 'frontSeven': 0.058, 'db': 0.038}, 'standardDowns': {'rate': 0.726027397260274, 'ppa': 0.21093898019963855, 'successRate': 0.5283018867924528, 'explosiveness': 1.0941041906547762}, 'passingDowns': {'rate': 0.273972602739726, 'ppa': 0.5154400651041102, 'successRate': 0.4125, 'explosiveness': 1.7761111563204446}, 'rushingPlays': {'rate': 0.4691780821917808, 'ppa': 0.07830265323452791, 'totalPPA': 10.727463493130324, 'successRate': 0.45985401459854014, 'explosiveness': 0.808580814787389}, 'passingPlays': {'rate': 0.5171232876712328, 'ppa': 0.5072316290266918, 'totalPPA': 76.59197598303047, 'successRate': 0.5298013245033113, 'explosiveness': 1.5954884570277568}}","{'plays': 240, 'drives': 47, 'ppa': -0.1071948228174938, 'totalPPA': -25.72675747619851, 'successRate': 0.2875, 'explosiveness': 1.3794468878643993, 'powerSuccess': 0.5384615384615384, 'stuffRate': 0.31958762886597936, 'lineYards': 1.777319587628866, 'lineYardsTotal': 172, 'secondLevelYards': 0.8144329896907216, 'secondLevelYardsTotal': 79, 'openFieldYards': 0.4845360824742268, 'openFieldYardsTotal': 0, 'totalOpportunies': 16, 'pointsPerOpportunity': 1.6875, 'fieldPosition': {'averageStart': 75.3, 'averagePredictedPoints': -1.03}, 'havoc': {'total': 0.179, 'frontSeven': 0.117, 'db': 0.063}, 'standardDowns': {'rate': 0.6041666666666666, 'ppa': -0.1857977869486868, 'successRate': 0.3448275862068966, 'explosiveness': 1.0241023878340694}, 'passingDowns': {'rate': 0.3958333333333333, 'ppa': 0.012778122435379732, 'totalPPA': -1.5886205774566995, 'successRate': 0.2, 'explosiveness': 2.3145639932073734}, 'rushingPlays': {'rate': 0.4041666666666667, 'ppa': -0.1777203243359583, 'totalPPA': -17.238871460587955, 'successRate': 0.27835051546391754, 'explosiveness': 0.9951006216124555}, 'passingPlays': {'rate': 0.5583333333333333, 'ppa': -0.011855377443706714, 'totalPPA': -1.5886205774566995, 'successRate': 0.30597014925373134, 'explosiveness': 1.620131655611908}}"
2026,Purdue,Big Ten,"{'plays': 286, 'drives': 43, 'ppa': 0.23652115190309195, 'totalPPA': 67.6450494442843, 'successRate': 0.46503496503496505, 'explosiveness': 1.1982918041307937, 'powerSuccess': 0.7894736842105263, 'stuffRate': 0.15873015873015872, 'lineYards': 3.026984126984127, 'lineYardsTotal': 381, 'secondLevelYards': 0.873015873015873, 'secondLevelYardsTotal': 110, 'openFieldYards': 0.5158730158730159, 'openFieldYardsTotal': 65, 'totalOpportunies': 27, 'pointsPerOpportunity': 3.6296296296296298, 'fieldPosition': {'averageStart': 73.8, 'averagePredictedPoints': 1.096}, 'havoc': {'total': 0.133, 'frontSeven': 0.101, 'db': 0.031}, 'standardDowns': {'rate': 0.7237762237762237, 'ppa': 0.1576721748861377, 'successRate': 0.5072463768115942, 'explosiveness': 0.9695103600800564}, 'passingDowns': {'rate': 0.2762237762237762, 'ppa': 0.44312543345384553, 'successRate': 0.35443037974683544, 'explosiveness': 2.056222219321059}, 'rushingPlays': {'rate': 0.4405594405594406, 'ppa': 0.08270909828911013, 'totalPPA': 10.421346384427878, 'successRate': 0.42857142857142855, 'explosiveness': 0.882814118031862}, 'passingPlays': {'rate': 0.5384615384615384, 'ppa': 0.39886727255679366, 'totalPPA': 61.425559973746225, 'successRate': 0.5064935064935064, 'explosiveness': 1.4076800712142719}}","{'plays': 258, 'drives': 42, 'ppa': 0.35133275616513054, 'totalPPA': 90.64385109060368, 'successRate': 0.5, 'explosiveness': 1.3659642219553176, 'powerSuccess': 0.7619047619047619, 'stuffRate': 0.1510791366906475, 'lineYards': 3.3194244604316547, 'lineYardsTotal': 461, 'secondLevelYards': 1.345323741007194, 'secondLevelYardsTotal': 187, 'openFieldYards': 1.7482014388489209, 'openFieldYardsTotal': 0, 'totalOpportunies': 25, 'pointsPerOpportunity': 5.2, 'fieldPosition': {'averageStart': 73.3, 'averagePredictedPoints': -1.171}, 'havoc': {'total': 0.14, 'frontSeven': 0.081, 'db': 0.058}, 'standardDowns': {'rate': 0.7093023255813954, 'ppa': 0.22186896352474625, 'successRate': 0.5355191256830601, 'explosiveness': 1.0251758449464752}, 'passingDowns': {'rate': 0.29069767441860467, 'ppa': 0.6672244102076681, 'totalPPA': 46.520269852521345, 'successRate': 0.41333333333333333, 'explosiveness': 2.4432952202413354}, 'rushingPlays': {'rate': 0.5387596899224806, 'ppa': 0.3001500620820311, 'totalPPA': 41.72085862940233, 'successRate': 0.5179856115107914, 'explosiveness': 1.054400102965576}, 'passingPlays': {'rate': 0.437984496124031, 'ppa': 0.4116838040046137, 'totalPPA': 46.520269852521345, 'successRate': 0.4690265486725664, 'explosiveness': 1.8267123859547685}}"
2026,Rice,American Athletic,"{'plays': 255, 'drives': 41, 'ppa': 0.06919747969830564, 'totalPPA': 17.645357323067937, 'successRate': 0.4470588235294118, 'explosiveness': 1.1181303414793926, 'powerSuccess': 0.8, 'stuffRate': 0.13157894736842105, 'lineYards': 3.3526315789473684, 'lineYardsTotal': 637, 'secondLevelYards': 1.231578947368421, 'secondLevelYardsTotal': 234, 'openFieldYards': 1.6421052631578947, 'openFieldYardsTotal': 312, 'totalOpportunies': 18, 'pointsPerOpportunity': 3.8333333333333335, 'fieldPosition': {'averageStart': 76.4, 'averagePredictedPoints': 0.951}, 'havoc': {'total': 0.137, 'frontSeven': 0.11, 'db': 0.027}, 'standardDowns': {'rate': 0.7215686274509804, 'ppa': 0.12541471757040232, 'successRate': 0.5271739130434783, 'explosiveness': 0.9137952156355407}, 'passingDowns': {'rate': 0.2784313725490196, 'ppa': -0.07649226351952237, 'successRate': 0.23943661971830985, 'explosiveness': 2.2840425301178415}, 'rushingPlays': {'rate': 0.7450980392156863, 'ppa': 0.1271671707083121, 'totalPPA': 24.1617624345793, 'successRate': 0.48947368421052634, 'explosiveness': 0.9860280379177018}, 'passingPlays': {'rate': 0.23529411764705882, 'ppa': -0.05910989079194805, 'totalPPA': -3.5465934475168828, 'successRate': 0.3333333333333333, 'explosiveness': 1.6484658011797568}}","{'plays': 261, 'drives': 40, 'ppa': 0.13676316297091637, 'totalPPA': 35.69518553540917, 'successRate': 0.42911877394636017, 'explosiveness': 1.2894367024813602, 'powerSuccess': 0.6470588235294118, 'stuffRate': 0.18439716312056736, 'lineYards': 2.7659574468085104, 'lineYardsTotal': 390, 'secondLevelYards': 1.021276595744681, 'secondLevelYardsTotal': 144, 'openFieldYards': 1.8085106382978724, 'openFieldYardsTotal': 0, 'totalOpportunies': 25, 'pointsPerOpportunity': 4.28, 'fieldPosition': {'averageStart': 68, 'averagePredictedPoints': -1.535}, 'havoc': {'total': 0.146, 'frontSeven': 0.107, 'db': 0.038}, 'standardDowns': {'rate': 0.6666666666666666, 'ppa': 0.09136933184479623, 'successRate': 0.4885057471264368, 'explosiveness': 1.0344131965403223}, 'passingDowns': {'rate': 0.3333333333333333, 'ppa': 0.22755082522315664, 'totalPPA': 16.972266615325832, 'successRate': 0.3103448275862069, 'explosiveness': 2.092288480443887}, 'rushingPlays': {'rate': 0.5402298850574713, 'ppa': 0.15214205421958282, 'totalPPA': 21.452029644961176, 'successRate': 0.425531914893617, 'explosiveness': 1.1409187192326584}, 'passingPlays': {'rate': 0.4329501915708812, 'ppa': 0.15019704969314895, 'totalPPA': 16.972266615325832, 'successRate': 0.4424778761061947, 'explosiveness': 1.4974055283022611}}"
2026,Rutgers,Big Ten,"{'plays': 274, 'drives': 45, 'ppa': 0.1351379441326351, 'totalPPA': 37.027796692342015, 'successRate': 0.48175182481751827, 'explosiveness': 1.3008484357582824, 'powerSuccess': 0.7, 'stuffRate': 0.16058394160583941, 'lineYards': 3.1328467153284674, 'lineYardsTotal': 429, 'secondLevelYards': 0.9854014598540146, 'secondLevelYardsTotal': 135, 'openFieldYards': 0.9416058394160584, 'openFieldYardsTotal': 129, 'totalOpportunies': 27, 'pointsPerOpportunity': 3.962962962962963, 'fieldPosition': {'averageStart': 69, 'averagePredictedPoints': 1.472}, 'havoc': {'total': 0.146, 'frontSeven': 0.062, 'db': 0.084}, 'standardDowns': {'rate': 0.7116788321167883, 'ppa': 0.01501076488302492, 'successRate': 0.5076923076923077, 'explosiveness': 1.0686472657912676}, 'passingDowns': {'rate': 0.28832116788321166, 'ppa': 0.4316543992424324, 'successRate': 0.4177215189873418, 'explosiveness': 1.9974519456593267}, 'rushingPlays': {'rate': 0.5, 'ppa': 0.02390710582760432, 'totalPPA': 3.2752734983817917, 'successRate': 0.48905109489051096, 'explosiveness': 0.7657014313292282}, 'passingPlays': {'rate': 0.48175182481751827, 'ppa': 0.33363158982005, 'totalPPA': 44.039369856246594, 'successRate': 0.4772727272727273, 'explosiveness': 1.8611121867998885}}","{'plays': 241, 'drives': 45, 'ppa': 0.1490536394191173, 'totalPPA': 35.921927100007274, 'successRate': 0.43568464730290457, 'explosiveness': 1.2021303791777804, 'powerSuccess': 0.75, 'stuffRate': 0.2, 'lineYards': 3.0024, 'lineYardsTotal': 375, 'secondLevelYards': 1.392, 'secondLevelYardsTotal': 174, 'openFieldYards': 1.432, 'openFieldYardsTotal': 0, 'totalOpportunies': 23, 'pointsPerOpportunity': 3.6521739130434785, 'fieldPosition': {'averageStart': 70, 'averagePredictedPoints': -1.354}, 'havoc': {'total': 0.137, 'frontSeven': 0.1, 'db': 0.037}, 'standardDowns': {'rate': 0.6929460580912863, 'ppa': 0.09029892690028207, 'successRate': 0.49700598802395207, 'explosiveness': 0.9892819005393343}, 'passingDowns': {'rate': 0.3070539419087137, 'ppa': 0.28164873388729955, 'totalPPA': 32.57134005063092, 'successRate': 0.2972972972972973, 'explosiveness': 2.0051496394955546}, 'rushingPlays': {'rate': 0.5186721991701245, 'ppa': 0.11734883242612983, 'totalPPA': 14.668604053266229, 'successRate': 0.464, 'explosiveness': 0.8998438688745016}, 'passingPlays': {'rate': 0.43983402489626555, 'ppa': 0.30727679293048044, 'totalPPA': 32.57134005063092, 'successRate': 0.41509433962264153, 'explosiveness': 1.588900740708907}}"
2026,Sacramento State,Mid-American,"{'plays': 349, 'drives': 61, 'ppa': -0.06098685135369554, 'totalPPA': -21.284411122439742, 'successRate': 0.4183381088825215, 'explosiveness': 1.0051274745930112, 'powerSuccess': 0.75, 'stuffRate': 0.25170068027210885, 'lineYards': 2.691156462585034, 'lineYardsTotal': 396, 'secondLevelYards': 1.0204081632653061, 'secondLevelYardsTotal': 150, 'openFieldYards': 0.9591836734693877, 'openFieldYardsTotal': 141, 'totalOpportunies': 29, 'pointsPerOpportunity': 2.5517241379310347, 'fieldPosition': {'averageStart': 71.1, 'averagePredictedPoints': 1.331}, 'havoc': {'total': 0.169, 'frontSeven': 0.083, 'db': 0.086}, 'standardDowns': {'rate': 0.7106017191977078, 'ppa': 0.0063457972637495025, 'successRate': 0.4959677419354839, 'explosiveness': 0.9782928573236342}, 'passingDowns': {'rate': 0.28939828080229224, 'ppa': -0.22631850340445167, 'successRate': 0.22772277227722773, 'explosiveness': 1.1486343408596797}, 'rushingPlays': {'rate': 0.42120343839541546, 'ppa': -0.08852035864180392, 'totalPPA': -13.012492720345175, 'successRate': 0.47619047619047616, 'explosiveness': 0.7048618650921553}, 'passingPlays': {'rate': 0.5558739255014327, 'ppa': 0.0018125682398123539, 'totalPPA': 0.35163823852359666, 'successRate': 0.3865979381443299, 'explosiveness': 1.2743792810792993}}","{'plays': 303, 'drives': 61, 'ppa': 0.12514837779536842, 'totalPPA': 37.91995847199663, 'successRate': 0.35973597359735976, 'explosiveness': 1.4167688855611527, 'powerSuccess': 0.5, 'stuffRate': 0.18012422360248448, 'lineYards': 2.9118012422360247, 'lineYardsTotal': 469, 'secondLevelYards': 0.9254658385093167, 'secondLevelYardsTotal': 149, 'openFieldYards': 1.4720496894409938, 'openFieldYardsTotal': 0, 'totalOpportunies': 28, 'pointsPerOpportunity': 3.8214285714285716, 'fieldPosition': {'averageStart': 72.2, 'averagePredictedPoints': -1.27}, 'havoc': {'total': 0.122, 'frontSeven': 0.089, 'db': 0.033}, 'standardDowns': {'rate': 0.6666666666666666, 'ppa': 0.11240043916791481, 'successRate': 0.43564356435643564, 'explosiveness': 1.1976476621055157}, 'passingDowns': {'rate': 0.3333333333333333, 'ppa': 0.15064425505027565, 'totalPPA': 45.366501902200014, 'successRate': 0.2079207920792079, 'explosiveness': 2.3349911552800124}, 'rushingPlays': {'rate': 0.5313531353135313, 'ppa': -0.03694601571227588, 'totalPPA': -5.948308529676416, 'successRate': 0.32298136645962733, 'explosiveness': 1.1128414557578166}, 'passingPlays': {'rate': 0.4389438943894389, 'ppa': 0.34110151806165423, 'totalPPA': 45.366501902200014, 'successRate': 0.41353383458646614, 'explosiveness': 1.6736754234846758}}"
2026,Sam Houston,Conference USA,"{'plays': 280, 'drives': 54, 'ppa': 0.10163077593628513, 'totalPPA': 28.456617262159835, 'successRate': 0.4392857142857143, 'explosiveness': 1.282968570198587, 'powerSuccess': 0.6111111111111112, 'stuffRate': 0.21052631578947367, 'lineYards': 2.799122807017544, 'lineYardsTotal': 319, 'secondLevelYards': 1.1052631578947367, 'secondLevelYardsTotal': 126, 'openFieldYards': 0.5175438596491229, 'openFieldYardsTotal': 59, 'totalOpportunies': 24, 'pointsPerOpportunity': 3.4583333333333335, 'fieldPosition': {'averageStart': 73.1, 'averagePredictedPoints': 1.187}, 'havoc': {'total': 0.175, 'frontSeven': 0.111, 'db': 0.064}, 'standardDowns': {'rate': 0.6964285714285714, 'ppa': 0.0033276564465268615, 'successRate': 0.47692307692307695, 'explosiveness': 1.0468135029785703}, 'passingDowns': {'rate': 0.30357142857142855, 'ppa': 0.3271496971186717, 'successRate': 0.35294117647058826, 'explosiveness': 2.0150492785806375}, 'rushingPlays': {'rate': 0.40714285714285714, 'ppa': 0.03967890504015501, 'totalPPA': 4.523395174577671, 'successRate': 0.47368421052631576, 'explosiveness': 0.823764807113181}, 'passingPlays': {'rate': 0.5678571428571428, 'ppa': 0.20381520789334454, 'totalPPA': 32.406618055041776, 'successRate': 0.4339622641509434, 'explosiveness': 1.6423454282654262}}","{'plays': 263, 'drives': 53, 'ppa': 0.06525042675854816, 'totalPPA': 17.160862237498165, 'successRate': 0.38783269961977185, 'explosiveness': 1.2587754686703159, 'powerSuccess': 0.7368421052631579, 'stuffRate': 0.20279720279720279, 'lineYards': 3.074825174825175, 'lineYardsTotal': 440, 'secondLevelYards': 1.3146853146853148, 'secondLevelYardsTotal': 188, 'openFieldYards': 1.867132867132867, 'openFieldYardsTotal': 0, 'totalOpportunies': 24, 'pointsPerOpportunity': 2.875, 'fieldPosition': {'averageStart': 71.3, 'averagePredictedPoints': -1.335}, 'havoc': {'total': 0.224, 'frontSeven': 0.125, 'db': 0.099}, 'standardDowns': {'rate': 0.6577946768060836, 'ppa': 0.027627370983349633, 'successRate': 0.44508670520231214, 'explosiveness': 0.9946079793818229}, 'passingDowns': {'rate': 0.34220532319391633, 'ppa': 0.1375703006375409, 'totalPPA': -6.511459947048364, 'successRate': 0.2777777777777778, 'explosiveness': 2.0724113356788747}, 'rushingPlays': {'rate': 0.5437262357414449, 'ppa': 0.203862459745878, 'totalPPA': 29.152331743660554, 'successRate': 0.43356643356643354, 'explosiveness': 1.1574290259286424}, 'passingPlays': {'rate': 0.42585551330798477, 'ppa': -0.058138035241503246, 'totalPPA': -6.511459947048364, 'successRate': 0.33035714285714285, 'explosiveness': 1.3955385137919276}}"
2026,San Diego State,Pac-12,"{'plays': 268, 'drives': 49, 'ppa': -0.08522068202076578, 'totalPPA': -22.839142781565233, 'successRate': 0.34701492537313433, 'explosiveness': 1.143302536745483, 'powerSuccess': 0.5454545454545454, 'stuffRate': 0.20279720279720279, 'lineYards': 2.93986013986014, 'lineYardsTotal': 420, 'secondLevelYards': 0.972027972027972, 'secondLevelYardsTotal': 139, 'openFieldYards': 0.8671328671328671, 'openFieldYardsTotal': 124, 'totalOpportunies': 23, 'pointsPerOpportunity': 3.4347826086956523, 'fieldPosition': {'averageStart': 72.9, 'averagePredictedPoints': 1.195}, 'havoc': {'total': 0.172, 'frontSeven': 0.101, 'db': 0.071}, 'standardDowns': {'rate': 0.6455223880597015, 'ppa': -0.20122791422098674, 'successRate': 0.3930635838150289, 'explosiveness': 0.7541557550002076}, 'passingDowns': {'rate': 0.35447761194029853, 'ppa': 0.12603459345963655, 'successRate': 0.2631578947368421, 'explosiveness': 2.2017817830926316}, 'rushingPlays': {'rate': 0.5335820895522388, 'ppa': -0.03418465562626504, 'totalPPA': -4.8884057545559, 'successRate': 0.34965034965034963, 'explosiveness': 0.8660126915376547}, 'passingPlays': {'rate': 0.43283582089552236, 'ppa': -0.10924909427762368, 'totalPPA': -12.672894936204347, 'successRate': 0.35344827586206895, 'explosiveness': 1.535186083612667}}","{'plays': 294, 'drives': 51, 'ppa': 0.0970600892086255, 'totalPPA': 28.535666227335895, 'successRate': 0.4421768707482993, 'explosiveness': 1.049073021585473, 'powerSuccess': 0.85, 'stuffRate': 0.1111111111111111, 'lineYards': 3.3932098765432097, 'lineYardsTotal': 550, 'secondLevelYards': 0.8148148148148148, 'secondLevelYardsTotal': 132, 'openFieldYards': 0.46296296296296297, 'openFieldYardsTotal': 0, 'totalOpportunies': 30, 'pointsPerOpportunity': 3.4, 'fieldPosition': {'averageStart': 66.9, 'averagePredictedPoints': -1.603}, 'havoc': {'total': 0.099, 'frontSeven': 0.058, 'db': 0.041}, 'standardDowns': {'rate': 0.7210884353741497, 'ppa': 0.0610369589655764, 'successRate': 0.49528301886792453, 'explosiveness': 0.9125651911634147}, 'passingDowns': {'rate': 0.2789115646258503, 'ppa': 0.19019306008089876, 'totalPPA': 31.09837149315999, 'successRate': 0.3048780487804878, 'explosiveness': 1.622405909358118}, 'rushingPlays': {'rate': 0.5510204081632653, 'ppa': -0.0059868189119582395, 'totalPPA': -0.9698646637372347, 'successRate': 0.46296296296296297, 'explosiveness': 0.676589948200312}, 'passingPlays': {'rate': 0.42857142857142855, 'ppa': 0.24681247216793645, 'totalPPA': 31.09837149315999, 'successRate': 0.42857142857142855, 'explosiveness': 1.5415892345370485}}"
2026,San José State,Mountain West,"{'plays': 283, 'drives': 52, 'ppa': 0.08220884405806574, 'totalPPA': 23.265102868432603, 'successRate': 0.3957597173144876, 'explosiveness': 1.2244504887603835, 'powerSuccess': 0.5714285714285714, 'stuffRate': 0.18604651162790697, 'lineYards': 3.182170542635659, 'lineYardsTotal': 411, 'secondLevelYards': 1.2170542635658914, 'secondLevelYardsTotal': 157, 'openFieldYards': 0.7209302325581395, 'openFieldYardsTotal': 93, 'totalOpportunies': 25, 'pointsPerOpportunity': 3.36, 'fieldPosition': {'averageStart': 72.3, 'averagePredictedPoints': 1.239}, 'havoc': {'total': 0.152, 'frontSeven': 0.085, 'db': 0.067}, 'standardDowns': {'rate': 0.6501766784452296, 'ppa': 0.08900400225198815, 'successRate': 0.46195652173913043, 'explosiveness': 1.0682912196601189}, 'passingDowns': {'rate': 0.3498233215547703, 'ppa': 0.06957945913198772, 'successRate': 0.2727272727272727, 'explosiveness': 1.7160630025945505}, 'rushingPlays': {'rate': 0.4558303886925795, 'ppa': -0.013706963060434188, 'totalPPA': -1.7681982347960101, 'successRate': 0.3643410852713178, 'explosiveness': 0.964454025604515}, 'passingPlays': {'rate': 0.519434628975265, 'ppa': 0.23954165210453873, 'totalPPA': 35.212622859367194, 'successRate': 0.42857142857142855, 'explosiveness': 1.4471976137596076}}","{'plays': 287, 'drives': 52, 'ppa': 0.06609743084098561, 'totalPPA': 18.96996265136287, 'successRate': 0.4355400696864111, 'explosiveness': 1.0704314495810316, 'powerSuccess': 0.8333333333333334, 'stuffRate': 0.1693548387096774, 'lineYards': 2.9306451612903226, 'lineYardsTotal': 363, 'secondLevelYards': 1.032258064516129, 'secondLevelYardsTotal': 128, 'openFieldYards': 0.8306451612903226, 'openFieldYardsTotal': 0, 'totalOpportunies': 30, 'pointsPerOpportunity': 3.433333333333333, 'fieldPosition': {'averageStart': 68.2, 'averagePredictedPoints': -1.491}, 'havoc': {'total': 0.136, 'frontSeven': 0.07, 'db': 0.066}, 'standardDowns': {'rate': 0.6898954703832753, 'ppa': 0.05161598082398111, 'successRate': 0.51010101010101, 'explosiveness': 0.9162008668346482}, 'passingDowns': {'rate': 0.31010452961672474, 'ppa': 0.09831458930578212, 'totalPPA': 20.061212610817396, 'successRate': 0.2696629213483146, 'explosiveness': 1.7194851519720618}, 'rushingPlays': {'rate': 0.43205574912891986, 'ppa': 0.1062655869841613, 'totalPPA': 13.176932786036001, 'successRate': 0.47580645161290325, 'explosiveness': 0.8759309454503353}, 'passingPlays': {'rate': 0.5331010452961672, 'ppa': 0.13111903667200914, 'totalPPA': 20.061212610817396, 'successRate': 0.41830065359477125, 'explosiveness': 1.2777910531249363}}"
2026,SMU,ACC,"{'plays': 282, 'drives': 49, 'ppa': 0.2505945394923168, 'totalPPA': 70.66766013683333, 'successRate': 0.5177304964539007, 'explosiveness': 1.250407687833359, 'powerSuccess': 0.6521739130434783, 'stuffRate': 0.16417910447761194, 'lineYards': 3.038805970149254, 'lineYardsTotal': 407, 'secondLevelYards': 0.9253731343283582, 'secondLevelYardsTotal': 124, 'openFieldYards': 1.3507462686567164, 'openFieldYardsTotal': 181, 'totalOpportunies': 31, 'pointsPerOpportunity': 3.903225806451613, 'fieldPosition': {'averageStart': 67.6, 'averagePredictedPoints': 1.558}, 'havoc': {'total': 0.121, 'frontSeven': 0.078, 'db': 0.043}, 'standardDowns': {'rate': 0.7375886524822695, 'ppa': 0.1955598948699054, 'successRate': 0.5576923076923077, 'explosiveness': 1.0068209974224347}, 'passingDowns': {'rate': 0.2624113475177305, 'ppa': 0.4052865135661217, 'successRate': 0.40540540540540543, 'explosiveness': 2.1922762240889324}, 'rushingPlays': {'rate': 0.475177304964539, 'ppa': -0.027099966182002243, 'totalPPA': -3.6313954683883005, 'successRate': 0.4701492537313433, 'explosiveness': 0.6458150331057022}, 'passingPlays': {'rate': 0.5070921985815603, 'ppa': 0.6030778470902388, 'totalPPA': 86.24013213390415, 'successRate': 0.5734265734265734, 'explosiveness': 1.7100256313832025}}","{'plays': 255, 'drives': 49, 'ppa': 0.02288194543177536, 'totalPPA': 5.8348960851027165, 'successRate': 0.3607843137254902, 'explosiveness': 1.3165258941517097, 'powerSuccess': 0.3888888888888889, 'stuffRate': 0.21311475409836064, 'lineYards': 2.7016393442622952, 'lineYardsTotal': 330, 'secondLevelYards': 1.1229508196721312, 'secondLevelYardsTotal': 137, 'openFieldYards': 1.9672131147540983, 'openFieldYardsTotal': 0, 'totalOpportunies': 20, 'pointsPerOpportunity': 3.95, 'fieldPosition': {'averageStart': 73.6, 'averagePredictedPoints': -1.122}, 'havoc': {'total': 0.204, 'frontSeven': 0.141, 'db': 0.063}, 'standardDowns': {'rate': 0.6862745098039216, 'ppa': -0.03979975456013274, 'successRate': 0.4342857142857143, 'explosiveness': 1.0189386579470592}, 'passingDowns': {'rate': 0.3137254901960784, 'ppa': 0.1599981641640743, 'totalPPA': 4.816360046649131, 'successRate': 0.2, 'explosiveness': 2.7300652661238}, 'rushingPlays': {'rate': 0.47843137254901963, 'ppa': 0.030174372272569278, 'totalPPA': 3.681273417253452, 'successRate': 0.4262295081967213, 'explosiveness': 1.0651432540293169}, 'passingPlays': {'rate': 0.4980392156862745, 'ppa': 0.03792409485550497, 'totalPPA': 4.816360046649131, 'successRate': 0.2992125984251969, 'explosiveness': 1.7108588772840325}}"
2026,South Alabama,Sun Belt,"{'plays': 308, 'drives': 45, 'ppa': 0.17387843028467587, 'totalPPA': 53.55455652768016, 'successRate': 0.41883116883116883, 'explosiveness': 1.301705588252744, 'powerSuccess': 0.7916666666666666, 'stuffRate': 0.1206896551724138, 'lineYards': 3.182183908045977, 'lineYardsTotal': 554, 'secondLevelYards': 1.0862068965517242, 'secondLevelYardsTotal': 189, 'openFieldYards': 0.7183908045977011, 'openFieldYardsTotal': 125, 'totalOpportunies': 27, 'pointsPerOpportunity': 4.296296296296297, 'fieldPosition': {'averageStart': 69.3, 'averagePredictedPoints': 1.433}, 'havoc': {'total': 0.146, 'frontSeven': 0.088, 'db': 0.058}, 'standardDowns': {'rate': 0.6883116883116883, 'ppa': 0.02104164957504262, 'successRate': 0.4481132075471698, 'explosiveness': 1.0635493932585502}, 'passingDowns': {'rate': 0.3116883116883117, 'ppa': 0.511392987685116, 'successRate': 0.3541666666666667, 'explosiveness': 1.9671420154424033}, 'rushingPlays': {'rate': 0.564935064935065, 'ppa': 0.17696833129959577, 'totalPPA': 30.792489646129663, 'successRate': 0.42528735632183906, 'explosiveness': 1.067637515096099}, 'passingPlays': {'rate': 0.4090909090909091, 'ppa': 0.20825491491020945, 'totalPPA': 26.24011927868639, 'successRate': 0.42063492063492064, 'explosiveness': 1.6388566142046235}}","{'plays': 218, 'drives': 44, 'ppa': 0.2794913126280899, 'totalPPA': 60.9291061529236, 'successRate': 0.48623853211009177, 'explosiveness': 1.4604998123440105, 'powerSuccess': 0.6, 'stuffRate': 0.1743119266055046, 'lineYards': 3.2302752293577983, 'lineYardsTotal': 352, 'secondLevelYards': 1.4770642201834863, 'secondLevelYardsTotal': 161, 'openFieldYards': 3.4311926605504586, 'openFieldYardsTotal': 0, 'totalOpportunies': 26, 'pointsPerOpportunity': 4.076923076923077, 'fieldPosition': {'averageStart': 68.3, 'averagePredictedPoints': -1.509}, 'havoc': {'total': 0.179, 'frontSeven': 0.115, 'db': 0.064}, 'standardDowns': {'rate': 0.7247706422018348, 'ppa': 0.23412472154025396, 'successRate': 0.5316455696202531, 'explosiveness': 1.2647822395152273}, 'passingDowns': {'rate': 0.27522935779816515, 'ppa': 0.3989566691593913, 'totalPPA': 21.826080471875297, 'successRate': 0.36666666666666664, 'explosiveness': 2.2077850904175462}, 'rushingPlays': {'rate': 0.5, 'ppa': 0.3487057993482127, 'totalPPA': 38.00893212895519, 'successRate': 0.5045871559633027, 'explosiveness': 1.3802626622151082}, 'passingPlays': {'rate': 0.47706422018348627, 'ppa': 0.20986615838341632, 'totalPPA': 21.826080471875297, 'successRate': 0.46153846153846156, 'explosiveness': 1.5647583022103133}}"
2026,South Carolina,SEC,"{'plays': 296, 'drives': 47, 'ppa': 0.22741348538207867, 'totalPPA': 67.31439167309529, 'successRate': 0.47635135135135137, 'explosiveness': 1.227748995044518, 'powerSuccess': 0.7894736842105263, 'stuffRate': 0.12987012987012986, 'lineYards': 3.722077922077922, 'lineYardsTotal': 573, 'secondLevelYards': 1.344155844155844, 'secondLevelYardsTotal': 207, 'openFieldYards': 2.4220779220779223, 'openFieldYardsTotal': 373, 'totalOpportunies': 27, 'pointsPerOpportunity': 4.296296296296297, 'fieldPosition': {'averageStart': 73.8, 'averagePredictedPoints': 1.085}, 'havoc': {'total': 0.122, 'frontSeven': 0.068, 'db': 0.054}, 'standardDowns': {'rate': 0.7263513513513513, 'ppa': 0.1894521171075088, 'successRate': 0.5488372093023256, 'explosiveness': 1.0273831129551676}, 'passingDowns': {'rate': 0.27364864864864863, 'ppa': 0.3281751419133443, 'successRate': 0.2839506172839506, 'explosiveness': 2.255713085763793}, 'rushingPlays': {'rate': 0.5202702702702703, 'ppa': 0.3015507637840007, 'totalPPA': 46.43881762273611, 'successRate': 0.525974025974026, 'explosiveness': 1.0472827902156705}, 'passingPlays': {'rate': 0.4560810810810811, 'ppa': 0.17470976452276432, 'totalPPA': 23.585818210573184, 'successRate': 0.4148148148148148, 'explosiveness': 1.5211381504486028}}","{'plays': 235, 'drives': 49, 'ppa': 0.15139475122841833, 'totalPPA': 35.57776653867831, 'successRate': 0.3617021276595745, 'explosiveness': 1.5563246749462596, 'powerSuccess': 0.6363636363636364, 'stuffRate': 0.24299065420560748, 'lineYards': 2.2934579439252336, 'lineYardsTotal': 245, 'secondLevelYards': 0.7476635514018691, 'secondLevelYardsTotal': 80, 'openFieldYards': 1.1214953271028036, 'openFieldYardsTotal': 0, 'totalOpportunies': 17, 'pointsPerOpportunity': 5.0588235294117645, 'fieldPosition': {'averageStart': 71.6, 'averagePredictedPoints': -1.28}, 'havoc': {'total': 0.136, 'frontSeven': 0.089, 'db': 0.047}, 'standardDowns': {'rate': 0.6212765957446809, 'ppa': -0.04244764946093453, 'successRate': 0.3904109589041096, 'explosiveness': 1.1021307887437688}, 'passingDowns': {'rate': 0.37872340425531914, 'ppa': 0.46938340853904215, 'totalPPA': 55.41118183045346, 'successRate': 0.3146067415730337, 'explosiveness': 2.4809336575727583}, 'rushingPlays': {'rate': 0.4553191489361702, 'ppa': -0.05178843795946172, 'totalPPA': -5.541362861662404, 'successRate': 0.32710280373831774, 'explosiveness': 1.0274477035284162}, 'passingPlays': {'rate': 0.5063829787234042, 'ppa': 0.4656401834491887, 'totalPPA': 55.41118183045346, 'successRate': 0.4117647058823529, 'explosiveness': 1.902963578804227}}"
2026,Southern Miss,Sun Belt,"{'plays': 286, 'drives': 50, 'ppa': 0.06280413822537298, 'totalPPA': 17.96198353245667, 'successRate': 0.43006993006993005, 'explosiveness': 1.1245900900724308, 'powerSuccess': 0.8421052631578947, 'stuffRate': 0.08955223880597014, 'lineYards': 3.582089552238806, 'lineYardsTotal': 480, 'secondLevelYards': 1.1343283582089552, 'secondLevelYardsTotal': 152, 'openFieldYards': 0.4701492537313433, 'openFieldYardsTotal': 63, 'totalOpportunies': 22, 'pointsPerOpportunity': 4.090909090909091, 'fieldPosition': {'averageStart': 75, 'averagePredictedPoints': 1.037}, 'havoc': {'total': 0.157, 'frontSeven': 0.07, 'db': 0.087}, 'standardDowns': {'rate': 0.7167832167832168, 'ppa': 0.0430682999281702, 'successRate': 0.4926829268292683, 'explosiveness': 0.9570843463113133}, 'passingDowns': {'rate': 0.28321678321678323, 'ppa': 0.112752864780022, 'successRate': 0.2716049382716049, 'explosiveness': 1.893593731884834}, 'rushingPlays': {'rate': 0.46853146853146854, 'ppa': 0.1904790418882824, 'totalPPA': 25.524191613029842, 'successRate': 0.4701492537313433, 'explosiveness': 0.823921974473315}, 'passingPlays': {'rate': 0.513986013986014, 'ppa': -0.00022589406405648514, 'totalPPA': -0.033206427416303315, 'successRate': 0.40816326530612246, 'explosiveness': 1.4402916114515023}}","{'plays': 298, 'drives': 52, 'ppa': 0.12290830591227378, 'totalPPA': 36.626675161857584, 'successRate': 0.40604026845637586, 'explosiveness': 1.2731007532289613, 'powerSuccess': 0.7058823529411765, 'stuffRate': 0.18023255813953487, 'lineYards': 3.1965116279069767, 'lineYardsTotal': 550, 'secondLevelYards': 1.1453488372093024, 'secondLevelYardsTotal': 197, 'openFieldYards': 1.6453488372093024, 'openFieldYardsTotal': 0, 'totalOpportunies': 25, 'pointsPerOpportunity': 2.96, 'fieldPosition': {'averageStart': 72.6, 'averagePredictedPoints': -1.219}, 'havoc': {'total': 0.131, 'frontSeven': 0.087, 'db': 0.044}, 'standardDowns': {'rate': 0.6946308724832215, 'ppa': -0.03790474965033005, 'successRate': 0.4251207729468599, 'explosiveness': 0.8753384155289153}, 'passingDowns': {'rate': 0.3053691275167785, 'ppa': 0.4887138279063286, 'totalPPA': 23.59103078171079, 'successRate': 0.3626373626373626, 'explosiveness': 2.333800320429084}, 'rushingPlays': {'rate': 0.5771812080536913, 'ppa': 0.18944053725474866, 'totalPPA': 32.58377240781677, 'successRate': 0.45348837209302323, 'explosiveness': 1.0388003330596243}, 'passingPlays': {'rate': 0.37919463087248323, 'ppa': 0.20877018390894506, 'totalPPA': 23.59103078171079, 'successRate': 0.36283185840707965, 'explosiveness': 1.7305977161449544}}"
2026,South Florida,American Athletic,"{'plays': 233, 'drives': 42, 'ppa': 0.23421825584769623, 'totalPPA': 54.57285361251322, 'successRate': 0.5150214592274678, 'explosiveness': 1.149104510634511, 'powerSuccess': 0.8333333333333334, 'stuffRate': 0.2, 'lineYards': 3.086923076923077, 'lineYardsTotal': 401, 'secondLevelYards': 1.4230769230769231, 'secondLevelYardsTotal': 185, 'openFieldYards': 1.5307692307692309, 'openFieldYardsTotal': 199, 'totalOpportunies': 22, 'pointsPerOpportunity': 5.136363636363637, 'fieldPosition': {'averageStart': 67.4, 'averagePredictedPoints': 1.616}, 'havoc': {'total': 0.133, 'frontSeven': 0.099, 'db': 0.034}, 'standardDowns': {'rate': 0.6995708154506438, 'ppa': 0.17347154145041832, 'successRate': 0.5766871165644172, 'explosiveness': 0.8814925651689901}, 'passingDowns': {'rate': 0.30042918454935624, 'ppa': 0.37567131937278625, 'successRate': 0.37142857142857144, 'explosiveness': 2.116624621163702}, 'rushingPlays': {'rate': 0.5579399141630901, 'ppa': 0.25838487758189604, 'totalPPA': 33.59003408564648, 'successRate': 0.5230769230769231, 'explosiveness': 1.0875131331116301}, 'passingPlays': {'rate': 0.4206008583690987, 'ppa': 0.25624261689382727, 'totalPPA': 25.11177645559507, 'successRate': 0.5102040816326531, 'explosiveness': 1.27112483598482}}","{'plays': 262, 'drives': 40, 'ppa': -0.019586743250476046, 'totalPPA': -5.131726731624724, 'successRate': 0.4083969465648855, 'explosiveness': 0.9548901611974214, 'powerSuccess': 0.6, 'stuffRate': 0.27205882352941174, 'lineYards': 2.4338235294117645, 'lineYardsTotal': 331, 'secondLevelYards': 0.8676470588235294, 'secondLevelYardsTotal': 118, 'openFieldYards': 0.7205882352941176, 'openFieldYardsTotal': 0, 'totalOpportunies': 16, 'pointsPerOpportunity': 3.125, 'fieldPosition': {'averageStart': 73.5, 'averagePredictedPoints': -1.208}, 'havoc': {'total': 0.183, 'frontSeven': 0.141, 'db': 0.042}, 'standardDowns': {'rate': 0.6717557251908397, 'ppa': -0.0050387341844312945, 'successRate': 0.4943181818181818, 'explosiveness': 0.7997617591211608}, 'passingDowns': {'rate': 0.3282442748091603, 'ppa': -0.049359412967032744, 'totalPPA': 22.293736074566716, 'successRate': 0.23255813953488372, 'explosiveness': 1.6296987102291554}, 'rushingPlays': {'rate': 0.5190839694656488, 'ppa': -0.1983108007871462, 'totalPPA': -26.97026890705188, 'successRate': 0.39705882352941174, 'explosiveness': 0.498319808724644}, 'passingPlays': {'rate': 0.4580152671755725, 'ppa': 0.18578113395472262, 'totalPPA': 22.293736074566716, 'successRate': 0.43333333333333335, 'explosiveness': 1.4453518659543834}}"
2026,Stanford,ACC,"{'plays': 272, 'drives': 47, 'ppa': 0.13011729755558277, 'totalPPA': 35.39190493511852, 'successRate': 0.39338235294117646, 'explosiveness': 1.248801548847813, 'powerSuccess': 0.7692307692307693, 'stuffRate': 0.21238938053097345, 'lineYards': 2.7601769911504426, 'lineYardsTotal': 312, 'secondLevelYards': 0.7345132743362832, 'secondLevelYardsTotal': 83, 'openFieldYards': 0.6902654867256637, 'openFieldYardsTotal': 78, 'totalOpportunies': 23, 'pointsPerOpportunity': 3.260869565217391, 'fieldPosition': {'averageStart': 74.6, 'averagePredictedPoints': 1.061}, 'havoc': {'total': 0.125, 'frontSeven': 0.074, 'db': 0.051}, 'standardDowns': {'rate': 0.6654411764705882, 'ppa': 0.10565764631062229, 'successRate': 0.46408839779005523, 'explosiveness': 0.963608823775227}, 'passingDowns': {'rate': 0.33455882352941174, 'ppa': 0.1787678126691855, 'successRate': 0.25274725274725274, 'explosiveness': 2.2903749795476926}, 'rushingPlays': {'rate': 0.41544117647058826, 'ppa': -0.0015065360752598836, 'totalPPA': -0.17023857650436683, 'successRate': 0.39823008849557523, 'explosiveness': 0.7960606959215084}, 'passingPlays': {'rate': 0.5625, 'ppa': 0.22986209840323357, 'totalPPA': 35.16890105569474, 'successRate': 0.38562091503267976, 'explosiveness': 1.602254681774677}}","{'plays': 288, 'drives': 48, 'ppa': 0.2809495330232194, 'totalPPA': 80.91346551068719, 'successRate': 0.4583333333333333, 'explosiveness': 1.3772308807018943, 'powerSuccess': 0.8125, 'stuffRate': 0.1450381679389313, 'lineYards': 3.2221374045801525, 'lineYardsTotal': 422, 'secondLevelYards': 1.1908396946564885, 'secondLevelYardsTotal': 156, 'openFieldYards': 1.381679389312977, 'openFieldYardsTotal': 0, 'totalOpportunies': 27, 'pointsPerOpportunity': 5, 'fieldPosition': {'averageStart': 72, 'averagePredictedPoints': -1.258}, 'havoc': {'total': 0.128, 'frontSeven': 0.08, 'db': 0.049}, 'standardDowns': {'rate': 0.6736111111111112, 'ppa': 0.2036327350312894, 'successRate': 0.4948453608247423, 'explosiveness': 1.1463058327928222}, 'passingDowns': {'rate': 0.3263888888888889, 'ppa': 0.44051824377252174, 'totalPPA': 67.41612595471847, 'successRate': 0.3829787234042553, 'explosiveness': 1.99303100845942}, 'rushingPlays': {'rate': 0.4548611111111111, 'ppa': 0.15763722602049357, 'totalPPA': 20.65047660868466, 'successRate': 0.4580152671755725, 'explosiveness': 1.128206491021963}, 'passingPlays': {'rate': 0.5138888888888888, 'ppa': 0.45551436455890854, 'totalPPA': 67.41612595471847, 'successRate': 0.46621621621621623, 'explosiveness': 1.5923249064421086}}"
2026,Syracuse,ACC,"{'plays': 238, 'drives': 36, 'ppa': 0.038377520916095254, 'totalPPA': 9.133849978030671, 'successRate': 0.39915966386554624, 'explosiveness': 1.3301522483231214, 'powerSuccess': 0.8, 'stuffRate': 0.22018348623853212, 'lineYards': 2.851376146788991, 'lineYardsTotal': 311, 'secondLevelYards': 1.238532110091743, 'secondLevelYardsTotal': 135, 'openFieldYards': 1.3119266055045873, 'openFieldYardsTotal': 143, 'totalOpportunies': 26, 'pointsPerOpportunity': 3.5384615384615383, 'fieldPosition': {'averageStart': 67.2, 'averagePredictedPoints': 1.592}, 'havoc': {'total': 0.126, 'frontSeven': 0.084, 'db': 0.042}, 'standardDowns': {'rate': 0.6638655462184874, 'ppa': -0.0038159246945323228, 'successRate': 0.4430379746835443, 'explosiveness': 1.030236552393639}, 'passingDowns': {'rate': 0.33613445378151263, 'ppa': 0.12170957599708472, 'successRate': 0.3125, 'explosiveness': 2.169916196925673}, 'rushingPlays': {'rate': 0.4579831932773109, 'ppa': 0.14276284250594423, 'totalPPA': 15.56114983314792, 'successRate': 0.44954128440366975, 'explosiveness': 0.99631773660601}, 'passingPlays': {'rate': 0.5084033613445378, 'ppa': 0.043233855146635726, 'totalPPA': 5.231296472742923, 'successRate': 0.371900826446281, 'explosiveness': 1.7121417044640035}}","{'plays': 183, 'drives': 36, 'ppa': -0.12627474205293687, 'totalPPA': -23.108277795687446, 'successRate': 0.36065573770491804, 'explosiveness': 1.0874549775292308, 'powerSuccess': 0.75, 'stuffRate': 0.23333333333333334, 'lineYards': 2.628888888888889, 'lineYardsTotal': 237, 'secondLevelYards': 1.0888888888888888, 'secondLevelYardsTotal': 98, 'openFieldYards': 1.5888888888888888, 'openFieldYardsTotal': 0, 'totalOpportunies': 16, 'pointsPerOpportunity': 2.75, 'fieldPosition': {'averageStart': 72.9, 'averagePredictedPoints': -1.215}, 'havoc': {'total': 0.186, 'frontSeven': 0.137, 'db': 0.049}, 'standardDowns': {'rate': 0.6284153005464481, 'ppa': -0.10539403241460822, 'successRate': 0.45217391304347826, 'explosiveness': 0.9942453614548027}, 'passingDowns': {'rate': 0.37158469945355194, 'ppa': -0.16158770688246324, 'totalPPA': -22.568484348427532, 'successRate': 0.20588235294117646, 'explosiveness': 1.4336621229485356}, 'rushingPlays': {'rate': 0.4918032786885246, 'ppa': 0.02554913104522545, 'totalPPA': 2.2994217940702906, 'successRate': 0.43333333333333335, 'explosiveness': 0.9261262012528418}, 'passingPlays': {'rate': 0.4918032786885246, 'ppa': -0.25076093720475034, 'totalPPA': -22.568484348427532, 'successRate': 0.28888888888888886, 'explosiveness': 1.376583599027029}}"
2026,TCU,Big 12,"{'plays': 279, 'drives': 45, 'ppa': 0.1743017536747533, 'totalPPA': 48.63018927525617, 'successRate': 0.46236559139784944, 'explosiveness': 1.2397779030198528, 'powerSuccess': 0.8421052631578947, 'stuffRate': 0.16417910447761194, 'lineYards': 3.029850746268657, 'lineYardsTotal': 406, 'secondLevelYards': 1.0597014925373134, 'secondLevelYardsTotal': 142, 'openFieldYards': 0.9029850746268657, 'openFieldYardsTotal': 121, 'totalOpportunies': 30, 'pointsPerOpportunity': 3.433333333333333, 'fieldPosition': {'averageStart': 67.5, 'averagePredictedPoints': 1.568}, 'havoc': {'total': 0.133, 'frontSeven': 0.104, 'db': 0.029}, 'standardDowns': {'rate': 0.6881720430107527, 'ppa': 0.19611170461931748, 'successRate': 0.5729166666666666, 'explosiveness': 1.0577752913279093}, 'passingDowns': {'rate': 0.3118279569892473, 'ppa': 0.126169448141922, 'successRate': 0.21839080459770116, 'explosiveness': 2.2934772338679466}, 'rushingPlays': {'rate': 0.48028673835125446, 'ppa': 0.030146486675171065, 'totalPPA': 4.039629214472923, 'successRate': 0.4701492537313433, 'explosiveness': 0.7714902148802649}, 'passingPlays': {'rate': 0.4946236559139785, 'ppa': 0.31922727715878885, 'totalPPA': 44.05336424791286, 'successRate': 0.463768115942029, 'explosiveness': 1.6636924092780068}}","{'plays': 223, 'drives': 45, 'ppa': -0.12144998899167238, 'totalPPA': -27.08334754514294, 'successRate': 0.36771300448430494, 'explosiveness': 0.9254213349664209, 'powerSuccess': 0.5625, 'stuffRate': 0.21052631578947367, 'lineYards': 2.543859649122807, 'lineYardsTotal': 290, 'secondLevelYards': 0.8245614035087719, 'secondLevelYardsTotal': 94, 'openFieldYards': 0.3684210526315789, 'openFieldYardsTotal': 0, 'totalOpportunies': 16, 'pointsPerOpportunity': 3, 'fieldPosition': {'averageStart': 72.6, 'averagePredictedPoints': -1.212}, 'havoc': {'total': 0.179, 'frontSeven': 0.117, 'db': 0.063}, 'standardDowns': {'rate': 0.6816143497757847, 'ppa': -0.20741324514880555, 'successRate': 0.40789473684210525, 'explosiveness': 0.6680482068166655}, 'passingDowns': {'rate': 0.3183856502242152, 'ppa': 0.06258402418979582, 'totalPPA': 7.424390950385452, 'successRate': 0.28169014084507044, 'explosiveness': 1.7232780322306624}, 'rushingPlays': {'rate': 0.5112107623318386, 'ppa': -0.28563727306926584, 'totalPPA': -32.56264912989631, 'successRate': 0.3157894736842105, 'explosiveness': 0.4606977696078649}, 'passingPlays': {'rate': 0.4618834080717489, 'ppa': 0.07208146553772284, 'totalPPA': 7.424390950385452, 'successRate': 0.4174757281553398, 'explosiveness': 1.358752908673903}}"
2026,Temple,American Athletic,"{'plays': 246, 'drives': 39, 'ppa': 0.2370807984058004, 'totalPPA': 58.3218764078269, 'successRate': 0.4349593495934959, 'explosiveness': 1.3008852495026937, 'powerSuccess': 0.7272727272727273, 'stuffRate': 0.16883116883116883, 'lineYards': 3.3279220779220777, 'lineYardsTotal': 513, 'secondLevelYards': 1.2402597402597404, 'secondLevelYardsTotal': 191, 'openFieldYards': 1.6948051948051948, 'openFieldYardsTotal': 261, 'totalOpportunies': 21, 'pointsPerOpportunity': 3.380952380952381, 'fieldPosition': {'averageStart': 74.1, 'averagePredictedPoints': 1.114}, 'havoc': {'total': 0.089, 'frontSeven': 0.049, 'db': 0.041}, 'standardDowns': {'rate': 0.7195121951219512, 'ppa': 0.14313516458589426, 'successRate': 0.4745762711864407, 'explosiveness': 1.0398283537822304}, 'passingDowns': {'rate': 0.2804878048780488, 'ppa': 0.4780717721177336, 'successRate': 0.3333333333333333, 'explosiveness': 2.2543104338730817}, 'rushingPlays': {'rate': 0.6260162601626016, 'ppa': 0.25609842297153024, 'totalPPA': 39.43915713761565, 'successRate': 0.461038961038961, 'explosiveness': 1.0599032482268635}, 'passingPlays': {'rate': 0.34959349593495936, 'ppa': 0.2053296092835238, 'totalPPA': 17.65834639838305, 'successRate': 0.38372093023255816, 'explosiveness': 1.8339754209187964}}","{'plays': 267, 'drives': 41, 'ppa': 0.2089281821128156, 'totalPPA': 55.78382462412177, 'successRate': 0.45692883895131087, 'explosiveness': 1.2018661626278426, 'powerSuccess': 0.7692307692307693, 'stuffRate': 0.1103448275862069, 'lineYards': 2.883448275862069, 'lineYardsTotal': 418, 'secondLevelYards': 1.089655172413793, 'secondLevelYardsTotal': 158, 'openFieldYards': 0.4206896551724138, 'openFieldYardsTotal': 0, 'totalOpportunies': 29, 'pointsPerOpportunity': 3.586206896551724, 'fieldPosition': {'averageStart': 72.4, 'averagePredictedPoints': -1.187}, 'havoc': {'total': 0.109, 'frontSeven': 0.052, 'db': 0.056}, 'standardDowns': {'rate': 0.7303370786516854, 'ppa': 0.12499425287917564, 'successRate': 0.49743589743589745, 'explosiveness': 0.9598638686465414}, 'passingDowns': {'rate': 0.2696629213483146, 'ppa': 0.4362492404539239, 'totalPPA': 35.52229602987496, 'successRate': 0.3472222222222222, 'explosiveness': 2.1408350632752913}, 'rushingPlays': {'rate': 0.5430711610486891, 'ppa': 0.15492455309001213, 'totalPPA': 22.464060198051758, 'successRate': 0.45517241379310347, 'explosiveness': 0.8842623432260474}, 'passingPlays': {'rate': 0.4344569288389513, 'ppa': 0.3062266899127152, 'totalPPA': 35.52229602987496, 'successRate': 0.47413793103448276, 'explosiveness': 1.576361698105596}}"
2026,Tennessee,SEC,"{'plays': 287, 'drives': 47, 'ppa': 0.2236841142285554, 'totalPPA': 64.1973407835954, 'successRate': 0.4564459930313589, 'explosiveness': 1.207898514661567, 'powerSuccess': 0.8333333333333334, 'stuffRate': 0.1377245508982036, 'lineYards': 3.5401197604790418, 'lineYardsTotal': 591, 'secondLevelYards': 1.401197604790419, 'secondLevelYardsTotal': 234, 'openFieldYards': 1.74251497005988, 'openFieldYardsTotal': 291, 'totalOpportunies': 26, 'pointsPerOpportunity': 5.3076923076923075, 'fieldPosition': {'averageStart': 70.6, 'averagePredictedPoints': 1.38}, 'havoc': {'total': 0.143, 'frontSeven': 0.101, 'db': 0.042}, 'standardDowns': {'rate': 0.7212543554006968, 'ppa': 0.25915920893478117, 'successRate': 0.5169082125603864, 'explosiveness': 1.0967084046087177}, 'passingDowns': {'rate': 0.2787456445993031, 'ppa': 0.1318923066761962, 'successRate': 0.3, 'explosiveness': 1.7036210886471863}, 'rushingPlays': {'rate': 0.5818815331010453, 'ppa': 0.31076409681267747, 'totalPPA': 51.89760416771714, 'successRate': 0.48502994011976047, 'explosiveness': 1.1132773063824755}, 'passingPlays': {'rate': 0.40418118466898956, 'ppa': 0.17194772494519658, 'totalPPA': 19.945936093642807, 'successRate': 0.43103448275862066, 'explosiveness': 1.3611848720736952}}","{'plays': 257, 'drives': 48, 'ppa': -0.0856758886483352, 'totalPPA': -22.018703382622146, 'successRate': 0.35797665369649806, 'explosiveness': 1.0637533560326713, 'powerSuccess': 0.75, 'stuffRate': 0.19130434782608696, 'lineYards': 3.031304347826087, 'lineYardsTotal': 349, 'secondLevelYards': 1.2695652173913043, 'secondLevelYardsTotal': 146, 'openFieldYards': 0.9043478260869565, 'openFieldYardsTotal': 0, 'totalOpportunies': 22, 'pointsPerOpportunity': 2.2272727272727275, 'fieldPosition': {'averageStart': 72.2, 'averagePredictedPoints': -1.21}, 'havoc': {'total': 0.218, 'frontSeven': 0.148, 'db': 0.07}, 'standardDowns': {'rate': 0.642023346303502, 'ppa': -0.18642948725232644, 'successRate': 0.40606060606060607, 'explosiveness': 0.8371648826869083}, 'passingDowns': {'rate': 0.35797665369649806, 'ppa': 0.09502350015230128, 'totalPPA': -18.970085292678018, 'successRate': 0.2717391304347826, 'explosiveness': 1.6710104645993165}, 'rushingPlays': {'rate': 0.4474708171206226, 'ppa': 0.08141888119193842, 'totalPPA': 9.363171337072918, 'successRate': 0.3652173913043478, 'explosiveness': 1.0264920685938355}, 'passingPlays': {'rate': 0.5136186770428015, 'ppa': -0.14371276736877286, 'totalPPA': -18.970085292678018, 'successRate': 0.3787878787878788, 'explosiveness': 1.0950528374812933}}"
2026,Texas,SEC,"{'plays': 290, 'drives': 44, 'ppa': 0.11041318508798613, 'totalPPA': 32.01982367551597, 'successRate': 0.45517241379310347, 'explosiveness': 1.1433060036315155, 'powerSuccess': 0.75, 'stuffRate': 0.1830065359477124, 'lineYards': 2.8176470588235296, 'lineYardsTotal': 431, 'secondLevelYards': 1.1699346405228759, 'secondLevelYardsTotal': 179, 'openFieldYards': 0.5816993464052288, 'openFieldYardsTotal': 89, 'totalOpportunies': 28, 'pointsPerOpportunity': 4.25, 'fieldPosition': {'averageStart': 67.9, 'averagePredictedPoints': 1.604}, 'havoc': {'total': 0.171, 'frontSeven': 0.13, 'db': 0.041}, 'standardDowns': {'rate': 0.6758620689655173, 'ppa': 0.03841697935360229, 'successRate': 0.5, 'explosiveness': 0.9195641928244449}, 'passingDowns': {'rate': 0.32413793103448274, 'ppa': 0.2605329332149992, 'successRate': 0.3617021276595745, 'explosiveness': 1.7882088700754244}, 'rushingPlays': {'rate': 0.5275862068965518, 'ppa': 0.04674793492106626, 'totalPPA': 7.152434042923138, 'successRate': 0.45751633986928103, 'explosiveness': 0.7903590914471783}, 'passingPlays': {'rate': 0.45517241379310347, 'ppa': 0.2795344322965461, 'totalPPA': 36.898545063144084, 'successRate': 0.4621212121212121, 'explosiveness': 1.5621048159231827}}","{'plays': 260, 'drives': 46, 'ppa': -0.055642245301324424, 'totalPPA': -14.46698377834435, 'successRate': 0.35, 'explosiveness': 1.0937901963041747, 'powerSuccess': 0.7333333333333333, 'stuffRate': 0.1984126984126984, 'lineYards': 2.553968253968254, 'lineYardsTotal': 322, 'secondLevelYards': 0.9365079365079365, 'secondLevelYardsTotal': 118, 'openFieldYards': 0.8888888888888888, 'openFieldYardsTotal': 0, 'totalOpportunies': 21, 'pointsPerOpportunity': 2.1904761904761907, 'fieldPosition': {'averageStart': 72.7, 'averagePredictedPoints': -1.184}, 'havoc': {'total': 0.206, 'frontSeven': 0.141, 'db': 0.065}, 'standardDowns': {'rate': 0.6884615384615385, 'ppa': -0.13599302926892753, 'successRate': 0.39664804469273746, 'explosiveness': 0.8518608283511222}, 'passingDowns': {'rate': 0.31153846153846154, 'ppa': 0.12192306741720588, 'totalPPA': -4.2183078330208925, 'successRate': 0.24691358024691357, 'explosiveness': 1.9526394525375115}, 'rushingPlays': {'rate': 0.4846153846153846, 'ppa': -0.07419857564890467, 'totalPPA': -9.349020531761987, 'successRate': 0.36507936507936506, 'explosiveness': 0.7913502830378012}, 'passingPlays': {'rate': 0.48846153846153845, 'ppa': -0.033215022307251124, 'totalPPA': -4.2183078330208925, 'successRate': 0.33070866141732286, 'explosiveness': 1.4320820813459871}}"
2026,Texas A&M,SEC,"{'plays': 298, 'drives': 49, 'ppa': 0.04287900911019924, 'totalPPA': 12.777944714839375, 'successRate': 0.4429530201342282, 'explosiveness': 1.074106760444335, 'powerSuccess': 0.85, 'stuffRate': 0.16551724137931034, 'lineYards': 3.2158620689655173, 'lineYardsTotal': 466, 'secondLevelYards': 1.186206896551724, 'secondLevelYardsTotal': 172, 'openFieldYards': 1.006896551724138, 'openFieldYardsTotal': 146, 'totalOpportunies': 25, 'pointsPerOpportunity': 4.36, 'fieldPosition': {'averageStart': 67.4, 'averagePredictedPoints': 1.57}, 'havoc': {'total': 0.161, 'frontSeven': 0.077, 'db': 0.084}, 'standardDowns': {'rate': 0.6879194630872483, 'ppa': -0.030819635560274335, 'successRate': 0.47804878048780486, 'explosiveness': 0.8619128879077106}, 'passingDowns': {'rate': 0.31208053691275167, 'ppa': 0.20533301080317864, 'successRate': 0.3655913978494624, 'explosiveness': 1.6857243930498997}, 'rushingPlays': {'rate': 0.4865771812080537, 'ppa': 0.0944801179644486, 'totalPPA': 13.699617104845048, 'successRate': 0.496551724137931, 'explosiveness': 0.8201420948260877}, 'passingPlays': {'rate': 0.4798657718120805, 'ppa': 0.02180453508437003, 'totalPPA': 3.1180485170649144, 'successRate': 0.38461538461538464, 'explosiveness': 1.405139395613758}}","{'plays': 226, 'drives': 49, 'ppa': 0.03318792868375321, 'totalPPA': 7.500471882528227, 'successRate': 0.38495575221238937, 'explosiveness': 1.3073162492473576, 'powerSuccess': 0.7142857142857143, 'stuffRate': 0.17886178861788618, 'lineYards': 2.7642276422764227, 'lineYardsTotal': 340, 'secondLevelYards': 0.9024390243902439, 'secondLevelYardsTotal': 111, 'openFieldYards': 0.8292682926829268, 'openFieldYardsTotal': 0, 'totalOpportunies': 19, 'pointsPerOpportunity': 3.0526315789473686, 'fieldPosition': {'averageStart': 70.9, 'averagePredictedPoints': -1.286}, 'havoc': {'total': 0.177, 'frontSeven': 0.115, 'db': 0.062}, 'standardDowns': {'rate': 0.7168141592920354, 'ppa': -0.09946753340156941, 'successRate': 0.42592592592592593, 'explosiveness': 1.0503654538972838}, 'passingDowns': {'rate': 0.2831858407079646, 'ppa': 0.36897206708722613, 'totalPPA': 21.39805530021135, 'successRate': 0.28125, 'explosiveness': 2.2922942980893075}, 'rushingPlays': {'rate': 0.5442477876106194, 'ppa': -0.07898483189749071, 'totalPPA': -9.715134323391357, 'successRate': 0.36585365853658536, 'explosiveness': 0.8414552388886897}, 'passingPlays': {'rate': 0.4336283185840708, 'ppa': 0.21834750306338113, 'totalPPA': 21.39805530021135, 'successRate': 0.40816326530612246, 'explosiveness': 1.8512570830895345}}"
2026,Texas State,Pac-12,"{'plays': 291, 'drives': 46, 'ppa': 0.30503194956536667, 'totalPPA': 88.7642973235217, 'successRate': 0.4948453608247423, 'explosiveness': 1.3236959115185674, 'powerSuccess': 0.6666666666666666, 'stuffRate': 0.1388888888888889, 'lineYards': 3.267777777777778, 'lineYardsTotal': 588, 'secondLevelYards': 1.1333333333333333, 'secondLevelYardsTotal': 204, 'openFieldYards': 2.5722222222222224, 'openFieldYardsTotal': 463, 'totalOpportunies': 28, 'pointsPerOpportunity': 3.2142857142857144, 'fieldPosition': {'averageStart': 71.6, 'averagePredictedPoints': 1.26}, 'havoc': {'total': 0.113, 'frontSeven': 0.079, 'db': 0.034}, 'standardDowns': {'rate': 0.7731958762886598, 'ppa': 0.17376228108146102, 'successRate': 0.48444444444444446, 'explosiveness': 1.1048296698242372}, 'passingDowns': {'rate': 0.2268041237113402, 'ppa': 0.7525421830332268, 'successRate': 0.5303030303030303, 'explosiveness': 2.005307921366624}, 'rushingPlays': {'rate': 0.6185567010309279, 'ppa': 0.15326443999651895, 'totalPPA': 27.58759919937341, 'successRate': 0.4666666666666667, 'explosiveness': 0.9710647684020985}, 'passingPlays': {'rate': 0.35051546391752575, 'ppa': 0.6603621774266913, 'totalPPA': 67.35694209752252, 'successRate': 0.5588235294117647, 'explosiveness': 1.8516405101403774}}","{'plays': 321, 'drives': 45, 'ppa': 0.14815469034618006, 'totalPPA': 47.5576556011238, 'successRate': 0.46105919003115264, 'explosiveness': 1.222711994933702, 'powerSuccess': 0.5909090909090909, 'stuffRate': 0.25, 'lineYards': 2.50234375, 'lineYardsTotal': 320, 'secondLevelYards': 0.8828125, 'secondLevelYardsTotal': 113, 'openFieldYards': 0.7265625, 'openFieldYardsTotal': 0, 'totalOpportunies': 28, 'pointsPerOpportunity': 4.321428571428571, 'fieldPosition': {'averageStart': 70.9, 'averagePredictedPoints': -1.355}, 'havoc': {'total': 0.159, 'frontSeven': 0.081, 'db': 0.078}, 'standardDowns': {'rate': 0.6728971962616822, 'ppa': 0.09901216791908099, 'successRate': 0.5185185185185185, 'explosiveness': 0.9925053794390096}, 'passingDowns': {'rate': 0.32710280373831774, 'ppa': 0.24924787933906958, 'totalPPA': 67.41597921961952, 'successRate': 0.34285714285714286, 'explosiveness': 1.9389103542505228}, 'rushingPlays': {'rate': 0.3987538940809969, 'ppa': -0.018228557001286654, 'totalPPA': -2.3332552961646917, 'successRate': 0.3984375, 'explosiveness': 0.8483189256347006}, 'passingPlays': {'rate': 0.5794392523364486, 'ppa': 0.3624515011807501, 'totalPPA': 67.41597921961952, 'successRate': 0.510752688172043, 'explosiveness': 1.433408811545898}}"
2026,Texas Tech,Big 12,"{'plays': 277, 'drives': 50, 'ppa': 0.2716926774628476, 'totalPPA': 75.25887165720879, 'successRate': 0.5054151624548736, 'explosiveness': 1.1544594558533718, 'powerSuccess': 0.7741935483870968, 'stuffRate': 0.17687074829931973, 'lineYards': 3.2863945578231295, 'lineYardsTotal': 483, 'secondLevelYards': 1.217687074829932, 'secondLevelYardsTotal': 179, 'openFieldYards': 1.1020408163265305, 'openFieldYardsTotal': 162, 'totalOpportunies': 27, 'pointsPerOpportunity': 4.592592592592593, 'fieldPosition': {'averageStart': 69.8, 'averagePredictedPoints': 1.446}, 'havoc': {'total': 0.177, 'frontSeven': 0.097, 'db': 0.079}, 'standardDowns': {'rate': 0.7184115523465704, 'ppa': 0.1187694486474109, 'successRate': 0.5477386934673367, 'explosiveness': 0.8253101800646176}, 'passingDowns': {'rate': 0.2815884476534296, 'ppa': 0.6618429663637694, 'successRate': 0.3974358974358974, 'explosiveness': 2.311790780400927}, 'rushingPlays': {'rate': 0.5306859205776173, 'ppa': 0.24246399010093114, 'totalPPA': 35.642206544836874, 'successRate': 0.5238095238095238, 'explosiveness': 0.8513607458955165}, 'passingPlays': {'rate': 0.4332129963898917, 'ppa': 0.4668252457087342, 'totalPPA': 56.0190294850481, 'successRate': 0.5166666666666667, 'explosiveness': 1.5129205933330405}}","{'plays': 278, 'drives': 51, 'ppa': 0.0027516365869861455, 'totalPPA': 0.7649549711821485, 'successRate': 0.35251798561151076, 'explosiveness': 1.3764562758271992, 'powerSuccess': 0.6666666666666666, 'stuffRate': 0.1941747572815534, 'lineYards': 2.962135922330097, 'lineYardsTotal': 305, 'secondLevelYards': 1.116504854368932, 'secondLevelYardsTotal': 115, 'openFieldYards': 0.5048543689320388, 'openFieldYardsTotal': 0, 'totalOpportunies': 21, 'pointsPerOpportunity': 2.5714285714285716, 'fieldPosition': {'averageStart': 74.7, 'averagePredictedPoints': -1.053}, 'havoc': {'total': 0.183, 'frontSeven': 0.101, 'db': 0.083}, 'standardDowns': {'rate': 0.6546762589928058, 'ppa': -0.08139564399015507, 'successRate': 0.37362637362637363, 'explosiveness': 1.0767297238218532}, 'passingDowns': {'rate': 0.34532374100719426, 'ppa': 0.16228085601448305, 'totalPPA': 3.1701996268589516, 'successRate': 0.3125, 'explosiveness': 2.0558364603726504}, 'rushingPlays': {'rate': 0.37050359712230213, 'ppa': 0.038458444171653075, 'totalPPA': 3.9612197496802666, 'successRate': 0.3592233009708738, 'explosiveness': 0.9687934900770294}, 'passingPlays': {'rate': 0.60431654676259, 'ppa': 0.018870235874160427, 'totalPPA': 3.1701996268589516, 'successRate': 0.3630952380952381, 'explosiveness': 1.6237271458723843}}"
2026,Toledo,Mid-American,"{'plays': 264, 'drives': 46, 'ppa': 0.26920705308297255, 'totalPPA': 71.07066201390475, 'successRate': 0.44696969696969696, 'explosiveness': 1.5268612805080706, 'powerSuccess': 0.6666666666666666, 'stuffRate': 0.17037037037037037, 'lineYards': 3.077037037037037, 'lineYardsTotal': 415, 'secondLevelYards': 0.9481481481481482, 'secondLevelYardsTotal': 128, 'openFieldYards': 1.162962962962963, 'openFieldYardsTotal': 157, 'totalOpportunies': 29, 'pointsPerOpportunity': 4.551724137931035, 'fieldPosition': {'averageStart': 68.3, 'averagePredictedPoints': 1.525}, 'havoc': {'total': 0.136, 'frontSeven': 0.072, 'db': 0.064}, 'standardDowns': {'rate': 0.7007575757575758, 'ppa': 0.1684922384068231, 'successRate': 0.4972972972972973, 'explosiveness': 1.2196936942100596}, 'passingDowns': {'rate': 0.29924242424242425, 'ppa': 0.5050582013752213, 'successRate': 0.3291139240506329, 'explosiveness': 2.613761970485648}, 'rushingPlays': {'rate': 0.5113636363636364, 'ppa': 0.10593780043559356, 'totalPPA': 14.301603058805131, 'successRate': 0.4148148148148148, 'explosiveness': 1.0671709591520155}, 'passingPlays': {'rate': 0.4772727272727273, 'ppa': 0.44023701744353155, 'totalPPA': 55.46986419788498, 'successRate': 0.48412698412698413, 'explosiveness': 1.9347316288746228}}","{'plays': 289, 'drives': 50, 'ppa': -0.02341639464186099, 'totalPPA': -6.767338051497827, 'successRate': 0.32525951557093424, 'explosiveness': 1.3015912181864564, 'powerSuccess': 0.3888888888888889, 'stuffRate': 0.20689655172413793, 'lineYards': 2.6206896551724137, 'lineYardsTotal': 380, 'secondLevelYards': 0.7793103448275862, 'secondLevelYardsTotal': 113, 'openFieldYards': 0.8206896551724138, 'openFieldYardsTotal': 0, 'totalOpportunies': 24, 'pointsPerOpportunity': 2.875, 'fieldPosition': {'averageStart': 69.7, 'averagePredictedPoints': -1.379}, 'havoc': {'total': 0.135, 'frontSeven': 0.073, 'db': 0.062}, 'standardDowns': {'rate': 0.6539792387543253, 'ppa': -0.034805393639411764, 'successRate': 0.3862433862433862, 'explosiveness': 1.03242458004384}, 'passingDowns': {'rate': 0.3460207612456747, 'ppa': -0.0018911865364900282, 'totalPPA': 22.661192123051386, 'successRate': 0.21, 'explosiveness': 2.2372657222060273}, 'rushingPlays': {'rate': 0.5017301038062284, 'ppa': -0.09465064883621074, 'totalPPA': -13.724344081250559, 'successRate': 0.2827586206896552, 'explosiveness': 0.9579537145317663}, 'passingPlays': {'rate': 0.4602076124567474, 'ppa': 0.1703849031808375, 'totalPPA': 22.661192123051386, 'successRate': 0.39097744360902253, 'explosiveness': 1.58046643146581}}"
2026,Troy,Sun Belt,"{'plays': 292, 'drives': 52, 'ppa': 0.02316723069395238, 'totalPPA': 6.764831362634094, 'successRate': 0.3801369863013699, 'explosiveness': 1.3132704234201762, 'powerSuccess': 0.631578947368421, 'stuffRate': 0.23809523809523808, 'lineYards': 2.673469387755102, 'lineYardsTotal': 393, 'secondLevelYards': 1.1496598639455782, 'secondLevelYardsTotal': 169, 'openFieldYards': 1.380952380952381, 'openFieldYardsTotal': 203, 'totalOpportunies': 24, 'pointsPerOpportunity': 2.9583333333333335, 'fieldPosition': {'averageStart': 73.8, 'averagePredictedPoints': 1.143}, 'havoc': {'total': 0.202, 'frontSeven': 0.089, 'db': 0.113}, 'standardDowns': {'rate': 0.6746575342465754, 'ppa': 0.02726178348594266, 'successRate': 0.4263959390862944, 'explosiveness': 1.1128098448459067}, 'passingDowns': {'rate': 0.3253424657534247, 'ppa': 0.014676421220035695, 'successRate': 0.28421052631578947, 'explosiveness': 1.936925556762348}, 'rushingPlays': {'rate': 0.5034246575342466, 'ppa': 0.04682505864774512, 'totalPPA': 6.883283621218532, 'successRate': 0.3945578231292517, 'explosiveness': 1.0742758716142133}, 'passingPlays': {'rate': 0.476027397260274, 'ppa': 0.035406746231412094, 'totalPPA': 4.921537726166281, 'successRate': 0.3669064748201439, 'explosiveness': 1.571000122563346}}","{'plays': 242, 'drives': 51, 'ppa': 0.03576781868285299, 'totalPPA': 8.655812121250422, 'successRate': 0.371900826446281, 'explosiveness': 1.3182035990042773, 'powerSuccess': 0.6, 'stuffRate': 0.25892857142857145, 'lineYards': 2.34375, 'lineYardsTotal': 263, 'secondLevelYards': 1, 'secondLevelYardsTotal': 112, 'openFieldYards': 1.6607142857142858, 'openFieldYardsTotal': 0, 'totalOpportunies': 24, 'pointsPerOpportunity': 3, 'fieldPosition': {'averageStart': 68.3, 'averagePredictedPoints': -1.474}, 'havoc': {'total': 0.182, 'frontSeven': 0.124, 'db': 0.058}, 'standardDowns': {'rate': 0.6487603305785123, 'ppa': 0.02591802922245251, 'successRate': 0.445859872611465, 'explosiveness': 1.1238748339501954}, 'passingDowns': {'rate': 0.3512396694214876, 'ppa': 0.05396095921559269, 'totalPPA': 9.277749633301536, 'successRate': 0.23529411764705882, 'explosiveness': 1.998354276693564}, 'rushingPlays': {'rate': 0.4628099173553719, 'ppa': -0.03531208129978451, 'totalPPA': -3.9549531055758655, 'successRate': 0.36607142857142855, 'explosiveness': 1.0234673439209188}, 'passingPlays': {'rate': 0.512396694214876, 'ppa': 0.07482056155888335, 'totalPPA': 9.277749633301536, 'successRate': 0.3790322580645161, 'explosiveness': 1.50370212992187}}"
2026,Tulane,American Athletic,"{'plays': 245, 'drives': 46, 'ppa': 0.10278927336162157, 'totalPPA': 25.183371973597286, 'successRate': 0.34285714285714286, 'explosiveness': 1.5134249575371927, 'powerSuccess': 0.75, 'stuffRate': 0.21774193548387097, 'lineYards': 2.5725806451612905, 'lineYardsTotal': 319, 'secondLevelYards': 1.032258064516129, 'secondLevelYardsTotal': 128, 'openFieldYards': 2.7661290322580645, 'openFieldYardsTotal': 343, 'totalOpportunies': 19, 'pointsPerOpportunity': 2.473684210526316, 'fieldPosition': {'averageStart': 75.1, 'averagePredictedPoints': 1.033}, 'havoc': {'total': 0.2, 'frontSeven': 0.135, 'db': 0.065}, 'standardDowns': {'rate': 0.6204081632653061, 'ppa': 0.08198664035884035, 'successRate': 0.40789473684210525, 'explosiveness': 1.1607391199818609}, 'passingDowns': {'rate': 0.3795918367346939, 'ppa': 0.13678927568874788, 'successRate': 0.23655913978494625, 'explosiveness': 2.507357772465855}, 'rushingPlays': {'rate': 0.5061224489795918, 'ppa': 0.16098785512318523, 'totalPPA': 19.96249403527497, 'successRate': 0.3790322580645161, 'explosiveness': 1.3460629104897126}, 'passingPlays': {'rate': 0.46938775510204084, 'ppa': 0.019693760542403717, 'totalPPA': 2.2647824623764277, 'successRate': 0.30434782608695654, 'explosiveness': 1.7032934523756704}}","{'plays': 283, 'drives': 47, 'ppa': 0.17148641914456647, 'totalPPA': 48.53065661791231, 'successRate': 0.3957597173144876, 'explosiveness': 1.3057172965646036, 'powerSuccess': 0.7692307692307693, 'stuffRate': 0.16233766233766234, 'lineYards': 3.0863636363636364, 'lineYardsTotal': 475, 'secondLevelYards': 1.1493506493506493, 'secondLevelYardsTotal': 177, 'openFieldYards': 1.3311688311688312, 'openFieldYardsTotal': 0, 'totalOpportunies': 26, 'pointsPerOpportunity': 3.3076923076923075, 'fieldPosition': {'averageStart': 72.7, 'averagePredictedPoints': -1.195}, 'havoc': {'total': 0.11, 'frontSeven': 0.067, 'db': 0.042}, 'standardDowns': {'rate': 0.6325088339222615, 'ppa': 0.08807431326901463, 'successRate': 0.441340782122905, 'explosiveness': 0.9928537386546451}, 'passingDowns': {'rate': 0.3674911660777385, 'ppa': 0.3150514859880643, 'totalPPA': 36.64339674979304, 'successRate': 0.3173076923076923, 'explosiveness': 2.054693692773292}, 'rushingPlays': {'rate': 0.5441696113074205, 'ppa': 0.111971088265025, 'totalPPA': 17.24354759281385, 'successRate': 0.37012987012987014, 'explosiveness': 1.0736145607783212}, 'passingPlays': {'rate': 0.43109540636042404, 'ppa': 0.3003557110638774, 'totalPPA': 36.64339674979304, 'successRate': 0.4426229508196721, 'explosiveness': 1.5460618914972275}}"
2026,Tulsa,American Athletic,"{'plays': 257, 'drives': 46, 'ppa': 0.11745212329427494, 'totalPPA': 30.18519568662866, 'successRate': 0.4046692607003891, 'explosiveness': 1.1418641053581682, 'powerSuccess': 0.9285714285714286, 'stuffRate': 0.12121212121212122, 'lineYards': 3.2954545454545454, 'lineYardsTotal': 435, 'secondLevelYards': 1.1439393939393938, 'secondLevelYardsTotal': 151, 'openFieldYards': 1.8106060606060606, 'openFieldYardsTotal': 239, 'totalOpportunies': 23, 'pointsPerOpportunity': 3, 'fieldPosition': {'averageStart': 70.5, 'averagePredictedPoints': 1.371}, 'havoc': {'total': 0.14, 'frontSeven': 0.07, 'db': 0.07}, 'standardDowns': {'rate': 0.6653696498054474, 'ppa': 0.17666626951119146, 'successRate': 0.5321637426900585, 'explosiveness': 1.0211964352021359}, 'passingDowns': {'rate': 0.3346303501945525, 'ppa': -0.0002876325556404763, 'successRate': 0.1511627906976744, 'explosiveness': 1.986537796450394}, 'rushingPlays': {'rate': 0.5136186770428015, 'ppa': 0.22734183579974868, 'totalPPA': 30.009122325566825, 'successRate': 0.44696969696969696, 'explosiveness': 1.0354047430883204}, 'passingPlays': {'rate': 0.46303501945525294, 'ppa': 0.011237067376873643, 'totalPPA': 1.3372110178479635, 'successRate': 0.36134453781512604, 'explosiveness': 1.3439266273555814}}","{'plays': 306, 'drives': 48, 'ppa': -0.0697187405885413, 'totalPPA': -21.333934620093636, 'successRate': 0.38562091503267976, 'explosiveness': 1.0352545596334677, 'powerSuccess': 0.6190476190476191, 'stuffRate': 0.19230769230769232, 'lineYards': 2.8384615384615386, 'lineYardsTotal': 369, 'secondLevelYards': 1.0153846153846153, 'secondLevelYardsTotal': 132, 'openFieldYards': 0.3230769230769231, 'openFieldYardsTotal': 0, 'totalOpportunies': 23, 'pointsPerOpportunity': 2.3043478260869565, 'fieldPosition': {'averageStart': 73.9, 'averagePredictedPoints': -1.12}, 'havoc': {'total': 0.147, 'frontSeven': 0.082, 'db': 0.065}, 'standardDowns': {'rate': 0.6568627450980392, 'ppa': -0.18071402540156029, 'successRate': 0.42786069651741293, 'explosiveness': 0.714294064773955}, 'passingDowns': {'rate': 0.3431372549019608, 'ppa': 0.14275794748209503, 'totalPPA': 11.012501848651935, 'successRate': 0.3047619047619048, 'explosiveness': 1.897835889568408}, 'rushingPlays': {'rate': 0.42483660130718953, 'ppa': -0.11814857470690523, 'totalPPA': -15.35931471189768, 'successRate': 0.4153846153846154, 'explosiveness': 0.6091746615551323}, 'passingPlays': {'rate': 0.5424836601307189, 'ppa': 0.06634037258224057, 'totalPPA': 11.012501848651935, 'successRate': 0.3674698795180723, 'explosiveness': 1.4432792661001281}}"
2026,UAB,American Athletic,"{'plays': 265, 'drives': 40, 'ppa': 0.050417569205114886, 'totalPPA': 13.360655839355445, 'successRate': 0.4226415094339623, 'explosiveness': 1.1850191816604738, 'powerSuccess': 0.7391304347826086, 'stuffRate': 0.15894039735099338, 'lineYards': 3.137086092715232, 'lineYardsTotal': 474, 'secondLevelYards': 0.9403973509933775, 'secondLevelYardsTotal': 142, 'openFieldYards': 0.7086092715231788, 'openFieldYardsTotal': 107, 'totalOpportunies': 18, 'pointsPerOpportunity': 2.888888888888889, 'fieldPosition': {'averageStart': 69.6, 'averagePredictedPoints': 1.41}, 'havoc': {'total': 0.158, 'frontSeven': 0.106, 'db': 0.053}, 'standardDowns': {'rate': 0.7018867924528301, 'ppa': -0.07405219889787173, 'successRate': 0.44086021505376344, 'explosiveness': 0.9377098429310646}, 'passingDowns': {'rate': 0.2981132075471698, 'ppa': 0.34347297258683024, 'successRate': 0.379746835443038, 'explosiveness': 1.8609980408541926}, 'rushingPlays': {'rate': 0.569811320754717, 'ppa': 0.13522421604013238, 'totalPPA': 20.41885662205999, 'successRate': 0.4370860927152318, 'explosiveness': 0.9935517955143677}, 'passingPlays': {'rate': 0.39245283018867927, 'ppa': -0.009404529887545636, 'totalPPA': -0.9780711083047462, 'successRate': 0.41346153846153844, 'explosiveness': 1.4550708382716473}}","{'plays': 249, 'drives': 41, 'ppa': 0.05303894879946976, 'totalPPA': 13.20669825106797, 'successRate': 0.4497991967871486, 'explosiveness': 1.0443123071326579, 'powerSuccess': 0.7037037037037037, 'stuffRate': 0.1242603550295858, 'lineYards': 3.429585798816568, 'lineYardsTotal': 580, 'secondLevelYards': 1.14792899408284, 'secondLevelYardsTotal': 194, 'openFieldYards': 1.029585798816568, 'openFieldYardsTotal': 0, 'totalOpportunies': 23, 'pointsPerOpportunity': 3.869565217391304, 'fieldPosition': {'averageStart': 69.1, 'averagePredictedPoints': -1.45}, 'havoc': {'total': 0.157, 'frontSeven': 0.12, 'db': 0.036}, 'standardDowns': {'rate': 0.7108433734939759, 'ppa': 0.1031931062951889, 'successRate': 0.5310734463276836, 'explosiveness': 0.9825952352274019}, 'passingDowns': {'rate': 0.2891566265060241, 'ppa': -0.07025668837750645, 'totalPPA': -0.8278864487568751, 'successRate': 0.25, 'explosiveness': 1.3666125715267727}, 'rushingPlays': {'rate': 0.678714859437751, 'ppa': 0.09259228055156754, 'totalPPA': 15.648095413214914, 'successRate': 0.47337278106508873, 'explosiveness': 0.9416810195573151}, 'passingPlays': {'rate': 0.3092369477911647, 'ppa': -0.010751772061777598, 'totalPPA': -0.8278864487568751, 'successRate': 0.4025974025974026, 'explosiveness': 1.2749924382563573}}"
2026,UCF,Big 12,"{'plays': 227, 'drives': 47, 'ppa': 0.11850160845349729, 'totalPPA': 26.899865118943886, 'successRate': 0.43612334801762115, 'explosiveness': 1.2064484831671314, 'powerSuccess': 0.8, 'stuffRate': 0.171875, 'lineYards': 3.0515625, 'lineYardsTotal': 391, 'secondLevelYards': 1.4296875, 'secondLevelYardsTotal': 183, 'openFieldYards': 2.3671875, 'openFieldYardsTotal': 303, 'totalOpportunies': 26, 'pointsPerOpportunity': 4.769230769230769, 'fieldPosition': {'averageStart': 63.2, 'averagePredictedPoints': 1.943}, 'havoc': {'total': 0.137, 'frontSeven': 0.097, 'db': 0.04}, 'standardDowns': {'rate': 0.7048458149779736, 'ppa': 0.022269046893049177, 'successRate': 0.49375, 'explosiveness': 0.9637565238297933}, 'passingDowns': {'rate': 0.29515418502202645, 'ppa': 0.34831071068740327, 'successRate': 0.29850746268656714, 'explosiveness': 2.1650817225496173}, 'rushingPlays': {'rate': 0.5638766519823789, 'ppa': 0.18028511443212664, 'totalPPA': 23.07649464731221, 'successRate': 0.4453125, 'explosiveness': 1.1653789292944818}, 'passingPlays': {'rate': 0.41409691629955947, 'ppa': 0.05271932949616638, 'totalPPA': 4.95561697263964, 'successRate': 0.425531914893617, 'explosiveness': 1.2779769298051342}}","{'plays': 289, 'drives': 50, 'ppa': -0.04742976902562884, 'totalPPA': -13.707203248406735, 'successRate': 0.34256055363321797, 'explosiveness': 1.2745480395464972, 'powerSuccess': 0.625, 'stuffRate': 0.24087591240875914, 'lineYards': 2.2905109489051094, 'lineYardsTotal': 314, 'secondLevelYards': 0.6788321167883211, 'secondLevelYardsTotal': 93, 'openFieldYards': 1.051094890510949, 'openFieldYardsTotal': 0, 'totalOpportunies': 23, 'pointsPerOpportunity': 2.3043478260869565, 'fieldPosition': {'averageStart': 72.5, 'averagePredictedPoints': -1.205}, 'havoc': {'total': 0.173, 'frontSeven': 0.111, 'db': 0.062}, 'standardDowns': {'rate': 0.6228373702422145, 'ppa': -0.19852123343882166, 'successRate': 0.4, 'explosiveness': 0.9461508678779386}, 'passingDowns': {'rate': 0.3771626297577855, 'ppa': 0.20207907128973543, 'totalPPA': 11.052160649655288, 'successRate': 0.24770642201834864, 'explosiveness': 2.150273830662654}, 'rushingPlays': {'rate': 0.4740484429065744, 'ppa': -0.11894231449829405, 'totalPPA': -16.295097086266285, 'successRate': 0.30656934306569344, 'explosiveness': 0.8718575913933551}, 'passingPlays': {'rate': 0.49480968858131485, 'ppa': 0.07728783671087613, 'totalPPA': 11.052160649655288, 'successRate': 0.38461538461538464, 'explosiveness': 1.5947603940234651}}"
2026,UCLA,Big Ten,"{'plays': 265, 'drives': 52, 'ppa': 0.28712715890422885, 'totalPPA': 76.08869710962064, 'successRate': 0.49433962264150944, 'explosiveness': 1.253304393370694, 'powerSuccess': 0.8421052631578947, 'stuffRate': 0.09554140127388536, 'lineYards': 3.9745222929936306, 'lineYardsTotal': 624, 'secondLevelYards': 1.5668789808917196, 'secondLevelYardsTotal': 246, 'openFieldYards': 2.445859872611465, 'openFieldYardsTotal': 384, 'totalOpportunies': 35, 'pointsPerOpportunity': 4.3428571428571425, 'fieldPosition': {'averageStart': 63.7, 'averagePredictedPoints': 1.871}, 'havoc': {'total': 0.132, 'frontSeven': 0.057, 'db': 0.075}, 'standardDowns': {'rate': 0.7245283018867924, 'ppa': 0.2327692141098616, 'successRate': 0.5520833333333334, 'explosiveness': 1.046339896836702}, 'passingDowns': {'rate': 0.27547169811320754, 'ppa': 0.4300960000072221, 'successRate': 0.3424657534246575, 'explosiveness': 2.13083385867482}, 'rushingPlays': {'rate': 0.5924528301886792, 'ppa': 0.4074387795115574, 'totalPPA': 63.96788838331451, 'successRate': 0.5732484076433121, 'explosiveness': 1.0642318802208337}, 'passingPlays': {'rate': 0.39245283018867927, 'ppa': 0.12375982698292289, 'totalPPA': 12.87102200622398, 'successRate': 0.3942307692307692, 'explosiveness': 1.6683416173581924}}","{'plays': 275, 'drives': 52, 'ppa': -0.12710062509096473, 'totalPPA': -34.952671900015304, 'successRate': 0.32727272727272727, 'explosiveness': 1.3466484258816014, 'powerSuccess': 0.8333333333333334, 'stuffRate': 0.25, 'lineYards': 2.36484375, 'lineYardsTotal': 303, 'secondLevelYards': 0.8359375, 'secondLevelYardsTotal': 107, 'openFieldYards': 0.234375, 'openFieldYardsTotal': 0, 'totalOpportunies': 18, 'pointsPerOpportunity': 3, 'fieldPosition': {'averageStart': 77.4, 'averagePredictedPoints': -0.868}, 'havoc': {'total': 0.185, 'frontSeven': 0.105, 'db': 0.08}, 'standardDowns': {'rate': 0.6363636363636364, 'ppa': -0.17369364649749255, 'successRate': 0.38857142857142857, 'explosiveness': 1.0843036764384304}, 'passingDowns': {'rate': 0.36363636363636365, 'ppa': -0.045562837629541025, 'totalPPA': -16.455107320263043, 'successRate': 0.22, 'explosiveness': 2.157532196887766}, 'rushingPlays': {'rate': 0.46545454545454545, 'ppa': -0.10547569211709097, 'totalPPA': -13.500888590987644, 'successRate': 0.328125, 'explosiveness': 0.7990015529711461}, 'passingPlays': {'rate': 0.5018181818181818, 'ppa': -0.11923990811784814, 'totalPPA': -16.455107320263043, 'successRate': 0.3333333333333333, 'explosiveness': 1.844827482729318}}"
2026,UConn,FBS Independents,"{'plays': 260, 'drives': 48, 'ppa': 0.23061112163490016, 'totalPPA': 59.958891625074045, 'successRate': 0.4346153846153846, 'explosiveness': 1.421161467026787, 'powerSuccess': 0.6666666666666666, 'stuffRate': 0.1678832116788321, 'lineYards': 3.2386861313868613, 'lineYardsTotal': 444, 'secondLevelYards': 1.145985401459854, 'secondLevelYardsTotal': 157, 'openFieldYards': 1.4671532846715327, 'openFieldYardsTotal': 201, 'totalOpportunies': 24, 'pointsPerOpportunity': 4.625, 'fieldPosition': {'averageStart': 70.9, 'averagePredictedPoints': 1.331}, 'havoc': {'total': 0.127, 'frontSeven': 0.088, 'db': 0.038}, 'standardDowns': {'rate': 0.6730769230769231, 'ppa': 0.16534551573405143, 'successRate': 0.48, 'explosiveness': 1.103361253941332}, 'passingDowns': {'rate': 0.3269230769230769, 'ppa': 0.3649814867248829, 'successRate': 0.3411764705882353, 'explosiveness': 2.341686222170863}, 'rushingPlays': {'rate': 0.5269230769230769, 'ppa': 0.2068519378814296, 'totalPPA': 28.338715489755856, 'successRate': 0.45985401459854014, 'explosiveness': 1.02102622934982}, 'passingPlays': {'rate': 0.4423076923076923, 'ppa': 0.3675962713797185, 'totalPPA': 42.27357120866763, 'successRate': 0.4260869565217391, 'explosiveness': 1.9633003437578311}}","{'plays': 290, 'drives': 48, 'ppa': 0.019089011417595315, 'totalPPA': 5.5358133111026415, 'successRate': 0.38620689655172413, 'explosiveness': 1.255302889472952, 'powerSuccess': 0.6111111111111112, 'stuffRate': 0.211864406779661, 'lineYards': 2.6483050847457625, 'lineYardsTotal': 313, 'secondLevelYards': 0.6779661016949152, 'secondLevelYardsTotal': 80, 'openFieldYards': 0.3135593220338983, 'openFieldYardsTotal': 0, 'totalOpportunies': 25, 'pointsPerOpportunity': 2.72, 'fieldPosition': {'averageStart': 72, 'averagePredictedPoints': -1.259}, 'havoc': {'total': 0.169, 'frontSeven': 0.083, 'db': 0.086}, 'standardDowns': {'rate': 0.6586206896551724, 'ppa': -0.056510165848088094, 'successRate': 0.4397905759162304, 'explosiveness': 1.0174365387868236}, 'passingDowns': {'rate': 0.3413793103448276, 'ppa': 0.1649419695766411, 'totalPPA': 11.118070632258618, 'successRate': 0.2828282828282828, 'explosiveness': 1.9689019415313374}, 'rushingPlays': {'rate': 0.4068965517241379, 'ppa': -0.014105777966863228, 'totalPPA': -1.664481800089861, 'successRate': 0.3813559322033898, 'explosiveness': 0.8744511948466572}, 'passingPlays': {'rate': 0.5793103448275863, 'ppa': 0.06617899185868224, 'totalPPA': 11.118070632258618, 'successRate': 0.39285714285714285, 'explosiveness': 1.5020354850814521}}"
2026,UL Monroe,Sun Belt,"{'plays': 271, 'drives': 49, 'ppa': -0.05219709858167966, 'totalPPA': -14.145413715635188, 'successRate': 0.4022140221402214, 'explosiveness': 1.119088950147427, 'powerSuccess': 0.5714285714285714, 'stuffRate': 0.15151515151515152, 'lineYards': 2.9681818181818183, 'lineYardsTotal': 392, 'secondLevelYards': 1.053030303030303, 'secondLevelYardsTotal': 139, 'openFieldYards': 0.9545454545454546, 'openFieldYardsTotal': 126, 'totalOpportunies': 23, 'pointsPerOpportunity': 2.4782608695652173, 'fieldPosition': {'averageStart': 72.9, 'averagePredictedPoints': 1.142}, 'havoc': {'total': 0.17, 'frontSeven': 0.1, 'db': 0.07}, 'standardDowns': {'rate': 0.7047970479704797, 'ppa': -0.07953673267937006, 'successRate': 0.45549738219895286, 'explosiveness': 0.8983231481834597}, 'passingDowns': {'rate': 0.2952029520295203, 'ppa': 0.013076277826556163, 'successRate': 0.275, 'explosiveness': 1.9921173488231159}, 'rushingPlays': {'rate': 0.4870848708487085, 'ppa': 0.06973777774393096, 'totalPPA': 9.205386662198887, 'successRate': 0.4318181818181818, 'explosiveness': 0.8785602859501765}, 'passingPlays': {'rate': 0.4870848708487085, 'ppa': -0.08176601123421719, 'totalPPA': -10.793113482916668, 'successRate': 0.38636363636363635, 'explosiveness': 1.4061759278946282}}","{'plays': 295, 'drives': 45, 'ppa': 0.30773470735712705, 'totalPPA': 90.78173867035247, 'successRate': 0.5084745762711864, 'explosiveness': 1.2145291051896507, 'powerSuccess': 0.7777777777777778, 'stuffRate': 0.16149068322981366, 'lineYards': 3.4180124223602486, 'lineYardsTotal': 550, 'secondLevelYards': 1.2546583850931676, 'secondLevelYardsTotal': 202, 'openFieldYards': 1.6459627329192548, 'openFieldYardsTotal': 0, 'totalOpportunies': 29, 'pointsPerOpportunity': 4.448275862068965, 'fieldPosition': {'averageStart': 70.6, 'averagePredictedPoints': -1.407}, 'havoc': {'total': 0.115, 'frontSeven': 0.064, 'db': 0.051}, 'standardDowns': {'rate': 0.7457627118644068, 'ppa': 0.18499613698771275, 'successRate': 0.5363636363636364, 'explosiveness': 0.9844936906831174}, 'passingDowns': {'rate': 0.2542372881355932, 'ppa': 0.6677678471074089, 'totalPPA': 43.41634957347657, 'successRate': 0.4266666666666667, 'explosiveness': 2.062784696182492}, 'rushingPlays': {'rate': 0.5457627118644067, 'ppa': 0.31363755790951475, 'totalPPA': 50.49564682343187, 'successRate': 0.5217391304347826, 'explosiveness': 1.076919026151513}, 'passingPlays': {'rate': 0.43389830508474575, 'ppa': 0.33919023104278573, 'totalPPA': 43.41634957347657, 'successRate': 0.5, 'explosiveness': 1.4125223928068662}}"
2026,UNLV,Mountain West,"{'plays': 281, 'drives': 47, 'ppa': 0.0529135687229341, 'totalPPA': 14.868712811144484, 'successRate': 0.38434163701067614, 'explosiveness': 1.218802792211778, 'powerSuccess': 0.6666666666666666, 'stuffRate': 0.13013698630136986, 'lineYards': 3.219178082191781, 'lineYardsTotal': 470, 'secondLevelYards': 1.13013698630137, 'secondLevelYardsTotal': 165, 'openFieldYards': 1.4794520547945205, 'openFieldYardsTotal': 216, 'totalOpportunies': 22, 'pointsPerOpportunity': 2.9545454545454546, 'fieldPosition': {'averageStart': 72.6, 'averagePredictedPoints': 1.198}, 'havoc': {'total': 0.157, 'frontSeven': 0.096, 'db': 0.06}, 'standardDowns': {'rate': 0.6868327402135231, 'ppa': 0.06362085028654646, 'successRate': 0.45595854922279794, 'explosiveness': 1.0724374308964781}, 'passingDowns': {'rate': 0.31316725978647686, 'ppa': 0.029430553475466085, 'successRate': 0.22727272727272727, 'explosiveness': 1.862810381999097}, 'rushingPlays': {'rate': 0.5195729537366548, 'ppa': 0.06081129911427547, 'totalPPA': 8.878449670684219, 'successRate': 0.3972602739726027, 'explosiveness': 0.9077306310995276}, 'passingPlays': {'rate': 0.4483985765124555, 'ppa': 0.1345101632217921, 'totalPPA': 16.948280565945804, 'successRate': 0.3888888888888889, 'explosiveness': 1.6099183428942232}}","{'plays': 267, 'drives': 46, 'ppa': 0.07570992671064915, 'totalPPA': 20.214550431743323, 'successRate': 0.4044943820224719, 'explosiveness': 1.154460009886671, 'powerSuccess': 0.8333333333333334, 'stuffRate': 0.1328125, 'lineYards': 3.60625, 'lineYardsTotal': 462, 'secondLevelYards': 1.3046875, 'secondLevelYardsTotal': 167, 'openFieldYards': 1.046875, 'openFieldYardsTotal': 0, 'totalOpportunies': 23, 'pointsPerOpportunity': 3.4782608695652173, 'fieldPosition': {'averageStart': 74.7, 'averagePredictedPoints': -1.093}, 'havoc': {'total': 0.161, 'frontSeven': 0.071, 'db': 0.09}, 'standardDowns': {'rate': 0.6591760299625468, 'ppa': 0.06995724098954526, 'successRate': 0.4659090909090909, 'explosiveness': 0.9549932885999801}, 'passingDowns': {'rate': 0.3408239700374532, 'ppa': 0.0868360001932237, 'totalPPA': 15.493204589073896, 'successRate': 0.2857142857142857, 'explosiveness': 1.783547361637004}, 'rushingPlays': {'rate': 0.4794007490636704, 'ppa': 0.12392478701163698, 'totalPPA': 15.862372737489533, 'successRate': 0.4765625, 'explosiveness': 0.7470009722496745}, 'passingPlays': {'rate': 0.49063670411985016, 'ppa': 0.11826873732117477, 'totalPPA': 15.493204589073896, 'successRate': 0.3511450381679389, 'explosiveness': 1.6959266094030705}}"
2026,USC,Big Ten,"{'plays': 361, 'drives': 49, 'ppa': 0.3069791509788038, 'totalPPA': 110.81947350334818, 'successRate': 0.5346260387811634, 'explosiveness': 1.1871419897756952, 'powerSuccess': 0.7931034482758621, 'stuffRate': 0.16759776536312848, 'lineYards': 3.2675977653631283, 'lineYardsTotal': 585, 'secondLevelYards': 1.2625698324022345, 'secondLevelYardsTotal': 226, 'openFieldYards': 0.6927374301675978, 'openFieldYardsTotal': 124, 'totalOpportunies': 36, 'pointsPerOpportunity': 4.611111111111111, 'fieldPosition': {'averageStart': 69.3, 'averagePredictedPoints': 1.413}, 'havoc': {'total': 0.089, 'frontSeven': 0.047, 'db': 0.042}, 'standardDowns': {'rate': 0.7451523545706371, 'ppa': 0.18574601171078012, 'successRate': 0.5576208178438662, 'explosiveness': 0.8935075976323061}, 'passingDowns': {'rate': 0.2548476454293629, 'ppa': 0.6614543081863948, 'successRate': 0.4673913043478261, 'explosiveness': 2.211448008880541}, 'rushingPlays': {'rate': 0.49584487534626037, 'ppa': 0.08170435640011865, 'totalPPA': 14.62507979562124, 'successRate': 0.4860335195530726, 'explosiveness': 0.8285250702595249}, 'passingPlays': {'rate': 0.481994459833795, 'ppa': 0.5635994648454105, 'totalPPA': 98.06630688310143, 'successRate': 0.5919540229885057, 'explosiveness': 1.496954723525892}}","{'plays': 294, 'drives': 50, 'ppa': 0.1911762367341543, 'totalPPA': 56.20581359984136, 'successRate': 0.4217687074829932, 'explosiveness': 1.3627008216470935, 'powerSuccess': 0.7619047619047619, 'stuffRate': 0.19285714285714287, 'lineYards': 2.587142857142857, 'lineYardsTotal': 362, 'secondLevelYards': 0.8642857142857143, 'secondLevelYardsTotal': 121, 'openFieldYards': 1.1214285714285714, 'openFieldYardsTotal': 0, 'totalOpportunies': 28, 'pointsPerOpportunity': 4.178571428571429, 'fieldPosition': {'averageStart': 75.3, 'averagePredictedPoints': -0.995}, 'havoc': {'total': 0.116, 'frontSeven': 0.075, 'db': 0.041}, 'standardDowns': {'rate': 0.6632653061224489, 'ppa': 0.05217863742045275, 'successRate': 0.4461538461538462, 'explosiveness': 1.04998194946628}, 'passingDowns': {'rate': 0.336734693877551, 'ppa': 0.4649593868975058, 'totalPPA': 60.616341950065454, 'successRate': 0.37373737373737376, 'explosiveness': 2.0980127643425193}, 'rushingPlays': {'rate': 0.47619047619047616, 'ppa': 0.0797289650268466, 'totalPPA': 11.162055103758522, 'successRate': 0.4, 'explosiveness': 0.9605638212167363}, 'passingPlays': {'rate': 0.48639455782312924, 'ppa': 0.42389050314731086, 'totalPPA': 60.616341950065454, 'successRate': 0.46153846153846156, 'explosiveness': 1.7240480303102639}}"
2026,Utah,Big 12,"{'plays': 274, 'drives': 47, 'ppa': 0.3282820760821432, 'totalPPA': 89.94928884650724, 'successRate': 0.5072992700729927, 'explosiveness': 1.3213183801964539, 'powerSuccess': 0.7391304347826086, 'stuffRate': 0.19463087248322147, 'lineYards': 3.4791946308724833, 'lineYardsTotal': 518, 'secondLevelYards': 1.4026845637583893, 'secondLevelYardsTotal': 209, 'openFieldYards': 1.6979865771812082, 'openFieldYardsTotal': 253, 'totalOpportunies': 32, 'pointsPerOpportunity': 4.96875, 'fieldPosition': {'averageStart': 65.5, 'averagePredictedPoints': 1.751}, 'havoc': {'total': 0.128, 'frontSeven': 0.088, 'db': 0.04}, 'standardDowns': {'rate': 0.7591240875912408, 'ppa': 0.27278758166649775, 'successRate': 0.5336538461538461, 'explosiveness': 1.1565615893042296}, 'passingDowns': {'rate': 0.24087591240875914, 'ppa': 0.5031738160587229, 'successRate': 0.42424242424242425, 'explosiveness': 1.9744613726620568}, 'rushingPlays': {'rate': 0.5437956204379562, 'ppa': 0.2847279513356532, 'totalPPA': 42.42446474901233, 'successRate': 0.4899328859060403, 'explosiveness': 1.1670912005741512}, 'passingPlays': {'rate': 0.4416058394160584, 'ppa': 0.39669626396950347, 'totalPPA': 48.00024794030992, 'successRate': 0.5289256198347108, 'explosiveness': 1.5165660786861994}}","{'plays': 270, 'drives': 46, 'ppa': -0.07358512467946862, 'totalPPA': -19.867983663456528, 'successRate': 0.31851851851851853, 'explosiveness': 1.3365530299488966, 'powerSuccess': 0.5, 'stuffRate': 0.2037037037037037, 'lineYards': 2.6324074074074075, 'lineYardsTotal': 284, 'secondLevelYards': 0.8981481481481481, 'secondLevelYardsTotal': 97, 'openFieldYards': 0.4537037037037037, 'openFieldYardsTotal': 0, 'totalOpportunies': 18, 'pointsPerOpportunity': 2.2777777777777777, 'fieldPosition': {'averageStart': 74.8, 'averagePredictedPoints': -1.018}, 'havoc': {'total': 0.204, 'frontSeven': 0.085, 'db': 0.119}, 'standardDowns': {'rate': 0.5666666666666667, 'ppa': -0.28512860542295476, 'successRate': 0.33986928104575165, 'explosiveness': 0.8754791527582294}, 'passingDowns': {'rate': 0.43333333333333335, 'ppa': 0.203048657831244, 'totalPPA': -12.899467975286022, 'successRate': 0.2905982905982906, 'explosiveness': 2.041724842122858}, 'rushingPlays': {'rate': 0.4, 'ppa': -0.09235671471839839, 'totalPPA': -9.974525189587025, 'successRate': 0.32407407407407407, 'explosiveness': 0.9441578717161938}, 'passingPlays': {'rate': 0.5740740740740741, 'ppa': -0.08322237403410337, 'totalPPA': -12.899467975286022, 'successRate': 0.3096774193548387, 'explosiveness': 1.6055920777352348}}"
2026,Utah State,Pac-12,"{'plays': 263, 'drives': 48, 'ppa': -0.07088933495017673, 'totalPPA': -18.643895091896482, 'successRate': 0.3612167300380228, 'explosiveness': 1.3151104107661504, 'powerSuccess': 0.3, 'stuffRate': 0.20833333333333334, 'lineYards': 3.0741666666666667, 'lineYardsTotal': 369, 'secondLevelYards': 1.075, 'secondLevelYardsTotal': 129, 'openFieldYards': 1.1666666666666667, 'openFieldYardsTotal': 140, 'totalOpportunies': 21, 'pointsPerOpportunity': 1.8095238095238095, 'fieldPosition': {'averageStart': 69.1, 'averagePredictedPoints': 1.442}, 'havoc': {'total': 0.183, 'frontSeven': 0.091, 'db': 0.091}, 'standardDowns': {'rate': 0.6387832699619772, 'ppa': -0.2300644065709514, 'successRate': 0.3630952380952381, 'explosiveness': 1.0333905032078243}, 'passingDowns': {'rate': 0.3612167300380228, 'ppa': 0.21059921275814053, 'successRate': 0.35789473684210527, 'explosiveness': 1.820549068444324}, 'rushingPlays': {'rate': 0.45627376425855515, 'ppa': -0.10322967693077778, 'totalPPA': -12.387561231693333, 'successRate': 0.35833333333333334, 'explosiveness': 0.8534889394799169}, 'passingPlays': {'rate': 0.5209125475285171, 'ppa': -0.0318645545782563, 'totalPPA': -4.365443977221113, 'successRate': 0.35766423357664234, 'explosiveness': 1.7381693262850613}}","{'plays': 296, 'drives': 49, 'ppa': 0.020547329569709363, 'totalPPA': 6.082009552633971, 'successRate': 0.40540540540540543, 'explosiveness': 1.1334625370017768, 'powerSuccess': 0.7368421052631579, 'stuffRate': 0.216, 'lineYards': 2.6024, 'lineYardsTotal': 325, 'secondLevelYards': 0.992, 'secondLevelYardsTotal': 124, 'openFieldYards': 1.344, 'openFieldYardsTotal': 0, 'totalOpportunies': 27, 'pointsPerOpportunity': 3.037037037037037, 'fieldPosition': {'averageStart': 74.6, 'averagePredictedPoints': -1.17}, 'havoc': {'total': 0.135, 'frontSeven': 0.071, 'db': 0.064}, 'standardDowns': {'rate': 0.6756756756756757, 'ppa': -0.028026451265602575, 'successRate': 0.46, 'explosiveness': 0.8913697268074712}, 'passingDowns': {'rate': 0.32432432432432434, 'ppa': 0.12174270630994256, 'totalPPA': 7.22239597394797, 'successRate': 0.2916666666666667, 'explosiveness': 1.9289103419259235}, 'rushingPlays': {'rate': 0.4222972972972973, 'ppa': 0.007552811942093342, 'totalPPA': 0.9441014927616678, 'successRate': 0.408, 'explosiveness': 1.0056499832585848}, 'passingPlays': {'rate': 0.5608108108108109, 'ppa': 0.043508409481614274, 'totalPPA': 7.22239597394797, 'successRate': 0.4036144578313253, 'explosiveness': 1.2210361637273386}}"
2026,UTEP,Mountain West,"{'plays': 226, 'drives': 46, 'ppa': -0.17895299458457728, 'totalPPA': -40.44337677611447, 'successRate': 0.3672566371681416, 'explosiveness': 1.0920230579450803, 'powerSuccess': 0.5, 'stuffRate': 0.24031007751937986, 'lineYards': 2.5155038759689923, 'lineYardsTotal': 325, 'secondLevelYards': 1.0465116279069766, 'secondLevelYardsTotal': 135, 'openFieldYards': 1.503875968992248, 'openFieldYardsTotal': 194, 'totalOpportunies': 20, 'pointsPerOpportunity': 1.7, 'fieldPosition': {'averageStart': 68.8, 'averagePredictedPoints': 1.382}, 'havoc': {'total': 0.217, 'frontSeven': 0.173, 'db': 0.044}, 'standardDowns': {'rate': 0.6902654867256637, 'ppa': -0.15972682252448378, 'successRate': 0.4423076923076923, 'explosiveness': 0.9774171827245699}, 'passingDowns': {'rate': 0.30973451327433627, 'ppa': -0.22179989231849995, 'successRate': 0.2, 'explosiveness': 1.6568663001033104}, 'rushingPlays': {'rate': 0.5707964601769911, 'ppa': -0.19677845101859132, 'totalPPA': -25.38442018139828, 'successRate': 0.35658914728682173, 'explosiveness': 0.8674392151523084}, 'passingPlays': {'rate': 0.40707964601769914, 'ppa': -0.03717543721428417, 'totalPPA': -3.420140223714144, 'successRate': 0.40217391304347827, 'explosiveness': 1.3712354030387968}}","{'plays': 254, 'drives': 44, 'ppa': 0.2519532316649529, 'totalPPA': 63.996120842898044, 'successRate': 0.47244094488188976, 'explosiveness': 1.209405487157074, 'powerSuccess': 0.6666666666666666, 'stuffRate': 0.22302158273381295, 'lineYards': 2.969064748201439, 'lineYardsTotal': 413, 'secondLevelYards': 1.0071942446043165, 'secondLevelYardsTotal': 140, 'openFieldYards': 0.7338129496402878, 'openFieldYardsTotal': 0, 'totalOpportunies': 28, 'pointsPerOpportunity': 4.5, 'fieldPosition': {'averageStart': 67.4, 'averagePredictedPoints': -1.592}, 'havoc': {'total': 0.126, 'frontSeven': 0.094, 'db': 0.031}, 'standardDowns': {'rate': 0.7440944881889764, 'ppa': 0.20106504962710303, 'successRate': 0.5079365079365079, 'explosiveness': 1.0348906688231982}, 'passingDowns': {'rate': 0.2559055118110236, 'ppa': 0.3999204071288549, 'totalPPA': 54.253029710230905, 'successRate': 0.36923076923076925, 'explosiveness': 1.9074647604925778}, 'rushingPlays': {'rate': 0.547244094488189, 'ppa': 0.13591693744533928, 'totalPPA': 18.892454304902163, 'successRate': 0.43884892086330934, 'explosiveness': 0.9217077063496377}, 'passingPlays': {'rate': 0.41732283464566927, 'ppa': 0.5118210350021783, 'totalPPA': 54.253029710230905, 'successRate': 0.5283018867924528, 'explosiveness': 1.571296226133132}}"
2026,UTSA,American Athletic,"{'plays': 253, 'drives': 47, 'ppa': 0.2677312353147179, 'totalPPA': 67.73600253462362, 'successRate': 0.4743083003952569, 'explosiveness': 1.1110555464614322, 'powerSuccess': 0.85, 'stuffRate': 0.1721311475409836, 'lineYards': 3.0754098360655737, 'lineYardsTotal': 375, 'secondLevelYards': 1.0245901639344261, 'secondLevelYardsTotal': 125, 'openFieldYards': 1.8278688524590163, 'openFieldYardsTotal': 223, 'totalOpportunies': 24, 'pointsPerOpportunity': 3.5416666666666665, 'fieldPosition': {'averageStart': 68.4, 'averagePredictedPoints': 1.548}, 'havoc': {'total': 0.137, 'frontSeven': 0.071, 'db': 0.067}, 'standardDowns': {'rate': 0.6996047430830039, 'ppa': 0.28131461641825295, 'successRate': 0.5649717514124294, 'explosiveness': 0.9049945936643349}, 'passingDowns': {'rate': 0.30039525691699603, 'ppa': 0.23609625563937955, 'successRate': 0.2631578947368421, 'explosiveness': 2.1413603104469194}, 'rushingPlays': {'rate': 0.48221343873517786, 'ppa': 0.24831840571007993, 'totalPPA': 30.29484549662975, 'successRate': 0.5409836065573771, 'explosiveness': 0.8339142834213888}, 'passingPlays': {'rate': 0.5019762845849802, 'ppa': 0.2944593501305, 'totalPPA': 37.396337466573506, 'successRate': 0.41732283464566927, 'explosiveness': 1.4593982008489772}}","{'plays': 324, 'drives': 49, 'ppa': 0.07673852290959778, 'totalPPA': 24.86328142270968, 'successRate': 0.43209876543209874, 'explosiveness': 1.1351715792496357, 'powerSuccess': 0.65, 'stuffRate': 0.12422360248447205, 'lineYards': 3.2801242236024843, 'lineYardsTotal': 528, 'secondLevelYards': 1.062111801242236, 'secondLevelYardsTotal': 171, 'openFieldYards': 1.4037267080745341, 'openFieldYardsTotal': 0, 'totalOpportunies': 28, 'pointsPerOpportunity': 3.7142857142857144, 'fieldPosition': {'averageStart': 72.2, 'averagePredictedPoints': -1.265}, 'havoc': {'total': 0.128, 'frontSeven': 0.067, 'db': 0.061}, 'standardDowns': {'rate': 0.691358024691358, 'ppa': 0.03202167193890846, 'successRate': 0.4732142857142857, 'explosiveness': 0.9719289987944943}, 'passingDowns': {'rate': 0.30864197530864196, 'ppa': 0.17690426908394183, 'totalPPA': 13.077738412683116, 'successRate': 0.34, 'explosiveness': 1.6441043300803713}, 'rushingPlays': {'rate': 0.49691358024691357, 'ppa': 0.1866773847677541, 'totalPPA': 30.055058947608412, 'successRate': 0.45962732919254656, 'explosiveness': 0.917145698001553}, 'passingPlays': {'rate': 0.48148148148148145, 'ppa': 0.08383165649155844, 'totalPPA': 13.077738412683116, 'successRate': 0.4230769230769231, 'explosiveness': 1.379624840042941}}"
2026,Vanderbilt,SEC,"{'plays': 272, 'drives': 44, 'ppa': 0.08195110538447546, 'totalPPA': 22.290700664577326, 'successRate': 0.41544117647058826, 'explosiveness': 1.1804248820976369, 'powerSuccess': 0.7727272727272727, 'stuffRate': 0.15037593984962405, 'lineYards': 3.049624060150376, 'lineYardsTotal': 406, 'secondLevelYards': 1.0225563909774436, 'secondLevelYardsTotal': 136, 'openFieldYards': 0.5338345864661654, 'openFieldYardsTotal': 71, 'totalOpportunies': 25, 'pointsPerOpportunity': 3.12, 'fieldPosition': {'averageStart': 69.8, 'averagePredictedPoints': 1.423}, 'havoc': {'total': 0.129, 'frontSeven': 0.085, 'db': 0.044}, 'standardDowns': {'rate': 0.7058823529411765, 'ppa': 0.061010600419065794, 'successRate': 0.4791666666666667, 'explosiveness': 0.9635772333812724}, 'passingDowns': {'rate': 0.29411764705882354, 'ppa': 0.13220831730145868, 'successRate': 0.2625, 'explosiveness': 2.1304241050455195}, 'rushingPlays': {'rate': 0.4889705882352941, 'ppa': 0.16097720291912213, 'totalPPA': 21.409967988243242, 'successRate': 0.42105263157894735, 'explosiveness': 1.0578666617846944}, 'passingPlays': {'rate': 0.46691176470588236, 'ppa': 0.20165844921254547, 'totalPPA': 25.610623049993276, 'successRate': 0.44881889763779526, 'explosiveness': 1.3008329581945628}}","{'plays': 254, 'drives': 46, 'ppa': -0.03888108031721505, 'totalPPA': -9.875794400572623, 'successRate': 0.35039370078740156, 'explosiveness': 1.335704318735286, 'powerSuccess': 0.7894736842105263, 'stuffRate': 0.2, 'lineYards': 2.5391666666666666, 'lineYardsTotal': 305, 'secondLevelYards': 1.0333333333333332, 'secondLevelYardsTotal': 124, 'openFieldYards': 1.2083333333333333, 'openFieldYardsTotal': 0, 'totalOpportunies': 21, 'pointsPerOpportunity': 2.9047619047619047, 'fieldPosition': {'averageStart': 75.1, 'averagePredictedPoints': -1.013}, 'havoc': {'total': 0.185, 'frontSeven': 0.11, 'db': 0.075}, 'standardDowns': {'rate': 0.5984251968503937, 'ppa': -0.07348081298814511, 'successRate': 0.42105263157894735, 'explosiveness': 1.0483352201734664}, 'passingDowns': {'rate': 0.4015748031496063, 'ppa': 0.012679305623778767, 'totalPPA': 1.4619581464555365, 'successRate': 0.24509803921568626, 'explosiveness': 2.071369211053544}, 'rushingPlays': {'rate': 0.47244094488188976, 'ppa': -0.019157530163980134, 'totalPPA': -2.298903619677616, 'successRate': 0.38333333333333336, 'explosiveness': 1.0221543519446377}, 'passingPlays': {'rate': 0.5039370078740157, 'ppa': 0.011421548019183879, 'totalPPA': 1.4619581464555365, 'successRate': 0.3359375, 'explosiveness': 1.6711298646043515}}"
2026,Virginia,ACC,"{'plays': 294, 'drives': 48, 'ppa': 0.28396130259418323, 'totalPPA': 83.48462296268987, 'successRate': 0.47619047619047616, 'explosiveness': 1.2153800243675332, 'powerSuccess': 0.8695652173913043, 'stuffRate': 0.13333333333333333, 'lineYards': 3.37030303030303, 'lineYardsTotal': 556, 'secondLevelYards': 1.1272727272727272, 'secondLevelYardsTotal': 186, 'openFieldYards': 0.9636363636363636, 'openFieldYardsTotal': 159, 'totalOpportunies': 29, 'pointsPerOpportunity': 4.655172413793103, 'fieldPosition': {'averageStart': 67.4, 'averagePredictedPoints': 1.588}, 'havoc': {'total': 0.105, 'frontSeven': 0.078, 'db': 0.027}, 'standardDowns': {'rate': 0.7482993197278912, 'ppa': 0.24687621638867532, 'successRate': 0.55, 'explosiveness': 1.015568396563006}, 'passingDowns': {'rate': 0.25170068027210885, 'ppa': 0.3942142615835311, 'successRate': 0.25675675675675674, 'explosiveness': 2.4878646014384707}, 'rushingPlays': {'rate': 0.5612244897959183, 'ppa': 0.15012722994060723, 'totalPPA': 24.77099294020019, 'successRate': 0.4666666666666667, 'explosiveness': 0.9083375055313314}, 'passingPlays': {'rate': 0.40476190476190477, 'ppa': 0.53552482229358, 'totalPPA': 63.72745385293602, 'successRate': 0.5210084033613446, 'explosiveness': 1.583638958136138}}","{'plays': 243, 'drives': 49, 'ppa': -0.14383099968310054, 'totalPPA': -34.95093292299343, 'successRate': 0.3333333333333333, 'explosiveness': 0.9549871317399171, 'powerSuccess': 0.6923076923076923, 'stuffRate': 0.1875, 'lineYards': 2.890625, 'lineYardsTotal': 370, 'secondLevelYards': 0.8125, 'secondLevelYardsTotal': 104, 'openFieldYards': 0.5, 'openFieldYardsTotal': 0, 'totalOpportunies': 14, 'pointsPerOpportunity': 3.142857142857143, 'fieldPosition': {'averageStart': 73.2, 'averagePredictedPoints': -1.146}, 'havoc': {'total': 0.198, 'frontSeven': 0.099, 'db': 0.099}, 'standardDowns': {'rate': 0.6296296296296297, 'ppa': -0.2316705049355187, 'successRate': 0.39869281045751637, 'explosiveness': 0.6401608557494979}, 'passingDowns': {'rate': 0.37037037037037035, 'ppa': 0.005496159246010314, 'totalPPA': -15.851852478000064, 'successRate': 0.2222222222222222, 'explosiveness': 1.915207273510696}, 'rushingPlays': {'rate': 0.5267489711934157, 'ppa': -0.043391446628528146, 'totalPPA': -5.554105168451603, 'successRate': 0.375, 'explosiveness': 0.6513655461098082}, 'passingPlays': {'rate': 0.448559670781893, 'ppa': -0.145429839247707, 'totalPPA': -15.851852478000064, 'successRate': 0.30275229357798167, 'explosiveness': 1.3966185290200757}}"
2026,Virginia Tech,ACC,"{'plays': 316, 'drives': 47, 'ppa': 0.2411869079751236, 'totalPPA': 76.21506292013906, 'successRate': 0.48417721518987344, 'explosiveness': 1.2049350305991204, 'powerSuccess': 0.75, 'stuffRate': 0.2, 'lineYards': 2.9941935483870967, 'lineYardsTotal': 464, 'secondLevelYards': 1.103225806451613, 'secondLevelYardsTotal': 171, 'openFieldYards': 1.2129032258064516, 'openFieldYardsTotal': 188, 'totalOpportunies': 30, 'pointsPerOpportunity': 4.566666666666666, 'fieldPosition': {'averageStart': 66.4, 'averagePredictedPoints': 1.59}, 'havoc': {'total': 0.111, 'frontSeven': 0.089, 'db': 0.022}, 'standardDowns': {'rate': 0.740506329113924, 'ppa': 0.10889935171395305, 'successRate': 0.5042735042735043, 'explosiveness': 0.9443828397067715}, 'passingDowns': {'rate': 0.25949367088607594, 'ppa': 0.6186904221838297, 'successRate': 0.4268292682926829, 'explosiveness': 2.0833681313218966}, 'rushingPlays': {'rate': 0.49050632911392406, 'ppa': 0.14859570950273127, 'totalPPA': 23.032334972923348, 'successRate': 0.5032258064516129, 'explosiveness': 0.9713223451458162}, 'passingPlays': {'rate': 0.49050632911392406, 'ppa': 0.35665474966117816, 'totalPPA': 55.281486197482614, 'successRate': 0.47096774193548385, 'explosiveness': 1.4746171611711216}}","{'plays': 236, 'drives': 49, 'ppa': -0.030063862611655803, 'totalPPA': -7.09507157635077, 'successRate': 0.3305084745762712, 'explosiveness': 1.3088079116373943, 'powerSuccess': 0.5714285714285714, 'stuffRate': 0.40336134453781514, 'lineYards': 0.9857142857142858, 'lineYardsTotal': 117, 'secondLevelYards': 0.8487394957983193, 'secondLevelYardsTotal': 101, 'openFieldYards': 1.3109243697478992, 'openFieldYardsTotal': 0, 'totalOpportunies': 23, 'pointsPerOpportunity': 2.5217391304347827, 'fieldPosition': {'averageStart': 72.1, 'averagePredictedPoints': -1.207}, 'havoc': {'total': 0.267, 'frontSeven': 0.22, 'db': 0.047}, 'standardDowns': {'rate': 0.6059322033898306, 'ppa': 0.05644693835061812, 'successRate': 0.4125874125874126, 'explosiveness': 1.1832696492805719}, 'passingDowns': {'rate': 0.3940677966101695, 'ppa': -0.16308584688698022, 'totalPPA': 15.59415395178544, 'successRate': 0.20430107526881722, 'explosiveness': 1.6986372526401583}, 'rushingPlays': {'rate': 0.5042372881355932, 'ppa': -0.14713429513683282, 'totalPPA': -17.508981121283107, 'successRate': 0.2689075630252101, 'explosiveness': 1.306190993429693}, 'passingPlays': {'rate': 0.4661016949152542, 'ppa': 0.1417650359253222, 'totalPPA': 15.59415395178544, 'successRate': 0.39090909090909093, 'explosiveness': 1.34004205775243}}"
2026,Wake Forest,ACC,"{'plays': 263, 'drives': 43, 'ppa': 0.2795290723573947, 'totalPPA': 73.5161460299948, 'successRate': 0.4524714828897338, 'explosiveness': 1.3054103408047755, 'powerSuccess': 0.55, 'stuffRate': 0.14634146341463414, 'lineYards': 3.138211382113821, 'lineYardsTotal': 386, 'secondLevelYards': 1.113821138211382, 'secondLevelYardsTotal': 137, 'openFieldYards': 1.1869918699186992, 'openFieldYardsTotal': 146, 'totalOpportunies': 26, 'pointsPerOpportunity': 3.730769230769231, 'fieldPosition': {'averageStart': 72, 'averagePredictedPoints': 1.249}, 'havoc': {'total': 0.125, 'frontSeven': 0.087, 'db': 0.038}, 'standardDowns': {'rate': 0.6844106463878327, 'ppa': 0.1710323109280044, 'successRate': 0.48333333333333334, 'explosiveness': 1.0195792534288124}, 'passingDowns': {'rate': 0.3155893536121673, 'ppa': 0.5148232537705303, 'successRate': 0.3855421686746988, 'explosiveness': 2.0825136096081747}, 'rushingPlays': {'rate': 0.467680608365019, 'ppa': 0.13863415570798165, 'totalPPA': 17.052001152081743, 'successRate': 0.4634146341463415, 'explosiveness': 0.8513476911024775}, 'passingPlays': {'rate': 0.5095057034220533, 'ppa': 0.39966281784547625, 'totalPPA': 53.55481759129382, 'successRate': 0.43283582089552236, 'explosiveness': 1.7516803723355794}}","{'plays': 297, 'drives': 45, 'ppa': 0.15994410607968132, 'totalPPA': 47.50339950566535, 'successRate': 0.468013468013468, 'explosiveness': 1.053755124854973, 'powerSuccess': 0.7, 'stuffRate': 0.21323529411764705, 'lineYards': 2.865441176470588, 'lineYardsTotal': 390, 'secondLevelYards': 0.875, 'secondLevelYardsTotal': 119, 'openFieldYards': 0.6985294117647058, 'openFieldYardsTotal': 0, 'totalOpportunies': 26, 'pointsPerOpportunity': 3.3846153846153846, 'fieldPosition': {'averageStart': 74.5, 'averagePredictedPoints': -1.077}, 'havoc': {'total': 0.128, 'frontSeven': 0.094, 'db': 0.034}, 'standardDowns': {'rate': 0.7373737373737373, 'ppa': 0.10923972330502177, 'successRate': 0.5114155251141552, 'explosiveness': 0.9649730893510309}, 'passingDowns': {'rate': 0.26262626262626265, 'ppa': 0.3023064115623793, 'totalPPA': 38.7574609025455, 'successRate': 0.34615384615384615, 'explosiveness': 1.422036161019474}, 'rushingPlays': {'rate': 0.45791245791245794, 'ppa': 0.04910919797229993, 'totalPPA': 6.6788509242327905, 'successRate': 0.4117647058823529, 'explosiveness': 0.8713716462476748}, 'passingPlays': {'rate': 0.5185185185185185, 'ppa': 0.25167182404250327, 'totalPPA': 38.7574609025455, 'successRate': 0.5194805194805194, 'explosiveness': 1.0981823497529646}}"
2026,Washington,Big Ten,"{'plays': 258, 'drives': 48, 'ppa': 0.15112737958888006, 'totalPPA': 38.99086393393105, 'successRate': 0.44573643410852715, 'explosiveness': 1.2071784289896446, 'powerSuccess': 0.6153846153846154, 'stuffRate': 0.22115384615384615, 'lineYards': 2.8153846153846156, 'lineYardsTotal': 293, 'secondLevelYards': 0.8461538461538461, 'secondLevelYardsTotal': 88, 'openFieldYards': 1.1346153846153846, 'openFieldYardsTotal': 118, 'totalOpportunies': 29, 'pointsPerOpportunity': 3.8620689655172415, 'fieldPosition': {'averageStart': 70.4, 'averagePredictedPoints': 1.465}, 'havoc': {'total': 0.132, 'frontSeven': 0.085, 'db': 0.047}, 'standardDowns': {'rate': 0.7558139534883721, 'ppa': 0.09349873057537401, 'successRate': 0.49230769230769234, 'explosiveness': 1.0513397100389181}, 'passingDowns': {'rate': 0.2441860465116279, 'ppa': 0.32950176939258924, 'successRate': 0.30158730158730157, 'explosiveness': 1.9945740615827883}, 'rushingPlays': {'rate': 0.40310077519379844, 'ppa': 0.054551255503729114, 'totalPPA': 5.673330572387828, 'successRate': 0.3942307692307692, 'explosiveness': 0.8921849302766699}, 'passingPlays': {'rate': 0.5697674418604651, 'ppa': 0.2723842534544407, 'totalPPA': 40.040485257802786, 'successRate': 0.47619047619047616, 'explosiveness': 1.3907127197895883}}","{'plays': 256, 'drives': 48, 'ppa': -0.14844971464098436, 'totalPPA': -38.003126948091996, 'successRate': 0.34375, 'explosiveness': 1.1611078296141866, 'powerSuccess': 0.3333333333333333, 'stuffRate': 0.3053435114503817, 'lineYards': 2.3229007633587786, 'lineYardsTotal': 304, 'secondLevelYards': 0.916030534351145, 'secondLevelYardsTotal': 120, 'openFieldYards': 0.8854961832061069, 'openFieldYardsTotal': 0, 'totalOpportunies': 23, 'pointsPerOpportunity': 2.608695652173913, 'fieldPosition': {'averageStart': 71, 'averagePredictedPoints': -1.312}, 'havoc': {'total': 0.203, 'frontSeven': 0.121, 'db': 0.082}, 'standardDowns': {'rate': 0.65625, 'ppa': -0.16734651151478938, 'successRate': 0.38095238095238093, 'explosiveness': 1.0269946861708297}, 'passingDowns': {'rate': 0.34375, 'ppa': -0.11237401151826565, 'totalPPA': -0.39828760887325076, 'successRate': 0.2727272727272727, 'explosiveness': 1.518742878796471}, 'rushingPlays': {'rate': 0.51171875, 'ppa': -0.20764849697839316, 'totalPPA': -27.201953104169505, 'successRate': 0.32061068702290074, 'explosiveness': 0.740901404578086}, 'passingPlays': {'rate': 0.45703125, 'ppa': -0.0034041675972072715, 'totalPPA': -0.39828760887325076, 'successRate': 0.38461538461538464, 'explosiveness': 1.554400851226904}}"
2026,Washington State,Pac-12,"{'plays': 244, 'drives': 45, 'ppa': -0.0366358358008768, 'totalPPA': -8.93914393541394, 'successRate': 0.36475409836065575, 'explosiveness': 1.2647698442901227, 'powerSuccess': 0.6, 'stuffRate': 0.23387096774193547, 'lineYards': 2.7588709677419354, 'lineYardsTotal': 342, 'secondLevelYards': 1.314516129032258, 'secondLevelYardsTotal': 163, 'openFieldYards': 1.5483870967741935, 'openFieldYardsTotal': 192, 'totalOpportunies': 17, 'pointsPerOpportunity': 3.235294117647059, 'fieldPosition': {'averageStart': 73.8, 'averagePredictedPoints': 1.103}, 'havoc': {'total': 0.205, 'frontSeven': 0.127, 'db': 0.078}, 'standardDowns': {'rate': 0.6557377049180327, 'ppa': -0.07994249550286595, 'successRate': 0.43125, 'explosiveness': 1.0445634061967604}, 'passingDowns': {'rate': 0.3442622950819672, 'ppa': 0.04585303982195968, 'successRate': 0.23809523809523808, 'explosiveness': 2.024482055712223}, 'rushingPlays': {'rate': 0.5081967213114754, 'ppa': 0.007997978122124227, 'totalPPA': 0.9917492871434042, 'successRate': 0.3548387096774194, 'explosiveness': 1.1997507838669283}, 'passingPlays': {'rate': 0.4713114754098361, 'ppa': -0.045332471587297536, 'totalPPA': -5.213234232539217, 'successRate': 0.3826086956521739, 'explosiveness': 1.3332702259799538}}","{'plays': 269, 'drives': 50, 'ppa': 0.023039307388030034, 'totalPPA': 6.197573687380079, 'successRate': 0.4052044609665427, 'explosiveness': 1.251520290806126, 'powerSuccess': 0.7857142857142857, 'stuffRate': 0.1791044776119403, 'lineYards': 2.955223880597015, 'lineYardsTotal': 396, 'secondLevelYards': 1.1417910447761195, 'secondLevelYardsTotal': 153, 'openFieldYards': 1.5447761194029852, 'openFieldYardsTotal': 0, 'totalOpportunies': 28, 'pointsPerOpportunity': 3.0357142857142856, 'fieldPosition': {'averageStart': 71.3, 'averagePredictedPoints': -1.29}, 'havoc': {'total': 0.126, 'frontSeven': 0.074, 'db': 0.052}, 'standardDowns': {'rate': 0.6728624535315985, 'ppa': -0.06648725317854126, 'successRate': 0.46408839779005523, 'explosiveness': 0.8808955642794528}, 'passingDowns': {'rate': 0.3271375464684015, 'ppa': 0.20717916491700053, 'totalPPA': 10.965215256707674, 'successRate': 0.2840909090909091, 'explosiveness': 2.4968193719357483}, 'rushingPlays': {'rate': 0.49814126394052044, 'ppa': 0.10467817584822438, 'totalPPA': 14.026875563662067, 'successRate': 0.43283582089552236, 'explosiveness': 0.9737012302566068}, 'passingPlays': {'rate': 0.4721189591078067, 'ppa': 0.08634027761187145, 'totalPPA': 10.965215256707674, 'successRate': 0.3858267716535433, 'explosiveness': 1.6239715554145557}}"
2026,Western Kentucky,Conference USA,"{'plays': 285, 'drives': 51, 'ppa': 0.00585483574608957, 'totalPPA': 1.6686281876355276, 'successRate': 0.37543859649122807, 'explosiveness': 1.261485061133344, 'powerSuccess': 0.7142857142857143, 'stuffRate': 0.2391304347826087, 'lineYards': 2.694927536231884, 'lineYardsTotal': 372, 'secondLevelYards': 0.9927536231884058, 'secondLevelYardsTotal': 137, 'openFieldYards': 0.6304347826086957, 'openFieldYardsTotal': 87, 'totalOpportunies': 18, 'pointsPerOpportunity': 3.6666666666666665, 'fieldPosition': {'averageStart': 70.5, 'averagePredictedPoints': 1.317}, 'havoc': {'total': 0.154, 'frontSeven': 0.119, 'db': 0.035}, 'standardDowns': {'rate': 0.631578947368421, 'ppa': -0.06016175937611895, 'successRate': 0.43333333333333335, 'explosiveness': 1.0394462353777134}, 'passingDowns': {'rate': 0.3684210526315789, 'ppa': 0.11902614166987562, 'successRate': 0.2761904761904762, 'explosiveness': 1.8586929373036605}, 'rushingPlays': {'rate': 0.4842105263157895, 'ppa': -0.10513157200636745, 'totalPPA': -14.50815693687871, 'successRate': 0.4057971014492754, 'explosiveness': 0.7199027052682366}, 'passingPlays': {'rate': 0.4982456140350877, 'ppa': 0.12486455582042064, 'totalPPA': 17.73076692649973, 'successRate': 0.3591549295774648, 'explosiveness': 1.856163726396991}}","{'plays': 258, 'drives': 49, 'ppa': 0.303193128254945, 'totalPPA': 78.22382708977581, 'successRate': 0.44573643410852715, 'explosiveness': 1.4598047565949013, 'powerSuccess': 0.85, 'stuffRate': 0.14492753623188406, 'lineYards': 3.5043478260869567, 'lineYardsTotal': 484, 'secondLevelYards': 1.2608695652173914, 'secondLevelYardsTotal': 174, 'openFieldYards': 2.1666666666666665, 'openFieldYardsTotal': 0, 'totalOpportunies': 26, 'pointsPerOpportunity': 4.961538461538462, 'fieldPosition': {'averageStart': 72.7, 'averagePredictedPoints': -1.225}, 'havoc': {'total': 0.128, 'frontSeven': 0.074, 'db': 0.054}, 'standardDowns': {'rate': 0.7054263565891473, 'ppa': 0.3367670902407875, 'successRate': 0.4945054945054945, 'explosiveness': 1.3239144888799408}, 'passingDowns': {'rate': 0.29457364341085274, 'ppa': 0.22279232455200648, 'totalPPA': 27.0496506638306, 'successRate': 0.32894736842105265, 'explosiveness': 1.9490097203687595}, 'rushingPlays': {'rate': 0.5348837209302325, 'ppa': 0.3414159842937896, 'totalPPA': 47.11540583254296, 'successRate': 0.463768115942029, 'explosiveness': 1.2316788938219723}, 'passingPlays': {'rate': 0.43410852713178294, 'ppa': 0.24151473806991608, 'totalPPA': 27.0496506638306, 'successRate': 0.42857142857142855, 'explosiveness': 1.7265981222843998}}"
2026,Western Michigan,Mid-American,"{'plays': 245, 'drives': 43, 'ppa': 0.09324671033035058, 'totalPPA': 22.84544403093589, 'successRate': 0.4, 'explosiveness': 1.1669538657117557, 'powerSuccess': 0.7368421052631579, 'stuffRate': 0.16666666666666666, 'lineYards': 2.869565217391304, 'lineYardsTotal': 396, 'secondLevelYards': 0.9782608695652174, 'secondLevelYardsTotal': 135, 'openFieldYards': 1.0289855072463767, 'openFieldYardsTotal': 142, 'totalOpportunies': 22, 'pointsPerOpportunity': 4.363636363636363, 'fieldPosition': {'averageStart': 69.6, 'averagePredictedPoints': 1.432}, 'havoc': {'total': 0.131, 'frontSeven': 0.094, 'db': 0.037}, 'standardDowns': {'rate': 0.6530612244897959, 'ppa': -0.004983401491384888, 'successRate': 0.45, 'explosiveness': 0.898493686391114}, 'passingDowns': {'rate': 0.3469387755102041, 'ppa': 0.27815045023008794, 'successRate': 0.3058823529411765, 'explosiveness': 1.9103820545996868}, 'rushingPlays': {'rate': 0.563265306122449, 'ppa': 0.1465476471394708, 'totalPPA': 20.223575305246968, 'successRate': 0.41304347826086957, 'explosiveness': 0.9785405272916272}, 'passingPlays': {'rate': 0.40816326530612246, 'ppa': -0.006363676818669538, 'totalPPA': -0.6363676818669538, 'successRate': 0.38, 'explosiveness': 1.425742666250495}}","{'plays': 269, 'drives': 42, 'ppa': 0.09863642376200998, 'totalPPA': 26.533197991980686, 'successRate': 0.4646840148698885, 'explosiveness': 1.0252938595964052, 'powerSuccess': 0.72, 'stuffRate': 0.17218543046357615, 'lineYards': 3.0509933774834437, 'lineYardsTotal': 461, 'secondLevelYards': 0.9205298013245033, 'secondLevelYardsTotal': 139, 'openFieldYards': 0.5033112582781457, 'openFieldYardsTotal': 0, 'totalOpportunies': 20, 'pointsPerOpportunity': 3.65, 'fieldPosition': {'averageStart': 76.3, 'averagePredictedPoints': -0.963}, 'havoc': {'total': 0.108, 'frontSeven': 0.056, 'db': 0.052}, 'standardDowns': {'rate': 0.724907063197026, 'ppa': -0.05758261465794939, 'successRate': 0.47692307692307695, 'explosiveness': 0.785426537301255}, 'passingDowns': {'rate': 0.275092936802974, 'ppa': 0.5102947006794705, 'totalPPA': 19.382976037805694, 'successRate': 0.43243243243243246, 'explosiveness': 1.7224082650166854}, 'rushingPlays': {'rate': 0.5613382899628253, 'ppa': 0.021833534706690076, 'totalPPA': 3.2968637407102017, 'successRate': 0.4503311258278146, 'explosiveness': 0.7203873536525834}, 'passingPlays': {'rate': 0.4163568773234201, 'ppa': 0.17306228605183654, 'totalPPA': 19.382976037805694, 'successRate': 0.4642857142857143, 'explosiveness': 1.4401790786469493}}"
2026,West Virginia,Big 12,"{'plays': 296, 'drives': 50, 'ppa': 0.18430127129182572, 'totalPPA': 54.553176302380415, 'successRate': 0.44932432432432434, 'explosiveness': 1.2051735144261047, 'powerSuccess': 0.72, 'stuffRate': 0.13513513513513514, 'lineYards': 3.247297297297297, 'lineYardsTotal': 721, 'secondLevelYards': 1.009009009009009, 'secondLevelYardsTotal': 224, 'openFieldYards': 1.5225225225225225, 'openFieldYardsTotal': 338, 'totalOpportunies': 29, 'pointsPerOpportunity': 4.0344827586206895, 'fieldPosition': {'averageStart': 70.6, 'averagePredictedPoints': 1.388}, 'havoc': {'total': 0.111, 'frontSeven': 0.078, 'db': 0.034}, 'standardDowns': {'rate': 0.7432432432432432, 'ppa': 0.13121697112616285, 'successRate': 0.4909090909090909, 'explosiveness': 0.9682841096078633}, 'passingDowns': {'rate': 0.25675675675675674, 'ppa': 0.3379663507187446, 'successRate': 0.32894736842105265, 'explosiveness': 2.228535743240908}, 'rushingPlays': {'rate': 0.75, 'ppa': 0.1518759331794943, 'totalPPA': 33.716457165847736, 'successRate': 0.46846846846846846, 'explosiveness': 0.9364314466106873}, 'passingPlays': {'rate': 0.23648648648648649, 'ppa': 0.3070751121913507, 'totalPPA': 21.49525785339455, 'successRate': 0.4, 'explosiveness': 2.2262752952352676}}","{'plays': 280, 'drives': 49, 'ppa': 0.12407379192690146, 'totalPPA': 34.74066173953241, 'successRate': 0.44285714285714284, 'explosiveness': 1.1805781326261697, 'powerSuccess': 0.7058823529411765, 'stuffRate': 0.2028985507246377, 'lineYards': 2.9021739130434785, 'lineYardsTotal': 401, 'secondLevelYards': 1.0797101449275361, 'secondLevelYardsTotal': 149, 'openFieldYards': 1.1521739130434783, 'openFieldYardsTotal': 0, 'totalOpportunies': 26, 'pointsPerOpportunity': 3.269230769230769, 'fieldPosition': {'averageStart': 72.7, 'averagePredictedPoints': -1.196}, 'havoc': {'total': 0.154, 'frontSeven': 0.114, 'db': 0.039}, 'standardDowns': {'rate': 0.7, 'ppa': 0.10395162738490787, 'successRate': 0.5204081632653061, 'explosiveness': 1.006779441617495}, 'passingDowns': {'rate': 0.3, 'ppa': 0.17102550919155318, 'totalPPA': 44.678070969948685, 'successRate': 0.2619047619047619, 'explosiveness': 1.9863720636663893}, 'rushingPlays': {'rate': 0.4928571428571429, 'ppa': -0.024635865680850428, 'totalPPA': -3.399749463957359, 'successRate': 0.391304347826087, 'explosiveness': 0.8405430793131546}, 'passingPlays': {'rate': 0.475, 'ppa': 0.33592534563871196, 'totalPPA': 44.678070969948685, 'successRate': 0.5112781954887218, 'explosiveness': 1.4417587552058357}}"
2026,Wisconsin,Big Ten,"{'plays': 246, 'drives': 42, 'ppa': 0.14217492369684964, 'totalPPA': 34.975031229425014, 'successRate': 0.42276422764227645, 'explosiveness': 1.3906443777637447, 'powerSuccess': 0.5625, 'stuffRate': 0.15384615384615385, 'lineYards': 2.947863247863248, 'lineYardsTotal': 345, 'secondLevelYards': 0.811965811965812, 'secondLevelYardsTotal': 95, 'openFieldYards': 1.1367521367521367, 'openFieldYardsTotal': 133, 'totalOpportunies': 24, 'pointsPerOpportunity': 3.3333333333333335, 'fieldPosition': {'averageStart': 69.1, 'averagePredictedPoints': 1.452}, 'havoc': {'total': 0.163, 'frontSeven': 0.081, 'db': 0.081}, 'standardDowns': {'rate': 0.6747967479674797, 'ppa': 0.09613249465113445, 'successRate': 0.4819277108433735, 'explosiveness': 1.143916134790748}, 'passingDowns': {'rate': 0.3252032520325203, 'ppa': 0.23771296396670866, 'successRate': 0.3, 'explosiveness': 2.213071854340401}, 'rushingPlays': {'rate': 0.47560975609756095, 'ppa': 0.1832866769899448, 'totalPPA': 21.44454120782354, 'successRate': 0.36752136752136755, 'explosiveness': 1.2413790100589672}, 'passingPlays': {'rate': 0.5, 'ppa': 0.17586016468574253, 'totalPPA': 21.630800256346333, 'successRate': 0.4878048780487805, 'explosiveness': 1.5071452118353463}}","{'plays': 259, 'drives': 44, 'ppa': -0.05066005918774398, 'totalPPA': -13.12095532962569, 'successRate': 0.33976833976833976, 'explosiveness': 1.0416128697736369, 'powerSuccess': 0.7222222222222222, 'stuffRate': 0.10526315789473684, 'lineYards': 2.9278195488721805, 'lineYardsTotal': 389, 'secondLevelYards': 0.7669172932330827, 'secondLevelYardsTotal': 102, 'openFieldYards': 0.3157894736842105, 'openFieldYardsTotal': 0, 'totalOpportunies': 19, 'pointsPerOpportunity': 3.473684210526316, 'fieldPosition': {'averageStart': 74.7, 'averagePredictedPoints': -1.033}, 'havoc': {'total': 0.162, 'frontSeven': 0.077, 'db': 0.085}, 'standardDowns': {'rate': 0.667953667953668, 'ppa': 0.058678823909423125, 'successRate': 0.4277456647398844, 'explosiveness': 0.9131899297431083}, 'passingDowns': {'rate': 0.33204633204633205, 'ppa': -0.27060920774367314, 'totalPPA': -3.4306385101714185, 'successRate': 0.16279069767441862, 'explosiveness': 1.7204198385064307}, 'rushingPlays': {'rate': 0.5135135135135135, 'ppa': 0.07762076637794074, 'totalPPA': 10.32356192826612, 'successRate': 0.3383458646616541, 'explosiveness': 0.8723220722189851}, 'passingPlays': {'rate': 0.4362934362934363, 'ppa': -0.030359632833375387, 'totalPPA': -3.4306385101714185, 'successRate': 0.37168141592920356, 'explosiveness': 1.1874517042533062}}"
2026,Wyoming,Mountain West,"{'plays': 241, 'drives': 40, 'ppa': 0.1562028838199938, 'totalPPA': 37.64489500061851, 'successRate': 0.4605809128630705, 'explosiveness': 1.0884041679703076, 'powerSuccess': 1, 'stuffRate': 0.13953488372093023, 'lineYards': 3.555813953488372, 'lineYardsTotal': 459, 'secondLevelYards': 1.37984496124031, 'secondLevelYardsTotal': 178, 'openFieldYards': 0.9534883720930233, 'openFieldYardsTotal': 123, 'totalOpportunies': 24, 'pointsPerOpportunity': 2.9583333333333335, 'fieldPosition': {'averageStart': 70.1, 'averagePredictedPoints': 1.411}, 'havoc': {'total': 0.154, 'frontSeven': 0.091, 'db': 0.062}, 'standardDowns': {'rate': 0.6929460580912863, 'ppa': 0.06474171436497947, 'successRate': 0.5029940119760479, 'explosiveness': 0.890937304523684}, 'passingDowns': {'rate': 0.3070539419087137, 'ppa': 0.3626084959684721, 'successRate': 0.36486486486486486, 'explosiveness': 1.7027455209153586}, 'rushingPlays': {'rate': 0.5352697095435685, 'ppa': 0.1478924931468228, 'totalPPA': 19.07813161594014, 'successRate': 0.46511627906976744, 'explosiveness': 0.7948387019107112}, 'passingPlays': {'rate': 0.4149377593360996, 'ppa': 0.16120420154132994, 'totalPPA': 16.120420154132994, 'successRate': 0.44, 'explosiveness': 1.3303344441190015}}","{'plays': 262, 'drives': 39, 'ppa': 0.12337511169209131, 'totalPPA': 32.324279263327924, 'successRate': 0.44274809160305345, 'explosiveness': 1.0905242728591087, 'powerSuccess': 0.9230769230769231, 'stuffRate': 0.14482758620689656, 'lineYards': 3.263448275862069, 'lineYardsTotal': 473, 'secondLevelYards': 1.2275862068965517, 'secondLevelYardsTotal': 178, 'openFieldYards': 1.1379310344827587, 'openFieldYardsTotal': 0, 'totalOpportunies': 23, 'pointsPerOpportunity': 2.9565217391304346, 'fieldPosition': {'averageStart': 72.7, 'averagePredictedPoints': -1.185}, 'havoc': {'total': 0.13, 'frontSeven': 0.076, 'db': 0.053}, 'standardDowns': {'rate': 0.7213740458015268, 'ppa': 0.13995614843094167, 'successRate': 0.5026455026455027, 'explosiveness': 0.9313277170588816}, 'passingDowns': {'rate': 0.2786259541984733, 'ppa': 0.08044612616273904, 'totalPPA': 22.42633856777562, 'successRate': 0.2876712328767123, 'explosiveness': 1.8106991681458502}, 'rushingPlays': {'rate': 0.5534351145038168, 'ppa': 0.1334128765231926, 'totalPPA': 19.344867095862927, 'successRate': 0.46206896551724136, 'explosiveness': 0.8495854751231885}, 'passingPlays': {'rate': 0.4312977099236641, 'ppa': 0.19846317316615594, 'totalPPA': 22.42633856777562, 'successRate': 0.4247787610619469, 'explosiveness': 1.4472492398950703}}"
