season,week,season_type,start_date,home_team,away_team,venue,home_conference,away_conference,game_id
2026,1,regular,2026-08-27T04:00:00.000Z,Morehead State,Ohio Dominican,Jayne Stadium,Pioneer,Great Midwest Athletic,401896383
2026,1,regular,2026-08-27T22:00:00.000Z,Towson,Maine,Johnny Unitas Stadium,CAA,CAA,401866532
2026,1,regular,2026-08-27T22:00:00.000Z,Delaware State,Stony Brook,Alumni Stadium,MEAC,CAA,401866615
2026,1,regular,2026-08-27T22:00:00.000Z,Youngstown State,Mercyhurst,Stambaugh Stadium,MVFC,NEC,401867894
2026,1,regular,2026-08-27T23:00:00.000Z,Davidson,Concord University,Richardson Stadium,Pioneer,Mountain East,401896384
2026,1,regular,2026-08-27T23:00:00.000Z,West Florida,Southern Illinois,Pen-Air Field,UAC,MVFC,401874035
2026,1,regular,2026-08-27T23:00:00.000Z,Austin Peay,Gardner-Webb,Governors Stadium,UAC,Big South-OVC,401868060
2026,1,regular,2026-08-27T23:00:00.000Z,Western Illinois,Northwestern (IA),Hanson Field,Big South-OVC,,401868204
2026,1,regular,2026-08-27T23:00:00.000Z,Nicholls,Mississippi Valley State,Manning Field at John L. Guidry Stadium,Southland,SWAC,401868962
2026,1,regular,2026-08-27T23:00:00.000Z,Presbyterian,UVA Wise,Bailey Memorial Stadium,Pioneer,South Atlantic,401868273
2026,1,regular,2026-08-27T23:00:00.000Z,St. Thomas (MN),Winona State,O'Shaughnessy Stadium,Pioneer,Northern Sun,401868279
2026,1,regular,2026-08-27T23:00:00.000Z,Lindenwood,Charleston Southern,Hunter Stadium,Big South-OVC,Big South-OVC,401868169
2026,1,regular,2026-08-27T23:00:00.000Z,West Georgia,Chattanooga,University Stadium (GA),UAC,Southern,401868240
2026,1,regular,2026-08-27T23:00:00.000Z,Elon,Glenville State,Rhodes Stadium,CAA,Mountain East,401866614
2026,1,regular,2026-08-27T23:00:00.000Z,Murray State,Eastern Illinois,Roy Stewart Stadium,MVFC,Big South-OVC,401867865
2026,1,regular,2026-08-27T23:00:00.000Z,SE Louisiana,Houston Christian,Strawberry Stadium,Southland,Southland,401868315
2026,1,regular,2026-08-27T23:30:00.000Z,Drake,South Dakota Mines,Drake Stadium,Pioneer,Rocky Mountain,401868254
2026,1,regular,2026-08-27T23:30:00.000Z,UT Martin,Central Arkansas,Graham Stadium,Big South-OVC,UAC,401868070
2026,1,regular,2026-08-28T00:00:00.000Z,Northwestern State,Louisiana College,Harry Turpin Stadium,Southland,,401869128
2026,1,regular,2026-08-28T00:00:00.000Z,North Dakota,Long Island University,Alerus Center,MVFC,NEC,401867874
2026,1,regular,2026-08-28T04:00:00.000Z,Merrimack,Rhode Island,Duane Stadium,FCS Independents,CAA,401866617
2026,1,regular,2026-08-28T22:00:00.000Z,New Haven,Marist,Ralph F. DellaCamera Stadium,NEC,Pioneer,401868261
2026,1,regular,2026-08-28T22:00:00.000Z,Villanova,William & Mary,Villanova Stadium,Patriot,Patriot,401868040
2026,1,regular,2026-08-28T23:00:00.000Z,UAlbany,New Hampshire,Bob Ford Field,CAA,CAA,401866616
2026,1,regular,2026-08-29T02:00:00.000Z,Cal Poly,Idaho,Alex G. Spanos Stadium,Big Sky,Big Sky,401868073
2026,1,regular,2026-08-29T04:00:00.000Z,Wagner,Robert Morris,Wagner College Stadium,NEC,NEC,401867916
2026,1,regular,2026-08-29T04:00:00.000Z,Chicago State,Roosevelt,SeatGeek Stadium,FCS Independents,GLIAC,401869156
2026,1,regular,2026-08-29T04:00:00.000Z,Lamar,Abilene Christian,Provost Umphrey Stadium,Southland,UAC,401868049
2026,1,regular,2026-08-29T16:00:00.000Z,Dayton,Fairmont State,Welcome Stadium,Pioneer,Mountain East,401868792
2026,1,regular,2026-08-29T16:00:00.000Z,TCU,North Carolina,Aviva Stadium,Big 12,ACC,401856766
2026,1,regular,2026-08-29T17:00:00.000Z,Valparaiso,Lawrence Tech,Brown Field,Pioneer,,401868288
2026,1,regular,2026-08-29T17:00:00.000Z,Butler,Georgetown College Kentucky,Butler Bowl,Pioneer,,401868209
2026,1,regular,2026-08-29T18:00:00.000Z,South Dakota,Central Connecticut,DakotaDome,MVFC,NEC,401867882
2026,1,regular,2026-08-29T19:00:00.000Z,USC,San José State,Los Angeles Memorial Coliseum,Big Ten,Mountain West,401864494
2026,1,regular,2026-08-29T19:00:00.000Z,Alabama State,Southern,Legion Field,SWAC,SWAC,401868324
2026,1,regular,2026-08-29T19:00:00.000Z,Portland State,UC Davis,Hillsboro Stadium,Big Sky,Big Sky,401868154
2026,1,regular,2026-08-29T19:30:00.000Z,Holy Cross,Lehigh,Fitton Field,Patriot,Patriot,401868022
2026,1,regular,2026-08-29T19:30:00.000Z,Virginia,NC State,Scott Stadium,ACC,ACC,401858202
2026,1,regular,2026-08-29T21:00:00.000Z,Northern Arizona,Eastern Washington,Walkup Skydome,Big Sky,Big Sky,401868084
2026,1,regular,2026-08-29T21:30:00.000Z,North Dakota State,Jacksonville State,Fargodome,Mountain West,Conference USA,401864577
2026,1,regular,2026-08-29T21:30:00.000Z,East Tennessee State,Campbell,William B. Greene Jr. Stadium,Southern,CAA,401866620
2026,1,regular,2026-08-29T22:00:00.000Z,Hampton,Virginia University Of Lynchburg,Armstrong Stadium,CAA,,401866613
2026,1,regular,2026-08-29T22:00:00.000Z,Idaho State,VMI,Holt Arena,Big Sky,Southern,401868101
2026,1,regular,2026-08-29T22:00:00.000Z,Wofford,The Citadel,Gibbs Stadium,Southern,Southern,401868394
2026,1,regular,2026-08-29T22:00:00.000Z,Richmond,Bucknell,E. Claiborne Robins Stadium,Patriot,Patriot,401867988
2026,1,regular,2026-08-29T22:00:00.000Z,Fordham,Colgate,Jack Coffey Field,Patriot,Patriot,401868007
2026,1,regular,2026-08-29T22:00:00.000Z,Indiana State,Southeast Missouri State,Memorial Stadium,MVFC,Big South-OVC,401867855
2026,1,regular,2026-08-29T22:00:00.000Z,Norfolk State,Winston-Salem,"William Dick"""" Price Stadium""""",MEAC,CIAA,401867972
2026,1,regular,2026-08-29T22:00:00.000Z,North Carolina A&T,Morgan State,Aggie Stadium,CAA,MEAC,401866618
2026,1,regular,2026-08-29T22:00:00.000Z,South Carolina State,Savannah St,Oliver C. Dawson Stadium,MEAC,SIAC,401867982
2026,1,regular,2026-08-29T22:00:00.000Z,Stonehill,Bryant,W.B. Mason Stadium,NEC,CAA,401866619
2026,1,regular,2026-08-29T22:30:00.000Z,Eastern Michigan,Sacramento State,Rynearson Stadium,Mid-American,Mid-American,401866408
2026,1,regular,2026-08-29T23:00:00.000Z,Furman,Anderson (Sc),Paladin Stadium,Southern,South Atlantic,401868373
2026,1,regular,2026-08-29T23:00:00.000Z,Mercer,East Texas A&M,Five Star Stadium at the Moye Complex,Southern,Southland,401874042
2026,1,regular,2026-08-29T23:00:00.000Z,Alcorn State,Miles College,Jack Spinks Stadium,SWAC,SIAC,401896385
2026,1,regular,2026-08-29T23:00:00.000Z,Illinois State,St Francis Illinois,Hancock Stadium,MVFC,,401891332
2026,1,regular,2026-08-29T23:00:00.000Z,Arkansas-Pine Bluff,Morehouse College,War Memorial Stadium (AR),SWAC,SIAC,401868934
2026,1,regular,2026-08-29T23:00:00.000Z,Florida State,New Mexico State,Doak Campbell Stadium,ACC,Conference USA,401864570
2026,1,regular,2026-08-29T23:00:00.000Z,Stanford,Hawai'i,Stanford Stadium,ACC,Mountain West,401858201
2026,1,regular,2026-08-29T23:00:00.000Z,Grambling,Clark Atlanta,Eddie Robinson Stadium,SWAC,SIAC,401868952
2026,1,regular,2026-08-29T23:00:00.000Z,McNeese,Stephen F. Austin,Cowboy Stadium,Southland,Southland,401868305
2026,1,regular,2026-08-29T23:00:00.000Z,Western Carolina,Eastern Kentucky,E. J. Whitmire Stadium,Southern,UAC,401868139
2026,1,regular,2026-08-29T23:00:00.000Z,Florida A&M,Albany State GA,Bragg Memorial Stadium,SWAC,SIAC,401868948
2026,1,regular,2026-08-29T23:00:00.000Z,Texas Southern,North Carolina Central,BBVA Compass Stadium,SWAC,MEAC,401867977
2026,1,regular,2026-08-29T23:00:00.000Z,South Dakota State,Stetson,Dana J. Dykhouse Stadium,MVFC,Pioneer,401872615
2026,1,regular,2026-08-29T23:00:00.000Z,Georgetown,Lafayette,Cooper Field,Patriot,Patriot,401868016
2026,1,regular,2026-08-29T23:00:00.000Z,North Alabama,Samford,Joe Davis Stadium,UAC,Southern,401868149
2026,1,regular,2026-08-29T23:00:00.000Z,Tennessee Tech,Monmouth,Tucker Stadium,Southern,CAA,401866621
2026,1,regular,2026-08-29T23:30:00.000Z,Howard,Alabama A&M,Center Parc Stadium,MEAC,SWAC,401867935
2026,1,regular,2026-08-30T00:00:00.000Z,UT Rio Grande Valley,UT Permian Basin,Robert and Janet Vackar Stadium,Southland,Lone Star,401868245
2026,1,regular,2026-08-30T00:30:00.000Z,Tennessee State,Jackson State,Nissan Stadium,Big South-OVC,SWAC,401868194
2026,1,regular,2026-08-30T01:00:00.000Z,Montana,Southern Utah,Washington-Grizzly Stadium,Big Sky,Big Sky,401868110
2026,1,regular,2026-08-30T01:00:00.000Z,Northern Colorado,Weber State,Nottingham Field,Big Sky,Big Sky,401868129
2026,1,regular,2026-08-30T01:00:00.000Z,Tarleton State,Prairie View A&M,"Memorial Stadium (Stephenville, TX)",UAC,SWAC,401868235
2026,1,regular,2026-08-30T02:00:00.000Z,UNLV,Memphis,Allegiant Stadium,Mountain West,American Athletic,401862693
2026,1,regular,2026-08-30T02:00:00.000Z,Utah Tech,Montana State,Greater Zion Stadium,Big Sky,Big Sky,401868118
2026,1,regular,2026-09-03T04:00:00.000Z,Samford,Southern Illinois,Seibert Stadium,Southern,MVFC,401867889
2026,1,regular,2026-09-03T04:00:00.000Z,Morehead State,Kentucky Christian,Jayne Stadium,Pioneer,,401868269
2026,1,regular,2026-09-03T22:00:00.000Z,Rutgers,Massachusetts,SHI Stadium,Big Ten,Mid-American,401858423
2026,1,regular,2026-09-03T23:00:00.000Z,Buffalo,UAlbany,UB Stadium,Mid-American,CAA,401866409
2026,1,regular,2026-09-03T23:00:00.000Z,Stony Brook,Lindenwood,Kenneth P. LaValle Stadium,CAA,Big South-OVC,401866622
2026,1,regular,2026-09-03T23:00:00.000Z,Beloit,Rockford,Strong Stadium,Midwest,NACC,401873393
2026,1,regular,2026-09-03T23:00:00.000Z,Wake Forest,Akron,Allegacy Federal Credit Union Stadium,ACC,Mid-American,401858204
2026,1,regular,2026-09-03T23:00:00.000Z,Delaware,Merrimack,Delaware Stadium,Conference USA,FCS Independents,401864424
2026,1,regular,2026-09-03T23:00:00.000Z,UCF,Bethune-Cookman,FBC Mortgage Stadium,Big 12,SWAC,401856767
2026,1,regular,2026-09-03T23:00:00.000Z,Kennesaw State,West Georgia,Fifth Third Stadium,Conference USA,UAC,401864425
2026,1,regular,2026-09-04T00:00:00.000Z,Missouri,Arkansas-Pine Bluff,Memorial Stadium,SEC,SWAC,401856663
2026,1,regular,2026-09-04T00:00:00.000Z,Georgia Tech,Colorado,Bobby Dodd Stadium,ACC,Big 12,401856776
2026,1,regular,2026-09-04T00:00:00.000Z,Minnesota,Eastern Illinois,Huntington Bank Stadium,Big Ten,Big South-OVC,401858422
2026,1,regular,2026-09-04T01:00:00.000Z,Illinois,UAB,"Memorial Stadium (Champaign, IL)",Big Ten,American Athletic,401858424
2026,1,regular,2026-09-04T01:00:00.000Z,Utah,Idaho,Rice-Eccles Stadium,Big 12,Big Sky,401856768
2026,1,regular,2026-09-04T22:30:00.000Z,Eastern Michigan,San José State,Rynearson Stadium,Mid-American,Mountain West,401864495
2026,1,regular,2026-09-04T23:00:00.000Z,Marist,Franklin Pierce,Leonidoff Field,Pioneer,Northeast 10,401868262
2026,1,regular,2026-09-04T23:00:00.000Z,Georgia State,North Carolina A&T,Center Parc Stadium,Sun Belt,CAA,401866623
2026,1,regular,2026-09-04T23:00:00.000Z,Purdue,Indiana State,Ross-Ade Stadium,Big Ten,MVFC,401858435
2026,1,regular,2026-09-05T00:00:00.000Z,Oklahoma,UTEP,"Memorial Stadium (Norman, OK)",SEC,Mountain West,401856664
2026,1,regular,2026-09-05T00:00:00.000Z,Michigan State,Toledo,Spartan Stadium,Big Ten,Mid-American,401858429
2026,1,regular,2026-09-05T00:00:00.000Z,Kansas,Long Island University,Memorial Stadium,Big 12,NEC,401856769
2026,1,regular,2026-09-05T01:00:00.000Z,USC,Fresno State,Los Angeles Memorial Coliseum,Big Ten,Pac-12,401858436
2026,1,regular,2026-09-05T01:00:00.000Z,Stanford,Miami,Stanford Stadium,ACC,ACC,401858206
2026,1,regular,2026-09-05T04:00:00.000Z,Howard,Richmond,William H. Greene Stadium,MEAC,Patriot,401869127
2026,1,regular,2026-09-05T04:00:00.000Z,New Haven,Stonehill,Ralph F. DellaCamera Stadium,NEC,NEC,401867924
2026,1,regular,2026-09-05T04:00:00.000Z,Wagner,Southern Connecticut State,Wagner College Stadium,NEC,Northeast 10,401867928
2026,1,regular,2026-09-05T15:00:00.000Z,Stetson,Webber International,Spec Martin Municipal Stadium,Pioneer,,401868284
2026,1,regular,2026-09-05T16:00:00.000Z,West Virginia,Coastal Carolina,Milan Puskar Stadium,Big 12,Sun Belt,401856780
2026,1,regular,2026-09-05T16:00:00.000Z,Army,Bryant,Michie Stadium,American Athletic,CAA,401862701
2026,1,regular,2026-09-05T16:00:00.000Z,East Tennessee State,Greeneville,William B. Greene Jr. Stadium,Southern,South Atlantic,401868345
2026,1,regular,2026-09-05T16:00:00.000Z,UConn,Lafayette,Pratt & Whitney Stadium,FBS Independents,Patriot,401861962
2026,1,regular,2026-09-05T16:00:00.000Z,Syracuse,New Hampshire,JMA Wireless Dome,ACC,CAA,401858208
2026,1,regular,2026-09-05T16:00:00.000Z,Bowling Green,Tarleton State,Doyt L. Perry Stadium,Mid-American,UAC,401866410
2026,1,regular,2026-09-05T16:00:00.000Z,Houston,Oregon State,TDECU Stadium,Big 12,Pac-12,401856778
2026,1,regular,2026-09-05T16:00:00.000Z,James Madison,Liberty,Bridgeforth Stadium,Sun Belt,Conference USA,401869960
2026,1,regular,2026-09-05T16:00:00.000Z,Pittsburgh,Miami (OH),Acrisure Stadium,ACC,Mid-American,401858207
2026,1,regular,2026-09-05T16:00:00.000Z,Alabama,East Carolina,Bryant-Denny Stadium,SEC,American Athletic,401856634
2026,1,regular,2026-09-05T16:00:00.000Z,Indiana,North Texas,"Memorial Stadium (Bloomington, IN)",Big Ten,American Athletic,401858425
2026,1,regular,2026-09-05T16:00:00.000Z,Nebraska,Ohio,"Memorial Stadium (Lincoln, NE)",Big Ten,Mid-American,401858430
2026,1,regular,2026-09-05T16:30:00.000Z,Georgetown,Lehigh,Cooper Field,Patriot,Patriot,401868017
2026,1,regular,2026-09-05T16:30:00.000Z,Ohio State,Ball State,Ohio Stadium,Big Ten,Mid-American,401858432
2026,1,regular,2026-09-05T16:45:00.000Z,South Carolina,Kent State,Williams-Brice Stadium,SEC,Mid-American,401856665
2026,1,regular,2026-09-05T17:00:00.000Z,Kean,SUNY Morrisville,Kean Alumni Stadium,New Jersey,Empire 8,401873403
2026,1,regular,2026-09-05T17:00:00.000Z,Kentucky,Youngstown State,Kroger Field,SEC,MVFC,401856659
2026,1,regular,2026-09-05T17:00:00.000Z,Air Force,Duquesne,Falcon Stadium,Mountain West,NEC,401864496
2026,1,regular,2026-09-05T17:00:00.000Z,Puget Sound,Lewis & Clark College,Baker Stadium,Northwest,Northwest,401873228
2026,1,regular,2026-09-05T17:00:00.000Z,Iowa State,Southeast Missouri State,Jack Trice Stadium,Big 12,Big South-OVC,401856779
2026,1,regular,2026-09-05T17:00:00.000Z,Colgate,Holy Cross,Andy Kerr Stadium,Patriot,Patriot,401868000
2026,1,regular,2026-09-05T17:30:00.000Z,Wofford,Gardner-Webb,Gibbs Stadium,Southern,Big South-OVC,401868186
2026,1,regular,2026-09-05T18:00:00.000Z,Monmouth,Sacred Heart,Kessler Stadium,CAA,CAA,401866624
2026,1,regular,2026-09-05T18:00:00.000Z,Temple,Rhode Island,Lincoln Financial Field,American Athletic,CAA,401862698
2026,1,regular,2026-09-05T19:00:00.000Z,Georgia,Tennessee State,Sanford Stadium,SEC,Big South-OVC,401856658
2026,1,regular,2026-09-05T19:00:00.000Z,Montana,Drake,Washington-Grizzly Stadium,Big Sky,Pioneer,401868111
2026,1,regular,2026-09-05T19:30:00.000Z,North Dakota State,Fordham,Fargodome,Mountain West,Patriot,401864499
2026,1,regular,2026-09-05T19:30:00.000Z,Navy,Towson,Navy-Marine Corps Memorial Stadium,American Athletic,CAA,401862696
2026,1,regular,2026-09-05T19:30:00.000Z,Duke,Tulane,Wallace Wade Stadium,ACC,American Athletic,401858209
2026,1,regular,2026-09-05T19:30:00.000Z,Tennessee,Furman,Neyland Stadium,SEC,Southern,401856666
2026,1,regular,2026-09-05T19:30:00.000Z,Cincinnati,Boston College,Nippert Stadium,Big 12,ACC,401856777
2026,1,regular,2026-09-05T19:30:00.000Z,Texas,Texas State,DKR-Texas Memorial Stadium,SEC,Pac-12,401856667
2026,1,regular,2026-09-05T19:30:00.000Z,Charlotte,The Citadel,Jerry Richardson Stadium,American Athletic,Southern,401862694
2026,1,regular,2026-09-05T19:30:00.000Z,Auburn,Baylor,Mercedes-Benz Stadium,SEC,Big 12,401856636
2026,1,regular,2026-09-05T19:30:00.000Z,UTSA,UT Rio Grande Valley,Alamodome,American Athletic,Southland,401862700
2026,1,regular,2026-09-05T19:30:00.000Z,App State,Maine,Kidd Brewer Stadium,Sun Belt,CAA,401866627
2026,1,regular,2026-09-05T19:30:00.000Z,Campbell,Western Carolina,Barker-Lane Stadium,CAA,Southern,401866625
2026,1,regular,2026-09-05T19:30:00.000Z,Penn State,Marshall,Beaver Stadium,Big Ten,Sun Belt,401858434
2026,1,regular,2026-09-05T19:30:00.000Z,Oregon,Boise State,Autzen Stadium,Big Ten,Pac-12,401858433
2026,1,regular,2026-09-05T19:45:00.000Z,Tulsa,Oklahoma State,Chapman Stadium,American Athletic,Big 12,401856772
2026,1,regular,2026-09-05T20:00:00.000Z,North Dakota,St. Thomas (MN),Alerus Center,MVFC,Pioneer,401867875
2026,1,regular,2026-09-05T20:15:00.000Z,Iowa,Northern Illinois,Kinnick Stadium,Big Ten,Mountain West,401858426
2026,1,regular,2026-09-05T20:15:00.000Z,Arkansas,North Alabama,Razorback Stadium,SEC,UAC,401856635
2026,1,regular,2026-09-05T21:00:00.000Z,Southern Miss,Alcorn State,M. M. Roberts Stadium,Sun Belt,SWAC,401868356
2026,1,regular,2026-09-05T22:00:00.000Z,Colorado State,Wyoming,Canvas Stadium,Pac-12,Mountain West,401860878
2026,1,regular,2026-09-05T22:00:00.000Z,Chattanooga,Tennessee Tech,Finley Stadium,Southern,Southern,401868336
2026,1,regular,2026-09-05T22:00:00.000Z,Bucknell,Villanova,Christy Mathewson-Memorial Stadium,Patriot,Patriot,401867989
2026,1,regular,2026-09-05T22:00:00.000Z,Alabama State,Lane College,Hornet Stadium,SWAC,SIAC,401868325
2026,1,regular,2026-09-05T22:00:00.000Z,William & Mary,Delaware State,Zable Stadium,Patriot,MEAC,401867692
2026,1,regular,2026-09-05T22:00:00.000Z,North Carolina Central,Elizabeth City State,O'Kelly-Riddick Stadium,MEAC,CIAA,401867978
2026,1,regular,2026-09-05T22:00:00.000Z,Robert Morris,West Virginia State,Joe Walton Stadium,NEC,Mountain East,401867917
2026,1,regular,2026-09-05T22:00:00.000Z,Mercer,Presbyterian,Five Star Stadium at the Moye Complex,Southern,Pioneer,401868274
2026,1,regular,2026-09-05T22:00:00.000Z,Davidson,Elon,Richardson Stadium,Pioneer,CAA,401866626
2026,1,regular,2026-09-05T22:00:00.000Z,Old Dominion,Norfolk State,S.B. Ballard Stadium,Sun Belt,MEAC,401867973
2026,1,regular,2026-09-05T23:00:00.000Z,South Alabama,SE Louisiana,Hancock Whitney Stadium,Sun Belt,Southland,401868316
2026,1,regular,2026-09-05T23:00:00.000Z,Jackson State,Edward Waters,Mississippi Veterans Memorial Stadium,SWAC,SIAC,401868958
2026,1,regular,2026-09-05T23:00:00.000Z,Rice,Houston Christian,Rice Stadium,American Athletic,Southland,401862697
2026,1,regular,2026-09-05T23:00:00.000Z,Grambling,Central State (OH),Eddie Robinson Stadium,SWAC,SIAC,401868953
2026,1,regular,2026-09-05T23:00:00.000Z,South Florida,Florida International,Raymond James Stadium,American Athletic,Conference USA,401862699
2026,1,regular,2026-09-05T23:00:00.000Z,Utah State,Idaho State,Maverik Stadium,Pac-12,Big Sky,401860880
2026,1,regular,2026-09-05T23:00:00.000Z,Memphis,Arkansas State,Simmons Bank Liberty Stadium,American Athletic,Sun Belt,401862695
2026,1,regular,2026-09-05T23:00:00.000Z,Eastern Washington,Northern Iowa,Roos Field,Big Sky,MVFC,401868085
2026,1,regular,2026-09-05T23:00:00.000Z,McNeese,Texas Wesleyan,Cowboy Stadium,Southland,,401869136
2026,1,regular,2026-09-05T23:00:00.000Z,Southern,Kentucky State,Ace W. Mumford Stadium,SWAC,SIAC,401868970
2026,1,regular,2026-09-05T23:00:00.000Z,Jacksonville State,Eastern Kentucky,AmFirst Stadium,Conference USA,UAC,401868140
2026,1,regular,2026-09-05T23:00:00.000Z,Vanderbilt,Austin Peay,FirstBank Stadium,SEC,UAC,401856669
2026,1,regular,2026-09-05T23:00:00.000Z,Alabama A&M,Miles College,Louis Crews Stadium,SWAC,SIAC,401868297
2026,1,regular,2026-09-05T23:00:00.000Z,Kansas State,Nicholls,Bill Snyder Family Stadium,Big 12,Southland,401856771
2026,1,regular,2026-09-05T23:00:00.000Z,Middle Tennessee,Murray State,"Johnny ""Red"" Floyd Stadium",Conference USA,MVFC,401867866
2026,1,regular,2026-09-05T23:00:00.000Z,Central Arkansas,West Florida,Estes Stadium,UAC,UAC,401868071
2026,1,regular,2026-09-05T23:00:00.000Z,Texas Tech,Abilene Christian,Jones AT&T Stadium,Big 12,UAC,401856770
2026,1,regular,2026-09-05T23:00:00.000Z,Georgia Southern,Charleston Southern,Allen E. Paulson Stadium,Sun Belt,Big South-OVC,401868170
2026,1,regular,2026-09-05T23:00:00.000Z,Western Illinois,Illinois State,Hanson Field,Big South-OVC,MVFC,401867845
2026,1,regular,2026-09-05T23:00:00.000Z,UT Martin,Chicago State,Graham Stadium,Big South-OVC,FCS Independents,401867684
2026,1,regular,2026-09-05T23:00:00.000Z,Troy,Sam Houston,Veterans Memorial Stadium (AL),Sun Belt,Conference USA,401870763
2026,1,regular,2026-09-05T23:00:00.000Z,Texas A&M,Missouri State,Kyle Field,SEC,Conference USA,401856668
2026,1,regular,2026-09-05T23:30:00.000Z,Mississippi State,UL Monroe,Davis Wade Stadium,SEC,Sun Belt,401856662
2026,1,regular,2026-09-05T23:30:00.000Z,Michigan,Western Michigan,Michigan Stadium,Big Ten,Mid-American,401858428
2026,1,regular,2026-09-05T23:30:00.000Z,LSU,Clemson,Tiger Stadium (LA),SEC,ACC,401856660
2026,1,regular,2026-09-05T23:30:00.000Z,Virginia Tech,VMI,Lane Stadium,ACC,Southern,401858211
2026,1,regular,2026-09-05T23:30:00.000Z,Louisiana Tech,Northwestern State,Joe Aillet Stadium,Sun Belt,Southland,401869129
2026,1,regular,2026-09-05T23:45:00.000Z,Florida,Florida Atlantic,Ben Hill Griffin Stadium,SEC,American Athletic,401856637
2026,1,regular,2026-09-06T00:00:00.000Z,Northern Colorado,South Dakota,Nottingham Field,Big Sky,MVFC,401867883
2026,1,regular,2026-09-06T00:00:00.000Z,Northwestern,South Dakota State,Lanny and Sharon Martin Stadium,Big Ten,MVFC,401858431
2026,1,regular,2026-09-06T00:00:00.000Z,Cal Poly,Central Washington,Alex G. Spanos Stadium,Big Sky,Lone Star,401868074
2026,1,regular,2026-09-06T00:00:00.000Z,Southern Utah,Weber State,Eccles Coliseum,Big Sky,Big Sky,401868158
2026,1,regular,2026-09-06T00:00:00.000Z,Louisiana,Lamar,Cajun Field,Sun Belt,Southland,401869142
2026,1,regular,2026-09-06T00:00:00.000Z,Maryland,Hampton,SECU Stadium,Big Ten,CAA,401858427
2026,1,regular,2026-09-06T00:00:00.000Z,BYU,Utah Tech,LaVell Edwards Stadium,Big 12,Big Sky,401856775
2026,1,regular,2026-09-06T00:00:00.000Z,Stephen F. Austin,East Texas A&M,Homer Bryce Stadium,Southland,Southland,401868306
2026,1,regular,2026-09-06T00:30:00.000Z,Montana State,Butler,Bobcat Stadium,Big Sky,Pioneer,401868119
2026,1,regular,2026-09-06T01:00:00.000Z,Arizona State,Morgan State,Mountain America Stadium,Big 12,MEAC,401856774
2026,1,regular,2026-09-06T01:00:00.000Z,New Mexico State,Mercyhurst,Aggie Memorial Stadium,Conference USA,NEC,401870790
2026,1,regular,2026-09-06T01:30:00.000Z,Arizona,Northern Arizona,Arizona Stadium,Big 12,Big Sky,401856773
2026,1,regular,2026-09-06T01:30:00.000Z,San Diego State,Portland State,Snapdragon Stadium,Pac-12,Big Sky,401860879
2026,1,regular,2026-09-06T02:00:00.000Z,San Diego,UC Davis,Torero Stadium,Pioneer,Big Sky,401868163
2026,1,regular,2026-09-06T02:00:00.000Z,New Mexico,Central Michigan,University Stadium (NM),Mountain West,Mid-American,401864498
2026,1,regular,2026-09-06T02:00:00.000Z,Sacramento State,Mississippi Valley State,Hornet Stadium,Mid-American,SWAC,401866411
2026,1,regular,2026-09-06T02:00:00.000Z,Hawai'i,UNLV,Clarence T.C. Ching Athletics Complex,Mountain West,Mountain West,401864497
2026,1,regular,2026-09-06T02:30:00.000Z,California,UCLA,California Memorial Stadium,ACC,Big Ten,401858210
2026,1,regular,2026-09-06T02:30:00.000Z,Nevada,Western Kentucky,Mackay Stadium,Mountain West,Conference USA,401864432
2026,1,regular,2026-09-06T16:00:00.000Z,Prairie View A&M,Texas Southern,Panther Stadium,SWAC,SWAC,401868967
2026,1,regular,2026-09-06T19:00:00.000Z,Florida A&M,South Carolina State,Hard Rock Stadium,SWAC,MEAC,401867939
2026,1,regular,2026-09-06T20:00:00.000Z,Washington,Washington State,Husky Stadium,Big Ten,Pac-12,401858437
2026,1,regular,2026-09-06T23:30:00.000Z,Ole Miss,Louisville,Nissan Stadium,SEC,ACC,401856661
2026,1,regular,2026-09-06T23:30:00.000Z,Notre Dame,Wisconsin,Lambeau Field,FBS Independents,Big Ten,401858438
2026,1,regular,2026-09-07T23:30:00.000Z,Florida State,SMU,Doak Campbell Stadium,ACC,ACC,401858212
2026,2,regular,2026-09-11T00:00:00.000Z,Miami,Florida A&M,Hard Rock Stadium,ACC,SWAC,401858213
2026,2,regular,2026-09-11T23:00:00.000Z,Virginia,Norfolk State,Scott Stadium,ACC,MEAC,401858220
2026,2,regular,2026-09-11T23:00:00.000Z,NC State,Richmond,Carter-Finley Stadium,ACC,Patriot,401858222
2026,2,regular,2026-09-11T23:00:00.000Z,Louisville,Villanova,L&N Federal Credit Union Stadium,ACC,Patriot,401858215
2026,2,regular,2026-09-11T23:30:00.000Z,Boston College,Rutgers,"Alumni Stadium (Chestnut Hill, MA)",ACC,Big Ten,401858214
2026,2,regular,2026-09-12T00:00:00.000Z,Kansas,Missouri,Memorial Stadium,Big 12,SEC,401856678
2026,2,regular,2026-09-12T04:00:00.000Z,Long Island University,UAlbany,Shark Stadium,NEC,CAA,401866632
2026,2,regular,2026-09-12T04:00:00.000Z,Idaho,Lamar,Kibbie Dome,Big Sky,Southland,401868093
2026,2,regular,2026-09-12T04:00:00.000Z,Auburn,Southern Miss,Jordan-Hare Stadium,SEC,Sun Belt,401856671
2026,2,regular,2026-09-12T04:00:00.000Z,Hawai'i,New Mexico State,Clarence T.C. Ching Athletics Complex,Mountain West,Conference USA,401864578
2026,2,regular,2026-09-12T04:00:00.000Z,Chicago State,Kentucky Christian,SeatGeek Stadium,FCS Independents,,401867685
2026,2,regular,2026-09-12T04:00:00.000Z,San José State,Cal Poly,CEFCU Stadium,Mountain West,Big Sky,401864504
2026,2,regular,2026-09-12T04:00:00.000Z,New Mexico,Mercyhurst,University Stadium (NM),Mountain West,NEC,401865252
2026,2,regular,2026-09-12T16:00:00.000Z,Michigan,Oklahoma,Michigan Stadium,Big Ten,SEC,401856679
2026,2,regular,2026-09-12T16:00:00.000Z,Army,South Florida,Michie Stadium,American Athletic,American Athletic,401862702
2026,2,regular,2026-09-12T16:00:00.000Z,Indiana,Howard,"Memorial Stadium (Bloomington, IN)",Big Ten,MEAC,401858439
2026,2,regular,2026-09-12T16:00:00.000Z,East Carolina,App State,Dowdy-Ficklen Stadium,American Athletic,Sun Belt,401864571
2026,2,regular,2026-09-12T16:00:00.000Z,Rhode Island,Elon,Centreville Bank Stadium,CAA,CAA,401866628
2026,2,regular,2026-09-12T16:00:00.000Z,Kent State,Wofford,Dix Stadium,Mid-American,Southern,401866416
2026,2,regular,2026-09-12T16:00:00.000Z,Oklahoma State,Oregon,Boone Pickens Stadium,Big 12,Big Ten,401856782
2026,2,regular,2026-09-12T16:00:00.000Z,Texas A&M,Arizona State,Kyle Field,SEC,Big 12,401856683
2026,2,regular,2026-09-12T16:00:00.000Z,Kansas State,Washington State,Bill Snyder Family Stadium,Big 12,Pac-12,401856781
2026,2,regular,2026-09-12T16:00:00.000Z,Davidson,Dickinson (PA),Richardson Stadium,Pioneer,Centennial,401870822
2026,2,regular,2026-09-12T16:00:00.000Z,Virginia Tech,Old Dominion,Lane Stadium,ACC,Sun Belt,401858221
2026,2,regular,2026-09-12T16:00:00.000Z,North Carolina,East Tennessee State,Kenan Stadium,ACC,Southern,401858218
2026,2,regular,2026-09-12T16:00:00.000Z,Purdue,Wake Forest,Ross-Ade Stadium,Big Ten,ACC,401858224
2026,2,regular,2026-09-12T16:00:00.000Z,Dayton,Thomas More College,Welcome Stadium,Pioneer,Great Midwest Athletic,401868227
2026,2,regular,2026-09-12T16:00:00.000Z,Temple,Penn State,Lincoln Financial Field,American Athletic,Big Ten,401858442
2026,2,regular,2026-09-12T16:30:00.000Z,Lafayette,Marist,Fisher Field,Patriot,Pioneer,401868028
2026,2,regular,2026-09-12T16:45:00.000Z,Georgia,Western Kentucky,Sanford Stadium,SEC,Conference USA,401856673
2026,2,regular,2026-09-12T17:00:00.000Z,Miami (OH),Holy Cross,Yager Stadium,Mid-American,Patriot,401866417
2026,2,regular,2026-09-12T17:00:00.000Z,Puget Sound,Lewis & Clark College,Baker Stadium,Northwest,Northwest,401873229
2026,2,regular,2026-09-12T17:00:00.000Z,West Virginia,UT Martin,Milan Puskar Stadium,Big 12,Big South-OVC,401856791
2026,2,regular,2026-09-12T17:00:00.000Z,Rockford,Elmhurst,Sam Greeley Field,NACC,CCIW,401873394
2026,2,regular,2026-09-12T17:00:00.000Z,Central Michigan,Colgate,Kelly/Shorts Stadium,Mid-American,Patriot,401866415
2026,2,regular,2026-09-12T17:00:00.000Z,Kean,SUNY Maritime,Kean Alumni Stadium,New Jersey,NEWMAC,401873404
2026,2,regular,2026-09-12T17:30:00.000Z,VMI,Bucknell,Alumni Memorial Field,Southern,Patriot,401867990
2026,2,regular,2026-09-12T18:00:00.000Z,South Dakota,Eastern Washington,DakotaDome,MVFC,Big Sky,401867884
2026,2,regular,2026-09-12T18:00:00.000Z,Northern Iowa,Drake,UNI-Dome,MVFC,Pioneer,401868255
2026,2,regular,2026-09-12T18:00:00.000Z,Lehigh,William & Mary,Goodman Stadium,Patriot,Patriot,401868033
2026,2,regular,2026-09-12T18:00:00.000Z,Youngstown State,Duquesne,Stambaugh Stadium,MVFC,NEC,401867895
2026,2,regular,2026-09-12T18:00:00.000Z,Ball State,Stony Brook,Scheumann Stadium,Mid-American,CAA,401866413
2026,2,regular,2026-09-12T18:00:00.000Z,St. Thomas (MN),Northern Michigan,O'Shaughnessy Stadium,Pioneer,GLIAC,401868280
2026,2,regular,2026-09-12T19:00:00.000Z,Montana,Utah Tech,Washington-Grizzly Stadium,Big Sky,Big Sky,401868112
2026,2,regular,2026-09-12T19:00:00.000Z,Delaware State,Bowie State,Alumni Stadium,MEAC,CIAA,401867953
2026,2,regular,2026-09-12T19:30:00.000Z,Notre Dame,Rice,Notre Dame Stadium,FBS Independents,American Athletic,401859184
2026,2,regular,2026-09-12T19:30:00.000Z,Massachusetts,Sacred Heart,Warren McGuirk Alumni Stadium,Mid-American,CAA,401866420
2026,2,regular,2026-09-12T19:30:00.000Z,Toledo,Central Connecticut,Glass Bowl,Mid-American,NEC,401866419
2026,2,regular,2026-09-12T19:30:00.000Z,Akron,Robert Morris,InfoCision Stadium,Mid-American,NEC,401866412
2026,2,regular,2026-09-12T19:30:00.000Z,Pittsburgh,UCF,Acrisure Stadium,ACC,Big 12,401856790
2026,2,regular,2026-09-12T19:30:00.000Z,UConn,Maryland,Pratt & Whitney Stadium,FBS Independents,Big Ten,401858444
2026,2,regular,2026-09-12T19:30:00.000Z,Michigan State,Eastern Michigan,Spartan Stadium,Big Ten,Mid-American,401858440
2026,2,regular,2026-09-12T19:30:00.000Z,Syracuse,California,JMA Wireless Dome,ACC,ACC,401858216
2026,2,regular,2026-09-12T19:30:00.000Z,Texas State,UTSA,Bobcat Stadium (TX),Pac-12,American Athletic,401860884
2026,2,regular,2026-09-12T19:30:00.000Z,Washington,Utah State,Husky Stadium,Big Ten,Pac-12,401858446
2026,2,regular,2026-09-12T19:30:00.000Z,UAB,UL Monroe,Protective Stadium,American Athletic,Sun Belt,401862708
2026,2,regular,2026-09-12T19:30:00.000Z,Illinois,Duke,"Memorial Stadium (Champaign, IL)",Big Ten,ACC,401858217
2026,2,regular,2026-09-12T19:30:00.000Z,Kentucky,Alabama,Kroger Field,SEC,SEC,401856674
2026,2,regular,2026-09-12T19:30:00.000Z,BYU,Arizona,LaVell Edwards Stadium,Big 12,Big 12,401856810
2026,2,regular,2026-09-12T19:30:00.000Z,James Madison,Wagner,Bridgeforth Stadium,Sun Belt,NEC,401867929
2026,2,regular,2026-09-12T19:30:00.000Z,Colorado,Weber State,Folsom Field,Big 12,Big Sky,401856785
2026,2,regular,2026-09-12T19:30:00.000Z,Minnesota,Mississippi State,Huntington Bank Stadium,Big Ten,SEC,401856677
2026,2,regular,2026-09-12T19:45:00.000Z,North Texas,UNLV,DATCU Stadium,American Athletic,Mountain West,401862705
2026,2,regular,2026-09-12T20:00:00.000Z,Bethune-Cookman,Stetson,Municipal Stadium,SWAC,Pioneer,401868285
2026,2,regular,2026-09-12T20:00:00.000Z,Wyoming,Northern Colorado,War Memorial Stadium,Mountain West,Big Sky,401864506
2026,2,regular,2026-09-12T20:00:00.000Z,SMU,UC Davis,Gerald J. Ford Stadium,ACC,Big Sky,401858223
2026,2,regular,2026-09-12T20:00:00.000Z,Troy,Alabama State,Veterans Memorial Stadium (AL),Sun Belt,SWAC,401868326
2026,2,regular,2026-09-12T20:00:00.000Z,Mississippi Valley State,Lincoln (PA),Soldier Field,SWAC,CIAA,401868963
2026,2,regular,2026-09-12T20:15:00.000Z,Vanderbilt,Delaware,FirstBank Stadium,SEC,Conference USA,401856684
2026,2,regular,2026-09-12T21:00:00.000Z,Maine,Merrimack,Alfond Stadium,CAA,FCS Independents,401866630
2026,2,regular,2026-09-12T21:00:00.000Z,Austin Peay,Morehead State,Governors Stadium,UAC,Pioneer,401868061
2026,2,regular,2026-09-12T21:30:00.000Z,Florida,Campbell,Ben Hill Griffin Stadium,SEC,CAA,401856672
2026,2,regular,2026-09-12T22:00:00.000Z,New Hampshire,Stonehill,Wildcat Stadium,CAA,NEC,401866631
2026,2,regular,2026-09-12T22:00:00.000Z,Eastern Kentucky,Chattanooga,Roy Kidd Stadium,UAC,Southern,401868141
2026,2,regular,2026-09-12T22:00:00.000Z,South Carolina State,Virginia St,Oliver C. Dawson Stadium,MEAC,CIAA,401867983
2026,2,regular,2026-09-12T22:00:00.000Z,Liberty,Gardner-Webb,Williams Stadium (VA),Conference USA,Big South-OVC,401868187
2026,2,regular,2026-09-12T22:00:00.000Z,Mercer,Furman,Five Star Stadium at the Moye Complex,Southern,Southern,401868374
2026,2,regular,2026-09-12T22:00:00.000Z,Morgan State,Virginia University Of Lynchburg,Hughes Stadium,MEAC,,401867966
2026,2,regular,2026-09-12T22:00:00.000Z,North Carolina Central,North Carolina A&T,O'Kelly-Riddick Stadium,MEAC,CAA,401866633
2026,2,regular,2026-09-12T22:00:00.000Z,Florida International,Buffalo,Pitbull Stadium,Conference USA,Mid-American,401866414
2026,2,regular,2026-09-12T22:00:00.000Z,Boise State,Memphis,Albertsons Stadium,Pac-12,American Athletic,401860881
2026,2,regular,2026-09-12T22:00:00.000Z,Butler,Franklin,Butler Bowl,Pioneer,Heartland,401868210
2026,2,regular,2026-09-12T22:00:00.000Z,Idaho State,San Diego,Holt Arena,Big Sky,Pioneer,401868102
2026,2,regular,2026-09-12T22:00:00.000Z,The Citadel,Charleston Southern,Johnson Hagood Stadium,Southern,Big South-OVC,401868171
2026,2,regular,2026-09-12T22:00:00.000Z,Hampton,Bryant,Armstrong Stadium,CAA,CAA,401866629
2026,2,regular,2026-09-12T22:00:00.000Z,Ohio,Jacksonville State,Peden Stadium,Mid-American,Conference USA,401866418
2026,2,regular,2026-09-12T22:30:00.000Z,Western Michigan,Monmouth,Waldo Stadium,Mid-American,CAA,401866421
2026,2,regular,2026-09-12T23:00:00.000Z,Cincinnati,Western Carolina,Nippert Stadium,Big 12,Southern,401856786
2026,2,regular,2026-09-12T23:00:00.000Z,Alabama A&M,Tennessee State,Louis Crews Stadium,SWAC,Big South-OVC,401868195
2026,2,regular,2026-09-12T23:00:00.000Z,Houston,Southern,TDECU Stadium,Big 12,SWAC,401856787
2026,2,regular,2026-09-12T23:00:00.000Z,South Carolina,Towson,Williams-Brice Stadium,SEC,CAA,401856680
2026,2,regular,2026-09-12T23:00:00.000Z,Colorado State,Southern Utah,Canvas Stadium,Pac-12,Big Sky,401860882
2026,2,regular,2026-09-12T23:00:00.000Z,Northern Illinois,Illinois State,Huskie Stadium,Mountain West,MVFC,401864503
2026,2,regular,2026-09-12T23:00:00.000Z,Southern Illinois,Southeast Missouri State,Saluki Stadium,MVFC,Big South-OVC,401867890
2026,2,regular,2026-09-12T23:00:00.000Z,Northern Arizona,Incarnate Word,Walkup Skydome,Big Sky,Southland,401868123
2026,2,regular,2026-09-12T23:00:00.000Z,Tennessee Tech,Samford,Tucker Stadium,Southern,Southern,401868386
2026,2,regular,2026-09-12T23:00:00.000Z,South Dakota State,New Haven,Dana J. Dykhouse Stadium,MVFC,NEC,401872616
2026,2,regular,2026-09-12T23:00:00.000Z,Eastern Illinois,Indiana State,O'Brien Stadium,Big South-OVC,MVFC,401867856
2026,2,regular,2026-09-12T23:00:00.000Z,Sam Houston,Tulsa,Elliott T. Bowers Stadium,Conference USA,American Athletic,401862707
2026,2,regular,2026-09-12T23:00:00.000Z,East Texas A&M,Northwestern State,Memorial Stadium (Commerce TX),Southland,Southland,401869130
2026,2,regular,2026-09-12T23:00:00.000Z,Murray State,Valparaiso,Roy Stewart Stadium,MVFC,Pioneer,401867867
2026,2,regular,2026-09-12T23:00:00.000Z,Houston Christian,Little Rock,Husky Stadium,Southland,,401869150
2026,2,regular,2026-09-12T23:00:00.000Z,Central Arkansas,Central Oklahoma,Estes Stadium,UAC,Mid America,401868072
2026,2,regular,2026-09-12T23:00:00.000Z,SE Louisiana,North Alabama,Strawberry Stadium,Southland,UAC,401868150
2026,2,regular,2026-09-12T23:00:00.000Z,Kennesaw State,Georgia State,Fifth Third Stadium,Conference USA,Sun Belt,401869955
2026,2,regular,2026-09-12T23:00:00.000Z,McNeese,Tarleton State,Cowboy Stadium,Southland,UAC,401868236
2026,2,regular,2026-09-12T23:00:00.000Z,Nicholls,UT Rio Grande Valley,Manning Field at John L. Guidry Stadium,Southland,Southland,401868246
2026,2,regular,2026-09-12T23:00:00.000Z,Tulane,South Alabama,Yulman Stadium,American Athletic,Sun Belt,401864575
2026,2,regular,2026-09-12T23:00:00.000Z,Nebraska,Bowling Green,"Memorial Stadium (Lincoln, NE)",Big Ten,Mid-American,401858441
2026,2,regular,2026-09-12T23:00:00.000Z,Marshall,Middle Tennessee,Joan C. Edwards Stadium,Sun Belt,Conference USA,401871045
2026,2,regular,2026-09-12T23:00:00.000Z,Arkansas State,West Georgia,Centennial Bank Stadium,Sun Belt,UAC,401868241
2026,2,regular,2026-09-12T23:00:00.000Z,Missouri State,Lindenwood,Plaster Sports Complex,Conference USA,Big South-OVC,401871046
2026,2,regular,2026-09-12T23:00:00.000Z,Alcorn State,Arkansas-Pine Bluff,Simmons Bank Liberty Stadium,SWAC,SWAC,401868355
2026,2,regular,2026-09-12T23:00:00.000Z,Georgia Tech,Tennessee,Bobby Dodd Stadium,ACC,SEC,401856681
2026,2,regular,2026-09-12T23:15:00.000Z,Wisconsin,Western Illinois,Camp Randall Stadium,Big Ten,Big South-OVC,401858447
2026,2,regular,2026-09-12T23:15:00.000Z,UCLA,San Diego State,Rose Bowl,Big Ten,Pac-12,401858443
2026,2,regular,2026-09-12T23:30:00.000Z,Oregon State,Texas Tech,Reser Stadium,Pac-12,Big 12,401856783
2026,2,regular,2026-09-12T23:30:00.000Z,Texas,Ohio State,DKR-Texas Memorial Stadium,SEC,Big Ten,401856682
2026,2,regular,2026-09-12T23:30:00.000Z,Coastal Carolina,Fordham,Brooks Stadium (SC),Sun Belt,Patriot,401868008
2026,2,regular,2026-09-12T23:30:00.000Z,Florida Atlantic,Navy,FAU Stadium,American Athletic,American Athletic,401862703
2026,2,regular,2026-09-12T23:30:00.000Z,Clemson,Georgia Southern,"Memorial Stadium (Clemson, SC)",ACC,Sun Belt,401858219
2026,2,regular,2026-09-12T23:30:00.000Z,LSU,Louisiana Tech,Tiger Stadium (LA),SEC,Sun Belt,401867796
2026,2,regular,2026-09-12T23:30:00.000Z,Iowa,Iowa State,Kinnick Stadium,Big Ten,Big 12,401856788
2026,2,regular,2026-09-12T23:45:00.000Z,Ole Miss,Charlotte,Vaught-Hemingway Stadium,SEC,American Athletic,401856676
2026,2,regular,2026-09-13T00:00:00.000Z,Abilene Christian,Stephen F. Austin,Wildcat Stadium (TX),UAC,Southland,401868050
2026,2,regular,2026-09-13T00:00:00.000Z,Baylor,Prairie View A&M,McLane Stadium,Big 12,SWAC,401856784
2026,2,regular,2026-09-13T00:00:00.000Z,TCU,Grambling,Amon G. Carter Stadium,Big 12,SWAC,401856789
2026,2,regular,2026-09-13T01:00:00.000Z,UTEP,Texas Southern,Sun Bowl,Mountain West,SWAC,401864505
2026,2,regular,2026-09-13T02:00:00.000Z,Portland State,North Dakota,Hillsboro Stadium,Big Sky,MVFC,401867876
2026,2,regular,2026-09-13T02:00:00.000Z,Air Force,North Dakota State,Falcon Stadium,Mountain West,Mountain West,401864502
2026,2,regular,2026-09-13T02:15:00.000Z,Utah,Arkansas,Rice-Eccles Stadium,Big 12,SEC,401856670
2026,2,regular,2026-09-13T02:30:00.000Z,Nevada,Montana State,Mackay Stadium,Mountain West,Big Sky,401864500
2026,2,regular,2026-09-13T02:30:00.000Z,Fresno State,Sacramento State,Valley Children's Stadium,Pac-12,Mid-American,401860883
2026,2,regular,2026-09-13T03:00:00.000Z,USC,Louisiana,Los Angeles Memorial Coliseum,Big Ten,Sun Belt,401858445
2026,3,regular,2026-09-17T23:30:00.000Z,Pittsburgh,Syracuse,Acrisure Stadium,ACC,ACC,401858225
2026,3,regular,2026-09-18T23:30:00.000Z,Wake Forest,Miami,Allegacy Federal Credit Union Stadium,ACC,ACC,401858226
2026,3,regular,2026-09-19T00:00:00.000Z,Texas Tech,Houston,Jones AT&T Stadium,Big 12,Big 12,401856811
2026,3,regular,2026-09-19T02:30:00.000Z,Oregon,Portland State,Autzen Stadium,Big Ten,Big Sky,401858455
2026,3,regular,2026-09-19T04:00:00.000Z,Long Island University,Villanova,Shark Stadium,NEC,Patriot,401867908
2026,3,regular,2026-09-19T04:00:00.000Z,New Haven,Brown,Ralph F. DellaCamera Stadium,NEC,Ivy,401867805
2026,3,regular,2026-09-19T04:00:00.000Z,Mercyhurst,Glenville State,Saxon Stadium,NEC,Mountain East,401873620
2026,3,regular,2026-09-19T04:00:00.000Z,Idaho,Abilene Christian,Kibbie Dome,Big Sky,UAC,401868051
2026,3,regular,2026-09-19T15:30:00.000Z,Delaware,Coastal Carolina,Delaware Stadium,Conference USA,Sun Belt,401869940
2026,3,regular,2026-09-19T16:00:00.000Z,Penn State,Buffalo,Beaver Stadium,Big Ten,Mid-American,401858456
2026,3,regular,2026-09-19T16:00:00.000Z,Columbia,Lafayette,Lawrence A. Wien Stadium,Ivy,Patriot,401867817
2026,3,regular,2026-09-19T16:00:00.000Z,Kansas,Arizona State,Wembley Stadium,Big 12,Big 12,401856812
2026,3,regular,2026-09-19T16:00:00.000Z,Lehigh,Dartmouth,Goodman Stadium,Patriot,Ivy,401867834
2026,3,regular,2026-09-19T16:00:00.000Z,East Tennessee State,West Georgia,William B. Greene Jr. Stadium,Southern,UAC,401868242
2026,3,regular,2026-09-19T16:00:00.000Z,Clemson,North Carolina,"Memorial Stadium (Clemson, SC)",ACC,ACC,401858229
2026,3,regular,2026-09-19T16:00:00.000Z,Georgia Tech,Mercer,Bobby Dodd Stadium,ACC,Southern,401858228
2026,3,regular,2026-09-19T16:00:00.000Z,Kansas State,Tulane,Bill Snyder Family Stadium,Big 12,American Athletic,401856792
2026,3,regular,2026-09-19T16:00:00.000Z,Minnesota,Akron,Huntington Bank Stadium,Big Ten,Mid-American,401858451
2026,3,regular,2026-09-19T16:00:00.000Z,Ohio State,Kent State,Ohio Stadium,Big Ten,Mid-American,401858454
2026,3,regular,2026-09-19T16:00:00.000Z,Iowa State,Bowling Green,Jack Trice Stadium,Big 12,Mid-American,401856798
2026,3,regular,2026-09-19T16:00:00.000Z,Arkansas,Georgia,Razorback Stadium,SEC,SEC,401856686
2026,3,regular,2026-09-19T16:30:00.000Z,Wisconsin,Eastern Michigan,Camp Randall Stadium,Big Ten,Mid-American,401858460
2026,3,regular,2026-09-19T16:45:00.000Z,Vanderbilt,NC State,FirstBank Stadium,SEC,ACC,401856695
2026,3,regular,2026-09-19T16:45:00.000Z,Missouri,Troy,Memorial Stadium,SEC,Sun Belt,401856689
2026,3,regular,2026-09-19T17:00:00.000Z,New Hampshire,Harvard,Wildcat Stadium,CAA,Ivy,401866639
2026,3,regular,2026-09-19T17:00:00.000Z,Colgate,Cornell,Andy Kerr Stadium,Patriot,Ivy,401867826
2026,3,regular,2026-09-19T17:00:00.000Z,California Lutheran University,Puget Sound,William Rolland Stadium,So. Cal.,Northwest,401873230
2026,3,regular,2026-09-19T17:00:00.000Z,Concordia University Chicago,Rockford,Concordia Stadium,NACC,NACC,401873395
2026,3,regular,2026-09-19T17:00:00.000Z,Bryant,Princeton,Bulldog Stadium,CAA,Ivy,401866638
2026,3,regular,2026-09-19T17:00:00.000Z,Butler,Chicago State,Butler Bowl,Pioneer,FCS Independents,401867686
2026,3,regular,2026-09-19T17:00:00.000Z,Central Michigan,Wyoming,Kelly/Shorts Stadium,Mid-American,Mountain West,401864508
2026,3,regular,2026-09-19T17:00:00.000Z,Davidson,VMI,Richardson Stadium,Pioneer,Southern,401868397
2026,3,regular,2026-09-19T17:00:00.000Z,Indiana State,Valparaiso,Memorial Stadium,MVFC,Pioneer,401867857
2026,3,regular,2026-09-19T18:00:00.000Z,Boston College,Maine,"Alumni Stadium (Chestnut Hill, MA)",ACC,CAA,401858227
2026,3,regular,2026-09-19T18:00:00.000Z,St. Thomas (MN),Southern Utah,O'Shaughnessy Stadium,Pioneer,Big Sky,401868159
2026,3,regular,2026-09-19T18:00:00.000Z,Illinois,Southern Illinois,"Memorial Stadium (Champaign, IL)",Big Ten,MVFC,401858448
2026,3,regular,2026-09-19T18:00:00.000Z,Holy Cross,Yale,Fitton Field,Patriot,Ivy,401868023
2026,3,regular,2026-09-19T18:30:00.000Z,Western Carolina,Presbyterian,E. J. Whitmire Stadium,Southern,Pioneer,401868275
2026,3,regular,2026-09-19T18:30:00.000Z,Stony Brook,Rhode Island,Kenneth P. LaValle Stadium,CAA,CAA,401866634
2026,3,regular,2026-09-19T19:00:00.000Z,Illinois State,Eastern Illinois,Hancock Stadium,MVFC,Big South-OVC,401867846
2026,3,regular,2026-09-19T19:00:00.000Z,Montana State,Central Connecticut,Bobcat Stadium,Big Sky,NEC,401867898
2026,3,regular,2026-09-19T19:00:00.000Z,Toledo,Temple,Glass Bowl,Mid-American,American Athletic,401862774
2026,3,regular,2026-09-19T19:00:00.000Z,Bucknell,Pennsylvania,Christy Mathewson-Memorial Stadium,Patriot,Ivy,401867991
2026,3,regular,2026-09-19T19:30:00.000Z,Rutgers,USC,SHI Stadium,Big Ten,Big Ten,401858457
2026,3,regular,2026-09-19T19:30:00.000Z,Washington State,Duquesne,Gesa Field,Pac-12,NEC,401860890
2026,3,regular,2026-09-19T19:30:00.000Z,UAlbany,Monmouth,Bob Ford Field,CAA,CAA,401866635
2026,3,regular,2026-09-19T19:30:00.000Z,Richmond,Georgetown,E. Claiborne Robins Stadium,Patriot,Patriot,401868018
2026,3,regular,2026-09-19T19:30:00.000Z,Louisville,SMU,L&N Federal Credit Union Stadium,ACC,ACC,401858230
2026,3,regular,2026-09-19T19:30:00.000Z,Alabama,Florida State,Bryant-Denny Stadium,SEC,ACC,401856685
2026,3,regular,2026-09-19T19:30:00.000Z,Cincinnati,Miami (OH),TQL Stadium,Big 12,Mid-American,401856797
2026,3,regular,2026-09-19T19:30:00.000Z,Michigan,UTEP,Michigan Stadium,Big Ten,Mountain West,401858450
2026,3,regular,2026-09-19T19:30:00.000Z,Texas A&M,Kentucky,Kyle Field,SEC,SEC,401856694
2026,3,regular,2026-09-19T19:30:00.000Z,Massachusetts,Stonehill,Warren McGuirk Alumni Stadium,Mid-American,NEC,401866424
2026,3,regular,2026-09-19T19:30:00.000Z,Utah,Utah State,Rice-Eccles Stadium,Big 12,Pac-12,401856801
2026,3,regular,2026-09-19T19:30:00.000Z,California,Wagner,California Memorial Stadium,ACC,NEC,401858233
2026,3,regular,2026-09-19T20:00:00.000Z,Indiana,Western Kentucky,"Memorial Stadium (Bloomington, IN)",Big Ten,Conference USA,401858449
2026,3,regular,2026-09-19T20:00:00.000Z,Iowa,Northern Iowa,Kinnick Stadium,Big Ten,MVFC,401858471
2026,3,regular,2026-09-19T20:00:00.000Z,Baylor,Louisiana Tech,McLane Stadium,Big 12,Sun Belt,401867804
2026,3,regular,2026-09-19T20:00:00.000Z,Liberty,Ball State,Williams Stadium (VA),Conference USA,Mid-American,401866422
2026,3,regular,2026-09-19T20:00:00.000Z,Norfolk State,Hampton,"William Dick"""" Price Stadium""""",MEAC,CAA,401866641
2026,3,regular,2026-09-19T20:00:00.000Z,Duke,Stanford,Wallace Wade Stadium,ACC,ACC,401858231
2026,3,regular,2026-09-19T20:00:00.000Z,Bethune-Cookman,Virginia University Of Lynchburg,Municipal Stadium,SWAC,,401868942
2026,3,regular,2026-09-19T20:15:00.000Z,South Carolina,Mississippi State,Williams-Brice Stadium,SEC,SEC,401856691
2026,3,regular,2026-09-19T20:30:00.000Z,UL Monroe,SE Louisiana,Malone Stadium,Sun Belt,Southland,401868317
2026,3,regular,2026-09-19T21:00:00.000Z,Arkansas-Pine Bluff,Central State (OH),Golden Lion Stadium,SWAC,SIAC,401868935
2026,3,regular,2026-09-19T22:00:00.000Z,Campbell,North Carolina A&T,Barker-Lane Stadium,CAA,CAA,401866636
2026,3,regular,2026-09-19T22:00:00.000Z,William & Mary,Fordham,Zable Stadium,Patriot,Patriot,401868009
2026,3,regular,2026-09-19T22:00:00.000Z,Gardner-Webb,North Carolina Central,Ernest W. Spangler Stadium,Big South-OVC,MEAC,401867979
2026,3,regular,2026-09-19T22:00:00.000Z,Florida Atlantic,Florida International,FAU Stadium,American Athletic,Conference USA,401862771
2026,3,regular,2026-09-19T22:00:00.000Z,Elon,Sacred Heart,Rhodes Stadium,CAA,CAA,401866637
2026,3,regular,2026-09-19T22:00:00.000Z,Old Dominion,East Carolina,S.B. Ballard Stadium,Sun Belt,American Athletic,401862710
2026,3,regular,2026-09-19T22:00:00.000Z,Towson,Morgan State,Johnny Unitas Stadium,CAA,MEAC,401866640
2026,3,regular,2026-09-19T22:00:00.000Z,Charleston Southern,Point University,Buccaneer Field,Big South-OVC,,401868172
2026,3,regular,2026-09-19T22:00:00.000Z,Eastern Kentucky,Dayton,Roy Kidd Stadium,UAC,Pioneer,401868142
2026,3,regular,2026-09-19T22:00:00.000Z,Chattanooga,Wofford,Finley Stadium,Southern,Southern,401868337
2026,3,regular,2026-09-19T22:00:00.000Z,App State,Charlotte,Kidd Brewer Stadium,Sun Belt,American Athletic,401864574
2026,3,regular,2026-09-19T22:30:00.000Z,Missouri State,Marshall,Plaster Sports Complex,Conference USA,Sun Belt,401871047
2026,3,regular,2026-09-19T23:00:00.000Z,Furman,South Carolina State,Paladin Stadium,Southern,MEAC,401867984
2026,3,regular,2026-09-19T23:00:00.000Z,Auburn,Florida,Jordan-Hare Stadium,SEC,SEC,401856687
2026,3,regular,2026-09-19T23:00:00.000Z,North Alabama,Alcorn State,Braly Municipal Stadium,UAC,SWAC,401868151
2026,3,regular,2026-09-19T23:00:00.000Z,West Florida,Austin Peay,Pen-Air Field,UAC,UAC,401868062
2026,3,regular,2026-09-19T23:00:00.000Z,Jacksonville State,Georgia Southern,AmFirst Stadium,Conference USA,Sun Belt,401869948
2026,3,regular,2026-09-19T23:00:00.000Z,Jackson State,Tuskegee,Mississippi Veterans Memorial Stadium,SWAC,SIAC,401868959
2026,3,regular,2026-09-19T23:00:00.000Z,Florida A&M,Tennessee State,Bragg Memorial Stadium,SWAC,Big South-OVC,401868196
2026,3,regular,2026-09-19T23:00:00.000Z,Oklahoma State,Murray State,Boone Pickens Stadium,Big 12,MVFC,401856803
2026,3,regular,2026-09-19T23:00:00.000Z,Western Illinois,Morehead State,Hanson Field,Big South-OVC,Pioneer,401868205
2026,3,regular,2026-09-19T23:00:00.000Z,South Dakota State,Youngstown State,Dana J. Dykhouse Stadium,MVFC,MVFC,401867896
2026,3,regular,2026-09-19T23:00:00.000Z,South Florida,Delaware State,Raymond James Stadium,American Athletic,MEAC,401862777
2026,3,regular,2026-09-19T23:00:00.000Z,Southern Miss,UConn,M. M. Roberts Stadium,Sun Belt,FBS Independents,401861963
2026,3,regular,2026-09-19T23:00:00.000Z,Southern,Louisiana College,Ace W. Mumford Stadium,SWAC,,401868971
2026,3,regular,2026-09-19T23:00:00.000Z,Tarleton State,Merrimack,"Memorial Stadium (Stephenville, TX)",UAC,FCS Independents,401868237
2026,3,regular,2026-09-19T23:00:00.000Z,UCF,Georgia State,FBC Mortgage Stadium,Big 12,Sun Belt,401856800
2026,3,regular,2026-09-19T23:00:00.000Z,Rice,Western Michigan,Rice Stadium,American Athletic,Mid-American,401862773
2026,3,regular,2026-09-19T23:00:00.000Z,South Alabama,Ohio,Hancock Whitney Stadium,Sun Belt,Mid-American,401866423
2026,3,regular,2026-09-19T23:00:00.000Z,Mississippi Valley State,Delta State,Rice-Totten Field,SWAC,Gulf South,401868964
2026,3,regular,2026-09-19T23:00:00.000Z,Middle Tennessee,Nevada,"Johnny ""Red"" Floyd Stadium",Conference USA,Mountain West,401864443
2026,3,regular,2026-09-19T23:00:00.000Z,Southeast Missouri State,Central Arkansas,Houck Field,Big South-OVC,UAC,401868133
2026,3,regular,2026-09-19T23:00:00.000Z,Memphis,UT Martin,Simmons Bank Liberty Stadium,American Athletic,Big South-OVC,401862772
2026,3,regular,2026-09-19T23:00:00.000Z,Incarnate Word,Houston Christian,Gayle and Tom Benson Stadium,Southland,Southland,401869147
2026,3,regular,2026-09-19T23:00:00.000Z,Sam Houston,Nicholls,Elliott T. Bowers Stadium,Conference USA,Southland,401870764
2026,3,regular,2026-09-19T23:00:00.000Z,Alabama A&M,Bowie State,Louis Crews Stadium,SWAC,CIAA,401868298
2026,3,regular,2026-09-19T23:15:00.000Z,Washington,Eastern Washington,Husky Stadium,Big Ten,Big Sky,401858459
2026,3,regular,2026-09-19T23:15:00.000Z,Nebraska,North Dakota,"Memorial Stadium (Lincoln, NE)",Big Ten,MVFC,401858452
2026,3,regular,2026-09-19T23:30:00.000Z,Northwestern,Colorado,Lanny and Sharon Martin Stadium,Big Ten,Big 12,401856796
2026,3,regular,2026-09-19T23:30:00.000Z,Oklahoma,New Mexico,"Memorial Stadium (Norman, OK)",SEC,Mountain West,401856690
2026,3,regular,2026-09-19T23:30:00.000Z,Notre Dame,Michigan State,Notre Dame Stadium,FBS Independents,Big Ten,401858453
2026,3,regular,2026-09-19T23:30:00.000Z,Ole Miss,LSU,Vaught-Hemingway Stadium,SEC,SEC,401856688
2026,3,regular,2026-09-19T23:30:00.000Z,Maryland,Virginia Tech,SECU Stadium,Big Ten,ACC,401858232
2026,3,regular,2026-09-19T23:30:00.000Z,Colorado State,BYU,Canvas Stadium,Pac-12,Big 12,401856795
2026,3,regular,2026-09-19T23:30:00.000Z,Virginia,West Virginia,Bank of America Stadium,ACC,Big 12,401856802
2026,3,regular,2026-09-19T23:45:00.000Z,Tennessee,Kennesaw State,Neyland Stadium,SEC,Conference USA,401856692
2026,3,regular,2026-09-20T00:00:00.000Z,Louisiana,UAB,Cajun Field,Sun Belt,American Athletic,401862776
2026,3,regular,2026-09-20T00:00:00.000Z,Northern Colorado,Northeastern State,Nottingham Field,Big Sky,Independent DII,401868130
2026,3,regular,2026-09-20T00:00:00.000Z,Utah Tech,Northern Arizona,Greater Zion Stadium,Big Sky,Big Sky,401868124
2026,3,regular,2026-09-20T00:00:00.000Z,TCU,Arkansas State,Amon G. Carter Stadium,Big 12,Sun Belt,401856799
2026,3,regular,2026-09-20T00:00:00.000Z,Weber State,Northwestern State,Stewart Stadium,Big Sky,Southland,401868168
2026,3,regular,2026-09-20T00:00:00.000Z,Prairie View A&M,Stephen F. Austin,Panther Stadium,SWAC,Southland,401868307
2026,3,regular,2026-09-20T00:00:00.000Z,Texas,UTSA,DKR-Texas Memorial Stadium,SEC,American Athletic,401856693
2026,3,regular,2026-09-20T00:00:00.000Z,Cal Poly,San Diego,Alex G. Spanos Stadium,Big Sky,Pioneer,401868075
2026,3,regular,2026-09-20T00:00:00.000Z,UT Rio Grande Valley,McNeese,Robert and Janet Vackar Stadium,Southland,Southland,401868247
2026,3,regular,2026-09-20T00:00:00.000Z,Tulsa,East Texas A&M,Chapman Stadium,American Athletic,Southland,401862775
2026,3,regular,2026-09-20T02:00:00.000Z,San Diego State,James Madison,Snapdragon Stadium,Pac-12,Sun Belt,401860887
2026,3,regular,2026-09-20T02:00:00.000Z,Texas State,North Texas,Bobcat Stadium (TX),Pac-12,American Athletic,401860889
2026,3,regular,2026-09-20T02:00:00.000Z,Boise State,South Dakota,Albertsons Stadium,Pac-12,MVFC,401860885
2026,3,regular,2026-09-20T02:00:00.000Z,UC Davis,Stetson,Aggie Stadium,Big Sky,Pioneer,401868164
2026,3,regular,2026-09-20T02:30:00.000Z,Arizona,Northern Illinois,Arizona Stadium,Big 12,Mountain West,401856793
2026,3,regular,2026-09-20T02:30:00.000Z,Sacramento State,North Dakota State,Hornet Stadium,Mid-American,Mountain West,401864507
2026,3,regular,2026-09-20T03:00:00.000Z,San José State,Fresno State,CEFCU Stadium,Mountain West,Pac-12,401860888
2026,3,regular,2026-09-20T03:00:00.000Z,Oregon State,Montana,Reser Stadium,Pac-12,Big Sky,401860886
2026,3,regular,2026-09-20T03:00:00.000Z,UCLA,Purdue,Rose Bowl,Big Ten,Big Ten,401858458
2026,4,regular,2026-09-24T23:30:00.000Z,Coastal Carolina,Liberty,Brooks Stadium (SC),Sun Belt,Conference USA,401869941
2026,4,regular,2026-09-25T20:00:00.000Z,Temple,Army,Lincoln Financial Field,American Athletic,American Athletic,401862779
2026,4,regular,2026-09-25T23:00:00.000Z,Brown,Harvard,Brown Stadium,Ivy,Ivy,401867806
2026,4,regular,2026-09-25T23:00:00.000Z,Rutgers,Howard,SHI Stadium,Big Ten,MEAC,401858468
2026,4,regular,2026-09-25T23:00:00.000Z,UAB,Navy,Protective Stadium,American Athletic,American Athletic,401862778
2026,4,regular,2026-09-26T00:00:00.000Z,Indiana,Northwestern,"Memorial Stadium (Bloomington, IN)",Big Ten,Big Ten,401858461
2026,4,regular,2026-09-26T02:30:00.000Z,California,Clemson,California Memorial Stadium,ACC,ACC,401858234
2026,4,regular,2026-09-26T04:00:00.000Z,UL Monroe,Florida Atlantic,Malone Stadium,Sun Belt,American Athletic,401862782
2026,4,regular,2026-09-26T04:00:00.000Z,Merrimack,New Haven,Duane Stadium,FCS Independents,NEC,401872618
2026,4,regular,2026-09-26T04:00:00.000Z,Baylor,Colorado,McLane Stadium,Big 12,Big 12,401856813
2026,4,regular,2026-09-26T04:00:00.000Z,Iowa State,Utah,Jack Trice Stadium,Big 12,Big 12,401856816
2026,4,regular,2026-09-26T04:00:00.000Z,Texas Tech,Sam Houston,Jones AT&T Stadium,Big 12,Conference USA,401856805
2026,4,regular,2026-09-26T04:00:00.000Z,Western Connecticut St,Kean,Westside Athletic Complex,Landmark Conference,New Jersey,401873405
2026,4,regular,2026-09-26T04:00:00.000Z,Mississippi State,Missouri,Davis Wade Stadium,SEC,SEC,401856703
2026,4,regular,2026-09-26T04:00:00.000Z,Alabama,South Carolina,Bryant-Denny Stadium,SEC,SEC,401856696
2026,4,regular,2026-09-26T04:00:00.000Z,Sacramento State,Massachusetts,Hornet Stadium,Mid-American,Mid-American,401866429
2026,4,regular,2026-09-26T04:00:00.000Z,West Virginia,Oklahoma State,Milan Puskar Stadium,Big 12,Big 12,401856881
2026,4,regular,2026-09-26T04:00:00.000Z,LSU,Texas A&M,Tiger Stadium (LA),SEC,SEC,401856702
2026,4,regular,2026-09-26T04:00:00.000Z,Chicago State,Norfolk State,SeatGeek Stadium,FCS Independents,MEAC,401867687
2026,4,regular,2026-09-26T04:00:00.000Z,Georgia,Oklahoma,Sanford Stadium,SEC,SEC,401856700
2026,4,regular,2026-09-26T04:00:00.000Z,Florida,Ole Miss,Ben Hill Griffin Stadium,SEC,SEC,401856699
2026,4,regular,2026-09-26T04:00:00.000Z,Auburn,Vanderbilt,Jordan-Hare Stadium,SEC,SEC,401856698
2026,4,regular,2026-09-26T04:00:00.000Z,Nevada,Air Force,Mackay Stadium,Mountain West,Mountain West,401864509
2026,4,regular,2026-09-26T04:00:00.000Z,Western Michigan,Boise State,Waldo Stadium,Mid-American,Pac-12,401860897
2026,4,regular,2026-09-26T04:00:00.000Z,Toledo,San Diego State,Glass Bowl,Mid-American,Pac-12,401860893
2026,4,regular,2026-09-26T04:00:00.000Z,Kent State,Ball State,Dix Stadium,Mid-American,Mid-American,401866425
2026,4,regular,2026-09-26T04:00:00.000Z,Akron,UNLV,InfoCision Stadium,Mid-American,Mountain West,401864512
2026,4,regular,2026-09-26T04:00:00.000Z,Miami (OH),UConn,Yager Stadium,Mid-American,FBS Independents,401861970
2026,4,regular,2026-09-26T04:00:00.000Z,Bowling Green,South Florida,Doyt L. Perry Stadium,Mid-American,American Athletic,401862785
2026,4,regular,2026-09-26T04:00:00.000Z,Purdue,Notre Dame,Ross-Ade Stadium,Big Ten,FBS Independents,401858467
2026,4,regular,2026-09-26T04:00:00.000Z,Tulane,Southern Miss,Yulman Stadium,American Athletic,Sun Belt,401862784
2026,4,regular,2026-09-26T04:00:00.000Z,Washington,Minnesota,Husky Stadium,Big Ten,Big Ten,401858470
2026,4,regular,2026-09-26T04:00:00.000Z,Penn State,Wisconsin,Beaver Stadium,Big Ten,Big Ten,401858466
2026,4,regular,2026-09-26T04:00:00.000Z,Ohio State,Illinois,Ohio Stadium,Big Ten,Big Ten,401858465
2026,4,regular,2026-09-26T04:00:00.000Z,Georgia Southern,Houston,Allen E. Paulson Stadium,Sun Belt,Big 12,401856806
2026,4,regular,2026-09-26T04:00:00.000Z,Michigan,Iowa,Michigan Stadium,Big Ten,Big Ten,401858463
2026,4,regular,2026-09-26T04:00:00.000Z,Old Dominion,James Madison,S.B. Ballard Stadium,Sun Belt,Sun Belt,401869961
2026,4,regular,2026-09-26T04:00:00.000Z,Michigan State,Nebraska,Spartan Stadium,Big Ten,Big Ten,401858464
2026,4,regular,2026-09-26T04:00:00.000Z,Maryland,UCLA,SECU Stadium,Big Ten,Big Ten,401858462
2026,4,regular,2026-09-26T04:00:00.000Z,Georgia State,Northern Illinois,Center Parc Stadium,Sun Belt,Mountain West,401864511
2026,4,regular,2026-09-26T04:00:00.000Z,Arkansas State,Kennesaw State,Centennial Bank Stadium,Sun Belt,Conference USA,401869931
2026,4,regular,2026-09-26T04:00:00.000Z,USC,Oregon,Los Angeles Memorial Coliseum,Big Ten,Big Ten,401858469
2026,4,regular,2026-09-26T04:00:00.000Z,SMU,Missouri State,Gerald J. Ford Stadium,ACC,Conference USA,401858241
2026,4,regular,2026-09-26T04:00:00.000Z,Virginia,Delaware,Scott Stadium,ACC,Conference USA,401858239
2026,4,regular,2026-09-26T04:00:00.000Z,NC State,App State,Carter-Finley Stadium,ACC,Sun Belt,401864572
2026,4,regular,2026-09-26T04:00:00.000Z,Boston College,Virginia Tech,"Alumni Stadium (Chestnut Hill, MA)",ACC,ACC,401858242
2026,4,regular,2026-09-26T04:00:00.000Z,Louisville,Wake Forest,L&N Federal Credit Union Stadium,ACC,ACC,401858243
2026,4,regular,2026-09-26T04:00:00.000Z,Florida State,Central Arkansas,Doak Campbell Stadium,ACC,UAC,401858237
2026,4,regular,2026-09-26T04:00:00.000Z,Pennsylvania,Lehigh,Franklin Field,Ivy,Patriot,401868034
2026,4,regular,2026-09-26T04:00:00.000Z,Samford,VMI,Seibert Stadium,Southern,Southern,401868387
2026,4,regular,2026-09-26T04:00:00.000Z,Dartmouth,Monmouth,Memorial Field,Ivy,CAA,401866647
2026,4,regular,2026-09-26T04:00:00.000Z,UTSA,Colorado State,Alamodome,American Athletic,Pac-12,401860896
2026,4,regular,2026-09-26T04:00:00.000Z,Charlotte,Louisiana,Jerry Richardson Stadium,American Athletic,Sun Belt,401862780
2026,4,regular,2026-09-26T04:00:00.000Z,Cincinnati,Kansas State,Nippert Stadium,Big 12,Big 12,401856814
2026,4,regular,2026-09-26T04:00:00.000Z,UCF,TCU,FBC Mortgage Stadium,Big 12,Big 12,401856815
2026,4,regular,2026-09-26T16:00:00.000Z,Sacred Heart,New Hampshire,Campus Field,CAA,CAA,401866642
2026,4,regular,2026-09-26T16:00:00.000Z,Marist,Presbyterian,Leonidoff Field,Pioneer,Pioneer,401868263
2026,4,regular,2026-09-26T16:00:00.000Z,Duquesne,University of Rio Grande,Arthur J. Rooney Athletic Field,NEC,,401870839
2026,4,regular,2026-09-26T16:00:00.000Z,Pittsburgh,Bucknell,Acrisure Stadium,ACC,Patriot,401858236
2026,4,regular,2026-09-26T16:00:00.000Z,Tennessee,Texas,Neyland Stadium,SEC,SEC,401856704
2026,4,regular,2026-09-26T16:30:00.000Z,Lafayette,Holy Cross,Fisher Field,Patriot,Patriot,401868024
2026,4,regular,2026-09-26T16:30:00.000Z,Georgetown,Columbia,Cooper Field,Patriot,Ivy,401867818
2026,4,regular,2026-09-26T16:45:00.000Z,Kentucky,South Alabama,Kroger Field,SEC,Sun Belt,401864576
2026,4,regular,2026-09-26T17:00:00.000Z,Eastern Michigan,Lindenwood,Rynearson Stadium,Mid-American,Big South-OVC,401866427
2026,4,regular,2026-09-26T17:00:00.000Z,Cornell,Yale,Schoellkopf Field,Ivy,Ivy,401867827
2026,4,regular,2026-09-26T17:00:00.000Z,Indiana State,North Dakota,Memorial Stadium,MVFC,MVFC,401867858
2026,4,regular,2026-09-26T17:00:00.000Z,Fordham,Stony Brook,Jack Coffey Field,Patriot,CAA,401866648
2026,4,regular,2026-09-26T17:00:00.000Z,Davidson,Drake,Richardson Stadium,Pioneer,Pioneer,401868219
2026,4,regular,2026-09-26T17:00:00.000Z,Valparaiso,Butler,Brown Field,Pioneer,Pioneer,401868211
2026,4,regular,2026-09-26T17:00:00.000Z,Rockford,Aurora,Sam Greeley Field,NACC,NACC,401873396
2026,4,regular,2026-09-26T17:30:00.000Z,Wofford,Tennessee Tech,Gibbs Stadium,Southern,Southern,401868390
2026,4,regular,2026-09-26T18:00:00.000Z,The Citadel,Chattanooga,Johnson Hagood Stadium,Southern,Southern,401868338
2026,4,regular,2026-09-26T18:00:00.000Z,Richmond,Furman,E. Claiborne Robins Stadium,Patriot,Southern,401868037
2026,4,regular,2026-09-26T18:00:00.000Z,Youngstown State,South Dakota,Stambaugh Stadium,MVFC,MVFC,401867885
2026,4,regular,2026-09-26T18:00:00.000Z,Elon,Maine,Rhodes Stadium,CAA,CAA,401866643
2026,4,regular,2026-09-26T18:00:00.000Z,St. Thomas (MN),San Diego,O'Shaughnessy Stadium,Pioneer,Pioneer,401868281
2026,4,regular,2026-09-26T18:00:00.000Z,Austin Peay,UT Martin,Governors Stadium,UAC,Big South-OVC,401868063
2026,4,regular,2026-09-26T18:30:00.000Z,Villanova,Colgate,Villanova Stadium,Patriot,Patriot,401868001
2026,4,regular,2026-09-26T19:00:00.000Z,Princeton,UAlbany,Princeton University Stadium,Ivy,CAA,401866646
2026,4,regular,2026-09-26T19:00:00.000Z,Wyoming,Hawai'i,War Memorial Stadium,Mountain West,Mountain West,401864510
2026,4,regular,2026-09-26T19:30:00.000Z,Duke,William & Mary,Wallace Wade Stadium,ACC,Patriot,401858244
2026,4,regular,2026-09-26T19:30:00.000Z,New Mexico State,New Mexico,Aggie Memorial Stadium,Conference USA,Mountain West,401864579
2026,4,regular,2026-09-26T19:30:00.000Z,Buffalo,Robert Morris,UB Stadium,Mid-American,NEC,401866426
2026,4,regular,2026-09-26T19:30:00.000Z,East Tennessee State,Western Carolina,William B. Greene Jr. Stadium,Southern,Southern,401868346
2026,4,regular,2026-09-26T19:30:00.000Z,Ohio,Stonehill,Peden Stadium,Mid-American,NEC,401866428
2026,4,regular,2026-09-26T19:30:00.000Z,Marshall,Gardner-Webb,Joan C. Edwards Stadium,Sun Belt,Big South-OVC,401868188
2026,4,regular,2026-09-26T20:00:00.000Z,East Carolina,North Carolina Central,Dowdy-Ficklen Stadium,American Athletic,MEAC,401862781
2026,4,regular,2026-09-26T20:00:00.000Z,Alcorn State,Texas Southern,Jack Spinks Stadium,SWAC,SWAC,401868358
2026,4,regular,2026-09-26T20:00:00.000Z,Nicholls,Lamar,Manning Field at John L. Guidry Stadium,Southland,Southland,401869143
2026,4,regular,2026-09-26T20:00:00.000Z,North Alabama,Western Illinois,Braly Municipal Stadium,UAC,Big South-OVC,401868206
2026,4,regular,2026-09-26T20:00:00.000Z,North Carolina A&T,Rhode Island,Aggie Stadium,CAA,CAA,401866644
2026,4,regular,2026-09-26T21:00:00.000Z,Northern Iowa,Illinois State,UNI-Dome,MVFC,MVFC,401867847
2026,4,regular,2026-09-26T22:00:00.000Z,Delaware State,Towson,Alumni Stadium,MEAC,CAA,401866649
2026,4,regular,2026-09-26T22:00:00.000Z,Hampton,Campbell,Armstrong Stadium,CAA,CAA,401866645
2026,4,regular,2026-09-26T22:00:00.000Z,West Georgia,Fort Valley State,University Stadium (GA),UAC,SIAC,401868243
2026,4,regular,2026-09-26T22:00:00.000Z,Alabama State,Mississippi Valley State,Hornet Stadium,SWAC,SWAC,401868327
2026,4,regular,2026-09-26T22:00:00.000Z,Florida International,Long Island University,Pitbull Stadium,Conference USA,NEC,401867909
2026,4,regular,2026-09-26T22:00:00.000Z,Texas State,Incarnate Word,Bobcat Stadium (TX),Pac-12,Southland,401860892
2026,4,regular,2026-09-26T22:00:00.000Z,Stephen F. Austin,Northeastern State,Homer Bryce Stadium,Southland,Independent DII,401868308
2026,4,regular,2026-09-26T22:30:00.000Z,Miami,Central Michigan,Hard Rock Stadium,ACC,Mid-American,401858238
2026,4,regular,2026-09-26T23:00:00.000Z,McNeese,East Texas A&M,Cowboy Stadium,Southland,Southland,401869137
2026,4,regular,2026-09-26T23:00:00.000Z,Bethune-Cookman,South Carolina State,Municipal Stadium,SWAC,MEAC,401867985
2026,4,regular,2026-09-26T23:00:00.000Z,South Dakota State,Eastern Illinois,Dana J. Dykhouse Stadium,MVFC,Big South-OVC,401868179
2026,4,regular,2026-09-26T23:00:00.000Z,Grambling,Prairie View A&M,Cotton Bowl,SWAC,SWAC,401868954
2026,4,regular,2026-09-26T23:00:00.000Z,Northwestern State,SE Louisiana,Harry Turpin Stadium,Southland,Southland,401868318
2026,4,regular,2026-09-26T23:00:00.000Z,Western Kentucky,Mercyhurst,Houchens Industries-L.T. Smith Stadium,Conference USA,NEC,401870745
2026,4,regular,2026-09-26T23:00:00.000Z,Eastern Washington,Cal Poly,Roos Field,Big Sky,Big Sky,401868076
2026,4,regular,2026-09-26T23:00:00.000Z,Jackson State,Southern,Mississippi Veterans Memorial Stadium,SWAC,SWAC,401868960
2026,4,regular,2026-09-26T23:00:00.000Z,Murray State,Southern Illinois,Roy Stewart Stadium,MVFC,MVFC,401867868
2026,4,regular,2026-09-26T23:00:00.000Z,Southeast Missouri State,West Florida,Houck Field,Big South-OVC,UAC,401871472
2026,4,regular,2026-09-26T23:00:00.000Z,Jacksonville State,Middle Tennessee,AmFirst Stadium,Conference USA,Conference USA,401871048
2026,4,regular,2026-09-26T23:00:00.000Z,Florida A&M,Alabama A&M,Bragg Memorial Stadium,SWAC,SWAC,401868299
2026,4,regular,2026-09-26T23:30:00.000Z,North Texas,Houston Christian,DATCU Stadium,American Athletic,Southland,401862783
2026,4,regular,2026-09-26T23:30:00.000Z,Washington State,Arizona,Gesa Field,Pac-12,Big 12,401856804
2026,4,regular,2026-09-26T23:30:00.000Z,Utah State,Troy,Maverik Stadium,Pac-12,Sun Belt,401860894
2026,4,regular,2026-09-27T00:00:00.000Z,Weber State,Portland State,Stewart Stadium,Big Sky,Big Sky,401868155
2026,4,regular,2026-09-27T00:00:00.000Z,Northern Colorado,Utah Tech,Nottingham Field,Big Sky,Big Sky,401868131
2026,4,regular,2026-09-27T00:00:00.000Z,Abilene Christian,Mercer,Wildcat Stadium (TX),UAC,Southern,401868052
2026,4,regular,2026-09-27T00:00:00.000Z,Arkansas,Tulsa,Razorback Stadium,SEC,American Athletic,401856697
2026,4,regular,2026-09-27T00:00:00.000Z,Southern Utah,Idaho State,Eccles Coliseum,Big Sky,Big Sky,401868103
2026,4,regular,2026-09-27T01:00:00.000Z,UTEP,Oregon State,Sun Bowl,Mountain West,Pac-12,401860895
2026,4,regular,2026-09-27T02:00:00.000Z,UC Davis,Montana,Aggie Stadium,Big Sky,Big Sky,401868113
2026,4,regular,2026-09-27T02:00:00.000Z,Fresno State,Rice,Valley Children's Stadium,Pac-12,American Athletic,401860891
2026,4,regular,2026-09-27T02:30:00.000Z,Stanford,Georgia Tech,Stanford Stadium,ACC,ACC,401858240
2026,4,regular,2026-09-27T02:30:00.000Z,Montana State,Northern Arizona,Bobcat Stadium,Big Sky,Big Sky,401868120
2026,5,regular,2026-10-02T00:00:00.000Z,New Mexico State,Western Kentucky,Aggie Memorial Stadium,Conference USA,Conference USA,401871049
2026,5,regular,2026-10-02T01:00:00.000Z,Tulsa,North Texas,Chapman Stadium,American Athletic,American Athletic,401862786
2026,5,regular,2026-10-02T23:00:00.000Z,Virginia Tech,Pittsburgh,Lane Stadium,ACC,ACC,401858245
2026,5,regular,2026-10-02T23:00:00.000Z,Delaware,Liberty,Delaware Stadium,Conference USA,Conference USA,401871050
2026,5,regular,2026-10-03T00:00:00.000Z,Northwestern,Penn State,Ryan Field,Big Ten,Big Ten,401858476
2026,5,regular,2026-10-03T02:30:00.000Z,Idaho,Montana State,Kibbie Dome,Big Sky,Big Sky,401868094
2026,5,regular,2026-10-03T04:00:00.000Z,Tennessee,Auburn,Neyland Stadium,SEC,SEC,401856710
2026,5,regular,2026-10-03T04:00:00.000Z,Missouri,Florida,Memorial Stadium,SEC,SEC,401856708
2026,5,regular,2026-10-03T04:00:00.000Z,Yale,Merrimack,Yale Bowl,Ivy,FCS Independents,401870840
2026,5,regular,2026-10-03T04:00:00.000Z,Nebraska,Maryland,"Memorial Stadium (Lincoln, NE)",Big Ten,Big Ten,401858475
2026,5,regular,2026-10-03T04:00:00.000Z,Montclair State,Kean,Sprague Field,New Jersey,New Jersey,401873406
2026,5,regular,2026-10-03T04:00:00.000Z,Louisiana Tech,Army,Joe Aillet Stadium,Sun Belt,American Athletic,401869842
2026,5,regular,2026-10-03T04:00:00.000Z,Kansas,Middle Tennessee,Memorial Stadium,Big 12,Conference USA,401856807
2026,5,regular,2026-10-03T04:00:00.000Z,Charlotte,Memphis,Jerry Richardson Stadium,American Athletic,American Athletic,401862787
2026,5,regular,2026-10-03T04:00:00.000Z,Arizona State,Baylor,Mountain America Stadium,Big 12,Big 12,401856817
2026,5,regular,2026-10-03T04:00:00.000Z,Georgia State,Old Dominion,Center Parc Stadium,Sun Belt,Sun Belt,401869956
2026,5,regular,2026-10-03T04:00:00.000Z,South Alabama,UL Monroe,Hancock Whitney Stadium,Sun Belt,Sun Belt,401871089
2026,5,regular,2026-10-03T04:00:00.000Z,Georgia,Vanderbilt,Sanford Stadium,SEC,SEC,401856705
2026,5,regular,2026-10-03T04:00:00.000Z,Louisiana,Arkansas State,Cajun Field,Sun Belt,Sun Belt,401869932
2026,5,regular,2026-10-03T04:00:00.000Z,Iowa State,West Virginia,Jack Trice Stadium,Big 12,Big 12,401856822
2026,5,regular,2026-10-03T04:00:00.000Z,Rice,UTSA,Rice Stadium,American Athletic,American Athletic,401862788
2026,5,regular,2026-10-03T04:00:00.000Z,Dartmouth,Pennsylvania,Memorial Field,Ivy,Ivy,401867835
2026,5,regular,2026-10-03T04:00:00.000Z,Florida State,Virginia,Doak Campbell Stadium,ACC,ACC,401858253
2026,5,regular,2026-10-03T04:00:00.000Z,Minnesota,Michigan,Huntington Bank Stadium,Big Ten,Big Ten,401858474
2026,5,regular,2026-10-03T04:00:00.000Z,Mississippi State,Alabama,Davis Wade Stadium,SEC,SEC,401856707
2026,5,regular,2026-10-03T04:00:00.000Z,Coastal Carolina,Georgia Southern,Brooks Stadium (SC),Sun Belt,Sun Belt,401869942
2026,5,regular,2026-10-03T04:00:00.000Z,TCU,BYU,Amon G. Carter Stadium,Big 12,Big 12,401856818
2026,5,regular,2026-10-03T04:00:00.000Z,South Carolina,Kentucky,Williams-Brice Stadium,SEC,SEC,401856709
2026,5,regular,2026-10-03T04:00:00.000Z,Central Connecticut,Wagner,Arute Field,NEC,NEC,401867899
2026,5,regular,2026-10-03T04:00:00.000Z,Houston,UCF,TDECU Stadium,Big 12,Big 12,401856819
2026,5,regular,2026-10-03T04:00:00.000Z,James Madison,Marshall,Bridgeforth Stadium,Sun Belt,Sun Belt,401869962
2026,5,regular,2026-10-03T04:00:00.000Z,Clemson,Miami,"Memorial Stadium (Clemson, SC)",ACC,ACC,401858249
2026,5,regular,2026-10-03T04:00:00.000Z,Arizona,Cincinnati,Arizona Stadium,Big 12,Big 12,401856820
2026,5,regular,2026-10-03T04:00:00.000Z,Central Michigan,Akron,Kelly/Shorts Stadium,Mid-American,Mid-American,401866430
2026,5,regular,2026-10-03T04:00:00.000Z,Buffalo,Western Michigan,UB Stadium,Mid-American,Mid-American,401866432
2026,5,regular,2026-10-03T04:00:00.000Z,Miami (OH),Bowling Green,Yager Stadium,Mid-American,Mid-American,401866477
2026,5,regular,2026-10-03T04:00:00.000Z,Ball State,Toledo,Scheumann Stadium,Mid-American,Mid-American,401866431
2026,5,regular,2026-10-03T04:00:00.000Z,Texas A&M,Arkansas,Kyle Field,SEC,SEC,401856711
2026,5,regular,2026-10-03T04:00:00.000Z,Long Island University,Mercyhurst,Shark Stadium,NEC,NEC,401867910
2026,5,regular,2026-10-03T04:00:00.000Z,Wisconsin,Michigan State,Camp Randall Stadium,Big Ten,Big Ten,401858479
2026,5,regular,2026-10-03T04:00:00.000Z,Colorado,Texas Tech,Folsom Field,Big 12,Big 12,401856821
2026,5,regular,2026-10-03T04:00:00.000Z,North Carolina,Notre Dame,Kenan Stadium,ACC,FBS Independents,401858250
2026,5,regular,2026-10-03T04:00:00.000Z,Illinois,Purdue,"Memorial Stadium (Champaign, IL)",Big Ten,Big Ten,401858472
2026,5,regular,2026-10-03T04:00:00.000Z,USC,Washington,Los Angeles Memorial Coliseum,Big Ten,Big Ten,401858478
2026,5,regular,2026-10-03T04:00:00.000Z,Wake Forest,Stanford,Allegacy Federal Credit Union Stadium,ACC,ACC,401858251
2026,5,regular,2026-10-03T04:00:00.000Z,Iowa,Ohio State,Kinnick Stadium,Big Ten,Big Ten,401858473
2026,5,regular,2026-10-03T04:00:00.000Z,Morehead State,Valparaiso,Jayne Stadium,Pioneer,Pioneer,401868270
2026,5,regular,2026-10-03T04:00:00.000Z,SMU,Boston College,Gerald J. Ford Stadium,ACC,ACC,401858246
2026,5,regular,2026-10-03T04:00:00.000Z,New Mexico,UTEP,University Stadium (NM),Mountain West,Mountain West,401864514
2026,5,regular,2026-10-03T04:00:00.000Z,Hawai'i,San José State,Clarence T.C. Ching Athletics Complex,Mountain West,Mountain West,401864513
2026,5,regular,2026-10-03T04:00:00.000Z,NC State,Louisville,Carter-Finley Stadium,ACC,ACC,401858248
2026,5,regular,2026-10-03T04:00:00.000Z,Massachusetts,Eastern Michigan,Warren McGuirk Alumni Stadium,Mid-American,Mid-American,401866433
2026,5,regular,2026-10-03T04:00:00.000Z,Kent State,Ohio,Dix Stadium,Mid-American,Mid-American,401866434
2026,5,regular,2026-10-03T04:00:00.000Z,South Florida,Temple,Raymond James Stadium,American Athletic,American Athletic,401862792
2026,5,regular,2026-10-03T16:00:00.000Z,UConn,Syracuse,Pratt & Whitney Stadium,FBS Independents,ACC,401858252
2026,5,regular,2026-10-03T16:00:00.000Z,Rhode Island,Brown,Centreville Bank Stadium,CAA,Ivy,401866654
2026,5,regular,2026-10-03T16:00:00.000Z,Columbia,Princeton,Lawrence A. Wien Stadium,Ivy,Ivy,401867819
2026,5,regular,2026-10-03T16:00:00.000Z,Air Force,Navy,Falcon Stadium,Mountain West,American Athletic,401862791
2026,5,regular,2026-10-03T16:00:00.000Z,Lehigh,Fordham,Goodman Stadium,Patriot,Patriot,401868010
2026,5,regular,2026-10-03T16:30:00.000Z,Lafayette,Richmond,Fisher Field,Patriot,Patriot,401868029
2026,5,regular,2026-10-03T16:30:00.000Z,Georgetown,Cornell,Cooper Field,Patriot,Ivy,401867828
2026,5,regular,2026-10-03T17:00:00.000Z,Drake,Dayton,Drake Stadium,Pioneer,Pioneer,401868228
2026,5,regular,2026-10-03T17:00:00.000Z,Puget Sound,Lewis & Clark College,Baker Stadium,Northwest,Northwest,401873231
2026,5,regular,2026-10-03T17:00:00.000Z,Rockford,St. Norbert,Sam Greeley Field,NACC,NACC,401873397
2026,5,regular,2026-10-03T17:00:00.000Z,Stetson,Marist,Spec Martin Municipal Stadium,Pioneer,Pioneer,401868264
2026,5,regular,2026-10-03T17:00:00.000Z,Presbyterian,St. Thomas (MN),Bailey Memorial Stadium,Pioneer,Pioneer,401868276
2026,5,regular,2026-10-03T17:00:00.000Z,New Hampshire,Elon,Wildcat Stadium,CAA,CAA,401866650
2026,5,regular,2026-10-03T17:00:00.000Z,Monmouth,Towson,Kessler Stadium,CAA,CAA,401866651
2026,5,regular,2026-10-03T17:00:00.000Z,Villanova,Morgan State,Villanova Stadium,Patriot,MEAC,401867967
2026,5,regular,2026-10-03T17:30:00.000Z,VMI,Mercer,Alumni Memorial Field,Southern,Southern,401868381
2026,5,regular,2026-10-03T18:00:00.000Z,South Carolina State,The Citadel,Oliver C. Dawson Stadium,MEAC,Southern,401867986
2026,5,regular,2026-10-03T18:00:00.000Z,North Dakota,Murray State,Alerus Center,MVFC,MVFC,401867869
2026,5,regular,2026-10-03T18:00:00.000Z,Robert Morris,Norfolk State,Joe Walton Stadium,NEC,MEAC,401867918
2026,5,regular,2026-10-03T18:00:00.000Z,Furman,Wofford,Paladin Stadium,Southern,Southern,401868375
2026,5,regular,2026-10-03T19:00:00.000Z,South Dakota,Indiana State,DakotaDome,MVFC,MVFC,401867859
2026,5,regular,2026-10-03T19:00:00.000Z,Hampton,Howard,Audi Field,CAA,MEAC,401866656
2026,5,regular,2026-10-03T19:00:00.000Z,Grambling,Alcorn State,Eddie Robinson Stadium,SWAC,SWAC,401868359
2026,5,regular,2026-10-03T19:00:00.000Z,Mississippi Valley State,Prairie View A&M,Rice-Totten Field,SWAC,SWAC,401868965
2026,5,regular,2026-10-03T19:30:00.000Z,UNLV,California,Allegiant Stadium,Mountain West,ACC,401858247
2026,5,regular,2026-10-03T19:30:00.000Z,UAB,Samford,Protective Stadium,American Athletic,Southern,401862793
2026,5,regular,2026-10-03T19:30:00.000Z,William & Mary,Holy Cross,Zable Stadium,Patriot,Patriot,401868025
2026,5,regular,2026-10-03T19:30:00.000Z,North Dakota State,Wyoming,Fargodome,Mountain West,Mountain West,401864515
2026,5,regular,2026-10-03T19:30:00.000Z,UAlbany,Delaware State,Bob Ford Field,CAA,MEAC,401866655
2026,5,regular,2026-10-03T19:30:00.000Z,Maine,Sacred Heart,Alfond Stadium,CAA,CAA,401866652
2026,5,regular,2026-10-03T19:30:00.000Z,East Tennessee State,Chattanooga,William B. Greene Jr. Stadium,Southern,Southern,401868339
2026,5,regular,2026-10-03T20:00:00.000Z,Montana,Northern Colorado,Washington-Grizzly Stadium,Big Sky,Big Sky,401868114
2026,5,regular,2026-10-03T20:00:00.000Z,Lamar,Northwestern State,Provost Umphrey Stadium,Southland,Southland,401869131
2026,5,regular,2026-10-03T20:00:00.000Z,Western Illinois,Tennessee State,Hanson Field,Big South-OVC,Big South-OVC,401868197
2026,5,regular,2026-10-03T20:00:00.000Z,Bethune-Cookman,Alabama State,Municipal Stadium,SWAC,SWAC,401868328
2026,5,regular,2026-10-03T20:00:00.000Z,San Diego,Davidson,Torero Stadium,Pioneer,Pioneer,401868220
2026,5,regular,2026-10-03T21:00:00.000Z,Southern Illinois,Youngstown State,Saluki Stadium,MVFC,MVFC,401867891
2026,5,regular,2026-10-03T21:00:00.000Z,Austin Peay,New Haven,Governors Stadium,UAC,NEC,401868064
2026,5,regular,2026-10-03T21:00:00.000Z,Jackson State,Alabama A&M,Ladd Peebles Stadium,SWAC,SWAC,401868295
2026,5,regular,2026-10-03T22:00:00.000Z,North Carolina Central,Campbell,O'Kelly-Riddick Stadium,MEAC,CAA,401866657
2026,5,regular,2026-10-03T22:00:00.000Z,Eastern Kentucky,North Alabama,Roy Kidd Stadium,UAC,UAC,401868143
2026,5,regular,2026-10-03T22:00:00.000Z,Western Carolina,Tennessee Tech,E. J. Whitmire Stadium,Southern,Southern,401868391
2026,5,regular,2026-10-03T22:00:00.000Z,Charleston Southern,Gardner-Webb,Buccaneer Field,Big South-OVC,Big South-OVC,401868173
2026,5,regular,2026-10-03T22:00:00.000Z,Colorado State,Oregon State,Canvas Stadium,Pac-12,Pac-12,401860899
2026,5,regular,2026-10-03T22:00:00.000Z,Bryant,North Carolina A&T,Bulldog Stadium,CAA,CAA,401866653
2026,5,regular,2026-10-03T22:00:00.000Z,Florida Atlantic,Texas Southern,FAU Stadium,American Athletic,SWAC,401862790
2026,5,regular,2026-10-03T22:00:00.000Z,Stephen F. Austin,Incarnate Word,Homer Bryce Stadium,Southland,Southland,401868309
2026,5,regular,2026-10-03T23:00:00.000Z,Southern,Arkansas-Pine Bluff,Ace W. Mumford Stadium,SWAC,SWAC,401868936
2026,5,regular,2026-10-03T23:00:00.000Z,Illinois State,South Dakota State,Hancock Stadium,MVFC,MVFC,401867848
2026,5,regular,2026-10-03T23:00:00.000Z,Tarleton State,Chicago State,"Memorial Stadium (Stephenville, TX)",UAC,FCS Independents,401867688
2026,5,regular,2026-10-03T23:00:00.000Z,Houston Christian,Nicholls,Husky Stadium,Southland,Southland,401869151
2026,5,regular,2026-10-03T23:00:00.000Z,Harvard,Colgate,Harvard Stadium,Ivy,Patriot,401867840
2026,5,regular,2026-10-03T23:00:00.000Z,East Texas A&M,UT Rio Grande Valley,Memorial Stadium (Commerce TX),Southland,Southland,401868248
2026,5,regular,2026-10-03T23:30:00.000Z,Boise State,Utah State,Albertsons Stadium,Pac-12,Pac-12,401860898
2026,5,regular,2026-10-03T23:45:00.000Z,LSU,McNeese,Tiger Stadium (LA),SEC,Southland,401856706
2026,5,regular,2026-10-04T00:00:00.000Z,Idaho State,Northern Arizona,Holt Arena,Big Sky,Big Sky,401868104
2026,5,regular,2026-10-04T00:00:00.000Z,Abilene Christian,West Florida,Wildcat Stadium (TX),UAC,UAC,401868053
2026,5,regular,2026-10-04T00:00:00.000Z,Utah Tech,Southern Utah,Greater Zion Stadium,Big Sky,Big Sky,401868160
2026,5,regular,2026-10-04T00:00:00.000Z,Rutgers,Indiana,SHI Stadium,Big Ten,Big Ten,401858477
2026,5,regular,2026-10-04T00:00:00.000Z,Cal Poly,Weber State,Alex G. Spanos Stadium,Big Sky,Big Sky,401868077
2026,5,regular,2026-10-04T01:30:00.000Z,Washington State,Fresno State,Gesa Field,Pac-12,Pac-12,401860921
2026,5,regular,2026-10-04T02:30:00.000Z,UC Davis,Eastern Washington,Aggie Stadium,Big Sky,Big Sky,401868086
2026,5,regular,2026-10-04T02:30:00.000Z,San Diego State,Texas State,Snapdragon Stadium,Pac-12,Pac-12,401860900
2026,6,regular,2026-10-07T00:00:00.000Z,Troy,Southern Miss,Veterans Memorial Stadium (AL),Sun Belt,Sun Belt,401871090
2026,6,regular,2026-10-07T23:00:00.000Z,Kennesaw State,Jacksonville State,Fifth Third Stadium,Conference USA,Conference USA,401871051
2026,6,regular,2026-10-07T23:30:00.000Z,Florida International,New Mexico State,Pitbull Stadium,Conference USA,Conference USA,401871066
2026,6,regular,2026-10-08T23:00:00.000Z,Liberty,Sam Houston,Williams Stadium (VA),Conference USA,Conference USA,401870766
2026,6,regular,2026-10-08T23:00:00.000Z,Western Kentucky,Missouri State,Houchens Industries-L.T. Smith Stadium,Conference USA,Conference USA,401871052
2026,6,regular,2026-10-08T23:30:00.000Z,Arkansas State,South Alabama,Centennial Bank Stadium,Sun Belt,Sun Belt,401869933
2026,6,regular,2026-10-08T23:30:00.000Z,UTSA,South Florida,Alamodome,American Athletic,American Athletic,401862794
2026,6,regular,2026-10-09T23:00:00.000Z,Louisville,Florida State,L&N Federal Credit Union Stadium,ACC,ACC,401858254
2026,6,regular,2026-10-09T23:00:00.000Z,Marist,Columbia,Leonidoff Field,Pioneer,Ivy,401868265
2026,6,regular,2026-10-10T01:00:00.000Z,Washington,Iowa,Husky Stadium,Big Ten,Big Ten,401858487
2026,6,regular,2026-10-10T01:00:00.000Z,Utah State,Washington State,Maverik Stadium,Pac-12,Pac-12,401860922
2026,6,regular,2026-10-10T01:00:00.000Z,San José State,Wyoming,CEFCU Stadium,Mountain West,Mountain West,401864519
2026,6,regular,2026-10-10T02:15:00.000Z,BYU,Iowa State,LaVell Edwards Stadium,Big 12,Big 12,401856826
2026,6,regular,2026-10-10T04:00:00.000Z,Michigan State,Illinois,Spartan Stadium,Big Ten,Big Ten,401858480
2026,6,regular,2026-10-10T04:00:00.000Z,Pennsylvania,Howard,Franklin Field,Ivy,MEAC,401867960
2026,6,regular,2026-10-10T04:00:00.000Z,Ohio,Central Michigan,Peden Stadium,Mid-American,Mid-American,401866438
2026,6,regular,2026-10-10T04:00:00.000Z,Georgia Tech,Duke,Bobby Dodd Stadium,ACC,ACC,401858255
2026,6,regular,2026-10-10T04:00:00.000Z,Akron,Eastern Michigan,InfoCision Stadium,Mid-American,Mid-American,401866435
2026,6,regular,2026-10-10T04:00:00.000Z,Purdue,Minnesota,Ross-Ade Stadium,Big Ten,Big Ten,401858486
2026,6,regular,2026-10-10T04:00:00.000Z,Virginia,Syracuse,Scott Stadium,ACC,ACC,401858258
2026,6,regular,2026-10-10T04:00:00.000Z,Toledo,Buffalo,Glass Bowl,Mid-American,Mid-American,401866437
2026,6,regular,2026-10-10T04:00:00.000Z,Western Michigan,Kent State,Waldo Stadium,Mid-American,Mid-American,401866439
2026,6,regular,2026-10-10T04:00:00.000Z,East Carolina,Rice,Dowdy-Ficklen Stadium,American Athletic,American Athletic,401862797
2026,6,regular,2026-10-10T04:00:00.000Z,Oregon,UCLA,Autzen Stadium,Big Ten,Big Ten,401858484
2026,6,regular,2026-10-10T04:00:00.000Z,Temple,UConn,Lincoln Financial Field,American Athletic,FBS Independents,401861964
2026,6,regular,2026-10-10T04:00:00.000Z,Massachusetts,Miami (OH),Warren McGuirk Alumni Stadium,Mid-American,Mid-American,401866440
2026,6,regular,2026-10-10T04:00:00.000Z,Memphis,UAB,Simmons Bank Liberty Stadium,American Athletic,American Athletic,401862798
2026,6,regular,2026-10-10T04:00:00.000Z,Arkansas,Tennessee,Razorback Stadium,SEC,SEC,401856713
2026,6,regular,2026-10-10T04:00:00.000Z,Utah,Kansas,Rice-Eccles Stadium,Big 12,Big 12,401856827
2026,6,regular,2026-10-10T04:00:00.000Z,North Texas,Charlotte,DATCU Stadium,American Athletic,American Athletic,401862796
2026,6,regular,2026-10-10T04:00:00.000Z,Penn State,USC,Beaver Stadium,Big Ten,Big Ten,401858485
2026,6,regular,2026-10-10T04:00:00.000Z,Florida,South Carolina,Ben Hill Griffin Stadium,SEC,SEC,401856714
2026,6,regular,2026-10-10T04:00:00.000Z,Kentucky,LSU,Kroger Field,SEC,SEC,401856715
2026,6,regular,2026-10-10T04:00:00.000Z,Ohio State,Maryland,Ohio Stadium,Big Ten,Big Ten,401858483
2026,6,regular,2026-10-10T04:00:00.000Z,Louisiana Tech,Louisiana,Joe Aillet Stadium,Sun Belt,Sun Belt,401869965
2026,6,regular,2026-10-10T04:00:00.000Z,UTEP,Nevada,Sun Bowl,Mountain West,Mountain West,401864517
2026,6,regular,2026-10-10T04:00:00.000Z,Nebraska,Indiana,"Memorial Stadium (Lincoln, NE)",Big Ten,Big Ten,401858481
2026,6,regular,2026-10-10T04:00:00.000Z,Wagner,Princeton,Wagner College Stadium,NEC,Ivy,401867930
2026,6,regular,2026-10-10T04:00:00.000Z,Missouri,Texas A&M,Memorial Stadium,SEC,SEC,401856716
2026,6,regular,2026-10-10T04:00:00.000Z,Marshall,Coastal Carolina,Joan C. Edwards Stadium,Sun Belt,Sun Belt,401869943
2026,6,regular,2026-10-10T04:00:00.000Z,Central Connecticut,American International,Arute Field,NEC,Northeast 10,401867907
2026,6,regular,2026-10-10T04:00:00.000Z,West Virginia,Arizona,Milan Puskar Stadium,Big 12,Big 12,401856823
2026,6,regular,2026-10-10T04:00:00.000Z,Arizona State,Hawai'i,Mountain America Stadium,Big 12,Mountain West,401856808
2026,6,regular,2026-10-10T04:00:00.000Z,Vanderbilt,Ole Miss,FirstBank Stadium,SEC,SEC,401856718
2026,6,regular,2026-10-10T04:00:00.000Z,Georgia Southern,James Madison,Allen E. Paulson Stadium,Sun Belt,Sun Belt,401869949
2026,6,regular,2026-10-10T04:00:00.000Z,Alabama,Georgia,Bryant-Denny Stadium,SEC,SEC,401856712
2026,6,regular,2026-10-10T04:00:00.000Z,Oklahoma State,UCF,Boone Pickens Stadium,Big 12,Big 12,401856824
2026,6,regular,2026-10-10T04:00:00.000Z,App State,Old Dominion,Kidd Brewer Stadium,Sun Belt,Sun Belt,401869843
2026,6,regular,2026-10-10T04:00:00.000Z,Pittsburgh,North Carolina,Acrisure Stadium,ACC,ACC,401858256
2026,6,regular,2026-10-10T04:00:00.000Z,Texas Southern,Mississippi Valley State,BBVA Compass Stadium,SWAC,SWAC,401868966
2026,6,regular,2026-10-10T04:00:00.000Z,Northwestern,Ball State,Ryan Field,Big Ten,Mid-American,401858482
2026,6,regular,2026-10-10T04:00:00.000Z,Kansas State,Houston,Bill Snyder Family Stadium,Big 12,Big 12,401856825
2026,6,regular,2026-10-10T04:00:00.000Z,California,Virginia Tech,California Memorial Stadium,ACC,ACC,401858259
2026,6,regular,2026-10-10T04:00:00.000Z,NC State,Wake Forest,Carter-Finley Stadium,ACC,ACC,401858260
2026,6,regular,2026-10-10T04:00:00.000Z,Lamar,Incarnate Word,Provost Umphrey Stadium,Southland,Southland,401869144
2026,6,regular,2026-10-10T04:00:00.000Z,Bowling Green,Sacramento State,Doyt L. Perry Stadium,Mid-American,Mid-American,401866436
2026,6,regular,2026-10-10T16:00:00.000Z,Army,Tulane,Michie Stadium,American Athletic,American Athletic,401862795
2026,6,regular,2026-10-10T16:00:00.000Z,Yale,Dartmouth,Yale Bowl,Ivy,Ivy,401867836
2026,6,regular,2026-10-10T16:00:00.000Z,Dayton,Morehead State,Welcome Stadium,Pioneer,Pioneer,401868229
2026,6,regular,2026-10-10T16:00:00.000Z,Brown,Bryant,Brown Stadium,Ivy,CAA,401866662
2026,6,regular,2026-10-10T16:00:00.000Z,Morgan State,Robert Morris,Hughes Stadium,MEAC,NEC,401867919
2026,6,regular,2026-10-10T16:00:00.000Z,North Carolina A&T,New Hampshire,Aggie Stadium,CAA,CAA,401866658
2026,6,regular,2026-10-10T16:00:00.000Z,Sacred Heart,Stonehill,Campus Field,CAA,NEC,401866660
2026,6,regular,2026-10-10T16:30:00.000Z,Georgetown,Bucknell,Cooper Field,Patriot,Patriot,401867992
2026,6,regular,2026-10-10T17:00:00.000Z,Chattanooga,Samford,Finley Stadium,Southern,Southern,401868340
2026,6,regular,2026-10-10T17:00:00.000Z,Pacific Lutheran,Puget Sound,Sparks Stadium,Northwest,Northwest,401873232
2026,6,regular,2026-10-10T17:00:00.000Z,Valparaiso,Drake,Brown Field,Pioneer,Pioneer,401868256
2026,6,regular,2026-10-10T17:00:00.000Z,Kean,Christopher Newport,Kean Alumni Stadium,New Jersey,New Jersey,401873407
2026,6,regular,2026-10-10T17:00:00.000Z,Delaware State,Franklin Pierce,Alumni Stadium,MEAC,Northeast 10,401867954
2026,6,regular,2026-10-10T17:00:00.000Z,Duquesne,Long Island University,Arthur J. Rooney Athletic Field,NEC,NEC,401867911
2026,6,regular,2026-10-10T17:00:00.000Z,Cornell,Harvard,Schoellkopf Field,Ivy,Ivy,401867829
2026,6,regular,2026-10-10T17:00:00.000Z,North Carolina Central,William & Mary,O'Kelly-Riddick Stadium,MEAC,Patriot,401867980
2026,6,regular,2026-10-10T17:00:00.000Z,Butler,San Diego,Butler Bowl,Pioneer,Pioneer,401868212
2026,6,regular,2026-10-10T17:00:00.000Z,Indiana State,Youngstown State,Memorial Stadium,MVFC,MVFC,401867860
2026,6,regular,2026-10-10T18:00:00.000Z,Lindenwood,Southeast Missouri State,Hunter Stadium,Big South-OVC,Big South-OVC,401871473
2026,6,regular,2026-10-10T18:00:00.000Z,Norfolk State,Virginia University Of Lynchburg,"William Dick"""" Price Stadium""""",MEAC,,401867974
2026,6,regular,2026-10-10T18:00:00.000Z,South Dakota,Southern Illinois,DakotaDome,MVFC,MVFC,401867886
2026,6,regular,2026-10-10T18:00:00.000Z,The Citadel,East Tennessee State,Johnson Hagood Stadium,Southern,Southern,401868347
2026,6,regular,2026-10-10T18:00:00.000Z,Elon,Wofford,Rhodes Stadium,CAA,Southern,401866661
2026,6,regular,2026-10-10T18:00:00.000Z,St. Thomas (MN),Stetson,O'Shaughnessy Stadium,Pioneer,Pioneer,401868282
2026,6,regular,2026-10-10T19:00:00.000Z,Alcorn State,Little Rock,Jack Spinks Stadium,SWAC,,401868360
2026,6,regular,2026-10-10T19:00:00.000Z,Prairie View A&M,Southern,Panther Stadium,SWAC,SWAC,401868968
2026,6,regular,2026-10-10T19:00:00.000Z,Weber State,Idaho,Stewart Stadium,Big Sky,Big Sky,401868095
2026,6,regular,2026-10-10T19:00:00.000Z,Mercer,Western Carolina,Five Star Stadium at the Moye Complex,Southern,Southern,401868382
2026,6,regular,2026-10-10T19:30:00.000Z,Navy,Tulsa,Navy-Marine Corps Memorial Stadium,American Athletic,American Athletic,401862799
2026,6,regular,2026-10-10T19:30:00.000Z,Notre Dame,Stanford,Notre Dame Stadium,FBS Independents,ACC,401858257
2026,6,regular,2026-10-10T19:30:00.000Z,Gardner-Webb,Eastern Illinois,Ernest W. Spangler Stadium,Big South-OVC,Big South-OVC,401868180
2026,6,regular,2026-10-10T19:30:00.000Z,Oklahoma,Texas,Cotton Bowl,SEC,SEC,401856717
2026,6,regular,2026-10-10T19:30:00.000Z,Tennessee State,UT Martin,Nissan Stadium,Big South-OVC,Big South-OVC,401868198
2026,6,regular,2026-10-10T19:30:00.000Z,Tennessee Tech,Furman,Tucker Stadium,Southern,Southern,401868376
2026,6,regular,2026-10-10T19:30:00.000Z,Fordham,Richmond,Jack Coffey Field,Patriot,Patriot,401868011
2026,6,regular,2026-10-10T20:00:00.000Z,Towson,Stony Brook,Johnny Unitas Stadium,CAA,CAA,401866659
2026,6,regular,2026-10-10T20:00:00.000Z,Portland State,Utah Tech,Hillsboro Stadium,Big Sky,Big Sky,401868156
2026,6,regular,2026-10-10T20:00:00.000Z,Alabama State,Florida A&M,Hornet Stadium,SWAC,SWAC,401868329
2026,6,regular,2026-10-10T21:00:00.000Z,Northern Iowa,North Dakota,UNI-Dome,MVFC,MVFC,401867877
2026,6,regular,2026-10-10T21:00:00.000Z,Northern Arizona,Montana,Walkup Skydome,Big Sky,Big Sky,401868115
2026,6,regular,2026-10-10T21:00:00.000Z,West Florida,Northeastern State,Pen-Air Field,UAC,Independent DII,401874036
2026,6,regular,2026-10-10T21:00:00.000Z,Grambling,Jackson State,Eddie Robinson Stadium,SWAC,SWAC,401868955
2026,6,regular,2026-10-10T21:30:00.000Z,Presbyterian,Davidson,Bailey Memorial Stadium,Pioneer,Pioneer,401868221
2026,6,regular,2026-10-10T22:00:00.000Z,Oregon State,San Diego State,Reser Stadium,Pac-12,Pac-12,401860902
2026,6,regular,2026-10-10T22:00:00.000Z,Charleston Southern,South Carolina State,Buccaneer Field,Big South-OVC,MEAC,401867987
2026,6,regular,2026-10-10T22:00:00.000Z,Eastern Kentucky,West Georgia,Roy Kidd Stadium,UAC,UAC,401868144
2026,6,regular,2026-10-10T22:00:00.000Z,Idaho State,Cal Poly,Holt Arena,Big Sky,Big Sky,401868078
2026,6,regular,2026-10-10T23:00:00.000Z,Austin Peay,Tarleton State,Governors Stadium,UAC,UAC,401868065
2026,6,regular,2026-10-10T23:00:00.000Z,Eastern Washington,Northern Colorado,Roos Field,Big Sky,Big Sky,401868087
2026,6,regular,2026-10-10T23:00:00.000Z,UNLV,North Dakota State,Allegiant Stadium,Mountain West,Mountain West,401864518
2026,6,regular,2026-10-10T23:00:00.000Z,Alabama A&M,Bethune-Cookman,Louis Crews Stadium,SWAC,SWAC,401868300
2026,6,regular,2026-10-10T23:30:00.000Z,Northern Illinois,Air Force,Huskie Stadium,Mountain West,Mountain West,401864516
2026,6,regular,2026-10-11T00:00:00.000Z,Abilene Christian,Central Arkansas,Wildcat Stadium (TX),UAC,UAC,401868054
2026,6,regular,2026-10-11T00:00:00.000Z,UT Rio Grande Valley,SE Louisiana,Robert and Janet Vackar Stadium,Southland,Southland,401868249
2026,6,regular,2026-10-11T02:30:00.000Z,Fresno State,Boise State,Valley Children's Stadium,Pac-12,Pac-12,401860901
2026,7,regular,2026-10-13T23:00:00.000Z,Middle Tennessee,Delaware,"Johnny ""Red"" Floyd Stadium",Conference USA,Conference USA,401871067
2026,7,regular,2026-10-14T00:00:00.000Z,Jacksonville State,Florida International,AmFirst Stadium,Conference USA,Conference USA,401871053
2026,7,regular,2026-10-14T23:30:00.000Z,Missouri State,Kennesaw State,Plaster Sports Complex,Conference USA,Conference USA,401871054
2026,7,regular,2026-10-15T00:00:00.000Z,Sam Houston,Western Kentucky,Elliott T. Bowers Stadium,Conference USA,Conference USA,401871068
2026,7,regular,2026-10-15T23:30:00.000Z,UAB,East Carolina,Protective Stadium,American Athletic,American Athletic,401862800
2026,7,regular,2026-10-15T23:30:00.000Z,Old Dominion,Georgia Southern,S.B. Ballard Stadium,Sun Belt,Sun Belt,401869950
2026,7,regular,2026-10-16T00:00:00.000Z,Texas State,Colorado State,Bobcat Stadium (TX),Pac-12,Pac-12,401860923
2026,7,regular,2026-10-16T23:00:00.000Z,Pennsylvania,Columbia,Franklin Field,Ivy,Ivy,401867821
2026,7,regular,2026-10-16T23:30:00.000Z,Tulane,Memphis,Yulman Stadium,American Athletic,American Athletic,401862801
2026,7,regular,2026-10-17T00:00:00.000Z,Purdue,Washington,Ross-Ade Stadium,Big Ten,Big Ten,401858493
2026,7,regular,2026-10-17T00:00:00.000Z,Coastal Carolina,App State,Brooks Stadium (SC),Sun Belt,Sun Belt,401869844
2026,7,regular,2026-10-17T04:00:00.000Z,Samford,Mercer,Seibert Stadium,Southern,Southern,401868383
2026,7,regular,2026-10-17T04:00:00.000Z,Kansas State,Kansas,Bill Snyder Family Stadium,Big 12,Big 12,401856830
2026,7,regular,2026-10-17T04:00:00.000Z,Baylor,TCU,McLane Stadium,Big 12,Big 12,401856832
2026,7,regular,2026-10-17T04:00:00.000Z,Texas Tech,Arizona State,Jones AT&T Stadium,Big 12,Big 12,401856828
2026,7,regular,2026-10-17T04:00:00.000Z,Sacramento State,Ohio,Hornet Stadium,Mid-American,Mid-American,401866445
2026,7,regular,2026-10-17T04:00:00.000Z,West Virginia,Cincinnati,Milan Puskar Stadium,Big 12,Big 12,401856829
2026,7,regular,2026-10-17T04:00:00.000Z,UTEP,San José State,Sun Bowl,Mountain West,Mountain West,401864523
2026,7,regular,2026-10-17T04:00:00.000Z,South Florida,Kent State,Raymond James Stadium,American Athletic,Mid-American,401862806
2026,7,regular,2026-10-17T04:00:00.000Z,Temple,Charlotte,Lincoln Financial Field,American Athletic,American Athletic,401862803
2026,7,regular,2026-10-17T04:00:00.000Z,James Madison,Georgia State,Bridgeforth Stadium,Sun Belt,Sun Belt,401869957
2026,7,regular,2026-10-17T04:00:00.000Z,Louisiana,Troy,Cajun Field,Sun Belt,Sun Belt,401869966
2026,7,regular,2026-10-17T04:00:00.000Z,UL Monroe,Louisiana Tech,Malone Stadium,Sun Belt,Sun Belt,401871091
2026,7,regular,2026-10-17T04:00:00.000Z,Southern Miss,Arkansas State,M. M. Roberts Stadium,Sun Belt,Sun Belt,401869934
2026,7,regular,2026-10-17T04:00:00.000Z,Texas Southern,Southern,BBVA Compass Stadium,SWAC,SWAC,401868972
2026,7,regular,2026-10-17T04:00:00.000Z,Yale,Rhode Island,Yale Bowl,Ivy,CAA,401866669
2026,7,regular,2026-10-17T04:00:00.000Z,Dartmouth,Merrimack,Memorial Field,Ivy,FCS Independents,401867837
2026,7,regular,2026-10-17T04:00:00.000Z,BYU,Notre Dame,LaVell Edwards Stadium,Big 12,FBS Independents,401856809
2026,7,regular,2026-10-17T04:00:00.000Z,Houston,Oklahoma State,TDECU Stadium,Big 12,Big 12,401856831
2026,7,regular,2026-10-17T04:00:00.000Z,Howard,Morehouse College,William H. Greene Stadium,MEAC,SIAC,401867961
2026,7,regular,2026-10-17T04:00:00.000Z,Southern Illinois,Illinois State,Saluki Stadium,MVFC,MVFC,401867849
2026,7,regular,2026-10-17T04:00:00.000Z,Wagner,Long Island University,Wagner College Stadium,NEC,NEC,401867912
2026,7,regular,2026-10-17T04:00:00.000Z,Rice,Tulsa,Rice Stadium,American Athletic,American Athletic,401862805
2026,7,regular,2026-10-17T04:00:00.000Z,UTSA,Navy,Alamodome,American Athletic,American Athletic,401862804
2026,7,regular,2026-10-17T04:00:00.000Z,Rowan,Kean,Richard Wackar Stadium,New Jersey,New Jersey,401873408
2026,7,regular,2026-10-17T04:00:00.000Z,California,Wake Forest,California Memorial Stadium,ACC,ACC,401858269
2026,7,regular,2026-10-17T04:00:00.000Z,Boston College,Pittsburgh,"Alumni Stadium (Chestnut Hill, MA)",ACC,ACC,401858267
2026,7,regular,2026-10-17T04:00:00.000Z,Duke,North Carolina,Wallace Wade Stadium,ACC,ACC,401858266
2026,7,regular,2026-10-17T04:00:00.000Z,Syracuse,Louisville,JMA Wireless Dome,ACC,ACC,401858265
2026,7,regular,2026-10-17T04:00:00.000Z,Clemson,Charleston Southern,"Memorial Stadium (Clemson, SC)",ACC,Big South-OVC,401858261
2026,7,regular,2026-10-17T04:00:00.000Z,Virginia Tech,Georgia Tech,Lane Stadium,ACC,ACC,401858264
2026,7,regular,2026-10-17T04:00:00.000Z,Miami,Florida State,Hard Rock Stadium,ACC,ACC,401858263
2026,7,regular,2026-10-17T04:00:00.000Z,SMU,Virginia,Gerald J. Ford Stadium,ACC,ACC,401858268
2026,7,regular,2026-10-17T04:00:00.000Z,Colorado,Utah,Folsom Field,Big 12,Big 12,401856833
2026,7,regular,2026-10-17T04:00:00.000Z,UCLA,Wisconsin,Rose Bowl,Big Ten,Big Ten,401858494
2026,7,regular,2026-10-17T04:00:00.000Z,Indiana,Ohio State,"Memorial Stadium (Bloomington, IN)",Big Ten,Big Ten,401858488
2026,7,regular,2026-10-17T04:00:00.000Z,Maryland,Rutgers,SECU Stadium,Big Ten,Big Ten,401858489
2026,7,regular,2026-10-17T04:00:00.000Z,Michigan State,Northwestern,Spartan Stadium,Big Ten,Big Ten,401858491
2026,7,regular,2026-10-17T04:00:00.000Z,Michigan,Penn State,Michigan Stadium,Big Ten,Big Ten,401858490
2026,7,regular,2026-10-17T04:00:00.000Z,Oregon,Nebraska,Autzen Stadium,Big Ten,Big Ten,401858492
2026,7,regular,2026-10-17T04:00:00.000Z,Bowling Green,Ball State,Doyt L. Perry Stadium,Mid-American,Mid-American,401866441
2026,7,regular,2026-10-17T04:00:00.000Z,Miami (OH),Akron,Yager Stadium,Mid-American,Mid-American,401866478
2026,7,regular,2026-10-17T04:00:00.000Z,Buffalo,Massachusetts,UB Stadium,Mid-American,Mid-American,401866442
2026,7,regular,2026-10-17T04:00:00.000Z,Central Michigan,Western Michigan,Kelly/Shorts Stadium,Mid-American,Mid-American,401866443
2026,7,regular,2026-10-17T04:00:00.000Z,Eastern Michigan,Toledo,Rynearson Stadium,Mid-American,Mid-American,401866444
2026,7,regular,2026-10-17T04:00:00.000Z,Hawai'i,New Mexico,Clarence T.C. Ching Athletics Complex,Mountain West,Mountain West,401864521
2026,7,regular,2026-10-17T04:00:00.000Z,Georgia,Auburn,Sanford Stadium,SEC,SEC,401856719
2026,7,regular,2026-10-17T04:00:00.000Z,LSU,Mississippi State,Tiger Stadium (LA),SEC,SEC,401856720
2026,7,regular,2026-10-17T04:00:00.000Z,Ole Miss,Missouri,Vaught-Hemingway Stadium,SEC,SEC,401856721
2026,7,regular,2026-10-17T04:00:00.000Z,Oklahoma,Kentucky,"Memorial Stadium (Norman, OK)",SEC,SEC,401856722
2026,7,regular,2026-10-17T04:00:00.000Z,Vanderbilt,Arkansas,FirstBank Stadium,SEC,SEC,401856726
2026,7,regular,2026-10-17T04:00:00.000Z,Texas,Florida,DKR-Texas Memorial Stadium,SEC,SEC,401856724
2026,7,regular,2026-10-17T04:00:00.000Z,Tennessee,Alabama,Neyland Stadium,SEC,SEC,401856723
2026,7,regular,2026-10-17T04:00:00.000Z,Mercyhurst,Central Connecticut,Saxon Stadium,NEC,NEC,401867901
2026,7,regular,2026-10-17T16:00:00.000Z,North Carolina A&T,Chicago State,Aggie Stadium,CAA,FCS Independents,401866668
2026,7,regular,2026-10-17T16:00:00.000Z,Army,Florida Atlantic,Michie Stadium,American Athletic,American Athletic,401862802
2026,7,regular,2026-10-17T16:00:00.000Z,Sacred Heart,Hampton,Campus Field,CAA,CAA,401866663
2026,7,regular,2026-10-17T16:00:00.000Z,Princeton,Brown,Princeton University Stadium,Ivy,Ivy,401867807
2026,7,regular,2026-10-17T16:00:00.000Z,Robert Morris,New Haven,Joe Walton Stadium,NEC,NEC,401867920
2026,7,regular,2026-10-17T17:00:00.000Z,Stonehill,Duquesne,W.B. Mason Stadium,NEC,NEC,401867925
2026,7,regular,2026-10-17T17:00:00.000Z,Drake,Marist,Drake Stadium,Pioneer,Pioneer,401868257
2026,7,regular,2026-10-17T17:00:00.000Z,Willamette,Puget Sound,McCulloch Stadium,Northwest,Northwest,401873233
2026,7,regular,2026-10-17T17:00:00.000Z,Davidson,Morehead State,Richardson Stadium,Pioneer,Pioneer,401868222
2026,7,regular,2026-10-17T17:00:00.000Z,New Hampshire,Monmouth,Wildcat Stadium,CAA,CAA,401866665
2026,7,regular,2026-10-17T17:00:00.000Z,Colgate,Georgetown,Andy Kerr Stadium,Patriot,Patriot,401868002
2026,7,regular,2026-10-17T17:00:00.000Z,Maine,Bryant,Alfond Stadium,CAA,CAA,401866664
2026,7,regular,2026-10-17T17:00:00.000Z,Butler,Dayton,Butler Bowl,Pioneer,Pioneer,401868213
2026,7,regular,2026-10-17T17:00:00.000Z,Texas A&M,The Citadel,Kyle Field,SEC,Southern,401856725
2026,7,regular,2026-10-17T17:00:00.000Z,Rockford,Concordia-Wisconsin,Sam Greeley Field,NACC,NACC,401873398
2026,7,regular,2026-10-17T17:00:00.000Z,Northwestern State,McNeese,Harry Turpin Stadium,Southland,Southland,401869132
2026,7,regular,2026-10-17T17:00:00.000Z,Harvard,Holy Cross,Harvard Stadium,Ivy,Patriot,401867841
2026,7,regular,2026-10-17T17:30:00.000Z,Wofford,VMI,Gibbs Stadium,Southern,Southern,401868398
2026,7,regular,2026-10-17T18:00:00.000Z,West Georgia,Austin Peay,University Stadium (GA),UAC,UAC,401868066
2026,7,regular,2026-10-17T18:00:00.000Z,North Dakota,South Dakota State,Alerus Center,MVFC,MVFC,401867878
2026,7,regular,2026-10-17T18:00:00.000Z,Cornell,Lehigh,Schoellkopf Field,Ivy,Patriot,401867830
2026,7,regular,2026-10-17T18:00:00.000Z,Stetson,Presbyterian,Spec Martin Municipal Stadium,Pioneer,Pioneer,401868277
2026,7,regular,2026-10-17T18:30:00.000Z,Stony Brook,UAlbany,Kenneth P. LaValle Stadium,CAA,CAA,401866666
2026,7,regular,2026-10-17T18:30:00.000Z,Tennessee Tech,Eastern Kentucky,Tucker Stadium,Southern,UAC,401868145
2026,7,regular,2026-10-17T19:00:00.000Z,Eastern Illinois,Lindenwood,O'Brien Stadium,Big South-OVC,Big South-OVC,401868181
2026,7,regular,2026-10-17T19:00:00.000Z,Montana,Idaho,Washington-Grizzly Stadium,Big Sky,Big Sky,401868096
2026,7,regular,2026-10-17T19:00:00.000Z,Arkansas-Pine Bluff,Alabama State,Golden Lion Stadium,SWAC,SWAC,401868330
2026,7,regular,2026-10-17T19:00:00.000Z,Alabama A&M,Grambling,Louis Crews Stadium,SWAC,SWAC,401868301
2026,7,regular,2026-10-17T19:00:00.000Z,Southeast Missouri State,Western Illinois,Houck Field,Big South-OVC,Big South-OVC,401868207
2026,7,regular,2026-10-17T19:00:00.000Z,UT Martin,Gardner-Webb,Graham Stadium,Big South-OVC,Big South-OVC,401868189
2026,7,regular,2026-10-17T19:00:00.000Z,Weber State,Idaho State,Stewart Stadium,Big Sky,Big Sky,401868105
2026,7,regular,2026-10-17T19:00:00.000Z,Mississippi Valley State,Bethune-Cookman,Rice-Totten Field,SWAC,SWAC,401868943
2026,7,regular,2026-10-17T19:00:00.000Z,Jackson State,Florida A&M,Mississippi Veterans Memorial Stadium,SWAC,SWAC,401868949
2026,7,regular,2026-10-17T19:00:00.000Z,Bucknell,Lafayette,Christy Mathewson-Memorial Stadium,Patriot,Patriot,401867993
2026,7,regular,2026-10-17T19:00:00.000Z,Prairie View A&M,Alcorn State,Panther Stadium,SWAC,SWAC,401868361
2026,7,regular,2026-10-17T19:30:00.000Z,Fordham,Villanova,Jack Coffey Field,Patriot,Patriot,401868012
2026,7,regular,2026-10-17T19:30:00.000Z,Wyoming,Northern Illinois,War Memorial Stadium,Mountain West,Mountain West,401864522
2026,7,regular,2026-10-17T19:30:00.000Z,Air Force,UNLV,Falcon Stadium,Mountain West,Mountain West,401864524
2026,7,regular,2026-10-17T19:30:00.000Z,Campbell,Towson,Barker-Lane Stadium,CAA,CAA,401866667
2026,7,regular,2026-10-17T20:00:00.000Z,San Diego,Valparaiso,Torero Stadium,Pioneer,Pioneer,401868289
2026,7,regular,2026-10-17T20:00:00.000Z,Nicholls,Stephen F. Austin,Manning Field at John L. Guidry Stadium,Southland,Southland,401868310
2026,7,regular,2026-10-17T21:00:00.000Z,Murray State,South Dakota,Roy Stewart Stadium,MVFC,MVFC,401867870
2026,7,regular,2026-10-17T21:00:00.000Z,West Florida,West Alabama,Pen-Air Field,UAC,Gulf South,401874037
2026,7,regular,2026-10-17T21:00:00.000Z,SE Louisiana,Lamar,Strawberry Stadium,Southland,Southland,401868319
2026,7,regular,2026-10-17T22:00:00.000Z,Oregon State,Washington State,Reser Stadium,Pac-12,Pac-12,401860903
2026,7,regular,2026-10-17T22:00:00.000Z,Youngstown State,Northern Iowa,Stambaugh Stadium,MVFC,MVFC,401867897
2026,7,regular,2026-10-17T22:30:00.000Z,Tennessee State,Morgan State,Nissan Stadium,Big South-OVC,MEAC,401867968
2026,7,regular,2026-10-17T23:00:00.000Z,Incarnate Word,UT Rio Grande Valley,Gayle and Tom Benson Stadium,Southland,Southland,401868250
2026,7,regular,2026-10-17T23:00:00.000Z,Northern Arizona,Portland State,Walkup Skydome,Big Sky,Big Sky,401868125
2026,7,regular,2026-10-17T23:00:00.000Z,North Dakota State,Nevada,Fargodome,Mountain West,Mountain West,401864520
2026,7,regular,2026-10-17T23:00:00.000Z,Houston Christian,East Texas A&M,Husky Stadium,Southland,Southland,401869152
2026,7,regular,2026-10-17T23:00:00.000Z,Tarleton State,Central Arkansas,"Memorial Stadium (Stephenville, TX)",UAC,UAC,401868134
2026,7,regular,2026-10-17T23:00:00.000Z,Eastern Washington,Montana State,Roos Field,Big Sky,Big Sky,401868088
2026,7,regular,2026-10-17T23:00:00.000Z,North Alabama,Abilene Christian,Braly Municipal Stadium,UAC,UAC,401868055
2026,7,regular,2026-10-17T23:30:00.000Z,Stanford,Elon,Stanford Stadium,ACC,CAA,401858262
2026,7,regular,2026-10-18T00:00:00.000Z,Southern Utah,UC Davis,Eccles Coliseum,Big Sky,Big Sky,401868161
2026,7,regular,2026-10-18T00:00:00.000Z,Northern Colorado,Cal Poly,Nottingham Field,Big Sky,Big Sky,401868079
2026,7,regular,2026-10-18T02:30:00.000Z,San Diego State,Fresno State,Snapdragon Stadium,Pac-12,Pac-12,401860904
2026,8,regular,2026-10-20T23:00:00.000Z,Florida International,Middle Tennessee,Pitbull Stadium,Conference USA,Conference USA,401871055
2026,8,regular,2026-10-20T23:00:00.000Z,Delaware,Missouri State,Delaware Stadium,Conference USA,Conference USA,401871069
2026,8,regular,2026-10-20T23:30:00.000Z,Marshall,South Alabama,Joan C. Edwards Stadium,Sun Belt,Sun Belt,401871092
2026,8,regular,2026-10-22T00:00:00.000Z,Sam Houston,New Mexico State,Elliott T. Bowers Stadium,Conference USA,Conference USA,401871070
2026,8,regular,2026-10-22T23:00:00.000Z,Kennesaw State,Liberty,Fifth Third Stadium,Conference USA,Conference USA,401871056
2026,8,regular,2026-10-22T23:00:00.000Z,App State,James Madison,Kidd Brewer Stadium,Sun Belt,Sun Belt,401869845
2026,8,regular,2026-10-22T23:30:00.000Z,Memphis,East Carolina,Simmons Bank Liberty Stadium,American Athletic,American Athletic,401862807
2026,8,regular,2026-10-23T22:00:00.000Z,UConn,Massachusetts,Pratt & Whitney Stadium,FBS Independents,Mid-American,401861965
2026,8,regular,2026-10-23T23:00:00.000Z,Pennsylvania,Yale,Franklin Field,Ivy,Ivy,401870841
2026,8,regular,2026-10-23T23:00:00.000Z,Virginia,Duke,Scott Stadium,ACC,ACC,401858271
2026,8,regular,2026-10-24T00:30:00.000Z,Tulsa,Army,Chapman Stadium,American Athletic,American Athletic,401862808
2026,8,regular,2026-10-24T01:00:00.000Z,Wyoming,Air Force,War Memorial Stadium,Mountain West,Mountain West,401864525
2026,8,regular,2026-10-24T02:30:00.000Z,Stanford,NC State,Stanford Stadium,ACC,ACC,401858272
2026,8,regular,2026-10-24T04:00:00.000Z,Ohio,Eastern Michigan,Peden Stadium,Mid-American,Mid-American,401866449
2026,8,regular,2026-10-24T04:00:00.000Z,UCF,BYU,FBC Mortgage Stadium,Big 12,Big 12,401856835
2026,8,regular,2026-10-24T04:00:00.000Z,Northwestern,Rutgers,Ryan Field,Big Ten,Big Ten,401858498
2026,8,regular,2026-10-24T04:00:00.000Z,Arkansas State,Georgia State,Centennial Bank Stadium,Sun Belt,Sun Belt,401869935
2026,8,regular,2026-10-24T04:00:00.000Z,Southern Miss,Louisiana,M. M. Roberts Stadium,Sun Belt,Sun Belt,401869967
2026,8,regular,2026-10-24T04:00:00.000Z,Minnesota,Iowa,Huntington Bank Stadium,Big Ten,Big Ten,401858497
2026,8,regular,2026-10-24T04:00:00.000Z,Troy,UL Monroe,Veterans Memorial Stadium (AL),Sun Belt,Sun Belt,401871094
2026,8,regular,2026-10-24T04:00:00.000Z,UCLA,Michigan State,Rose Bowl,Big Ten,Big Ten,401858499
2026,8,regular,2026-10-24T04:00:00.000Z,Nevada,San José State,Mackay Stadium,Mountain West,Mountain West,401864528
2026,8,regular,2026-10-24T04:00:00.000Z,Utah,Houston,Rice-Eccles Stadium,Big 12,Big 12,401856837
2026,8,regular,2026-10-24T04:00:00.000Z,Michigan,Indiana,Michigan Stadium,Big Ten,Big Ten,401858496
2026,8,regular,2026-10-24T04:00:00.000Z,Arizona,Iowa State,Arizona Stadium,Big 12,Big 12,401856838
2026,8,regular,2026-10-24T04:00:00.000Z,Morehead State,Stetson,Jayne Stadium,Pioneer,Pioneer,401868271
2026,8,regular,2026-10-24T04:00:00.000Z,Florida Atlantic,Rice,FAU Stadium,American Athletic,American Athletic,401862809
2026,8,regular,2026-10-24T04:00:00.000Z,Arizona State,Kansas State,Mountain America Stadium,Big 12,Big 12,401856839
2026,8,regular,2026-10-24T04:00:00.000Z,Long Island University,Stonehill,Shark Stadium,NEC,NEC,401867913
2026,8,regular,2026-10-24T04:00:00.000Z,Northern Illinois,Hawai'i,Huskie Stadium,Mountain West,Mountain West,401864526
2026,8,regular,2026-10-24T04:00:00.000Z,SMU,California,Gerald J. Ford Stadium,ACC,ACC,401858270
2026,8,regular,2026-10-24T04:00:00.000Z,Toledo,Western Michigan,Glass Bowl,Mid-American,Mid-American,401866450
2026,8,regular,2026-10-24T04:00:00.000Z,Miami,Pittsburgh,Hard Rock Stadium,ACC,ACC,401858274
2026,8,regular,2026-10-24T04:00:00.000Z,Texas,Ole Miss,DKR-Texas Memorial Stadium,SEC,SEC,401856732
2026,8,regular,2026-10-24T04:00:00.000Z,Kent State,Akron,Dix Stadium,Mid-American,Mid-American,401866446
2026,8,regular,2026-10-24T04:00:00.000Z,Louisiana Tech,Old Dominion,Joe Aillet Stadium,Sun Belt,Sun Belt,401871093
2026,8,regular,2026-10-24T04:00:00.000Z,Cincinnati,Texas Tech,Nippert Stadium,Big 12,Big 12,401856840
2026,8,regular,2026-10-24T04:00:00.000Z,Merrimack,New Hampshire,Duane Stadium,FCS Independents,CAA,401866674
2026,8,regular,2026-10-24T04:00:00.000Z,New Mexico,North Dakota State,University Stadium (NM),Mountain West,Mountain West,401864527
2026,8,regular,2026-10-24T04:00:00.000Z,Illinois,Oregon,"Memorial Stadium (Champaign, IL)",Big Ten,Big Ten,401858495
2026,8,regular,2026-10-24T04:00:00.000Z,Central Michigan,Miami (OH),Kelly/Shorts Stadium,Mid-American,Mid-American,401866476
2026,8,regular,2026-10-24T04:00:00.000Z,Clemson,Virginia Tech,"Memorial Stadium (Clemson, SC)",ACC,ACC,401858276
2026,8,regular,2026-10-24T04:00:00.000Z,Alabama,Texas A&M,Bryant-Denny Stadium,SEC,SEC,401856727
2026,8,regular,2026-10-24T04:00:00.000Z,Kansas,Baylor,Memorial Stadium,Big 12,Big 12,401856834
2026,8,regular,2026-10-24T04:00:00.000Z,TCU,West Virginia,Amon G. Carter Stadium,Big 12,Big 12,401856841
2026,8,regular,2026-10-24T04:00:00.000Z,Buffalo,Bowling Green,UB Stadium,Mid-American,Mid-American,401866448
2026,8,regular,2026-10-24T04:00:00.000Z,Kentucky,Vanderbilt,Kroger Field,SEC,SEC,401856729
2026,8,regular,2026-10-24T04:00:00.000Z,South Carolina,Tennessee,Williams-Brice Stadium,SEC,SEC,401856731
2026,8,regular,2026-10-24T04:00:00.000Z,Oklahoma State,Colorado,Boone Pickens Stadium,Big 12,Big 12,401856836
2026,8,regular,2026-10-24T04:00:00.000Z,Tulane,UTSA,Yulman Stadium,American Athletic,American Athletic,401862811
2026,8,regular,2026-10-24T04:00:00.000Z,Mississippi State,Oklahoma,Davis Wade Stadium,SEC,SEC,401856730
2026,8,regular,2026-10-24T04:00:00.000Z,Georgia Tech,Boston College,Bobby Dodd Stadium,ACC,ACC,401858273
2026,8,regular,2026-10-24T04:00:00.000Z,Lamar,Houston Christian,Provost Umphrey Stadium,Southland,Southland,401869145
2026,8,regular,2026-10-24T04:00:00.000Z,North Carolina,Syracuse,Kenan Stadium,ACC,ACC,401858275
2026,8,regular,2026-10-24T04:00:00.000Z,Ball State,Sacramento State,Scheumann Stadium,Mid-American,Mid-American,401866447
2026,8,regular,2026-10-24T04:00:00.000Z,Morgan State,Howard,Hughes Stadium,MEAC,MEAC,401867962
2026,8,regular,2026-10-24T04:00:00.000Z,Wisconsin,USC,Camp Randall Stadium,Big Ten,Big Ten,401858500
2026,8,regular,2026-10-24T16:00:00.000Z,Dayton,San Diego,Welcome Stadium,Pioneer,Pioneer,401868230
2026,8,regular,2026-10-24T16:00:00.000Z,Central Connecticut,New Haven,Arute Field,NEC,NEC,401867902
2026,8,regular,2026-10-24T16:00:00.000Z,Auburn,LSU,Jordan-Hare Stadium,SEC,SEC,401856728
2026,8,regular,2026-10-24T16:00:00.000Z,Rhode Island,UAlbany,Centreville Bank Stadium,CAA,CAA,401866670
2026,8,regular,2026-10-24T16:00:00.000Z,Duquesne,Wagner,Arthur J. Rooney Athletic Field,NEC,NEC,401867931
2026,8,regular,2026-10-24T16:00:00.000Z,Brown,Cornell,Brown Stadium,Ivy,Ivy,401867808
2026,8,regular,2026-10-24T16:00:00.000Z,Valparaiso,Presbyterian,Brown Field,Pioneer,Pioneer,401868278
2026,8,regular,2026-10-24T16:00:00.000Z,Marist,St. Thomas (MN),Leonidoff Field,Pioneer,Pioneer,401868266
2026,8,regular,2026-10-24T17:00:00.000Z,Bethune-Cookman,Jackson State,Municipal Stadium,SWAC,SWAC,401868944
2026,8,regular,2026-10-24T17:00:00.000Z,Holy Cross,Bucknell,Fitton Field,Patriot,Patriot,401867994
2026,8,regular,2026-10-24T17:00:00.000Z,Fordham,Lafayette,Jack Coffey Field,Patriot,Patriot,401868013
2026,8,regular,2026-10-24T17:00:00.000Z,Drake,Butler,Drake Stadium,Pioneer,Pioneer,401868214
2026,8,regular,2026-10-24T17:00:00.000Z,Kean,William Paterson,Kean Alumni Stadium,New Jersey,New Jersey,401873409
2026,8,regular,2026-10-24T17:00:00.000Z,Maine,Campbell,Alfond Stadium,CAA,CAA,401866671
2026,8,regular,2026-10-24T17:00:00.000Z,Wisconsin-Lutheran,Rockford,Warrior Field at Raabe Stadium,NACC,NACC,401873399
2026,8,regular,2026-10-24T17:30:00.000Z,South Carolina State,Norfolk State,Oliver C. Dawson Stadium,MEAC,MEAC,401867975
2026,8,regular,2026-10-24T17:30:00.000Z,Puget Sound,NEWBERG,Baker Stadium,Northwest,Northwest,401873234
2026,8,regular,2026-10-24T17:30:00.000Z,VMI,East Tennessee State,Alumni Memorial Field,Southern,Southern,401868348
2026,8,regular,2026-10-24T17:30:00.000Z,Columbia,Dartmouth,Lawrence A. Wien Stadium,Ivy,Ivy,401867822
2026,8,regular,2026-10-24T18:00:00.000Z,West Georgia,Tarleton State,University Stadium (GA),UAC,UAC,401868238
2026,8,regular,2026-10-24T18:00:00.000Z,Furman,Samford,Paladin Stadium,Southern,Southern,401868377
2026,8,regular,2026-10-24T18:00:00.000Z,The Citadel,Tennessee Tech,Johnson Hagood Stadium,Southern,Southern,401868392
2026,8,regular,2026-10-24T18:00:00.000Z,Bryant,Stony Brook,Bulldog Stadium,CAA,CAA,401866672
2026,8,regular,2026-10-24T18:00:00.000Z,Southern Illinois,Northern Iowa,Saluki Stadium,MVFC,MVFC,401867892
2026,8,regular,2026-10-24T18:00:00.000Z,Robert Morris,Mercyhurst,Joe Walton Stadium,NEC,NEC,401867921
2026,8,regular,2026-10-24T18:00:00.000Z,South Dakota,North Dakota,DakotaDome,MVFC,MVFC,401867879
2026,8,regular,2026-10-24T18:00:00.000Z,Hampton,Monmouth,Armstrong Stadium,CAA,CAA,401866673
2026,8,regular,2026-10-24T18:00:00.000Z,Richmond,Colgate,E. Claiborne Robins Stadium,Patriot,Patriot,401868003
2026,8,regular,2026-10-24T18:30:00.000Z,Western Carolina,Chattanooga,E. J. Whitmire Stadium,Southern,Southern,401868341
2026,8,regular,2026-10-24T19:00:00.000Z,Harvard,Princeton,Harvard Stadium,Ivy,Ivy,401867842
2026,8,regular,2026-10-24T19:00:00.000Z,Florida A&M,Arkansas-Pine Bluff,Bragg Memorial Stadium,SWAC,SWAC,401868937
2026,8,regular,2026-10-24T19:00:00.000Z,Eastern Illinois,Southeast Missouri State,O'Brien Stadium,Big South-OVC,Big South-OVC,401868182
2026,8,regular,2026-10-24T19:00:00.000Z,Eastern Kentucky,West Florida,Roy Kidd Stadium,UAC,UAC,401868146
2026,8,regular,2026-10-24T19:00:00.000Z,Lindenwood,Chicago State,Hunter Stadium,Big South-OVC,FCS Independents,401867689
2026,8,regular,2026-10-24T19:00:00.000Z,Illinois State,Indiana State,Hancock Stadium,MVFC,MVFC,401867850
2026,8,regular,2026-10-24T19:00:00.000Z,South Dakota State,Murray State,Dana J. Dykhouse Stadium,MVFC,MVFC,401867871
2026,8,regular,2026-10-24T19:00:00.000Z,Montana State,Weber State,Bobcat Stadium,Big Sky,Big Sky,401868121
2026,8,regular,2026-10-24T19:00:00.000Z,Northwestern State,Nicholls,Harry Turpin Stadium,Southland,Southland,401869133
2026,8,regular,2026-10-24T19:30:00.000Z,Navy,North Texas,Navy-Marine Corps Memorial Stadium,American Athletic,American Athletic,401862810
2026,8,regular,2026-10-24T19:30:00.000Z,Villanova,Lehigh,Villanova Stadium,Patriot,Patriot,401868035
2026,8,regular,2026-10-24T19:30:00.000Z,William & Mary,Georgetown,Zable Stadium,Patriot,Patriot,401868019
2026,8,regular,2026-10-24T19:30:00.000Z,Tennessee State,Charleston Southern,Nissan Stadium,Big South-OVC,Big South-OVC,401868174
2026,8,regular,2026-10-24T20:00:00.000Z,Western Illinois,UT Martin,Hanson Field,Big South-OVC,Big South-OVC,401868201
2026,8,regular,2026-10-24T21:00:00.000Z,Central Arkansas,UT Rio Grande Valley,Estes Stadium,UAC,Southland,401868135
2026,8,regular,2026-10-24T21:00:00.000Z,Cal Poly,Utah Tech,Alex G. Spanos Stadium,Big Sky,Big Sky,401868080
2026,8,regular,2026-10-24T21:00:00.000Z,Delaware State,North Carolina Central,Alumni Stadium,MEAC,MEAC,401867955
2026,8,regular,2026-10-24T21:00:00.000Z,Incarnate Word,McNeese,Gayle and Tom Benson Stadium,Southland,Southland,401869138
2026,8,regular,2026-10-24T21:00:00.000Z,Idaho,Southern Utah,Kibbie Dome,Big Sky,Big Sky,401868097
2026,8,regular,2026-10-24T22:00:00.000Z,Idaho State,Portland State,Holt Arena,Big Sky,Big Sky,401868106
2026,8,regular,2026-10-24T22:00:00.000Z,Washington State,Boise State,Gesa Field,Pac-12,Pac-12,401860907
2026,8,regular,2026-10-24T22:00:00.000Z,Stephen F. Austin,SE Louisiana,Homer Bryce Stadium,Southland,Southland,401868311
2026,8,regular,2026-10-24T23:00:00.000Z,North Alabama,Austin Peay,Braly Municipal Stadium,UAC,UAC,401868067
2026,8,regular,2026-10-24T23:00:00.000Z,East Texas A&M,Prairie View A&M,Memorial Stadium (Commerce TX),Southland,SWAC,401868969
2026,8,regular,2026-10-24T23:00:00.000Z,UC Davis,Northern Colorado,Aggie Stadium,Big Sky,Big Sky,401868132
2026,8,regular,2026-10-24T23:30:00.000Z,Texas State,Utah State,Bobcat Stadium (TX),Pac-12,Pac-12,401860906
2026,8,regular,2026-10-25T01:30:00.000Z,Colorado State,San Diego State,Canvas Stadium,Pac-12,Pac-12,401860905
2026,9,regular,2026-10-27T23:00:00.000Z,Western Kentucky,Delaware,Houchens Industries-L.T. Smith Stadium,Conference USA,Conference USA,401871071
2026,9,regular,2026-10-28T00:00:00.000Z,Missouri State,Sam Houston,Plaster Sports Complex,Conference USA,Conference USA,401871072
2026,9,regular,2026-10-28T23:00:00.000Z,Middle Tennessee,Kennesaw State,"Johnny ""Red"" Floyd Stadium",Conference USA,Conference USA,401871058
2026,9,regular,2026-10-29T00:00:00.000Z,New Mexico State,Jacksonville State,Aggie Memorial Stadium,Conference USA,Conference USA,401871057
2026,9,regular,2026-10-29T23:00:00.000Z,Morgan State,South Carolina State,Hughes Stadium,MEAC,MEAC,401867969
2026,9,regular,2026-10-29T23:30:00.000Z,James Madison,Troy,Bridgeforth Stadium,Sun Belt,Sun Belt,401869963
2026,9,regular,2026-10-29T23:30:00.000Z,North Texas,Florida Atlantic,DATCU Stadium,American Athletic,American Athletic,401862812
2026,9,regular,2026-10-30T23:00:00.000Z,Charlotte,Tulane,Jerry Richardson Stadium,American Athletic,American Athletic,401862813
2026,9,regular,2026-10-30T23:00:00.000Z,Dartmouth,Harvard,Memorial Field,Ivy,Ivy,401867838
2026,9,regular,2026-10-30T23:30:00.000Z,UCF,Baylor,FBC Mortgage Stadium,Big 12,Big 12,401856844
2026,9,regular,2026-10-31T02:30:00.000Z,Sacramento State,Kent State,Hornet Stadium,Mid-American,Mid-American,401866451
2026,9,regular,2026-10-31T04:00:00.000Z,Maryland,Illinois,SECU Stadium,Big Ten,Big Ten,401858503
2026,9,regular,2026-10-31T04:00:00.000Z,Old Dominion,Marshall,S.B. Ballard Stadium,Sun Belt,Sun Belt,401871096
2026,9,regular,2026-10-31T04:00:00.000Z,TCU,Kansas,Amon G. Carter Stadium,Big 12,Big 12,401856845
2026,9,regular,2026-10-31T04:00:00.000Z,South Alabama,Louisiana Tech,Hancock Whitney Stadium,Sun Belt,Sun Belt,401871097
2026,9,regular,2026-10-31T04:00:00.000Z,Indiana,Minnesota,"Memorial Stadium (Bloomington, IN)",Big Ten,Big Ten,401858501
2026,9,regular,2026-10-31T04:00:00.000Z,North Carolina,Miami,Kenan Stadium,ACC,ACC,401858282
2026,9,regular,2026-10-31T04:00:00.000Z,Fresno State,Oregon State,Valley Children's Stadium,Pac-12,Pac-12,401860924
2026,9,regular,2026-10-31T04:00:00.000Z,Georgia Southern,App State,Allen E. Paulson Stadium,Sun Belt,Sun Belt,401869846
2026,9,regular,2026-10-31T04:00:00.000Z,USC,Ohio State,Los Angeles Memorial Coliseum,Big Ten,Big Ten,401858509
2026,9,regular,2026-10-31T04:00:00.000Z,UL Monroe,Southern Miss,Malone Stadium,Sun Belt,Sun Belt,401871095
2026,9,regular,2026-10-31T04:00:00.000Z,Pittsburgh,Georgia Tech,Acrisure Stadium,ACC,ACC,401858281
2026,9,regular,2026-10-31T04:00:00.000Z,NC State,California,Carter-Finley Stadium,ACC,ACC,401858277
2026,9,regular,2026-10-31T04:00:00.000Z,Central Connecticut,Robert Morris,Arute Field,NEC,NEC,401867903
2026,9,regular,2026-10-31T04:00:00.000Z,Oregon,Northwestern,Autzen Stadium,Big Ten,Big Ten,401858505
2026,9,regular,2026-10-31T04:00:00.000Z,Merrimack,Wagner,Duane Stadium,FCS Independents,NEC,401867932
2026,9,regular,2026-10-31T04:00:00.000Z,East Carolina,Temple,Dowdy-Ficklen Stadium,American Athletic,American Athletic,401862815
2026,9,regular,2026-10-31T04:00:00.000Z,UCLA,Nevada,Rose Bowl,Big Ten,Mountain West,401858508
2026,9,regular,2026-10-31T04:00:00.000Z,Wake Forest,Virginia,Allegacy Federal Credit Union Stadium,ACC,ACC,401858284
2026,9,regular,2026-10-31T04:00:00.000Z,Penn State,Purdue,Beaver Stadium,Big Ten,Big Ten,401858506
2026,9,regular,2026-10-31T04:00:00.000Z,Morehead State,Drake,Jayne Stadium,Pioneer,Pioneer,401868258
2026,9,regular,2026-10-31T04:00:00.000Z,Duke,Boston College,Wallace Wade Stadium,ACC,ACC,401858279
2026,9,regular,2026-10-31T04:00:00.000Z,Ole Miss,Auburn,Vaught-Hemingway Stadium,SEC,SEC,401856735
2026,9,regular,2026-10-31T04:00:00.000Z,Syracuse,SMU,JMA Wireless Dome,ACC,ACC,401858278
2026,9,regular,2026-10-31T04:00:00.000Z,South Florida,UAB,Raymond James Stadium,American Athletic,American Athletic,401862816
2026,9,regular,2026-10-31T04:00:00.000Z,Arkansas,Missouri,Razorback Stadium,SEC,SEC,401856733
2026,9,regular,2026-10-31T04:00:00.000Z,Cincinnati,Utah,Nippert Stadium,Big 12,Big 12,401856848
2026,9,regular,2026-10-31T04:00:00.000Z,Oklahoma,South Carolina,"Memorial Stadium (Norman, OK)",SEC,SEC,401856736
2026,9,regular,2026-10-31T04:00:00.000Z,Memphis,Army,Simmons Bank Liberty Stadium,American Athletic,American Athletic,401862814
2026,9,regular,2026-10-31T04:00:00.000Z,Iowa State,Oklahoma State,Jack Trice Stadium,Big 12,Big 12,401856847
2026,9,regular,2026-10-31T04:00:00.000Z,Iowa,Wisconsin,Kinnick Stadium,Big Ten,Big Ten,401858502
2026,9,regular,2026-10-31T04:00:00.000Z,Castleton,Kean,Dave Wolk Stadium,New Jersey,New Jersey,401873410
2026,9,regular,2026-10-31T04:00:00.000Z,Chicago State,UFTL,SeatGeek Stadium,FCS Independents,,401867690
2026,9,regular,2026-10-31T04:00:00.000Z,BYU,Arizona State,LaVell Edwards Stadium,Big 12,Big 12,401856843
2026,9,regular,2026-10-31T04:00:00.000Z,Colorado,Kansas State,Folsom Field,Big 12,Big 12,401856846
2026,9,regular,2026-10-31T04:00:00.000Z,Texas Southern,Grambling,BBVA Compass Stadium,SWAC,SWAC,401868956
2026,9,regular,2026-10-31T04:00:00.000Z,Louisville,Stanford,L&N Federal Credit Union Stadium,ACC,ACC,401858283
2026,9,regular,2026-10-31T04:00:00.000Z,Samford,Wofford,Seibert Stadium,Southern,Southern,401868388
2026,9,regular,2026-10-31T04:00:00.000Z,Nebraska,Washington,"Memorial Stadium (Lincoln, NE)",Big Ten,Big Ten,401858504
2026,9,regular,2026-10-31T04:00:00.000Z,Texas Tech,Arizona,Jones AT&T Stadium,Big 12,Big 12,401856842
2026,9,regular,2026-10-31T04:00:00.000Z,South Dakota State,South Dakota,Dana J. Dykhouse Stadium,MVFC,MVFC,401867887
2026,9,regular,2026-10-31T04:00:00.000Z,Texas,Mississippi State,DKR-Texas Memorial Stadium,SEC,SEC,401856737
2026,9,regular,2026-10-31T04:00:00.000Z,San José State,New Mexico,CEFCU Stadium,Mountain West,Mountain West,401864529
2026,9,regular,2026-10-31T04:00:00.000Z,UT Rio Grande Valley,Lamar,Robert and Janet Vackar Stadium,Southland,Southland,401868251
2026,9,regular,2026-10-31T04:00:00.000Z,Rutgers,Michigan,SHI Stadium,Big Ten,Big Ten,401858507
2026,9,regular,2026-10-31T04:00:00.000Z,Georgia State,Coastal Carolina,Center Parc Stadium,Sun Belt,Sun Belt,401869944
2026,9,regular,2026-10-31T04:00:00.000Z,Florida State,Clemson,Doak Campbell Stadium,ACC,ACC,401858280
2026,9,regular,2026-10-31T16:00:00.000Z,Western Michigan,Bowling Green,Waldo Stadium,Mid-American,Mid-American,401866452
2026,9,regular,2026-10-31T16:00:00.000Z,Stonehill,Mercyhurst,W.B. Mason Stadium,NEC,NEC,401867926
2026,9,regular,2026-10-31T16:00:00.000Z,Youngstown State,North Dakota,Stambaugh Stadium,MVFC,MVFC,401867880
2026,9,regular,2026-10-31T16:00:00.000Z,New Haven,Duquesne,Ralph F. DellaCamera Stadium,NEC,NEC,401869154
2026,9,regular,2026-10-31T16:00:00.000Z,Stony Brook,Sacred Heart,Kenneth P. LaValle Stadium,CAA,CAA,401866677
2026,9,regular,2026-10-31T16:00:00.000Z,Rhode Island,Maine,Centreville Bank Stadium,CAA,CAA,401866676
2026,9,regular,2026-10-31T16:00:00.000Z,Columbia,Yale,Lawrence A. Wien Stadium,Ivy,Ivy,401867823
2026,9,regular,2026-10-31T16:00:00.000Z,Navy,Notre Dame,Gillette Stadium,American Athletic,FBS Independents,401859185
2026,9,regular,2026-10-31T16:00:00.000Z,Lehigh,Bucknell,Goodman Stadium,Patriot,Patriot,401867995
2026,9,regular,2026-10-31T16:00:00.000Z,Brown,Pennsylvania,Brown Stadium,Ivy,Ivy,401867809
2026,9,regular,2026-10-31T16:00:00.000Z,UAlbany,Campbell,Bob Ford Field,CAA,CAA,401866675
2026,9,regular,2026-10-31T16:30:00.000Z,Lafayette,Villanova,Fisher Field,Patriot,Patriot,401868030
2026,9,regular,2026-10-31T17:00:00.000Z,Princeton,Cornell,Princeton University Stadium,Ivy,Ivy,401867831
2026,9,regular,2026-10-31T17:00:00.000Z,Chattanooga,VMI,Finley Stadium,Southern,Southern,401868342
2026,9,regular,2026-10-31T17:00:00.000Z,Monmouth,Bryant,Kessler Stadium,CAA,CAA,401866678
2026,9,regular,2026-10-31T17:00:00.000Z,Pacific (OR),Puget Sound,Hanson Stadium,Northwest,Northwest,401873235
2026,9,regular,2026-10-31T17:00:00.000Z,Stetson,Dayton,Spec Martin Municipal Stadium,Pioneer,Pioneer,401868231
2026,9,regular,2026-10-31T17:00:00.000Z,North Carolina A&T,Elon,Aggie Stadium,CAA,CAA,401866679
2026,9,regular,2026-10-31T17:00:00.000Z,Towson,Hampton,Johnny Unitas Stadium,CAA,CAA,401866680
2026,9,regular,2026-10-31T17:00:00.000Z,Presbyterian,Butler,Bailey Memorial Stadium,Pioneer,Pioneer,401868215
2026,9,regular,2026-10-31T17:00:00.000Z,Holy Cross,Richmond,Fitton Field,Patriot,Patriot,401868026
2026,9,regular,2026-10-31T17:00:00.000Z,Rockford,Benedictine University,Sam Greeley Field,NACC,NACC,401873400
2026,9,regular,2026-10-31T17:00:00.000Z,Colgate,William & Mary,Andy Kerr Stadium,Patriot,Patriot,401868004
2026,9,regular,2026-10-31T18:00:00.000Z,Northern Iowa,Indiana State,UNI-Dome,MVFC,MVFC,401867861
2026,9,regular,2026-10-31T18:00:00.000Z,St. Thomas (MN),Davidson,O'Shaughnessy Stadium,Pioneer,Pioneer,401868223
2026,9,regular,2026-10-31T18:00:00.000Z,Charleston Southern,Western Illinois,Buccaneer Field,Big South-OVC,Big South-OVC,401868175
2026,9,regular,2026-10-31T18:00:00.000Z,Southeast Missouri State,Gardner-Webb,Houck Field,Big South-OVC,Big South-OVC,401868190
2026,9,regular,2026-10-31T18:00:00.000Z,Furman,Western Carolina,Paladin Stadium,Southern,Southern,401868378
2026,9,regular,2026-10-31T18:00:00.000Z,North Carolina Central,Howard,O'Kelly-Riddick Stadium,MEAC,MEAC,401867963
2026,9,regular,2026-10-31T18:00:00.000Z,Norfolk State,Delaware State,"William Dick"""" Price Stadium""""",MEAC,MEAC,401867956
2026,9,regular,2026-10-31T18:00:00.000Z,Lindenwood,Tennessee State,Hunter Stadium,Big South-OVC,Big South-OVC,401868199
2026,9,regular,2026-10-31T18:00:00.000Z,Illinois State,Murray State,Hancock Stadium,MVFC,MVFC,401867851
2026,9,regular,2026-10-31T19:00:00.000Z,UT Martin,Eastern Illinois,Graham Stadium,Big South-OVC,Big South-OVC,401868183
2026,9,regular,2026-10-31T19:00:00.000Z,Mississippi Valley State,Alcorn State,Rice-Totten Field,SWAC,SWAC,401868362
2026,9,regular,2026-10-31T19:00:00.000Z,Weber State,UC Davis,Stewart Stadium,Big Sky,Big Sky,401868165
2026,9,regular,2026-10-31T19:00:00.000Z,Stephen F. Austin,Houston Christian,Homer Bryce Stadium,Southland,Southland,401868312
2026,9,regular,2026-10-31T19:00:00.000Z,Southern Utah,Northern Arizona,Eccles Coliseum,Big Sky,Big Sky,401868126
2026,9,regular,2026-10-31T19:00:00.000Z,Montana State,Cal Poly,Bobcat Stadium,Big Sky,Big Sky,401868081
2026,9,regular,2026-10-31T19:00:00.000Z,Air Force,UConn,Falcon Stadium,Mountain West,FBS Independents,401861966
2026,9,regular,2026-10-31T19:00:00.000Z,Utah Tech,Idaho State,Greater Zion Stadium,Big Sky,Big Sky,401868107
2026,9,regular,2026-10-31T19:00:00.000Z,Florida A&M,Southern,Bragg Memorial Stadium,SWAC,SWAC,401868950
2026,9,regular,2026-10-31T19:00:00.000Z,Mercer,The Citadel,Five Star Stadium at the Moye Complex,Southern,Southern,401868384
2026,9,regular,2026-10-31T19:00:00.000Z,McNeese,Nicholls,Cowboy Stadium,Southland,Southland,401869139
2026,9,regular,2026-10-31T19:00:00.000Z,Arkansas-Pine Bluff,Bethune-Cookman,Golden Lion Stadium,SWAC,SWAC,401868938
2026,9,regular,2026-10-31T19:30:00.000Z,Utah State,Colorado State,Maverik Stadium,Pac-12,Pac-12,401860910
2026,9,regular,2026-10-31T19:30:00.000Z,Georgia,Florida,Mercedes-Benz Stadium,SEC,SEC,401856734
2026,9,regular,2026-10-31T19:30:00.000Z,North Dakota State,UTEP,Fargodome,Mountain West,Mountain West,401864531
2026,9,regular,2026-10-31T19:30:00.000Z,East Tennessee State,Tennessee Tech,William B. Greene Jr. Stadium,Southern,Southern,401868349
2026,9,regular,2026-10-31T19:30:00.000Z,Alabama A&M,Alabama State,Legion Field,SWAC,SWAC,401868296
2026,9,regular,2026-10-31T19:30:00.000Z,Liberty,Florida International,Williams Stadium (VA),Conference USA,Conference USA,401871059
2026,9,regular,2026-10-31T20:00:00.000Z,San Diego,Marist,Torero Stadium,Pioneer,Pioneer,401868267
2026,9,regular,2026-10-31T20:00:00.000Z,Abilene Christian,West Georgia,Wildcat Stadium (TX),UAC,UAC,401868056
2026,9,regular,2026-10-31T20:00:00.000Z,East Texas A&M,SE Louisiana,Memorial Stadium (Commerce TX),Southland,Southland,401868320
2026,9,regular,2026-10-31T20:00:00.000Z,Portland State,Idaho,Hillsboro Stadium,Big Sky,Big Sky,401868098
2026,9,regular,2026-10-31T20:00:00.000Z,Eastern Washington,Montana,Roos Field,Big Sky,Big Sky,401868089
2026,9,regular,2026-10-31T21:00:00.000Z,Incarnate Word,Northwestern State,Gayle and Tom Benson Stadium,Southland,Southland,401869134
2026,9,regular,2026-10-31T21:00:00.000Z,Central Arkansas,North Alabama,Estes Stadium,UAC,UAC,401868136
2026,9,regular,2026-10-31T23:00:00.000Z,Tarleton State,Eastern Kentucky,"Memorial Stadium (Stephenville, TX)",UAC,UAC,401868147
2026,9,regular,2026-10-31T23:00:00.000Z,San Diego State,Washington State,Snapdragon Stadium,Pac-12,Pac-12,401860909
2026,9,regular,2026-11-01T02:00:00.000Z,Boise State,Texas State,Albertsons Stadium,Pac-12,Pac-12,401860908
2026,9,regular,2026-11-01T02:30:00.000Z,UNLV,Northern Illinois,Allegiant Stadium,Mountain West,Mountain West,401864530
2026,10,regular,2026-11-04T00:00:00.000Z,Miami (OH),Buffalo,Yager Stadium,Mid-American,Mid-American,401866454
2026,10,regular,2026-11-04T00:00:00.000Z,Akron,Ohio,InfoCision Stadium,Mid-American,Mid-American,401866453
2026,10,regular,2026-11-04T05:00:00.000Z,Massachusetts,Ball State,Warren McGuirk Alumni Stadium,Mid-American,Mid-American,401866455
2026,10,regular,2026-11-04T05:00:00.000Z,Sacramento State,Toledo,Hornet Stadium,Mid-American,Mid-American,401866457
2026,10,regular,2026-11-04T05:00:00.000Z,Eastern Michigan,Central Michigan,Ford Field,Mid-American,Mid-American,401866456
2026,10,regular,2026-11-05T22:00:00.000Z,Howard,South Carolina State,William H. Greene Stadium,MEAC,MEAC,401867964
2026,10,regular,2026-11-06T01:00:00.000Z,Florida Atlantic,UTSA,FAU Stadium,American Athletic,American Athletic,401862817
2026,10,regular,2026-11-06T01:00:00.000Z,Southern Miss,James Madison,M. M. Roberts Stadium,Sun Belt,Sun Belt,401869964
2026,10,regular,2026-11-07T00:00:00.000Z,SMU,Virginia Tech,Gerald J. Ford Stadium,ACC,ACC,401858288
2026,10,regular,2026-11-07T00:30:00.000Z,East Carolina,South Florida,Dowdy-Ficklen Stadium,American Athletic,American Athletic,401862818
2026,10,regular,2026-11-07T01:00:00.000Z,Illinois,Nebraska,"Memorial Stadium (Champaign, IL)",Big Ten,Big Ten,401858510
2026,10,regular,2026-11-07T02:00:00.000Z,Nevada,New Mexico,Mackay Stadium,Mountain West,Mountain West,401864533
2026,10,regular,2026-11-07T03:15:00.000Z,Arizona,TCU,Arizona Stadium,Big 12,Big 12,401856855
2026,10,regular,2026-11-07T05:00:00.000Z,San José State,Northern Illinois,CEFCU Stadium,Mountain West,Mountain West,401864534
2026,10,regular,2026-11-07T05:00:00.000Z,Washington,Penn State,Husky Stadium,Big Ten,Big Ten,401858516
2026,10,regular,2026-11-07T05:00:00.000Z,Missouri,Texas,Memorial Stadium,SEC,SEC,401856743
2026,10,regular,2026-11-07T05:00:00.000Z,Lamar,Stephen F. Austin,Provost Umphrey Stadium,Southland,Southland,401868313
2026,10,regular,2026-11-07T05:00:00.000Z,NC State,Duke,Carter-Finley Stadium,ACC,ACC,401858286
2026,10,regular,2026-11-07T05:00:00.000Z,New Mexico State,Liberty,Aggie Memorial Stadium,Conference USA,Conference USA,401870795
2026,10,regular,2026-11-07T05:00:00.000Z,Wisconsin,Rutgers,Camp Randall Stadium,Big Ten,Big Ten,401858517
2026,10,regular,2026-11-07T05:00:00.000Z,Baylor,Iowa State,McLane Stadium,Big 12,Big 12,401856853
2026,10,regular,2026-11-07T05:00:00.000Z,Mississippi State,Vanderbilt,Davis Wade Stadium,SEC,SEC,401856742
2026,10,regular,2026-11-07T05:00:00.000Z,Boston College,Florida State,"Alumni Stadium (Chestnut Hill, MA)",ACC,ACC,401858289
2026,10,regular,2026-11-07T05:00:00.000Z,Florida International,Missouri State,Pitbull Stadium,Conference USA,Conference USA,401871074
2026,10,regular,2026-11-07T05:00:00.000Z,Ohio State,Oregon,Ohio Stadium,Big Ten,Big Ten,401858514
2026,10,regular,2026-11-07T05:00:00.000Z,North Texas,Rice,DATCU Stadium,American Athletic,American Athletic,401862821
2026,10,regular,2026-11-07T05:00:00.000Z,New Haven,Long Island University,Ralph F. DellaCamera Stadium,NEC,NEC,401867914
2026,10,regular,2026-11-07T05:00:00.000Z,Kansas,UCF,Memorial Stadium,Big 12,Big 12,401856850
2026,10,regular,2026-11-07T05:00:00.000Z,Michigan,Michigan State,Michigan Stadium,Big Ten,Big Ten,401858511
2026,10,regular,2026-11-07T05:00:00.000Z,Georgia Tech,Louisville,Bobby Dodd Stadium,ACC,ACC,401858287
2026,10,regular,2026-11-07T05:00:00.000Z,Middle Tennessee,Western Kentucky,"Johnny ""Red"" Floyd Stadium",Conference USA,Conference USA,401871076
2026,10,regular,2026-11-07T05:00:00.000Z,Coastal Carolina,Old Dominion,Brooks Stadium (SC),Sun Belt,Sun Belt,401869945
2026,10,regular,2026-11-07T05:00:00.000Z,Ole Miss,Georgia,Vaught-Hemingway Stadium,SEC,SEC,401856741
2026,10,regular,2026-11-07T05:00:00.000Z,Houston,Cincinnati,TDECU Stadium,Big 12,Big 12,401856851
2026,10,regular,2026-11-07T05:00:00.000Z,Arizona State,Colorado,Mountain America Stadium,Big 12,Big 12,401856852
2026,10,regular,2026-11-07T05:00:00.000Z,South Carolina,Texas A&M,Williams-Brice Stadium,SEC,SEC,401856744
2026,10,regular,2026-11-07T05:00:00.000Z,UAB,Charlotte,Protective Stadium,American Athletic,American Athletic,401862819
2026,10,regular,2026-11-07T05:00:00.000Z,Texas Tech,West Virginia,Jones AT&T Stadium,Big 12,Big 12,401856856
2026,10,regular,2026-11-07T05:00:00.000Z,Yale,Brown,Yale Bowl,Ivy,Ivy,401867810
2026,10,regular,2026-11-07T05:00:00.000Z,Auburn,Arkansas,Jordan-Hare Stadium,SEC,SEC,401856738
2026,10,regular,2026-11-07T05:00:00.000Z,Tennessee,Kentucky,Neyland Stadium,SEC,SEC,401856745
2026,10,regular,2026-11-07T05:00:00.000Z,Texas Southern,Alabama State,BBVA Compass Stadium,SWAC,SWAC,401868331
2026,10,regular,2026-11-07T05:00:00.000Z,Kennesaw State,Delaware,Fifth Third Stadium,Conference USA,Conference USA,401871073
2026,10,regular,2026-11-07T05:00:00.000Z,Utah,BYU,Rice-Eccles Stadium,Big 12,Big 12,401856849
2026,10,regular,2026-11-07T05:00:00.000Z,Troy,Louisiana Tech,Veterans Memorial Stadium (AL),Sun Belt,Sun Belt,401871098
2026,10,regular,2026-11-07T05:00:00.000Z,Florida,Oklahoma,Ben Hill Griffin Stadium,SEC,SEC,401856739
2026,10,regular,2026-11-07T05:00:00.000Z,Kansas State,Oklahoma State,Bill Snyder Family Stadium,Big 12,Big 12,401856854
2026,10,regular,2026-11-07T05:00:00.000Z,Minnesota,UCLA,Huntington Bank Stadium,Big Ten,Big Ten,401858512
2026,10,regular,2026-11-07T05:00:00.000Z,Georgia Southern,Marshall,Allen E. Paulson Stadium,Sun Belt,Sun Belt,401869951
2026,10,regular,2026-11-07T05:00:00.000Z,Arkansas State,UL Monroe,Centennial Bank Stadium,Sun Belt,Sun Belt,401869936
2026,10,regular,2026-11-07T05:00:00.000Z,Northwestern,Iowa,Ryan Field,Big Ten,Big Ten,401858513
2026,10,regular,2026-11-07T05:00:00.000Z,Mercyhurst,Wagner,Saxon Stadium,NEC,NEC,401867933
2026,10,regular,2026-11-07T05:00:00.000Z,Louisiana,South Alabama,Cajun Field,Sun Belt,Sun Belt,401869968
2026,10,regular,2026-11-07T05:00:00.000Z,LSU,Alabama,Tiger Stadium (LA),SEC,SEC,401856740
2026,10,regular,2026-11-07T05:00:00.000Z,Purdue,Maryland,Ross-Ade Stadium,Big Ten,Big Ten,401858515
2026,10,regular,2026-11-07T05:00:00.000Z,App State,Georgia State,Kidd Brewer Stadium,Sun Belt,Sun Belt,401869927
2026,10,regular,2026-11-07T05:00:00.000Z,UTEP,Hawai'i,Sun Bowl,Mountain West,Mountain West,401864532
2026,10,regular,2026-11-07T05:00:00.000Z,Tulane,Tulsa,Yulman Stadium,American Athletic,American Athletic,401862822
2026,10,regular,2026-11-07T05:00:00.000Z,Syracuse,Clemson,JMA Wireless Dome,ACC,ACC,401858285
2026,10,regular,2026-11-07T17:00:00.000Z,Norfolk State,North Carolina Central,"William Dick"""" Price Stadium""""",MEAC,MEAC,401867976
2026,10,regular,2026-11-07T17:00:00.000Z,Duquesne,Robert Morris,Arthur J. Rooney Athletic Field,NEC,NEC,401867922
2026,10,regular,2026-11-07T17:00:00.000Z,Sacred Heart,Towson,Campus Field,CAA,CAA,401866682
2026,10,regular,2026-11-07T17:00:00.000Z,Lehigh,Colgate,Goodman Stadium,Patriot,Patriot,401868005
2026,10,regular,2026-11-07T17:00:00.000Z,Princeton,Dartmouth,Princeton University Stadium,Ivy,Ivy,401867839
2026,10,regular,2026-11-07T17:00:00.000Z,Dayton,Valparaiso,Welcome Stadium,Pioneer,Pioneer,401868232
2026,10,regular,2026-11-07T17:00:00.000Z,Wake Forest,Merrimack,Allegacy Federal Credit Union Stadium,ACC,FCS Independents,401858290
2026,10,regular,2026-11-07T17:00:00.000Z,Monmouth,North Carolina A&T,Kessler Stadium,CAA,CAA,401866681
2026,10,regular,2026-11-07T17:00:00.000Z,Marist,Morehead State,Leonidoff Field,Pioneer,Pioneer,401868268
2026,10,regular,2026-11-07T17:00:00.000Z,UConn,North Carolina,Pratt & Whitney Stadium,FBS Independents,ACC,401858292
2026,10,regular,2026-11-07T17:30:00.000Z,Georgetown,Holy Cross,Cooper Field,Patriot,Patriot,401868020
2026,10,regular,2026-11-07T18:00:00.000Z,Harvard,Columbia,Harvard Stadium,Ivy,Ivy,401867824
2026,10,regular,2026-11-07T18:00:00.000Z,Villanova,Richmond,Villanova Stadium,Patriot,Patriot,401868038
2026,10,regular,2026-11-07T18:00:00.000Z,Delaware State,Morgan State,Alumni Stadium,MEAC,MEAC,401867957
2026,10,regular,2026-11-07T18:00:00.000Z,Bucknell,Fordham,Christy Mathewson-Memorial Stadium,Patriot,Patriot,401867996
2026,10,regular,2026-11-07T18:00:00.000Z,Cornell,Pennsylvania,Schoellkopf Field,Ivy,Ivy,401867832
2026,10,regular,2026-11-07T18:00:00.000Z,Linfield College,Puget Sound,Maxwell Field,Northwest,Northwest,401873236
2026,10,regular,2026-11-07T18:00:00.000Z,Drake,San Diego,Drake Stadium,Pioneer,Pioneer,401868259
2026,10,regular,2026-11-07T18:00:00.000Z,Eureka College,Rockford,Pete FioRito Stadium at McKinzie Field,NACC,NACC,401873401
2026,10,regular,2026-11-07T18:00:00.000Z,Campbell,Stony Brook,Barker-Lane Stadium,CAA,CAA,401866684
2026,10,regular,2026-11-07T18:00:00.000Z,Bryant,UAlbany,Bulldog Stadium,CAA,CAA,401866683
2026,10,regular,2026-11-07T18:00:00.000Z,Chattanooga,Mercer,Finley Stadium,Southern,Southern,401868343
2026,10,regular,2026-11-07T18:00:00.000Z,East Tennessee State,Samford,William B. Greene Jr. Stadium,Southern,Southern,401868350
2026,10,regular,2026-11-07T18:00:00.000Z,Butler,St. Thomas (MN),Butler Bowl,Pioneer,Pioneer,401868216
2026,10,regular,2026-11-07T18:00:00.000Z,Kean,Salisbury,Kean Alumni Stadium,New Jersey,New Jersey,401873411
2026,10,regular,2026-11-07T18:00:00.000Z,William & Mary,Lafayette,Zable Stadium,Patriot,Patriot,401868031
2026,10,regular,2026-11-07T18:00:00.000Z,New Hampshire,Rhode Island,Wildcat Stadium,CAA,CAA,401866686
2026,10,regular,2026-11-07T18:00:00.000Z,Stonehill,Central Connecticut,W.B. Mason Stadium,NEC,NEC,401867904
2026,10,regular,2026-11-07T18:00:00.000Z,Western Carolina,Wofford,E. J. Whitmire Stadium,Southern,Southern,401868399
2026,10,regular,2026-11-07T18:00:00.000Z,Davidson,Stetson,Richardson Stadium,Pioneer,Pioneer,401868224
2026,10,regular,2026-11-07T18:30:00.000Z,Gardner-Webb,Lindenwood,Ernest W. Spangler Stadium,Big South-OVC,Big South-OVC,401868191
2026,10,regular,2026-11-07T19:00:00.000Z,Northern Iowa,South Dakota State,UNI-Dome,MVFC,MVFC,401872617
2026,10,regular,2026-11-07T19:00:00.000Z,North Dakota,Illinois State,Alerus Center,MVFC,MVFC,401867852
2026,10,regular,2026-11-07T19:00:00.000Z,Charleston Southern,UT Martin,Buccaneer Field,Big South-OVC,Big South-OVC,401868176
2026,10,regular,2026-11-07T19:00:00.000Z,Northwestern State,UT Rio Grande Valley,Harry Turpin Stadium,Southland,Southland,401868252
2026,10,regular,2026-11-07T19:00:00.000Z,Murray State,Youngstown State,Roy Stewart Stadium,MVFC,MVFC,401867872
2026,10,regular,2026-11-07T19:00:00.000Z,The Citadel,Furman,Johnson Hagood Stadium,Southern,Southern,401868379
2026,10,regular,2026-11-07T19:00:00.000Z,Elon,Hampton,Rhodes Stadium,CAA,CAA,401866685
2026,10,regular,2026-11-07T19:30:00.000Z,Tennessee Tech,VMI,Tucker Stadium,Southern,Southern,401868393
2026,10,regular,2026-11-07T20:00:00.000Z,Eastern Illinois,Western Illinois,O'Brien Stadium,Big South-OVC,Big South-OVC,401868184
2026,10,regular,2026-11-07T20:00:00.000Z,Grambling,Arkansas-Pine Bluff,Eddie Robinson Stadium,SWAC,SWAC,401868939
2026,10,regular,2026-11-07T20:00:00.000Z,Southern,Bethune-Cookman,Ace W. Mumford Stadium,SWAC,SWAC,401868945
2026,10,regular,2026-11-07T20:00:00.000Z,Prairie View A&M,Alabama A&M,Panther Stadium,SWAC,SWAC,401868302
2026,10,regular,2026-11-07T20:00:00.000Z,Alcorn State,Florida A&M,Jack Spinks Stadium,SWAC,SWAC,401868363
2026,10,regular,2026-11-07T20:00:00.000Z,Jackson State,Mississippi Valley State,Mississippi Veterans Memorial Stadium,SWAC,SWAC,401868961
2026,10,regular,2026-11-07T20:00:00.000Z,Montana,Portland State,Washington-Grizzly Stadium,Big Sky,Big Sky,401868116
2026,10,regular,2026-11-07T20:00:00.000Z,Southern Utah,Northern Colorado,Eccles Coliseum,Big Sky,Big Sky,401868153
2026,10,regular,2026-11-07T20:30:00.000Z,Tennessee State,Southeast Missouri State,Nissan Stadium,Big South-OVC,Big South-OVC,401868200
2026,10,regular,2026-11-07T20:30:00.000Z,Navy,Temple,Navy-Marine Corps Memorial Stadium,American Athletic,American Athletic,401862820
2026,10,regular,2026-11-07T21:00:00.000Z,Nicholls,East Texas A&M,Manning Field at John L. Guidry Stadium,Southland,Southland,401869153
2026,10,regular,2026-11-07T22:00:00.000Z,Central Arkansas,West Georgia,Estes Stadium,UAC,UAC,401868137
2026,10,regular,2026-11-07T22:00:00.000Z,Austin Peay,Eastern Kentucky,Governors Stadium,UAC,UAC,401868068
2026,10,regular,2026-11-07T22:00:00.000Z,Cal Poly,Northern Arizona,Alex G. Spanos Stadium,Big Sky,Big Sky,401868082
2026,10,regular,2026-11-07T22:00:00.000Z,Houston Christian,McNeese,Husky Stadium,Southland,Southland,401869140
2026,10,regular,2026-11-07T22:00:00.000Z,Idaho,Eastern Washington,Kibbie Dome,Big Sky,Big Sky,401868090
2026,10,regular,2026-11-07T23:00:00.000Z,Indiana State,Southern Illinois,Memorial Stadium,MVFC,MVFC,401867862
2026,10,regular,2026-11-07T23:00:00.000Z,Colorado State,Boise State,Canvas Stadium,Pac-12,Pac-12,401860911
2026,10,regular,2026-11-07T23:00:00.000Z,Idaho State,Montana State,Holt Arena,Big Sky,Big Sky,401868108
2026,10,regular,2026-11-08T00:00:00.000Z,Jacksonville State,Sam Houston,AmFirst Stadium,Conference USA,Conference USA,401871075
2026,10,regular,2026-11-08T00:00:00.000Z,SE Louisiana,Incarnate Word,Strawberry Stadium,Southland,Southland,401868321
2026,10,regular,2026-11-08T00:00:00.000Z,Tarleton State,Abilene Christian,"Memorial Stadium (Stephenville, TX)",UAC,UAC,401868057
2026,10,regular,2026-11-08T00:00:00.000Z,UC Davis,Utah Tech,Aggie Stadium,Big Sky,Big Sky,401868166
2026,10,regular,2026-11-08T00:00:00.000Z,North Alabama,West Florida,Braly Municipal Stadium,UAC,UAC,401868152
2026,10,regular,2026-11-08T00:30:00.000Z,Notre Dame,Miami,Notre Dame Stadium,FBS Independents,ACC,401858291
2026,10,regular,2026-11-08T00:30:00.000Z,Army,Air Force,Michie Stadium,American Athletic,Mountain West,401862823
2026,10,regular,2026-11-08T02:30:00.000Z,Utah State,Fresno State,Maverik Stadium,Pac-12,Pac-12,401860913
2026,10,regular,2026-11-08T03:30:00.000Z,Oregon State,Texas State,Reser Stadium,Pac-12,Pac-12,401860912
2026,10,regular,2026-11-08T03:30:00.000Z,UNLV,Wyoming,Allegiant Stadium,Mountain West,Mountain West,401864535
2026,11,regular,2026-11-10T05:00:00.000Z,Bowling Green,Kent State,Doyt L. Perry Stadium,Mid-American,Mid-American,401866459
2026,11,regular,2026-11-10T05:00:00.000Z,Akron,Western Michigan,InfoCision Stadium,Mid-American,Mid-American,401866458
2026,11,regular,2026-11-10T05:00:00.000Z,Miami (OH),Ohio,Yager Stadium,Mid-American,Mid-American,401866460
2026,11,regular,2026-11-11T05:00:00.000Z,Ball State,Buffalo,Scheumann Stadium,Mid-American,Mid-American,401866461
2026,11,regular,2026-11-11T05:00:00.000Z,Central Michigan,Sacramento State,Kelly/Shorts Stadium,Mid-American,Mid-American,401866462
2026,11,regular,2026-11-11T05:00:00.000Z,Toledo,Massachusetts,Glass Bowl,Mid-American,Mid-American,401866463
2026,11,regular,2026-11-13T01:00:00.000Z,South Florida,Memphis,Raymond James Stadium,American Athletic,American Athletic,401862824
2026,11,regular,2026-11-13T02:00:00.000Z,UL Monroe,Louisiana,Malone Stadium,Sun Belt,Sun Belt,401869969
2026,11,regular,2026-11-14T00:00:00.000Z,Pittsburgh,Florida State,Acrisure Stadium,ACC,ACC,401858293
2026,11,regular,2026-11-14T02:00:00.000Z,UCLA,Illinois,Rose Bowl,Big Ten,Big Ten,401858526
2026,11,regular,2026-11-14T03:00:00.000Z,Portland State,Southern Utah,Hillsboro Stadium,Big Sky,Big Sky,401868157
2026,11,regular,2026-11-14T03:15:00.000Z,Colorado,Houston,Folsom Field,Big 12,Big 12,401856860
2026,11,regular,2026-11-14T05:00:00.000Z,NC State,Syracuse,Carter-Finley Stadium,ACC,ACC,401858300
2026,11,regular,2026-11-14T05:00:00.000Z,Long Island University,Central Connecticut,Shark Stadium,NEC,NEC,401867905
2026,11,regular,2026-11-14T05:00:00.000Z,Rice,Tulane,Rice Stadium,American Athletic,American Athletic,401862828
2026,11,regular,2026-11-14T05:00:00.000Z,UTSA,North Texas,Alamodome,American Athletic,American Athletic,401862827
2026,11,regular,2026-11-14T05:00:00.000Z,Howard,Delaware State,William H. Greene Stadium,MEAC,MEAC,401867958
2026,11,regular,2026-11-14T05:00:00.000Z,Temple,UAB,Lincoln Financial Field,American Athletic,American Athletic,401862829
2026,11,regular,2026-11-14T05:00:00.000Z,Iowa State,Cincinnati,Jack Trice Stadium,Big 12,Big 12,401856859
2026,11,regular,2026-11-14T05:00:00.000Z,Tulsa,Florida Atlantic,Chapman Stadium,American Athletic,American Athletic,401862826
2026,11,regular,2026-11-14T05:00:00.000Z,Iowa,Purdue,Kinnick Stadium,Big Ten,Big Ten,401858519
2026,11,regular,2026-11-14T05:00:00.000Z,UTEP,Wyoming,Sun Bowl,Mountain West,Mountain West,401864540
2026,11,regular,2026-11-14T05:00:00.000Z,College Of New Jersey,Kean,Lions Stadium,New Jersey,New Jersey,401873412
2026,11,regular,2026-11-14T05:00:00.000Z,Oregon,Michigan,Autzen Stadium,Big Ten,Big Ten,401858523
2026,11,regular,2026-11-14T05:00:00.000Z,Arkansas,South Carolina,Razorback Stadium,SEC,SEC,401856882
2026,11,regular,2026-11-14T05:00:00.000Z,Georgia State,Georgia Southern,Center Parc Stadium,Sun Belt,Sun Belt,401869952
2026,11,regular,2026-11-14T05:00:00.000Z,Coastal Carolina,Arkansas State,Brooks Stadium (SC),Sun Belt,Sun Belt,401869937
2026,11,regular,2026-11-14T05:00:00.000Z,Oklahoma,Ole Miss,"Memorial Stadium (Norman, OK)",SEC,SEC,401856887
2026,11,regular,2026-11-14T05:00:00.000Z,Vanderbilt,Alabama,FirstBank Stadium,SEC,SEC,401856889
2026,11,regular,2026-11-14T05:00:00.000Z,Oklahoma State,Texas Tech,Boone Pickens Stadium,Big 12,Big 12,401856863
2026,11,regular,2026-11-14T05:00:00.000Z,South Alabama,Troy,Hancock Whitney Stadium,Sun Belt,Sun Belt,401871100
2026,11,regular,2026-11-14T05:00:00.000Z,TCU,Kansas State,Amon G. Carter Stadium,Big 12,Big 12,401856862
2026,11,regular,2026-11-14T05:00:00.000Z,Indiana,USC,"Memorial Stadium (Bloomington, IN)",Big Ten,Big Ten,401858518
2026,11,regular,2026-11-14T05:00:00.000Z,Marshall,App State,Joan C. Edwards Stadium,Sun Belt,Sun Belt,401869928
2026,11,regular,2026-11-14T05:00:00.000Z,Delaware,Florida International,Delaware Stadium,Conference USA,Conference USA,401871060
2026,11,regular,2026-11-14T05:00:00.000Z,Northern Illinois,Nevada,Huskie Stadium,Mountain West,Mountain West,401864536
2026,11,regular,2026-11-14T05:00:00.000Z,Texas A&M,Tennessee,Kyle Field,SEC,SEC,401856888
2026,11,regular,2026-11-14T05:00:00.000Z,Arizona,Utah,Arizona Stadium,Big 12,Big 12,401856864
2026,11,regular,2026-11-14T05:00:00.000Z,Missouri State,New Mexico State,Plaster Sports Complex,Conference USA,Conference USA,401870796
2026,11,regular,2026-11-14T05:00:00.000Z,Georgia,Missouri,Sanford Stadium,SEC,SEC,401856883
2026,11,regular,2026-11-14T05:00:00.000Z,BYU,Baylor,LaVell Edwards Stadium,Big 12,Big 12,401856858
2026,11,regular,2026-11-14T05:00:00.000Z,Rutgers,Nebraska,SHI Stadium,Big Ten,Big Ten,401858525
2026,11,regular,2026-11-14T05:00:00.000Z,SMU,Wake Forest,Gerald J. Ford Stadium,ACC,ACC,401858301
2026,11,regular,2026-11-14T05:00:00.000Z,West Virginia,Kansas,Milan Puskar Stadium,Big 12,Big 12,401856861
2026,11,regular,2026-11-14T05:00:00.000Z,Miami,Duke,Hard Rock Stadium,ACC,ACC,401858296
2026,11,regular,2026-11-14T05:00:00.000Z,Virginia Tech,Stanford,Lane Stadium,ACC,ACC,401858299
2026,11,regular,2026-11-14T05:00:00.000Z,Ohio State,Northwestern,Ohio Stadium,Big Ten,Big Ten,401858522
2026,11,regular,2026-11-14T05:00:00.000Z,UCF,Arizona State,FBC Mortgage Stadium,Big 12,Big 12,401856857
2026,11,regular,2026-11-14T05:00:00.000Z,Western Kentucky,Jacksonville State,Houchens Industries-L.T. Smith Stadium,Conference USA,Conference USA,401870752
2026,11,regular,2026-11-14T05:00:00.000Z,Virginia,California,Scott Stadium,ACC,ACC,401858295
2026,11,regular,2026-11-14T05:00:00.000Z,Clemson,Georgia Tech,"Memorial Stadium (Clemson, SC)",ACC,ACC,401858297
2026,11,regular,2026-11-14T05:00:00.000Z,Penn State,Minnesota,Beaver Stadium,Big Ten,Big Ten,401858524
2026,11,regular,2026-11-14T05:00:00.000Z,Mississippi State,Auburn,Davis Wade Stadium,SEC,SEC,401856886
2026,11,regular,2026-11-14T05:00:00.000Z,Wagner,New Haven,Wagner College Stadium,NEC,NEC,401867934
2026,11,regular,2026-11-14T05:00:00.000Z,Lamar,East Texas A&M,Provost Umphrey Stadium,Southland,Southland,401869146
2026,11,regular,2026-11-14T05:00:00.000Z,North Carolina,Louisville,Kenan Stadium,ACC,ACC,401858298
2026,11,regular,2026-11-14T05:00:00.000Z,Charlotte,East Carolina,Jerry Richardson Stadium,American Athletic,American Athletic,401862825
2026,11,regular,2026-11-14T05:00:00.000Z,Michigan State,Washington,Spartan Stadium,Big Ten,Big Ten,401858521
2026,11,regular,2026-11-14T05:00:00.000Z,Morehead State,Presbyterian,Jayne Stadium,Pioneer,Pioneer,401868272
2026,11,regular,2026-11-14T05:00:00.000Z,Kentucky,Florida,Kroger Field,SEC,SEC,401856884
2026,11,regular,2026-11-14T05:00:00.000Z,Maryland,Wisconsin,SECU Stadium,Big Ten,Big Ten,401858520
2026,11,regular,2026-11-14T05:00:00.000Z,Yale,Princeton,Yale Bowl,Ivy,Ivy,401870842
2026,11,regular,2026-11-14T05:00:00.000Z,Louisiana Tech,Southern Miss,Joe Aillet Stadium,Sun Belt,Sun Belt,401871099
2026,11,regular,2026-11-14T05:00:00.000Z,Sam Houston,Kennesaw State,Elliott T. Bowers Stadium,Conference USA,Conference USA,401870769
2026,11,regular,2026-11-14T05:00:00.000Z,Samford,Western Carolina,Seibert Stadium,Southern,Southern,401868389
2026,11,regular,2026-11-14T05:00:00.000Z,Pennsylvania,Harvard,Franklin Field,Ivy,Ivy,401867843
2026,11,regular,2026-11-14T05:00:00.000Z,LSU,Texas,Tiger Stadium (LA),SEC,SEC,401856885
2026,11,regular,2026-11-14T05:00:00.000Z,Morgan State,Norfolk State,Hughes Stadium,MEAC,MEAC,401867970
2026,11,regular,2026-11-14T05:00:00.000Z,VMI,The Citadel,Alumni Memorial Field,Southern,Southern,401868395
2026,11,regular,2026-11-14T17:00:00.000Z,Dayton,Davidson,Welcome Stadium,Pioneer,Pioneer,401868225
2026,11,regular,2026-11-14T17:00:00.000Z,Marist,Butler,Leonidoff Field,Pioneer,Pioneer,401868217
2026,11,regular,2026-11-14T17:00:00.000Z,UConn,James Madison,Pratt & Whitney Stadium,FBS Independents,Sun Belt,401861967
2026,11,regular,2026-11-14T17:00:00.000Z,Fordham,Georgetown,Jack Coffey Field,Patriot,Patriot,401868014
2026,11,regular,2026-11-14T17:00:00.000Z,Monmouth,Merrimack,Kessler Stadium,CAA,FCS Independents,401866693
2026,11,regular,2026-11-14T17:00:00.000Z,Holy Cross,Villanova,Fitton Field,Patriot,Patriot,401868027
2026,11,regular,2026-11-14T17:00:00.000Z,Duquesne,Mercyhurst,Arthur J. Rooney Athletic Field,NEC,NEC,401869155
2026,11,regular,2026-11-14T17:00:00.000Z,UAlbany,Maine,Bob Ford Field,CAA,CAA,401866687
2026,11,regular,2026-11-14T17:00:00.000Z,Robert Morris,Stonehill,Joe Walton Stadium,NEC,NEC,401867923
2026,11,regular,2026-11-14T17:00:00.000Z,Sacred Heart,Bryant,Campus Field,CAA,CAA,401866688
2026,11,regular,2026-11-14T17:00:00.000Z,Youngstown State,Illinois State,Stambaugh Stadium,MVFC,MVFC,401867853
2026,11,regular,2026-11-14T17:00:00.000Z,Brown,Columbia,Brown Stadium,Ivy,Ivy,401867811
2026,11,regular,2026-11-14T17:00:00.000Z,Rhode Island,Towson,Centreville Bank Stadium,CAA,CAA,401866689
2026,11,regular,2026-11-14T18:00:00.000Z,New Hampshire,Stony Brook,Wildcat Stadium,CAA,CAA,401866691
2026,11,regular,2026-11-14T18:00:00.000Z,Furman,Chattanooga,Paladin Stadium,Southern,Southern,401868344
2026,11,regular,2026-11-14T18:00:00.000Z,Lakeland,Rockford,Taylor Field,NACC,NACC,401873402
2026,11,regular,2026-11-14T18:00:00.000Z,Colgate,Lafayette,Andy Kerr Stadium,Patriot,Patriot,401868006
2026,11,regular,2026-11-14T18:00:00.000Z,William & Mary,Bucknell,Zable Stadium,Patriot,Patriot,401867997
2026,11,regular,2026-11-14T18:00:00.000Z,Hampton,North Carolina A&T,Armstrong Stadium,CAA,CAA,401866690
2026,11,regular,2026-11-14T18:00:00.000Z,Indiana State,Murray State,Memorial Stadium,MVFC,MVFC,401867863
2026,11,regular,2026-11-14T18:00:00.000Z,Cornell,Dartmouth,Schoellkopf Field,Ivy,Ivy,401867833
2026,11,regular,2026-11-14T18:00:00.000Z,Puget Sound,Whitworth,Baker Stadium,Northwest,Northwest,401873237
2026,11,regular,2026-11-14T18:00:00.000Z,Bethune-Cookman,Grambling,Municipal Stadium,SWAC,SWAC,401868946
2026,11,regular,2026-11-14T18:00:00.000Z,Stetson,Valparaiso,Spec Martin Municipal Stadium,Pioneer,Pioneer,401868286
2026,11,regular,2026-11-14T18:30:00.000Z,South Carolina State,North Carolina Central,Oliver C. Dawson Stadium,MEAC,MEAC,401867981
2026,11,regular,2026-11-14T18:30:00.000Z,Wofford,East Tennessee State,Gibbs Stadium,Southern,Southern,401868351
2026,11,regular,2026-11-14T19:00:00.000Z,Northern Colorado,Montana State,Nottingham Field,Big Sky,Big Sky,401868122
2026,11,regular,2026-11-14T19:00:00.000Z,Northwestern State,Houston Christian,Harry Turpin Stadium,Southland,Southland,401869135
2026,11,regular,2026-11-14T19:00:00.000Z,South Dakota,Northern Iowa,DakotaDome,MVFC,MVFC,401867888
2026,11,regular,2026-11-14T19:00:00.000Z,Austin Peay,Abilene Christian,Governors Stadium,UAC,UAC,401868058
2026,11,regular,2026-11-14T19:00:00.000Z,Elon,Campbell,Rhodes Stadium,CAA,CAA,401866692
2026,11,regular,2026-11-14T19:00:00.000Z,Charleston Southern,Southeast Missouri State,Buccaneer Field,Big South-OVC,Big South-OVC,401868177
2026,11,regular,2026-11-14T19:00:00.000Z,West Georgia,North Alabama,University Stadium (GA),UAC,UAC,401868233
2026,11,regular,2026-11-14T19:00:00.000Z,Eastern Kentucky,Central Arkansas,Roy Kidd Stadium,UAC,UAC,401868138
2026,11,regular,2026-11-14T19:00:00.000Z,Richmond,Lehigh,E. Claiborne Robins Stadium,Patriot,Patriot,401868036
2026,11,regular,2026-11-14T19:00:00.000Z,Western Illinois,Gardner-Webb,Hanson Field,Big South-OVC,Big South-OVC,401868192
2026,11,regular,2026-11-14T19:00:00.000Z,Southern Illinois,South Dakota State,Saluki Stadium,MVFC,MVFC,401867893
2026,11,regular,2026-11-14T19:00:00.000Z,St. Thomas (MN),Drake,O'Shaughnessy Stadium,Pioneer,Pioneer,401868260
2026,11,regular,2026-11-14T19:30:00.000Z,Tennessee Tech,Mercer,Tucker Stadium,Southern,Southern,401868385
2026,11,regular,2026-11-14T20:00:00.000Z,West Florida,Tarleton State,Pen-Air Field,UAC,UAC,401868239
2026,11,regular,2026-11-14T20:00:00.000Z,Incarnate Word,Nicholls,Gayle and Tom Benson Stadium,Southland,Southland,401869148
2026,11,regular,2026-11-14T20:00:00.000Z,Southern,Alcorn State,Ace W. Mumford Stadium,SWAC,SWAC,401868364
2026,11,regular,2026-11-14T20:00:00.000Z,Arkansas-Pine Bluff,Prairie View A&M,Golden Lion Stadium,SWAC,SWAC,401868940
2026,11,regular,2026-11-14T20:00:00.000Z,Alabama State,Jackson State,Hornet Stadium,SWAC,SWAC,401868332
2026,11,regular,2026-11-14T20:00:00.000Z,Alabama A&M,Texas Southern,Louis Crews Stadium,SWAC,SWAC,401868303
2026,11,regular,2026-11-14T20:00:00.000Z,Florida A&M,Mississippi Valley State,Bragg Memorial Stadium,SWAC,SWAC,401868951
2026,11,regular,2026-11-14T20:00:00.000Z,UT Martin,Lindenwood,Graham Stadium,Big South-OVC,Big South-OVC,401868202
2026,11,regular,2026-11-14T20:30:00.000Z,Liberty,Middle Tennessee,Williams Stadium (VA),Conference USA,Conference USA,401871061
2026,11,regular,2026-11-14T20:30:00.000Z,Tennessee State,Eastern Illinois,Nissan Stadium,Big South-OVC,Big South-OVC,401868185
2026,11,regular,2026-11-14T20:30:00.000Z,Notre Dame,Boston College,Notre Dame Stadium,FBS Independents,ACC,401858294
2026,11,regular,2026-11-14T21:00:00.000Z,Idaho,UC Davis,Kibbie Dome,Big Sky,Big Sky,401868099
2026,11,regular,2026-11-14T21:00:00.000Z,Utah Tech,Eastern Washington,Greater Zion Stadium,Big Sky,Big Sky,401868091
2026,11,regular,2026-11-14T21:00:00.000Z,Texas State,Fresno State,Bobcat Stadium (TX),Pac-12,Pac-12,401860916
2026,11,regular,2026-11-14T21:00:00.000Z,Northern Arizona,Weber State,Walkup Skydome,Big Sky,Big Sky,401868127
2026,11,regular,2026-11-14T23:00:00.000Z,UT Rio Grande Valley,Stephen F. Austin,Robert and Janet Vackar Stadium,Southland,Southland,401868293
2026,11,regular,2026-11-14T23:00:00.000Z,Boise State,Oregon State,Albertsons Stadium,Pac-12,Pac-12,401860914
2026,11,regular,2026-11-15T00:00:00.000Z,SE Louisiana,McNeese,Strawberry Stadium,Southland,Southland,401868322
2026,11,regular,2026-11-15T00:00:00.000Z,Air Force,San José State,Falcon Stadium,Mountain West,Mountain West,401864538
2026,11,regular,2026-11-15T00:30:00.000Z,New Mexico,UNLV,University Stadium (NM),Mountain West,Mountain West,401864539
2026,11,regular,2026-11-15T02:30:00.000Z,San Diego State,Utah State,Snapdragon Stadium,Pac-12,Pac-12,401860915
2026,11,regular,2026-11-15T03:30:00.000Z,Washington State,Colorado State,Gesa Field,Pac-12,Pac-12,401860917
2026,11,regular,2026-11-15T03:30:00.000Z,Montana,Idaho State,Washington-Grizzly Stadium,Big Sky,Big Sky,401868109
2026,11,regular,2026-11-15T04:00:00.000Z,Hawai'i,North Dakota State,Clarence T.C. Ching Athletics Complex,Mountain West,Mountain West,401864537
2026,12,regular,2026-11-17T05:00:00.000Z,Ohio,Ball State,Peden Stadium,Mid-American,Mid-American,401866464
2026,12,regular,2026-11-17T05:00:00.000Z,Western Michigan,Eastern Michigan,Waldo Stadium,Mid-American,Mid-American,401866465
2026,12,regular,2026-11-17T05:00:00.000Z,Kent State,Miami (OH),Dix Stadium,Mid-American,Mid-American,401866466
2026,12,regular,2026-11-18T05:00:00.000Z,Buffalo,Central Michigan,UB Stadium,Mid-American,Mid-American,401866469
2026,12,regular,2026-11-18T05:00:00.000Z,Massachusetts,Akron,Warren McGuirk Alumni Stadium,Mid-American,Mid-American,401866467
2026,12,regular,2026-11-19T05:00:00.000Z,Louisiana Tech,Arkansas State,Joe Aillet Stadium,Sun Belt,Sun Belt,401869938
2026,12,regular,2026-11-20T00:00:00.000Z,Stephen F. Austin,Northwestern State,Homer Bryce Stadium,Southland,Southland,401868314
2026,12,regular,2026-11-20T00:00:00.000Z,Nicholls,SE Louisiana,Manning Field at John L. Guidry Stadium,Southland,Southland,401868323
2026,12,regular,2026-11-20T00:30:00.000Z,Temple,Rice,Lincoln Financial Field,American Athletic,American Athletic,401862830
2026,12,regular,2026-11-20T23:00:00.000Z,UCF,Iowa State,FBC Mortgage Stadium,Big 12,Big 12,401856869
2026,12,regular,2026-11-21T00:30:00.000Z,Toledo,Bowling Green,Glass Bowl,Mid-American,Mid-American,401866468
2026,12,regular,2026-11-21T00:30:00.000Z,Duke,Clemson,Wallace Wade Stadium,ACC,ACC,401858303
2026,12,regular,2026-11-21T01:00:00.000Z,Air Force,UTEP,Falcon Stadium,Mountain West,Mountain West,401864545
2026,12,regular,2026-11-21T01:00:00.000Z,Michigan State,Oregon,Spartan Stadium,Big Ten,Big Ten,401858529
2026,12,regular,2026-11-21T05:00:00.000Z,Oklahoma,Texas A&M,"Memorial Stadium (Norman, OK)",SEC,SEC,401856752
2026,12,regular,2026-11-21T05:00:00.000Z,Cincinnati,Colorado,Nippert Stadium,Big 12,Big 12,401856867
2026,12,regular,2026-11-21T05:00:00.000Z,UAB,UTSA,Protective Stadium,American Athletic,American Athletic,401862836
2026,12,regular,2026-11-21T05:00:00.000Z,Florida Atlantic,South Florida,FAU Stadium,American Athletic,American Athletic,401862833
2026,12,regular,2026-11-21T05:00:00.000Z,Baylor,Texas Tech,McLane Stadium,Big 12,Big 12,401856871
2026,12,regular,2026-11-21T05:00:00.000Z,Jacksonville State,Missouri State,AmFirst Stadium,Conference USA,Conference USA,401871079
2026,12,regular,2026-11-21T05:00:00.000Z,Liberty,Western Kentucky,Williams Stadium (VA),Conference USA,Conference USA,401871080
2026,12,regular,2026-11-21T05:00:00.000Z,New Mexico State,Delaware,Aggie Memorial Stadium,Conference USA,Conference USA,401871077
2026,12,regular,2026-11-21T05:00:00.000Z,Sam Houston,Middle Tennessee,Elliott T. Bowers Stadium,Conference USA,Conference USA,401871081
2026,12,regular,2026-11-21T05:00:00.000Z,Dartmouth,Brown,Memorial Field,Ivy,Ivy,401867812
2026,12,regular,2026-11-21T05:00:00.000Z,VMI,Furman,Alumni Memorial Field,Southern,Southern,401868380
2026,12,regular,2026-11-21T05:00:00.000Z,Texas Southern,Arkansas-Pine Bluff,BBVA Compass Stadium,SWAC,SWAC,401868941
2026,12,regular,2026-11-21T05:00:00.000Z,California,Stanford,California Memorial Stadium,ACC,ACC,401858308
2026,12,regular,2026-11-21T05:00:00.000Z,Florida State,NC State,Doak Campbell Stadium,ACC,ACC,401858304
2026,12,regular,2026-11-21T05:00:00.000Z,Georgia Tech,Wake Forest,Bobby Dodd Stadium,ACC,ACC,401858310
2026,12,regular,2026-11-21T05:00:00.000Z,Louisville,Pittsburgh,L&N Federal Credit Union Stadium,ACC,ACC,401858306
2026,12,regular,2026-11-21T05:00:00.000Z,Boston College,Syracuse,"Alumni Stadium (Chestnut Hill, MA)",ACC,ACC,401858309
2026,12,regular,2026-11-21T05:00:00.000Z,Kansas State,Arizona,Bill Snyder Family Stadium,Big 12,Big 12,401856865
2026,12,regular,2026-11-21T05:00:00.000Z,Virginia,North Carolina,Scott Stadium,ACC,ACC,401858305
2026,12,regular,2026-11-21T05:00:00.000Z,Miami,Virginia Tech,Hard Rock Stadium,ACC,ACC,401858302
2026,12,regular,2026-11-21T05:00:00.000Z,Merrimack,Sacred Heart,Duane Stadium,FCS Independents,CAA,401866700
2026,12,regular,2026-11-21T05:00:00.000Z,Arizona State,Oklahoma State,Mountain America Stadium,Big 12,Big 12,401856870
2026,12,regular,2026-11-21T05:00:00.000Z,Mercyhurst,New Haven,Saxon Stadium,NEC,NEC,401872643
2026,12,regular,2026-11-21T05:00:00.000Z,Troy,Georgia Southern,Veterans Memorial Stadium (AL),Sun Belt,Sun Belt,401869953
2026,12,regular,2026-11-21T05:00:00.000Z,USC,Maryland,Los Angeles Memorial Coliseum,Big Ten,Big Ten,401858534
2026,12,regular,2026-11-21T05:00:00.000Z,Southern Miss,South Alabama,M. M. Roberts Stadium,Sun Belt,Sun Belt,401871101
2026,12,regular,2026-11-21T05:00:00.000Z,Louisiana,Coastal Carolina,Cajun Field,Sun Belt,Sun Belt,401869946
2026,12,regular,2026-11-21T05:00:00.000Z,App State,UL Monroe,Kidd Brewer Stadium,Sun Belt,Sun Belt,401869929
2026,12,regular,2026-11-21T05:00:00.000Z,Michigan,UCLA,Michigan Stadium,Big Ten,Big Ten,401858528
2026,12,regular,2026-11-21T05:00:00.000Z,Minnesota,Northwestern,Huntington Bank Stadium,Big Ten,Big Ten,401858530
2026,12,regular,2026-11-21T05:00:00.000Z,Nebraska,Ohio State,"Memorial Stadium (Lincoln, NE)",Big Ten,Big Ten,401858531
2026,12,regular,2026-11-21T05:00:00.000Z,Marshall,Georgia State,Joan C. Edwards Stadium,Sun Belt,Sun Belt,401869958
2026,12,regular,2026-11-21T05:00:00.000Z,Penn State,Rutgers,Beaver Stadium,Big Ten,Big Ten,401858532
2026,12,regular,2026-11-21T05:00:00.000Z,Washington,Indiana,Husky Stadium,Big Ten,Big Ten,401858535
2026,12,regular,2026-11-21T05:00:00.000Z,Tulane,North Texas,Yulman Stadium,American Athletic,American Athletic,401862835
2026,12,regular,2026-11-21T05:00:00.000Z,Illinois,Iowa,"Memorial Stadium (Champaign, IL)",Big Ten,Big Ten,401858527
2026,12,regular,2026-11-21T05:00:00.000Z,Tulsa,Charlotte,Chapman Stadium,American Athletic,American Athletic,401862832
2026,12,regular,2026-11-21T05:00:00.000Z,Purdue,Wisconsin,Ross-Ade Stadium,Big Ten,Big Ten,401858533
2026,12,regular,2026-11-21T05:00:00.000Z,Kennesaw State,Florida International,Fifth Third Stadium,Conference USA,Conference USA,401871078
2026,12,regular,2026-11-21T05:00:00.000Z,Nevada,Hawai'i,Mackay Stadium,Mountain West,Mountain West,401864541
2026,12,regular,2026-11-21T05:00:00.000Z,Florida,Vanderbilt,Ben Hill Griffin Stadium,SEC,SEC,401856748
2026,12,regular,2026-11-21T05:00:00.000Z,Missouri,Kentucky,Memorial Stadium,SEC,SEC,401856751
2026,12,regular,2026-11-21T05:00:00.000Z,West Virginia,Houston,Milan Puskar Stadium,Big 12,Big 12,401856868
2026,12,regular,2026-11-21T05:00:00.000Z,TCU,Utah,Amon G. Carter Stadium,Big 12,Big 12,401856872
2026,12,regular,2026-11-21T05:00:00.000Z,Texas,Arkansas,DKR-Texas Memorial Stadium,SEC,SEC,401856755
2026,12,regular,2026-11-21T05:00:00.000Z,South Carolina,Georgia,Williams-Brice Stadium,SEC,SEC,401856753
2026,12,regular,2026-11-21T05:00:00.000Z,Kansas,BYU,Memorial Stadium,Big 12,Big 12,401856866
2026,12,regular,2026-11-21T05:00:00.000Z,Tennessee,LSU,Neyland Stadium,SEC,SEC,401856754
2026,12,regular,2026-11-21T17:00:00.000Z,Robert Morris,Long Island University,Joe Walton Stadium,NEC,NEC,401867915
2026,12,regular,2026-11-21T17:00:00.000Z,Navy,Memphis,Navy-Marine Corps Memorial Stadium,American Athletic,American Athletic,401862834
2026,12,regular,2026-11-21T17:00:00.000Z,Ole Miss,Wofford,Vaught-Hemingway Stadium,SEC,Southern,401856749
2026,12,regular,2026-11-21T17:00:00.000Z,Army,East Carolina,Michie Stadium,American Athletic,American Athletic,401862831
2026,12,regular,2026-11-21T17:00:00.000Z,Stonehill,Wagner,W.B. Mason Stadium,NEC,NEC,401867927
2026,12,regular,2026-11-21T17:00:00.000Z,Holy Cross,Fordham,Fitton Field,Patriot,Patriot,401868015
2026,12,regular,2026-11-21T17:00:00.000Z,Norfolk State,Howard,"William Dick"""" Price Stadium""""",MEAC,MEAC,401867965
2026,12,regular,2026-11-21T17:00:00.000Z,Princeton,Pennsylvania,Princeton University Stadium,Ivy,Ivy,401872619
2026,12,regular,2026-11-21T17:00:00.000Z,Columbia,Cornell,Lawrence A. Wien Stadium,Ivy,Ivy,401867825
2026,12,regular,2026-11-21T17:00:00.000Z,Stony Brook,Hampton,Kenneth P. LaValle Stadium,CAA,CAA,401866695
2026,12,regular,2026-11-21T17:00:00.000Z,Richmond,William & Mary,E. Claiborne Robins Stadium,Patriot,Patriot,401868039
2026,12,regular,2026-11-21T17:00:00.000Z,Central Connecticut,Duquesne,Arute Field,NEC,NEC,401867906
2026,12,regular,2026-11-21T17:00:00.000Z,North Carolina A&T,UAlbany,Aggie Stadium,CAA,CAA,401866694
2026,12,regular,2026-11-21T17:30:00.000Z,Lafayette,Lehigh,Fisher Field,Patriot,Patriot,401868032
2026,12,regular,2026-11-21T18:00:00.000Z,Campbell,Monmouth,Barker-Lane Stadium,CAA,CAA,401866697
2026,12,regular,2026-11-21T18:00:00.000Z,Butler,Morehead State,Butler Bowl,Pioneer,Pioneer,401868218
2026,12,regular,2026-11-21T18:00:00.000Z,Davidson,Marist,Richardson Stadium,Pioneer,Pioneer,401868226
2026,12,regular,2026-11-21T18:00:00.000Z,Western Carolina,The Citadel,E. J. Whitmire Stadium,Southern,Southern,401868396
2026,12,regular,2026-11-21T18:00:00.000Z,Valparaiso,St. Thomas (MN),Brown Field,Pioneer,Pioneer,401868283
2026,12,regular,2026-11-21T18:00:00.000Z,Maine,New Hampshire,Alfond Stadium,CAA,CAA,401866699
2026,12,regular,2026-11-21T18:00:00.000Z,Villanova,Georgetown,Villanova Stadium,Patriot,Patriot,401868021
2026,12,regular,2026-11-21T18:00:00.000Z,Eastern Illinois,Charleston Southern,O'Brien Stadium,Big South-OVC,Big South-OVC,401868178
2026,12,regular,2026-11-21T18:00:00.000Z,Towson,Elon,Johnny Unitas Stadium,CAA,CAA,401866698
2026,12,regular,2026-11-21T18:00:00.000Z,Bucknell,Colgate,Christy Mathewson-Memorial Stadium,Patriot,Patriot,401867998
2026,12,regular,2026-11-21T18:00:00.000Z,Illinois State,South Dakota,Hancock Stadium,MVFC,MVFC,401867854
2026,12,regular,2026-11-21T18:00:00.000Z,Mississippi State,Tennessee Tech,Davis Wade Stadium,SEC,Southern,401856750
2026,12,regular,2026-11-21T18:00:00.000Z,Presbyterian,Dayton,Bailey Memorial Stadium,Pioneer,Pioneer,401868253
2026,12,regular,2026-11-21T18:00:00.000Z,Bryant,Rhode Island,Bulldog Stadium,CAA,CAA,401866696
2026,12,regular,2026-11-21T18:30:00.000Z,Gardner-Webb,Tennessee State,Ernest W. Spangler Stadium,Big South-OVC,Big South-OVC,401868193
2026,12,regular,2026-11-21T18:30:00.000Z,South Carolina State,Delaware State,Oliver C. Dawson Stadium,MEAC,MEAC,401867959
2026,12,regular,2026-11-21T19:00:00.000Z,North Carolina Central,Morgan State,O'Kelly-Riddick Stadium,MEAC,MEAC,401867971
2026,12,regular,2026-11-21T19:00:00.000Z,Murray State,Northern Iowa,Roy Stewart Stadium,MVFC,MVFC,401867873
2026,12,regular,2026-11-21T19:00:00.000Z,Alabama,Chattanooga,Bryant-Denny Stadium,SEC,Southern,401856746
2026,12,regular,2026-11-21T19:00:00.000Z,Southern Utah,Chicago State,Eccles Coliseum,Big Sky,FCS Independents,401891330
2026,12,regular,2026-11-21T19:00:00.000Z,Montana State,Montana,Bobcat Stadium,Big Sky,Big Sky,401868117
2026,12,regular,2026-11-21T19:00:00.000Z,North Dakota,Southern Illinois,Alerus Center,MVFC,MVFC,401867881
2026,12,regular,2026-11-21T19:00:00.000Z,Southeast Missouri State,UT Martin,Houck Field,Big South-OVC,Big South-OVC,401868203
2026,12,regular,2026-11-21T19:00:00.000Z,Abilene Christian,Eastern Kentucky,Wildcat Stadium (TX),UAC,UAC,401868059
2026,12,regular,2026-11-21T19:00:00.000Z,West Georgia,West Florida,University Stadium (GA),UAC,UAC,401868244
2026,12,regular,2026-11-21T20:00:00.000Z,Weber State,Utah Tech,Stewart Stadium,Big Sky,Big Sky,401868167
2026,12,regular,2026-11-21T20:00:00.000Z,Mercer,East Tennessee State,Five Star Stadium at the Moye Complex,Southern,Southern,401868352
2026,12,regular,2026-11-21T20:00:00.000Z,Alcorn State,Jackson State,Jack Spinks Stadium,SWAC,SWAC,401868365
2026,12,regular,2026-11-21T20:00:00.000Z,Alabama State,Prairie View A&M,Hornet Stadium,SWAC,SWAC,401868353
2026,12,regular,2026-11-21T20:00:00.000Z,Mississippi Valley State,Alabama A&M,Rice-Totten Field,SWAC,SWAC,401868304
2026,12,regular,2026-11-21T20:00:00.000Z,Lindenwood,Western Illinois,Hunter Stadium,Big South-OVC,Big South-OVC,401868208
2026,12,regular,2026-11-21T20:00:00.000Z,South Dakota State,Indiana State,Dana J. Dykhouse Stadium,MVFC,MVFC,401867864
2026,12,regular,2026-11-21T20:30:00.000Z,Auburn,Samford,Jordan-Hare Stadium,SEC,Southern,401856747
2026,12,regular,2026-11-21T20:30:00.000Z,UConn,Old Dominion,Pratt & Whitney Stadium,FBS Independents,Sun Belt,401861968
2026,12,regular,2026-11-21T20:30:00.000Z,Bethune-Cookman,Florida A&M,Camping World Stadium,SWAC,SWAC,401868947
2026,12,regular,2026-11-21T20:30:00.000Z,Harvard,Yale,Fenway Park,Ivy,Ivy,401867844
2026,12,regular,2026-11-21T21:00:00.000Z,Northern Arizona,Northern Colorado,Walkup Skydome,Big Sky,Big Sky,401868128
2026,12,regular,2026-11-21T21:00:00.000Z,East Texas A&M,Incarnate Word,Memorial Stadium (Commerce TX),Southland,Southland,401869149
2026,12,regular,2026-11-21T21:00:00.000Z,UC Davis,Cal Poly,Aggie Stadium,Big Sky,Big Sky,401868083
2026,12,regular,2026-11-21T21:00:00.000Z,Eastern Washington,Portland State,Roos Field,Big Sky,Big Sky,401868092
2026,12,regular,2026-11-21T21:00:00.000Z,North Alabama,Tarleton State,Braly Municipal Stadium,UAC,UAC,401868234
2026,12,regular,2026-11-21T21:00:00.000Z,North Dakota State,Northern Illinois,Fargodome,Mountain West,Mountain West,401864543
2026,12,regular,2026-11-21T22:00:00.000Z,Central Arkansas,Austin Peay,Estes Stadium,UAC,UAC,401868069
2026,12,regular,2026-11-21T22:00:00.000Z,Houston Christian,UT Rio Grande Valley,Husky Stadium,Southland,Southland,401868294
2026,12,regular,2026-11-21T23:00:00.000Z,Texas State,Washington State,Bobcat Stadium (TX),Pac-12,Pac-12,401860920
2026,12,regular,2026-11-21T23:00:00.000Z,Idaho State,Idaho,Holt Arena,Big Sky,Big Sky,401868100
2026,12,regular,2026-11-22T00:00:00.000Z,McNeese,Lamar,Cowboy Stadium,Southland,Southland,401869141
2026,12,regular,2026-11-22T00:30:00.000Z,Notre Dame,SMU,Notre Dame Stadium,FBS Independents,ACC,401858307
2026,12,regular,2026-11-22T00:30:00.000Z,Fresno State,Colorado State,Valley Children's Stadium,Pac-12,Pac-12,401860918
2026,12,regular,2026-11-22T01:00:00.000Z,San Diego,Stetson,Torero Stadium,Pioneer,Pioneer,401868287
2026,12,regular,2026-11-22T01:00:00.000Z,San José State,UNLV,CEFCU Stadium,Mountain West,Mountain West,401864544
2026,12,regular,2026-11-22T02:00:00.000Z,Wyoming,New Mexico,War Memorial Stadium,Mountain West,Mountain West,401864542
2026,12,regular,2026-11-22T02:30:00.000Z,Boise State,San Diego State,Albertsons Stadium,Pac-12,Pac-12,401860925
2026,12,regular,2026-11-22T03:30:00.000Z,Oregon State,Utah State,Reser Stadium,Pac-12,Pac-12,401860919
2026,13,regular,2026-11-24T05:00:00.000Z,Eastern Michigan,Kent State,Rynearson Stadium,Mid-American,Mid-American,401866470
2026,13,regular,2026-11-24T05:00:00.000Z,Western Michigan,Miami (OH),Waldo Stadium,Mid-American,Mid-American,401866471
2026,13,regular,2026-11-26T20:00:00.000Z,Alabama State,Tuskegee,Hornet Stadium,SWAC,SIAC,401868354
2026,13,regular,2026-11-27T01:00:00.000Z,Texas Tech,TCU,Jones AT&T Stadium,Big 12,Big 12,401856879
2026,13,regular,2026-11-27T05:00:00.000Z,Ohio,Toledo,Peden Stadium,Mid-American,Mid-American,401866473
2026,13,regular,2026-11-27T05:00:00.000Z,Akron,Buffalo,InfoCision Stadium,Mid-American,Mid-American,401866472
2026,13,regular,2026-11-27T05:00:00.000Z,South Florida,Tulane,Raymond James Stadium,American Athletic,American Athletic,401862839
2026,13,regular,2026-11-27T05:00:00.000Z,East Carolina,Florida Atlantic,Dowdy-Ficklen Stadium,American Athletic,American Athletic,401862837
2026,13,regular,2026-11-27T05:00:00.000Z,Memphis,Temple,Simmons Bank Liberty Stadium,American Athletic,American Athletic,401862838
2026,13,regular,2026-11-27T17:00:00.000Z,Ole Miss,Mississippi State,Vaught-Hemingway Stadium,SEC,SEC,401856762
2026,13,regular,2026-11-27T17:00:00.000Z,Iowa,Nebraska,Kinnick Stadium,Big Ten,Big Ten,401858536
2026,13,regular,2026-11-27T20:00:00.000Z,South Alabama,App State,Hancock Whitney Stadium,Sun Belt,Sun Belt,401869930
2026,13,regular,2026-11-27T20:30:00.000Z,Florida State,Florida,Doak Campbell Stadium,ACC,SEC,401856759
2026,13,regular,2026-11-27T20:30:00.000Z,San José State,North Dakota State,CEFCU Stadium,Mountain West,Mountain West,401864549
2026,13,regular,2026-11-28T00:30:00.000Z,Texas A&M,Texas,Kyle Field,SEC,SEC,401856756
2026,13,regular,2026-11-28T00:30:00.000Z,Wisconsin,Minnesota,Camp Randall Stadium,Big Ten,Big Ten,401858544
2026,13,regular,2026-11-28T02:00:00.000Z,Utah,West Virginia,Rice-Eccles Stadium,Big 12,Big 12,401856880
2026,13,regular,2026-11-28T05:00:00.000Z,Western Kentucky,Kennesaw State,Houchens Industries-L.T. Smith Stadium,Conference USA,Conference USA,401870804
2026,13,regular,2026-11-28T05:00:00.000Z,Hawai'i,Sacramento State,Clarence T.C. Ching Athletics Complex,Mountain West,Mid-American,401864547
2026,13,regular,2026-11-28T05:00:00.000Z,Georgia,Georgia Tech,Sanford Stadium,SEC,ACC,401856760
2026,13,regular,2026-11-28T05:00:00.000Z,Kentucky,Louisville,Kroger Field,SEC,ACC,401856761
2026,13,regular,2026-11-28T05:00:00.000Z,Ball State,Central Michigan,Scheumann Stadium,Mid-American,Mid-American,401866474
2026,13,regular,2026-11-28T05:00:00.000Z,Bowling Green,Massachusetts,Doyt L. Perry Stadium,Mid-American,Mid-American,401866475
2026,13,regular,2026-11-28T05:00:00.000Z,Oregon,Washington,Autzen Stadium,Big Ten,Big Ten,401858541
2026,13,regular,2026-11-28T05:00:00.000Z,Missouri,Oklahoma,Memorial Stadium,SEC,SEC,401856763
2026,13,regular,2026-11-28T05:00:00.000Z,Florida International,Sam Houston,Pitbull Stadium,Conference USA,Conference USA,401871082
2026,13,regular,2026-11-28T05:00:00.000Z,Middle Tennessee,New Mexico State,"Johnny ""Red"" Floyd Stadium",Conference USA,Conference USA,401871083
2026,13,regular,2026-11-28T05:00:00.000Z,Rutgers,Michigan State,SHI Stadium,Big Ten,Big Ten,401858542
2026,13,regular,2026-11-28T05:00:00.000Z,James Madison,Coastal Carolina,Bridgeforth Stadium,Sun Belt,Sun Belt,401869947
2026,13,regular,2026-11-28T05:00:00.000Z,Georgia Southern,Louisiana Tech,Allen E. Paulson Stadium,Sun Belt,Sun Belt,401869954
2026,13,regular,2026-11-28T05:00:00.000Z,Old Dominion,Southern Miss,S.B. Ballard Stadium,Sun Belt,Sun Belt,401871103
2026,13,regular,2026-11-28T05:00:00.000Z,Georgia State,Louisiana,Center Parc Stadium,Sun Belt,Sun Belt,401869959
2026,13,regular,2026-11-28T05:00:00.000Z,Maryland,Penn State,SECU Stadium,Big Ten,Big Ten,401858539
2026,13,regular,2026-11-28T05:00:00.000Z,Vanderbilt,Tennessee,FirstBank Stadium,SEC,SEC,401856765
2026,13,regular,2026-11-28T05:00:00.000Z,Indiana,Purdue,"Memorial Stadium (Bloomington, IN)",Big Ten,Big Ten,401858538
2026,13,regular,2026-11-28T05:00:00.000Z,Arkansas State,Troy,Centennial Bank Stadium,Sun Belt,Sun Belt,401869939
2026,13,regular,2026-11-28T05:00:00.000Z,Northwestern,Illinois,Ryan Field,Big Ten,Big Ten,401858537
2026,13,regular,2026-11-28T05:00:00.000Z,UL Monroe,Marshall,Malone Stadium,Sun Belt,Sun Belt,401871102
2026,13,regular,2026-11-28T05:00:00.000Z,UCLA,USC,Rose Bowl,Big Ten,Big Ten,401858543
2026,13,regular,2026-11-28T05:00:00.000Z,Oklahoma State,Kansas,Boone Pickens Stadium,Big 12,Big 12,401856877
2026,13,regular,2026-11-28T05:00:00.000Z,Colorado,UCF,Folsom Field,Big 12,Big 12,401856875
2026,13,regular,2026-11-28T05:00:00.000Z,Arizona,Arizona State,Arizona Stadium,Big 12,Big 12,401856873
2026,13,regular,2026-11-28T05:00:00.000Z,Missouri State,Liberty,Plaster Sports Complex,Conference USA,Conference USA,401871063
2026,13,regular,2026-11-28T05:00:00.000Z,Northern Illinois,UTEP,Huskie Stadium,Mountain West,Mountain West,401864550
2026,13,regular,2026-11-28T05:00:00.000Z,Miami,Boston College,Hard Rock Stadium,ACC,ACC,401858311
2026,13,regular,2026-11-28T05:00:00.000Z,Virginia Tech,Virginia,Lane Stadium,ACC,ACC,401858317
2026,13,regular,2026-11-28T05:00:00.000Z,Alabama,Auburn,Bryant-Denny Stadium,SEC,SEC,401856757
2026,13,regular,2026-11-28T05:00:00.000Z,Clemson,South Carolina,"Memorial Stadium (Clemson, SC)",ACC,SEC,401856764
2026,13,regular,2026-11-28T05:00:00.000Z,Syracuse,Notre Dame,JMA Wireless Dome,ACC,FBS Independents,401858314
2026,13,regular,2026-11-28T05:00:00.000Z,Wake Forest,Duke,Allegacy Federal Credit Union Stadium,ACC,ACC,401858312
2026,13,regular,2026-11-28T05:00:00.000Z,North Carolina,NC State,Kenan Stadium,ACC,ACC,401858313
2026,13,regular,2026-11-28T05:00:00.000Z,BYU,Cincinnati,LaVell Edwards Stadium,Big 12,Big 12,401856876
2026,13,regular,2026-11-28T05:00:00.000Z,California,Pittsburgh,California Memorial Stadium,ACC,ACC,401858315
2026,13,regular,2026-11-28T05:00:00.000Z,Houston,Baylor,TDECU Stadium,Big 12,Big 12,401856874
2026,13,regular,2026-11-28T05:00:00.000Z,Stanford,SMU,Stanford Stadium,ACC,ACC,401858316
2026,13,regular,2026-11-28T05:00:00.000Z,Iowa State,Kansas State,Jack Trice Stadium,Big 12,Big 12,401856878
2026,13,regular,2026-11-28T05:00:00.000Z,UTSA,Tulsa,Alamodome,American Athletic,American Athletic,401862840
2026,13,regular,2026-11-28T05:00:00.000Z,Rice,Army,Rice Stadium,American Athletic,American Athletic,401862841
2026,13,regular,2026-11-28T05:00:00.000Z,North Texas,UAB,DATCU Stadium,American Athletic,American Athletic,401862843
2026,13,regular,2026-11-28T05:00:00.000Z,Charlotte,Navy,Jerry Richardson Stadium,American Athletic,American Athletic,401862842
2026,13,regular,2026-11-28T05:00:00.000Z,Arkansas,LSU,Razorback Stadium,SEC,SEC,401856758
2026,13,regular,2026-11-28T05:00:00.000Z,Wyoming,UConn,War Memorial Stadium,Mountain West,FBS Independents,401861969
2026,13,regular,2026-11-28T17:00:00.000Z,Ohio State,Michigan,Ohio Stadium,Big Ten,Big Ten,401858540
2026,13,regular,2026-11-28T19:00:00.000Z,Southern,Grambling,Caesars Superdome,SWAC,SWAC,401868957
2026,13,regular,2026-11-28T20:30:00.000Z,Delaware,Jacksonville State,Delaware Stadium,Conference USA,Conference USA,401871062
2026,13,regular,2026-11-28T21:30:00.000Z,New Mexico,Air Force,University Stadium (NM),Mountain West,Mountain West,401864546
2026,13,regular,2026-11-29T02:00:00.000Z,UNLV,Nevada,Allegiant Stadium,Mountain West,Mountain West,401864548
2026,15,regular,2026-12-12T20:00:00.000Z,Army,Navy,MetLife Stadium,American Athletic,American Athletic,401862844
